ISO-10303-21;
HEADER;
/* Generated by software containing ST-Developer
 * from STEP Tools, Inc. (www.steptools.com) 
 */

FILE_DESCRIPTION(
/* description */ (''),
/* implementation_level */ '2;1');

FILE_NAME(
/* name */ 'Parfmhalter_Keil_small_v01.step',
/* time_stamp */ '2023-01-21T20:14:15+01:00',
/* author */ (''),
/* organization */ (''),
/* preprocessor_version */ 'ST-DEVELOPER v19.2',
/* originating_system */ 'Autodesk Translation Framework v11.17.0.187',

/* authorisation */ '');

FILE_SCHEMA (('AUTOMOTIVE_DESIGN { 1 0 10303 214 3 1 1 }'));
ENDSEC;

DATA;
#10=MECHANICAL_DESIGN_GEOMETRIC_PRESENTATION_REPRESENTATION('',(#13),#1981);
#11=SHAPE_REPRESENTATION_RELATIONSHIP('SRR','None',#1988,#12);
#12=ADVANCED_BREP_SHAPE_REPRESENTATION('',(#14),#1980);
#13=STYLED_ITEM('',(#1997),#14);
#14=MANIFOLD_SOLID_BREP('K\X\F6rper1',#1067);
#15=TOROIDAL_SURFACE('',#1167,13.,3.);
#16=TOROIDAL_SURFACE('',#1172,13.,3.);
#17=TOROIDAL_SURFACE('',#1177,13.,3.);
#18=TOROIDAL_SURFACE('',#1182,13.,3.);
#19=ELLIPSE('',#1134,13.0981868974297,12.);
#20=ELLIPSE('',#1136,15.8922150753128,15.);
#21=ELLIPSE('',#1140,15.8922150753128,15.);
#22=ELLIPSE('',#1141,13.0981868974297,12.);
#23=ELLIPSE('',#1145,15.8922150753128,15.);
#24=ELLIPSE('',#1146,13.0981868974297,12.);
#25=ELLIPSE('',#1150,15.8922150753128,15.);
#26=ELLIPSE('',#1151,13.0981868974297,12.);
#27=B_SPLINE_SURFACE_WITH_KNOTS('',3,3,((#1665,#1666,#1667,#1668,#1669,
#1670,#1671),(#1672,#1673,#1674,#1675,#1676,#1677,#1678),(#1679,#1680,#1681,
#1682,#1683,#1684,#1685),(#1686,#1687,#1688,#1689,#1690,#1691,#1692),(#1693,
#1694,#1695,#1696,#1697,#1698,#1699),(#1700,#1701,#1702,#1703,#1704,#1705,
#1706)),.UNSPECIFIED.,.F.,.F.,.F.,(4,1,1,4),(4,1,1,1,4),(0.,0.285714285714286,
0.571428571428571,1.),(-4.74875513221531E-16,0.448798950512827,0.897597901025655,
1.12199737628207,1.5707963267949),.UNSPECIFIED.);
#28=B_SPLINE_SURFACE_WITH_KNOTS('',3,3,((#1721,#1722,#1723,#1724,#1725,
#1726,#1727),(#1728,#1729,#1730,#1731,#1732,#1733,#1734),(#1735,#1736,#1737,
#1738,#1739,#1740,#1741),(#1742,#1743,#1744,#1745,#1746,#1747,#1748),(#1749,
#1750,#1751,#1752,#1753,#1754,#1755)),.UNSPECIFIED.,.F.,.F.,.F.,(4,1,4),
(4,1,1,1,4),(0.,0.571428571428571,1.),(-1.5707963267949,-1.12199737628207,
-0.897597901025655,-0.448798950512827,2.63814463837974E-16),
 .UNSPECIFIED.);
#29=B_SPLINE_SURFACE_WITH_KNOTS('',3,3,((#1767,#1768,#1769,#1770,#1771,
#1772,#1773),(#1774,#1775,#1776,#1777,#1778,#1779,#1780),(#1781,#1782,#1783,
#1784,#1785,#1786,#1787),(#1788,#1789,#1790,#1791,#1792,#1793,#1794),(#1795,
#1796,#1797,#1798,#1799,#1800,#1801)),.UNSPECIFIED.,.F.,.F.,.F.,(4,1,4),
(4,1,1,1,4),(0.,0.571428571428571,1.),(-8.95458570681274E-17,0.448798950512828,
0.897597901025655,1.23419711391028,1.5707963267949),.UNSPECIFIED.);
#30=B_SPLINE_SURFACE_WITH_KNOTS('',3,3,((#1813,#1814,#1815,#1816,#1817,
#1818,#1819),(#1820,#1821,#1822,#1823,#1824,#1825,#1826),(#1827,#1828,#1829,
#1830,#1831,#1832,#1833),(#1834,#1835,#1836,#1837,#1838,#1839,#1840),(#1841,
#1842,#1843,#1844,#1845,#1846,#1847),(#1848,#1849,#1850,#1851,#1852,#1853,
#1854)),.UNSPECIFIED.,.F.,.F.,.F.,(4,1,1,4),(4,1,1,1,4),(0.,0.285714285714286,
0.571428571428571,1.),(-1.5707963267949,-1.12199737628207,-0.897597901025655,
-0.448798950512827,2.40548322002117E-16),.UNSPECIFIED.);
#31=CIRCLE('',#1087,8.);
#32=CIRCLE('',#1088,8.00000105160166);
#33=CIRCLE('',#1091,8.);
#34=CIRCLE('',#1092,8.00000105160166);
#35=CIRCLE('',#1094,8.);
#36=CIRCLE('',#1095,8.00000105160166);
#37=CIRCLE('',#1097,8.);
#38=CIRCLE('',#1098,8.00000105160166);
#39=CIRCLE('',#1100,8.);
#40=CIRCLE('',#1101,8.00000105160166);
#41=CIRCLE('',#1103,7.25000095301401);
#42=CIRCLE('',#1104,7.25000095301401);
#43=CIRCLE('',#1105,7.25000095301401);
#44=CIRCLE('',#1106,7.25000095301401);
#45=CIRCLE('',#1107,7.25000095301401);
#46=CIRCLE('',#1108,7.25000095301401);
#47=CIRCLE('',#1109,7.25000095301401);
#48=CIRCLE('',#1110,7.25000095301401);
#49=CIRCLE('',#1111,7.25000095301401);
#50=CIRCLE('',#1116,7.25);
#51=CIRCLE('',#1118,7.25);
#52=CIRCLE('',#1120,7.25);
#53=CIRCLE('',#1122,7.25);
#54=CIRCLE('',#1124,7.25);
#55=CIRCLE('',#1126,7.25);
#56=CIRCLE('',#1128,7.25);
#57=CIRCLE('',#1130,7.25);
#58=CIRCLE('',#1132,7.25);
#59=CIRCLE('',#1133,3.);
#60=CIRCLE('',#1135,3.);
#61=CIRCLE('',#1138,3.);
#62=CIRCLE('',#1139,3.);
#63=CIRCLE('',#1143,3.);
#64=CIRCLE('',#1144,3.);
#65=CIRCLE('',#1148,3.);
#66=CIRCLE('',#1149,3.);
#67=CIRCLE('',#1155,15.);
#68=CIRCLE('',#1158,15.);
#69=CIRCLE('',#1160,13.);
#70=CIRCLE('',#1161,13.);
#71=CIRCLE('',#1162,13.);
#72=CIRCLE('',#1163,13.);
#73=CIRCLE('',#1165,3.);
#74=CIRCLE('',#1166,3.00000000000001);
#75=CIRCLE('',#1168,3.);
#76=CIRCLE('',#1169,10.);
#77=CIRCLE('',#1171,3.);
#78=CIRCLE('',#1173,3.00000000000001);
#79=CIRCLE('',#1174,10.);
#80=CIRCLE('',#1176,3.);
#81=CIRCLE('',#1178,3.);
#82=CIRCLE('',#1179,10.);
#83=CIRCLE('',#1181,3.);
#84=CIRCLE('',#1183,10.);
#85=CIRCLE('',#1185,10.);
#86=CIRCLE('',#1188,10.);
#87=CIRCLE('',#1191,10.);
#88=CIRCLE('',#1194,10.);
#89=CIRCLE('',#1199,15.);
#90=CIRCLE('',#1202,15.);
#91=CYLINDRICAL_SURFACE('',#1086,8.);
#92=CYLINDRICAL_SURFACE('',#1090,8.);
#93=CYLINDRICAL_SURFACE('',#1093,8.);
#94=CYLINDRICAL_SURFACE('',#1096,8.);
#95=CYLINDRICAL_SURFACE('',#1099,8.);
#96=CYLINDRICAL_SURFACE('',#1115,7.25);
#97=CYLINDRICAL_SURFACE('',#1117,7.25);
#98=CYLINDRICAL_SURFACE('',#1119,7.25);
#99=CYLINDRICAL_SURFACE('',#1121,7.25);
#100=CYLINDRICAL_SURFACE('',#1123,7.25);
#101=CYLINDRICAL_SURFACE('',#1125,7.25);
#102=CYLINDRICAL_SURFACE('',#1127,7.25);
#103=CYLINDRICAL_SURFACE('',#1129,7.25);
#104=CYLINDRICAL_SURFACE('',#1131,7.25);
#105=CYLINDRICAL_SURFACE('',#1137,3.);
#106=CYLINDRICAL_SURFACE('',#1142,3.);
#107=CYLINDRICAL_SURFACE('',#1147,3.);
#108=CYLINDRICAL_SURFACE('',#1152,3.);
#109=CYLINDRICAL_SURFACE('',#1154,15.);
#110=CYLINDRICAL_SURFACE('',#1157,15.);
#111=CYLINDRICAL_SURFACE('',#1164,3.);
#112=CYLINDRICAL_SURFACE('',#1170,3.);
#113=CYLINDRICAL_SURFACE('',#1175,3.);
#114=CYLINDRICAL_SURFACE('',#1180,3.);
#115=CYLINDRICAL_SURFACE('',#1184,10.);
#116=CYLINDRICAL_SURFACE('',#1187,10.);
#117=CYLINDRICAL_SURFACE('',#1190,10.);
#118=CYLINDRICAL_SURFACE('',#1193,10.);
#119=CYLINDRICAL_SURFACE('',#1198,15.);
#120=CYLINDRICAL_SURFACE('',#1201,15.);
#121=FACE_BOUND('',#216,.T.);
#122=FACE_BOUND('',#224,.T.);
#123=FACE_BOUND('',#225,.T.);
#124=FACE_BOUND('',#226,.T.);
#125=FACE_BOUND('',#227,.T.);
#126=FACE_BOUND('',#228,.T.);
#127=FACE_BOUND('',#229,.T.);
#128=FACE_BOUND('',#230,.T.);
#129=FACE_BOUND('',#231,.T.);
#130=FACE_BOUND('',#232,.T.);
#131=FACE_BOUND('',#233,.T.);
#132=FACE_BOUND('',#234,.T.);
#133=FACE_BOUND('',#235,.T.);
#134=FACE_BOUND('',#236,.T.);
#135=FACE_BOUND('',#237,.T.);
#136=FACE_BOUND('',#263,.T.);
#137=FACE_BOUND('',#281,.T.);
#138=FACE_BOUND('',#282,.T.);
#139=FACE_BOUND('',#283,.T.);
#140=FACE_BOUND('',#284,.T.);
#141=FACE_BOUND('',#285,.T.);
#142=FACE_BOUND('',#286,.T.);
#143=FACE_BOUND('',#287,.T.);
#144=FACE_BOUND('',#288,.T.);
#145=FACE_BOUND('',#289,.T.);
#146=FACE_BOUND('',#290,.T.);
#147=FACE_BOUND('',#291,.T.);
#148=FACE_BOUND('',#292,.T.);
#149=FACE_BOUND('',#293,.T.);
#150=FACE_BOUND('',#294,.T.);
#151=FACE_BOUND('',#300,.T.);
#152=FACE_OUTER_BOUND('',#211,.T.);
#153=FACE_OUTER_BOUND('',#212,.T.);
#154=FACE_OUTER_BOUND('',#213,.T.);
#155=FACE_OUTER_BOUND('',#214,.T.);
#156=FACE_OUTER_BOUND('',#215,.T.);
#157=FACE_OUTER_BOUND('',#217,.T.);
#158=FACE_OUTER_BOUND('',#218,.T.);
#159=FACE_OUTER_BOUND('',#219,.T.);
#160=FACE_OUTER_BOUND('',#220,.T.);
#161=FACE_OUTER_BOUND('',#221,.T.);
#162=FACE_OUTER_BOUND('',#222,.T.);
#163=FACE_OUTER_BOUND('',#223,.T.);
#164=FACE_OUTER_BOUND('',#238,.T.);
#165=FACE_OUTER_BOUND('',#239,.T.);
#166=FACE_OUTER_BOUND('',#240,.T.);
#167=FACE_OUTER_BOUND('',#241,.T.);
#168=FACE_OUTER_BOUND('',#242,.T.);
#169=FACE_OUTER_BOUND('',#243,.T.);
#170=FACE_OUTER_BOUND('',#244,.T.);
#171=FACE_OUTER_BOUND('',#245,.T.);
#172=FACE_OUTER_BOUND('',#246,.T.);
#173=FACE_OUTER_BOUND('',#247,.T.);
#174=FACE_OUTER_BOUND('',#248,.T.);
#175=FACE_OUTER_BOUND('',#249,.T.);
#176=FACE_OUTER_BOUND('',#250,.T.);
#177=FACE_OUTER_BOUND('',#251,.T.);
#178=FACE_OUTER_BOUND('',#252,.T.);
#179=FACE_OUTER_BOUND('',#253,.T.);
#180=FACE_OUTER_BOUND('',#254,.T.);
#181=FACE_OUTER_BOUND('',#255,.T.);
#182=FACE_OUTER_BOUND('',#256,.T.);
#183=FACE_OUTER_BOUND('',#257,.T.);
#184=FACE_OUTER_BOUND('',#258,.T.);
#185=FACE_OUTER_BOUND('',#259,.T.);
#186=FACE_OUTER_BOUND('',#260,.T.);
#187=FACE_OUTER_BOUND('',#261,.T.);
#188=FACE_OUTER_BOUND('',#262,.T.);
#189=FACE_OUTER_BOUND('',#264,.T.);
#190=FACE_OUTER_BOUND('',#265,.T.);
#191=FACE_OUTER_BOUND('',#266,.T.);
#192=FACE_OUTER_BOUND('',#267,.T.);
#193=FACE_OUTER_BOUND('',#268,.T.);
#194=FACE_OUTER_BOUND('',#269,.T.);
#195=FACE_OUTER_BOUND('',#270,.T.);
#196=FACE_OUTER_BOUND('',#271,.T.);
#197=FACE_OUTER_BOUND('',#272,.T.);
#198=FACE_OUTER_BOUND('',#273,.T.);
#199=FACE_OUTER_BOUND('',#274,.T.);
#200=FACE_OUTER_BOUND('',#275,.T.);
#201=FACE_OUTER_BOUND('',#276,.T.);
#202=FACE_OUTER_BOUND('',#277,.T.);
#203=FACE_OUTER_BOUND('',#278,.T.);
#204=FACE_OUTER_BOUND('',#279,.T.);
#205=FACE_OUTER_BOUND('',#280,.T.);
#206=FACE_OUTER_BOUND('',#295,.T.);
#207=FACE_OUTER_BOUND('',#296,.T.);
#208=FACE_OUTER_BOUND('',#297,.T.);
#209=FACE_OUTER_BOUND('',#298,.T.);
#210=FACE_OUTER_BOUND('',#299,.T.);
#211=EDGE_LOOP('',(#695,#696,#697,#698));
#212=EDGE_LOOP('',(#699,#700,#701,#702));
#213=EDGE_LOOP('',(#703,#704,#705,#706));
#214=EDGE_LOOP('',(#707,#708,#709,#710));
#215=EDGE_LOOP('',(#711,#712,#713,#714));
#216=EDGE_LOOP('',(#715,#716,#717,#718));
#217=EDGE_LOOP('',(#719,#720,#721,#722));
#218=EDGE_LOOP('',(#723,#724,#725,#726));
#219=EDGE_LOOP('',(#727,#728,#729,#730));
#220=EDGE_LOOP('',(#731,#732,#733,#734));
#221=EDGE_LOOP('',(#735,#736,#737,#738));
#222=EDGE_LOOP('',(#739,#740,#741,#742));
#223=EDGE_LOOP('',(#743,#744,#745,#746));
#224=EDGE_LOOP('',(#747));
#225=EDGE_LOOP('',(#748));
#226=EDGE_LOOP('',(#749));
#227=EDGE_LOOP('',(#750));
#228=EDGE_LOOP('',(#751));
#229=EDGE_LOOP('',(#752));
#230=EDGE_LOOP('',(#753));
#231=EDGE_LOOP('',(#754));
#232=EDGE_LOOP('',(#755));
#233=EDGE_LOOP('',(#756));
#234=EDGE_LOOP('',(#757));
#235=EDGE_LOOP('',(#758));
#236=EDGE_LOOP('',(#759));
#237=EDGE_LOOP('',(#760));
#238=EDGE_LOOP('',(#761,#762,#763,#764));
#239=EDGE_LOOP('',(#765,#766,#767,#768));
#240=EDGE_LOOP('',(#769,#770,#771,#772));
#241=EDGE_LOOP('',(#773,#774,#775,#776));
#242=EDGE_LOOP('',(#777,#778,#779,#780));
#243=EDGE_LOOP('',(#781,#782,#783,#784));
#244=EDGE_LOOP('',(#785,#786,#787,#788));
#245=EDGE_LOOP('',(#789,#790,#791,#792));
#246=EDGE_LOOP('',(#793,#794,#795,#796));
#247=EDGE_LOOP('',(#797,#798,#799,#800));
#248=EDGE_LOOP('',(#801,#802,#803,#804));
#249=EDGE_LOOP('',(#805,#806,#807,#808));
#250=EDGE_LOOP('',(#809,#810,#811,#812));
#251=EDGE_LOOP('',(#813,#814,#815,#816));
#252=EDGE_LOOP('',(#817,#818,#819,#820));
#253=EDGE_LOOP('',(#821,#822,#823,#824));
#254=EDGE_LOOP('',(#825,#826,#827,#828));
#255=EDGE_LOOP('',(#829,#830,#831,#832));
#256=EDGE_LOOP('',(#833,#834,#835,#836));
#257=EDGE_LOOP('',(#837,#838,#839,#840));
#258=EDGE_LOOP('',(#841,#842,#843,#844));
#259=EDGE_LOOP('',(#845,#846,#847,#848));
#260=EDGE_LOOP('',(#849,#850,#851,#852));
#261=EDGE_LOOP('',(#853,#854,#855,#856));
#262=EDGE_LOOP('',(#857,#858,#859,#860,#861,#862,#863,#864));
#263=EDGE_LOOP('',(#865,#866,#867,#868,#869,#870,#871,#872));
#264=EDGE_LOOP('',(#873,#874,#875,#876));
#265=EDGE_LOOP('',(#877,#878,#879,#880));
#266=EDGE_LOOP('',(#881,#882,#883,#884));
#267=EDGE_LOOP('',(#885,#886,#887,#888));
#268=EDGE_LOOP('',(#889,#890,#891,#892));
#269=EDGE_LOOP('',(#893,#894,#895,#896));
#270=EDGE_LOOP('',(#897,#898,#899,#900));
#271=EDGE_LOOP('',(#901,#902,#903,#904));
#272=EDGE_LOOP('',(#905,#906,#907,#908));
#273=EDGE_LOOP('',(#909,#910,#911,#912));
#274=EDGE_LOOP('',(#913,#914,#915,#916));
#275=EDGE_LOOP('',(#917,#918,#919,#920));
#276=EDGE_LOOP('',(#921,#922,#923,#924));
#277=EDGE_LOOP('',(#925,#926,#927,#928));
#278=EDGE_LOOP('',(#929,#930,#931,#932));
#279=EDGE_LOOP('',(#933,#934,#935,#936));
#280=EDGE_LOOP('',(#937,#938,#939,#940,#941,#942,#943,#944));
#281=EDGE_LOOP('',(#945));
#282=EDGE_LOOP('',(#946));
#283=EDGE_LOOP('',(#947));
#284=EDGE_LOOP('',(#948));
#285=EDGE_LOOP('',(#949));
#286=EDGE_LOOP('',(#950));
#287=EDGE_LOOP('',(#951));
#288=EDGE_LOOP('',(#952));
#289=EDGE_LOOP('',(#953));
#290=EDGE_LOOP('',(#954));
#291=EDGE_LOOP('',(#955));
#292=EDGE_LOOP('',(#956));
#293=EDGE_LOOP('',(#957));
#294=EDGE_LOOP('',(#958));
#295=EDGE_LOOP('',(#959,#960,#961,#962));
#296=EDGE_LOOP('',(#963,#964,#965,#966));
#297=EDGE_LOOP('',(#967,#968,#969,#970));
#298=EDGE_LOOP('',(#971,#972,#973,#974));
#299=EDGE_LOOP('',(#975,#976,#977,#978,#979,#980,#981,#982));
#300=EDGE_LOOP('',(#983,#984,#985,#986));
#301=LINE('',#1534,#379);
#302=LINE('',#1536,#380);
#303=LINE('',#1538,#381);
#304=LINE('',#1539,#382);
#305=LINE('',#1542,#383);
#306=LINE('',#1544,#384);
#307=LINE('',#1545,#385);
#308=LINE('',#1548,#386);
#309=LINE('',#1550,#387);
#310=LINE('',#1551,#388);
#311=LINE('',#1553,#389);
#312=LINE('',#1557,#390);
#313=LINE('',#1559,#391);
#314=LINE('',#1561,#392);
#315=LINE('',#1562,#393);
#316=LINE('',#1563,#394);
#317=LINE('',#1568,#395);
#318=LINE('',#1575,#396);
#319=LINE('',#1581,#397);
#320=LINE('',#1587,#398);
#321=LINE('',#1593,#399);
#322=LINE('',#1597,#400);
#323=LINE('',#1599,#401);
#324=LINE('',#1600,#402);
#325=LINE('',#1621,#403);
#326=LINE('',#1623,#404);
#327=LINE('',#1624,#405);
#328=LINE('',#1626,#406);
#329=LINE('',#1628,#407);
#330=LINE('',#1632,#408);
#331=LINE('',#1636,#409);
#332=LINE('',#1640,#410);
#333=LINE('',#1644,#411);
#334=LINE('',#1648,#412);
#335=LINE('',#1652,#413);
#336=LINE('',#1656,#414);
#337=LINE('',#1660,#415);
#338=LINE('',#1664,#416);
#339=LINE('',#1719,#417);
#340=LINE('',#1720,#418);
#341=LINE('',#1765,#419);
#342=LINE('',#1766,#420);
#343=LINE('',#1811,#421);
#344=LINE('',#1812,#422);
#345=LINE('',#1861,#423);
#346=LINE('',#1862,#424);
#347=LINE('',#1865,#425);
#348=LINE('',#1867,#426);
#349=LINE('',#1868,#427);
#350=LINE('',#1871,#428);
#351=LINE('',#1875,#429);
#352=LINE('',#1876,#430);
#353=LINE('',#1879,#431);
#354=LINE('',#1884,#432);
#355=LINE('',#1888,#433);
#356=LINE('',#1892,#434);
#357=LINE('',#1896,#435);
#358=LINE('',#1902,#436);
#359=LINE('',#1911,#437);
#360=LINE('',#1919,#438);
#361=LINE('',#1927,#439);
#362=LINE('',#1932,#440);
#363=LINE('',#1935,#441);
#364=LINE('',#1938,#442);
#365=LINE('',#1939,#443);
#366=LINE('',#1942,#444);
#367=LINE('',#1946,#445);
#368=LINE('',#1947,#446);
#369=LINE('',#1950,#447);
#370=LINE('',#1954,#448);
#371=LINE('',#1955,#449);
#372=LINE('',#1958,#450);
#373=LINE('',#1961,#451);
#374=LINE('',#1965,#452);
#375=LINE('',#1966,#453);
#376=LINE('',#1969,#454);
#377=LINE('',#1973,#455);
#378=LINE('',#1974,#456);
#379=VECTOR('',#1208,10.);
#380=VECTOR('',#1209,10.);
#381=VECTOR('',#1210,10.);
#382=VECTOR('',#1211,10.);
#383=VECTOR('',#1214,10.);
#384=VECTOR('',#1215,10.);
#385=VECTOR('',#1216,10.);
#386=VECTOR('',#1219,10.);
#387=VECTOR('',#1220,10.);
#388=VECTOR('',#1221,10.);
#389=VECTOR('',#1224,10.);
#390=VECTOR('',#1227,10.);
#391=VECTOR('',#1228,10.);
#392=VECTOR('',#1229,10.);
#393=VECTOR('',#1230,10.);
#394=VECTOR('',#1231,10.);
#395=VECTOR('',#1236,8.);
#396=VECTOR('',#1245,8.);
#397=VECTOR('',#1252,8.);
#398=VECTOR('',#1259,8.);
#399=VECTOR('',#1266,8.);
#400=VECTOR('',#1271,10.);
#401=VECTOR('',#1272,10.);
#402=VECTOR('',#1273,10.);
#403=VECTOR('',#1294,10.);
#404=VECTOR('',#1295,10.);
#405=VECTOR('',#1296,10.);
#406=VECTOR('',#1299,10.);
#407=VECTOR('',#1302,10.);
#408=VECTOR('',#1307,7.25);
#409=VECTOR('',#1312,7.25);
#410=VECTOR('',#1317,7.25);
#411=VECTOR('',#1322,7.25);
#412=VECTOR('',#1327,7.25);
#413=VECTOR('',#1332,7.25);
#414=VECTOR('',#1337,7.25);
#415=VECTOR('',#1342,7.25);
#416=VECTOR('',#1347,7.25);
#417=VECTOR('',#1360,10.);
#418=VECTOR('',#1361,10.);
#419=VECTOR('',#1372,10.);
#420=VECTOR('',#1373,10.);
#421=VECTOR('',#1384,10.);
#422=VECTOR('',#1385,10.);
#423=VECTOR('',#1394,10.);
#424=VECTOR('',#1395,10.);
#425=VECTOR('',#1398,10.);
#426=VECTOR('',#1399,10.);
#427=VECTOR('',#1400,10.);
#428=VECTOR('',#1403,10.);
#429=VECTOR('',#1408,10.);
#430=VECTOR('',#1409,10.);
#431=VECTOR('',#1412,10.);
#432=VECTOR('',#1417,10.);
#433=VECTOR('',#1420,10.);
#434=VECTOR('',#1423,10.);
#435=VECTOR('',#1426,10.);
#436=VECTOR('',#1433,10.);
#437=VECTOR('',#1446,10.);
#438=VECTOR('',#1457,10.);
#439=VECTOR('',#1468,10.);
#440=VECTOR('',#1475,10.);
#441=VECTOR('',#1478,10.);
#442=VECTOR('',#1481,10.);
#443=VECTOR('',#1482,10.);
#444=VECTOR('',#1485,10.);
#445=VECTOR('',#1490,10.);
#446=VECTOR('',#1491,10.);
#447=VECTOR('',#1494,10.);
#448=VECTOR('',#1499,10.);
#449=VECTOR('',#1500,10.);
#450=VECTOR('',#1503,10.);
#451=VECTOR('',#1508,10.);
#452=VECTOR('',#1513,10.);
#453=VECTOR('',#1514,10.);
#454=VECTOR('',#1517,10.);
#455=VECTOR('',#1522,10.);
#456=VECTOR('',#1523,10.);
#457=VERTEX_POINT('',#1532);
#458=VERTEX_POINT('',#1533);
#459=VERTEX_POINT('',#1535);
#460=VERTEX_POINT('',#1537);
#461=VERTEX_POINT('',#1541);
#462=VERTEX_POINT('',#1543);
#463=VERTEX_POINT('',#1547);
#464=VERTEX_POINT('',#1549);
#465=VERTEX_POINT('',#1555);
#466=VERTEX_POINT('',#1556);
#467=VERTEX_POINT('',#1558);
#468=VERTEX_POINT('',#1560);
#469=VERTEX_POINT('',#1565);
#470=VERTEX_POINT('',#1567);
#471=VERTEX_POINT('',#1572);
#472=VERTEX_POINT('',#1574);
#473=VERTEX_POINT('',#1578);
#474=VERTEX_POINT('',#1580);
#475=VERTEX_POINT('',#1584);
#476=VERTEX_POINT('',#1586);
#477=VERTEX_POINT('',#1590);
#478=VERTEX_POINT('',#1592);
#479=VERTEX_POINT('',#1596);
#480=VERTEX_POINT('',#1598);
#481=VERTEX_POINT('',#1601);
#482=VERTEX_POINT('',#1603);
#483=VERTEX_POINT('',#1605);
#484=VERTEX_POINT('',#1607);
#485=VERTEX_POINT('',#1609);
#486=VERTEX_POINT('',#1611);
#487=VERTEX_POINT('',#1613);
#488=VERTEX_POINT('',#1615);
#489=VERTEX_POINT('',#1617);
#490=VERTEX_POINT('',#1620);
#491=VERTEX_POINT('',#1622);
#492=VERTEX_POINT('',#1630);
#493=VERTEX_POINT('',#1634);
#494=VERTEX_POINT('',#1638);
#495=VERTEX_POINT('',#1642);
#496=VERTEX_POINT('',#1646);
#497=VERTEX_POINT('',#1650);
#498=VERTEX_POINT('',#1654);
#499=VERTEX_POINT('',#1658);
#500=VERTEX_POINT('',#1662);
#501=VERTEX_POINT('',#1707);
#502=VERTEX_POINT('',#1708);
#503=VERTEX_POINT('',#1710);
#504=VERTEX_POINT('',#1712);
#505=VERTEX_POINT('',#1716);
#506=VERTEX_POINT('',#1717);
#507=VERTEX_POINT('',#1756);
#508=VERTEX_POINT('',#1757);
#509=VERTEX_POINT('',#1762);
#510=VERTEX_POINT('',#1763);
#511=VERTEX_POINT('',#1802);
#512=VERTEX_POINT('',#1803);
#513=VERTEX_POINT('',#1808);
#514=VERTEX_POINT('',#1809);
#515=VERTEX_POINT('',#1855);
#516=VERTEX_POINT('',#1856);
#517=VERTEX_POINT('',#1864);
#518=VERTEX_POINT('',#1866);
#519=VERTEX_POINT('',#1870);
#520=VERTEX_POINT('',#1874);
#521=VERTEX_POINT('',#1878);
#522=VERTEX_POINT('',#1882);
#523=VERTEX_POINT('',#1883);
#524=VERTEX_POINT('',#1885);
#525=VERTEX_POINT('',#1887);
#526=VERTEX_POINT('',#1889);
#527=VERTEX_POINT('',#1891);
#528=VERTEX_POINT('',#1893);
#529=VERTEX_POINT('',#1895);
#530=VERTEX_POINT('',#1899);
#531=VERTEX_POINT('',#1901);
#532=VERTEX_POINT('',#1905);
#533=VERTEX_POINT('',#1909);
#534=VERTEX_POINT('',#1913);
#535=VERTEX_POINT('',#1917);
#536=VERTEX_POINT('',#1921);
#537=VERTEX_POINT('',#1925);
#538=VERTEX_POINT('',#1931);
#539=VERTEX_POINT('',#1933);
#540=VERTEX_POINT('',#1937);
#541=VERTEX_POINT('',#1941);
#542=VERTEX_POINT('',#1945);
#543=VERTEX_POINT('',#1949);
#544=VERTEX_POINT('',#1953);
#545=VERTEX_POINT('',#1957);
#546=VERTEX_POINT('',#1964);
#547=VERTEX_POINT('',#1968);
#548=VERTEX_POINT('',#1972);
#549=EDGE_CURVE('',#457,#458,#301,.T.);
#550=EDGE_CURVE('',#459,#457,#302,.T.);
#551=EDGE_CURVE('',#459,#460,#303,.T.);
#552=EDGE_CURVE('',#460,#458,#304,.T.);
#553=EDGE_CURVE('',#458,#461,#305,.T.);
#554=EDGE_CURVE('',#462,#460,#306,.T.);
#555=EDGE_CURVE('',#461,#462,#307,.T.);
#556=EDGE_CURVE('',#461,#463,#308,.T.);
#557=EDGE_CURVE('',#464,#462,#309,.T.);
#558=EDGE_CURVE('',#463,#464,#310,.T.);
#559=EDGE_CURVE('',#464,#459,#311,.T.);
#560=EDGE_CURVE('',#465,#466,#312,.T.);
#561=EDGE_CURVE('',#467,#465,#313,.T.);
#562=EDGE_CURVE('',#467,#468,#314,.T.);
#563=EDGE_CURVE('',#466,#468,#315,.T.);
#564=EDGE_CURVE('',#463,#457,#316,.T.);
#565=EDGE_CURVE('',#469,#469,#31,.T.);
#566=EDGE_CURVE('',#469,#470,#317,.T.);
#567=EDGE_CURVE('',#470,#470,#32,.T.);
#568=EDGE_CURVE('',#471,#471,#33,.T.);
#569=EDGE_CURVE('',#471,#472,#318,.T.);
#570=EDGE_CURVE('',#472,#472,#34,.T.);
#571=EDGE_CURVE('',#473,#473,#35,.T.);
#572=EDGE_CURVE('',#473,#474,#319,.T.);
#573=EDGE_CURVE('',#474,#474,#36,.T.);
#574=EDGE_CURVE('',#475,#475,#37,.T.);
#575=EDGE_CURVE('',#475,#476,#320,.T.);
#576=EDGE_CURVE('',#476,#476,#38,.T.);
#577=EDGE_CURVE('',#477,#477,#39,.T.);
#578=EDGE_CURVE('',#477,#478,#321,.T.);
#579=EDGE_CURVE('',#478,#478,#40,.T.);
#580=EDGE_CURVE('',#466,#479,#322,.T.);
#581=EDGE_CURVE('',#468,#480,#323,.T.);
#582=EDGE_CURVE('',#479,#480,#324,.T.);
#583=EDGE_CURVE('',#481,#481,#41,.T.);
#584=EDGE_CURVE('',#482,#482,#42,.T.);
#585=EDGE_CURVE('',#483,#483,#43,.T.);
#586=EDGE_CURVE('',#484,#484,#44,.T.);
#587=EDGE_CURVE('',#485,#485,#45,.T.);
#588=EDGE_CURVE('',#486,#486,#46,.T.);
#589=EDGE_CURVE('',#487,#487,#47,.T.);
#590=EDGE_CURVE('',#488,#488,#48,.T.);
#591=EDGE_CURVE('',#489,#489,#49,.T.);
#592=EDGE_CURVE('',#479,#490,#325,.T.);
#593=EDGE_CURVE('',#480,#491,#326,.T.);
#594=EDGE_CURVE('',#490,#491,#327,.T.);
#595=EDGE_CURVE('',#491,#467,#328,.T.);
#596=EDGE_CURVE('',#465,#490,#329,.T.);
#597=EDGE_CURVE('',#492,#492,#50,.T.);
#598=EDGE_CURVE('',#492,#481,#330,.T.);
#599=EDGE_CURVE('',#493,#493,#51,.T.);
#600=EDGE_CURVE('',#493,#482,#331,.T.);
#601=EDGE_CURVE('',#494,#494,#52,.T.);
#602=EDGE_CURVE('',#494,#483,#332,.T.);
#603=EDGE_CURVE('',#495,#495,#53,.T.);
#604=EDGE_CURVE('',#495,#484,#333,.T.);
#605=EDGE_CURVE('',#496,#496,#54,.T.);
#606=EDGE_CURVE('',#496,#485,#334,.T.);
#607=EDGE_CURVE('',#497,#497,#55,.T.);
#608=EDGE_CURVE('',#497,#486,#335,.T.);
#609=EDGE_CURVE('',#498,#498,#56,.T.);
#610=EDGE_CURVE('',#498,#487,#336,.T.);
#611=EDGE_CURVE('',#499,#499,#57,.T.);
#612=EDGE_CURVE('',#499,#488,#337,.T.);
#613=EDGE_CURVE('',#500,#500,#58,.T.);
#614=EDGE_CURVE('',#500,#489,#338,.T.);
#615=EDGE_CURVE('',#501,#502,#59,.T.);
#616=EDGE_CURVE('',#502,#503,#19,.T.);
#617=EDGE_CURVE('',#503,#504,#60,.T.);
#618=EDGE_CURVE('',#504,#501,#20,.T.);
#619=EDGE_CURVE('',#505,#506,#61,.T.);
#620=EDGE_CURVE('',#506,#504,#339,.T.);
#621=EDGE_CURVE('',#503,#505,#340,.T.);
#622=EDGE_CURVE('',#507,#508,#62,.T.);
#623=EDGE_CURVE('',#508,#506,#21,.T.);
#624=EDGE_CURVE('',#505,#507,#22,.T.);
#625=EDGE_CURVE('',#509,#510,#63,.T.);
#626=EDGE_CURVE('',#510,#508,#341,.T.);
#627=EDGE_CURVE('',#507,#509,#342,.T.);
#628=EDGE_CURVE('',#511,#512,#64,.T.);
#629=EDGE_CURVE('',#512,#510,#23,.T.);
#630=EDGE_CURVE('',#509,#511,#24,.T.);
#631=EDGE_CURVE('',#513,#514,#65,.T.);
#632=EDGE_CURVE('',#514,#512,#343,.T.);
#633=EDGE_CURVE('',#511,#513,#344,.T.);
#634=EDGE_CURVE('',#515,#516,#66,.T.);
#635=EDGE_CURVE('',#516,#514,#25,.T.);
#636=EDGE_CURVE('',#513,#515,#26,.T.);
#637=EDGE_CURVE('',#501,#516,#345,.T.);
#638=EDGE_CURVE('',#515,#502,#346,.T.);
#639=EDGE_CURVE('',#517,#514,#347,.T.);
#640=EDGE_CURVE('',#518,#517,#348,.T.);
#641=EDGE_CURVE('',#512,#518,#349,.T.);
#642=EDGE_CURVE('',#516,#519,#350,.T.);
#643=EDGE_CURVE('',#519,#517,#67,.T.);
#644=EDGE_CURVE('',#520,#501,#351,.T.);
#645=EDGE_CURVE('',#519,#520,#352,.T.);
#646=EDGE_CURVE('',#504,#521,#353,.T.);
#647=EDGE_CURVE('',#521,#520,#68,.T.);
#648=EDGE_CURVE('',#522,#523,#354,.T.);
#649=EDGE_CURVE('',#524,#522,#69,.T.);
#650=EDGE_CURVE('',#525,#524,#355,.T.);
#651=EDGE_CURVE('',#526,#525,#70,.T.);
#652=EDGE_CURVE('',#527,#526,#356,.T.);
#653=EDGE_CURVE('',#528,#527,#71,.T.);
#654=EDGE_CURVE('',#529,#528,#357,.T.);
#655=EDGE_CURVE('',#523,#529,#72,.T.);
#656=EDGE_CURVE('',#523,#530,#73,.T.);
#657=EDGE_CURVE('',#530,#531,#358,.T.);
#658=EDGE_CURVE('',#531,#522,#74,.T.);
#659=EDGE_CURVE('',#532,#524,#75,.T.);
#660=EDGE_CURVE('',#531,#532,#76,.T.);
#661=EDGE_CURVE('',#533,#525,#77,.T.);
#662=EDGE_CURVE('',#532,#533,#359,.T.);
#663=EDGE_CURVE('',#534,#526,#78,.T.);
#664=EDGE_CURVE('',#533,#534,#79,.T.);
#665=EDGE_CURVE('',#535,#527,#80,.T.);
#666=EDGE_CURVE('',#534,#535,#360,.T.);
#667=EDGE_CURVE('',#536,#528,#81,.T.);
#668=EDGE_CURVE('',#535,#536,#82,.T.);
#669=EDGE_CURVE('',#537,#529,#83,.T.);
#670=EDGE_CURVE('',#536,#537,#361,.T.);
#671=EDGE_CURVE('',#537,#530,#84,.T.);
#672=EDGE_CURVE('',#533,#538,#362,.T.);
#673=EDGE_CURVE('',#539,#538,#85,.T.);
#674=EDGE_CURVE('',#539,#534,#363,.T.);
#675=EDGE_CURVE('',#540,#532,#364,.T.);
#676=EDGE_CURVE('',#540,#538,#365,.T.);
#677=EDGE_CURVE('',#531,#541,#366,.T.);
#678=EDGE_CURVE('',#540,#541,#86,.T.);
#679=EDGE_CURVE('',#542,#530,#367,.T.);
#680=EDGE_CURVE('',#542,#541,#368,.T.);
#681=EDGE_CURVE('',#537,#543,#369,.T.);
#682=EDGE_CURVE('',#542,#543,#87,.T.);
#683=EDGE_CURVE('',#544,#536,#370,.T.);
#684=EDGE_CURVE('',#544,#543,#371,.T.);
#685=EDGE_CURVE('',#535,#545,#372,.T.);
#686=EDGE_CURVE('',#544,#545,#88,.T.);
#687=EDGE_CURVE('',#539,#545,#373,.T.);
#688=EDGE_CURVE('',#546,#506,#374,.T.);
#689=EDGE_CURVE('',#546,#521,#375,.T.);
#690=EDGE_CURVE('',#508,#547,#376,.T.);
#691=EDGE_CURVE('',#547,#546,#89,.T.);
#692=EDGE_CURVE('',#548,#510,#377,.T.);
#693=EDGE_CURVE('',#548,#547,#378,.T.);
#694=EDGE_CURVE('',#518,#548,#90,.T.);
#695=ORIENTED_EDGE('',*,*,#549,.F.);
#696=ORIENTED_EDGE('',*,*,#550,.F.);
#697=ORIENTED_EDGE('',*,*,#551,.T.);
#698=ORIENTED_EDGE('',*,*,#552,.T.);
#699=ORIENTED_EDGE('',*,*,#553,.F.);
#700=ORIENTED_EDGE('',*,*,#552,.F.);
#701=ORIENTED_EDGE('',*,*,#554,.F.);
#702=ORIENTED_EDGE('',*,*,#555,.F.);
#703=ORIENTED_EDGE('',*,*,#556,.F.);
#704=ORIENTED_EDGE('',*,*,#555,.T.);
#705=ORIENTED_EDGE('',*,*,#557,.F.);
#706=ORIENTED_EDGE('',*,*,#558,.F.);
#707=ORIENTED_EDGE('',*,*,#559,.F.);
#708=ORIENTED_EDGE('',*,*,#557,.T.);
#709=ORIENTED_EDGE('',*,*,#554,.T.);
#710=ORIENTED_EDGE('',*,*,#551,.F.);
#711=ORIENTED_EDGE('',*,*,#560,.F.);
#712=ORIENTED_EDGE('',*,*,#561,.F.);
#713=ORIENTED_EDGE('',*,*,#562,.T.);
#714=ORIENTED_EDGE('',*,*,#563,.F.);
#715=ORIENTED_EDGE('',*,*,#564,.T.);
#716=ORIENTED_EDGE('',*,*,#549,.T.);
#717=ORIENTED_EDGE('',*,*,#553,.T.);
#718=ORIENTED_EDGE('',*,*,#556,.T.);
#719=ORIENTED_EDGE('',*,*,#565,.F.);
#720=ORIENTED_EDGE('',*,*,#566,.T.);
#721=ORIENTED_EDGE('',*,*,#567,.F.);
#722=ORIENTED_EDGE('',*,*,#566,.F.);
#723=ORIENTED_EDGE('',*,*,#564,.F.);
#724=ORIENTED_EDGE('',*,*,#558,.T.);
#725=ORIENTED_EDGE('',*,*,#559,.T.);
#726=ORIENTED_EDGE('',*,*,#550,.T.);
#727=ORIENTED_EDGE('',*,*,#568,.F.);
#728=ORIENTED_EDGE('',*,*,#569,.T.);
#729=ORIENTED_EDGE('',*,*,#570,.F.);
#730=ORIENTED_EDGE('',*,*,#569,.F.);
#731=ORIENTED_EDGE('',*,*,#571,.F.);
#732=ORIENTED_EDGE('',*,*,#572,.T.);
#733=ORIENTED_EDGE('',*,*,#573,.F.);
#734=ORIENTED_EDGE('',*,*,#572,.F.);
#735=ORIENTED_EDGE('',*,*,#574,.F.);
#736=ORIENTED_EDGE('',*,*,#575,.T.);
#737=ORIENTED_EDGE('',*,*,#576,.F.);
#738=ORIENTED_EDGE('',*,*,#575,.F.);
#739=ORIENTED_EDGE('',*,*,#577,.F.);
#740=ORIENTED_EDGE('',*,*,#578,.T.);
#741=ORIENTED_EDGE('',*,*,#579,.F.);
#742=ORIENTED_EDGE('',*,*,#578,.F.);
#743=ORIENTED_EDGE('',*,*,#580,.F.);
#744=ORIENTED_EDGE('',*,*,#563,.T.);
#745=ORIENTED_EDGE('',*,*,#581,.T.);
#746=ORIENTED_EDGE('',*,*,#582,.F.);
#747=ORIENTED_EDGE('',*,*,#567,.T.);
#748=ORIENTED_EDGE('',*,*,#570,.T.);
#749=ORIENTED_EDGE('',*,*,#573,.T.);
#750=ORIENTED_EDGE('',*,*,#576,.T.);
#751=ORIENTED_EDGE('',*,*,#579,.T.);
#752=ORIENTED_EDGE('',*,*,#583,.F.);
#753=ORIENTED_EDGE('',*,*,#584,.F.);
#754=ORIENTED_EDGE('',*,*,#585,.F.);
#755=ORIENTED_EDGE('',*,*,#586,.F.);
#756=ORIENTED_EDGE('',*,*,#587,.F.);
#757=ORIENTED_EDGE('',*,*,#588,.F.);
#758=ORIENTED_EDGE('',*,*,#589,.F.);
#759=ORIENTED_EDGE('',*,*,#590,.F.);
#760=ORIENTED_EDGE('',*,*,#591,.F.);
#761=ORIENTED_EDGE('',*,*,#592,.F.);
#762=ORIENTED_EDGE('',*,*,#582,.T.);
#763=ORIENTED_EDGE('',*,*,#593,.T.);
#764=ORIENTED_EDGE('',*,*,#594,.F.);
#765=ORIENTED_EDGE('',*,*,#593,.F.);
#766=ORIENTED_EDGE('',*,*,#581,.F.);
#767=ORIENTED_EDGE('',*,*,#562,.F.);
#768=ORIENTED_EDGE('',*,*,#595,.F.);
#769=ORIENTED_EDGE('',*,*,#592,.T.);
#770=ORIENTED_EDGE('',*,*,#596,.F.);
#771=ORIENTED_EDGE('',*,*,#560,.T.);
#772=ORIENTED_EDGE('',*,*,#580,.T.);
#773=ORIENTED_EDGE('',*,*,#597,.F.);
#774=ORIENTED_EDGE('',*,*,#598,.T.);
#775=ORIENTED_EDGE('',*,*,#583,.T.);
#776=ORIENTED_EDGE('',*,*,#598,.F.);
#777=ORIENTED_EDGE('',*,*,#599,.F.);
#778=ORIENTED_EDGE('',*,*,#600,.T.);
#779=ORIENTED_EDGE('',*,*,#584,.T.);
#780=ORIENTED_EDGE('',*,*,#600,.F.);
#781=ORIENTED_EDGE('',*,*,#601,.F.);
#782=ORIENTED_EDGE('',*,*,#602,.T.);
#783=ORIENTED_EDGE('',*,*,#585,.T.);
#784=ORIENTED_EDGE('',*,*,#602,.F.);
#785=ORIENTED_EDGE('',*,*,#603,.F.);
#786=ORIENTED_EDGE('',*,*,#604,.T.);
#787=ORIENTED_EDGE('',*,*,#586,.T.);
#788=ORIENTED_EDGE('',*,*,#604,.F.);
#789=ORIENTED_EDGE('',*,*,#605,.F.);
#790=ORIENTED_EDGE('',*,*,#606,.T.);
#791=ORIENTED_EDGE('',*,*,#587,.T.);
#792=ORIENTED_EDGE('',*,*,#606,.F.);
#793=ORIENTED_EDGE('',*,*,#607,.F.);
#794=ORIENTED_EDGE('',*,*,#608,.T.);
#795=ORIENTED_EDGE('',*,*,#588,.T.);
#796=ORIENTED_EDGE('',*,*,#608,.F.);
#797=ORIENTED_EDGE('',*,*,#609,.F.);
#798=ORIENTED_EDGE('',*,*,#610,.T.);
#799=ORIENTED_EDGE('',*,*,#589,.T.);
#800=ORIENTED_EDGE('',*,*,#610,.F.);
#801=ORIENTED_EDGE('',*,*,#611,.F.);
#802=ORIENTED_EDGE('',*,*,#612,.T.);
#803=ORIENTED_EDGE('',*,*,#590,.T.);
#804=ORIENTED_EDGE('',*,*,#612,.F.);
#805=ORIENTED_EDGE('',*,*,#613,.F.);
#806=ORIENTED_EDGE('',*,*,#614,.T.);
#807=ORIENTED_EDGE('',*,*,#591,.T.);
#808=ORIENTED_EDGE('',*,*,#614,.F.);
#809=ORIENTED_EDGE('',*,*,#615,.T.);
#810=ORIENTED_EDGE('',*,*,#616,.T.);
#811=ORIENTED_EDGE('',*,*,#617,.T.);
#812=ORIENTED_EDGE('',*,*,#618,.T.);
#813=ORIENTED_EDGE('',*,*,#619,.T.);
#814=ORIENTED_EDGE('',*,*,#620,.T.);
#815=ORIENTED_EDGE('',*,*,#617,.F.);
#816=ORIENTED_EDGE('',*,*,#621,.T.);
#817=ORIENTED_EDGE('',*,*,#622,.T.);
#818=ORIENTED_EDGE('',*,*,#623,.T.);
#819=ORIENTED_EDGE('',*,*,#619,.F.);
#820=ORIENTED_EDGE('',*,*,#624,.T.);
#821=ORIENTED_EDGE('',*,*,#625,.T.);
#822=ORIENTED_EDGE('',*,*,#626,.T.);
#823=ORIENTED_EDGE('',*,*,#622,.F.);
#824=ORIENTED_EDGE('',*,*,#627,.T.);
#825=ORIENTED_EDGE('',*,*,#628,.T.);
#826=ORIENTED_EDGE('',*,*,#629,.T.);
#827=ORIENTED_EDGE('',*,*,#625,.F.);
#828=ORIENTED_EDGE('',*,*,#630,.T.);
#829=ORIENTED_EDGE('',*,*,#631,.T.);
#830=ORIENTED_EDGE('',*,*,#632,.T.);
#831=ORIENTED_EDGE('',*,*,#628,.F.);
#832=ORIENTED_EDGE('',*,*,#633,.T.);
#833=ORIENTED_EDGE('',*,*,#634,.T.);
#834=ORIENTED_EDGE('',*,*,#635,.T.);
#835=ORIENTED_EDGE('',*,*,#631,.F.);
#836=ORIENTED_EDGE('',*,*,#636,.T.);
#837=ORIENTED_EDGE('',*,*,#615,.F.);
#838=ORIENTED_EDGE('',*,*,#637,.T.);
#839=ORIENTED_EDGE('',*,*,#634,.F.);
#840=ORIENTED_EDGE('',*,*,#638,.T.);
#841=ORIENTED_EDGE('',*,*,#632,.F.);
#842=ORIENTED_EDGE('',*,*,#639,.F.);
#843=ORIENTED_EDGE('',*,*,#640,.F.);
#844=ORIENTED_EDGE('',*,*,#641,.F.);
#845=ORIENTED_EDGE('',*,*,#635,.F.);
#846=ORIENTED_EDGE('',*,*,#642,.T.);
#847=ORIENTED_EDGE('',*,*,#643,.T.);
#848=ORIENTED_EDGE('',*,*,#639,.T.);
#849=ORIENTED_EDGE('',*,*,#637,.F.);
#850=ORIENTED_EDGE('',*,*,#644,.F.);
#851=ORIENTED_EDGE('',*,*,#645,.F.);
#852=ORIENTED_EDGE('',*,*,#642,.F.);
#853=ORIENTED_EDGE('',*,*,#618,.F.);
#854=ORIENTED_EDGE('',*,*,#646,.T.);
#855=ORIENTED_EDGE('',*,*,#647,.T.);
#856=ORIENTED_EDGE('',*,*,#644,.T.);
#857=ORIENTED_EDGE('',*,*,#616,.F.);
#858=ORIENTED_EDGE('',*,*,#638,.F.);
#859=ORIENTED_EDGE('',*,*,#636,.F.);
#860=ORIENTED_EDGE('',*,*,#633,.F.);
#861=ORIENTED_EDGE('',*,*,#630,.F.);
#862=ORIENTED_EDGE('',*,*,#627,.F.);
#863=ORIENTED_EDGE('',*,*,#624,.F.);
#864=ORIENTED_EDGE('',*,*,#621,.F.);
#865=ORIENTED_EDGE('',*,*,#648,.F.);
#866=ORIENTED_EDGE('',*,*,#649,.F.);
#867=ORIENTED_EDGE('',*,*,#650,.F.);
#868=ORIENTED_EDGE('',*,*,#651,.F.);
#869=ORIENTED_EDGE('',*,*,#652,.F.);
#870=ORIENTED_EDGE('',*,*,#653,.F.);
#871=ORIENTED_EDGE('',*,*,#654,.F.);
#872=ORIENTED_EDGE('',*,*,#655,.F.);
#873=ORIENTED_EDGE('',*,*,#656,.T.);
#874=ORIENTED_EDGE('',*,*,#657,.T.);
#875=ORIENTED_EDGE('',*,*,#658,.T.);
#876=ORIENTED_EDGE('',*,*,#648,.T.);
#877=ORIENTED_EDGE('',*,*,#659,.T.);
#878=ORIENTED_EDGE('',*,*,#649,.T.);
#879=ORIENTED_EDGE('',*,*,#658,.F.);
#880=ORIENTED_EDGE('',*,*,#660,.T.);
#881=ORIENTED_EDGE('',*,*,#661,.T.);
#882=ORIENTED_EDGE('',*,*,#650,.T.);
#883=ORIENTED_EDGE('',*,*,#659,.F.);
#884=ORIENTED_EDGE('',*,*,#662,.T.);
#885=ORIENTED_EDGE('',*,*,#663,.T.);
#886=ORIENTED_EDGE('',*,*,#651,.T.);
#887=ORIENTED_EDGE('',*,*,#661,.F.);
#888=ORIENTED_EDGE('',*,*,#664,.T.);
#889=ORIENTED_EDGE('',*,*,#665,.T.);
#890=ORIENTED_EDGE('',*,*,#652,.T.);
#891=ORIENTED_EDGE('',*,*,#663,.F.);
#892=ORIENTED_EDGE('',*,*,#666,.T.);
#893=ORIENTED_EDGE('',*,*,#667,.T.);
#894=ORIENTED_EDGE('',*,*,#653,.T.);
#895=ORIENTED_EDGE('',*,*,#665,.F.);
#896=ORIENTED_EDGE('',*,*,#668,.T.);
#897=ORIENTED_EDGE('',*,*,#669,.T.);
#898=ORIENTED_EDGE('',*,*,#654,.T.);
#899=ORIENTED_EDGE('',*,*,#667,.F.);
#900=ORIENTED_EDGE('',*,*,#670,.T.);
#901=ORIENTED_EDGE('',*,*,#669,.F.);
#902=ORIENTED_EDGE('',*,*,#671,.T.);
#903=ORIENTED_EDGE('',*,*,#656,.F.);
#904=ORIENTED_EDGE('',*,*,#655,.T.);
#905=ORIENTED_EDGE('',*,*,#664,.F.);
#906=ORIENTED_EDGE('',*,*,#672,.T.);
#907=ORIENTED_EDGE('',*,*,#673,.F.);
#908=ORIENTED_EDGE('',*,*,#674,.T.);
#909=ORIENTED_EDGE('',*,*,#662,.F.);
#910=ORIENTED_EDGE('',*,*,#675,.F.);
#911=ORIENTED_EDGE('',*,*,#676,.T.);
#912=ORIENTED_EDGE('',*,*,#672,.F.);
#913=ORIENTED_EDGE('',*,*,#660,.F.);
#914=ORIENTED_EDGE('',*,*,#677,.T.);
#915=ORIENTED_EDGE('',*,*,#678,.F.);
#916=ORIENTED_EDGE('',*,*,#675,.T.);
#917=ORIENTED_EDGE('',*,*,#657,.F.);
#918=ORIENTED_EDGE('',*,*,#679,.F.);
#919=ORIENTED_EDGE('',*,*,#680,.T.);
#920=ORIENTED_EDGE('',*,*,#677,.F.);
#921=ORIENTED_EDGE('',*,*,#671,.F.);
#922=ORIENTED_EDGE('',*,*,#681,.T.);
#923=ORIENTED_EDGE('',*,*,#682,.F.);
#924=ORIENTED_EDGE('',*,*,#679,.T.);
#925=ORIENTED_EDGE('',*,*,#670,.F.);
#926=ORIENTED_EDGE('',*,*,#683,.F.);
#927=ORIENTED_EDGE('',*,*,#684,.T.);
#928=ORIENTED_EDGE('',*,*,#681,.F.);
#929=ORIENTED_EDGE('',*,*,#668,.F.);
#930=ORIENTED_EDGE('',*,*,#685,.T.);
#931=ORIENTED_EDGE('',*,*,#686,.F.);
#932=ORIENTED_EDGE('',*,*,#683,.T.);
#933=ORIENTED_EDGE('',*,*,#666,.F.);
#934=ORIENTED_EDGE('',*,*,#674,.F.);
#935=ORIENTED_EDGE('',*,*,#687,.T.);
#936=ORIENTED_EDGE('',*,*,#685,.F.);
#937=ORIENTED_EDGE('',*,*,#678,.T.);
#938=ORIENTED_EDGE('',*,*,#680,.F.);
#939=ORIENTED_EDGE('',*,*,#682,.T.);
#940=ORIENTED_EDGE('',*,*,#684,.F.);
#941=ORIENTED_EDGE('',*,*,#686,.T.);
#942=ORIENTED_EDGE('',*,*,#687,.F.);
#943=ORIENTED_EDGE('',*,*,#673,.T.);
#944=ORIENTED_EDGE('',*,*,#676,.F.);
#945=ORIENTED_EDGE('',*,*,#565,.T.);
#946=ORIENTED_EDGE('',*,*,#568,.T.);
#947=ORIENTED_EDGE('',*,*,#571,.T.);
#948=ORIENTED_EDGE('',*,*,#574,.T.);
#949=ORIENTED_EDGE('',*,*,#577,.T.);
#950=ORIENTED_EDGE('',*,*,#597,.T.);
#951=ORIENTED_EDGE('',*,*,#599,.T.);
#952=ORIENTED_EDGE('',*,*,#601,.T.);
#953=ORIENTED_EDGE('',*,*,#603,.T.);
#954=ORIENTED_EDGE('',*,*,#605,.T.);
#955=ORIENTED_EDGE('',*,*,#607,.T.);
#956=ORIENTED_EDGE('',*,*,#609,.T.);
#957=ORIENTED_EDGE('',*,*,#611,.T.);
#958=ORIENTED_EDGE('',*,*,#613,.T.);
#959=ORIENTED_EDGE('',*,*,#620,.F.);
#960=ORIENTED_EDGE('',*,*,#688,.F.);
#961=ORIENTED_EDGE('',*,*,#689,.T.);
#962=ORIENTED_EDGE('',*,*,#646,.F.);
#963=ORIENTED_EDGE('',*,*,#623,.F.);
#964=ORIENTED_EDGE('',*,*,#690,.T.);
#965=ORIENTED_EDGE('',*,*,#691,.T.);
#966=ORIENTED_EDGE('',*,*,#688,.T.);
#967=ORIENTED_EDGE('',*,*,#626,.F.);
#968=ORIENTED_EDGE('',*,*,#692,.F.);
#969=ORIENTED_EDGE('',*,*,#693,.T.);
#970=ORIENTED_EDGE('',*,*,#690,.F.);
#971=ORIENTED_EDGE('',*,*,#629,.F.);
#972=ORIENTED_EDGE('',*,*,#641,.T.);
#973=ORIENTED_EDGE('',*,*,#694,.T.);
#974=ORIENTED_EDGE('',*,*,#692,.T.);
#975=ORIENTED_EDGE('',*,*,#647,.F.);
#976=ORIENTED_EDGE('',*,*,#689,.F.);
#977=ORIENTED_EDGE('',*,*,#691,.F.);
#978=ORIENTED_EDGE('',*,*,#693,.F.);
#979=ORIENTED_EDGE('',*,*,#694,.F.);
#980=ORIENTED_EDGE('',*,*,#640,.T.);
#981=ORIENTED_EDGE('',*,*,#643,.F.);
#982=ORIENTED_EDGE('',*,*,#645,.T.);
#983=ORIENTED_EDGE('',*,*,#594,.T.);
#984=ORIENTED_EDGE('',*,*,#595,.T.);
#985=ORIENTED_EDGE('',*,*,#561,.T.);
#986=ORIENTED_EDGE('',*,*,#596,.T.);
#987=PLANE('',#1081);
#988=PLANE('',#1082);
#989=PLANE('',#1083);
#990=PLANE('',#1084);
#991=PLANE('',#1085);
#992=PLANE('',#1089);
#993=PLANE('',#1102);
#994=PLANE('',#1112);
#995=PLANE('',#1113);
#996=PLANE('',#1114);
#997=PLANE('',#1153);
#998=PLANE('',#1156);
#999=PLANE('',#1159);
#1000=PLANE('',#1186);
#1001=PLANE('',#1189);
#1002=PLANE('',#1192);
#1003=PLANE('',#1195);
#1004=PLANE('',#1196);
#1005=PLANE('',#1197);
#1006=PLANE('',#1200);
#1007=PLANE('',#1203);
#1008=ADVANCED_FACE('',(#152),#987,.F.);
#1009=ADVANCED_FACE('',(#153),#988,.F.);
#1010=ADVANCED_FACE('',(#154),#989,.F.);
#1011=ADVANCED_FACE('',(#155),#990,.F.);
#1012=ADVANCED_FACE('',(#156,#121),#991,.F.);
#1013=ADVANCED_FACE('',(#157),#91,.F.);
#1014=ADVANCED_FACE('',(#158),#992,.F.);
#1015=ADVANCED_FACE('',(#159),#92,.F.);
#1016=ADVANCED_FACE('',(#160),#93,.F.);
#1017=ADVANCED_FACE('',(#161),#94,.F.);
#1018=ADVANCED_FACE('',(#162),#95,.F.);
#1019=ADVANCED_FACE('',(#163,#122,#123,#124,#125,#126,#127,#128,#129,#130,
#131,#132,#133,#134,#135),#993,.F.);
#1020=ADVANCED_FACE('',(#164),#994,.F.);
#1021=ADVANCED_FACE('',(#165),#995,.F.);
#1022=ADVANCED_FACE('',(#166),#996,.T.);
#1023=ADVANCED_FACE('',(#167),#96,.F.);
#1024=ADVANCED_FACE('',(#168),#97,.F.);
#1025=ADVANCED_FACE('',(#169),#98,.F.);
#1026=ADVANCED_FACE('',(#170),#99,.F.);
#1027=ADVANCED_FACE('',(#171),#100,.F.);
#1028=ADVANCED_FACE('',(#172),#101,.F.);
#1029=ADVANCED_FACE('',(#173),#102,.F.);
#1030=ADVANCED_FACE('',(#174),#103,.F.);
#1031=ADVANCED_FACE('',(#175),#104,.F.);
#1032=ADVANCED_FACE('',(#176),#27,.F.);
#1033=ADVANCED_FACE('',(#177),#105,.T.);
#1034=ADVANCED_FACE('',(#178),#28,.F.);
#1035=ADVANCED_FACE('',(#179),#106,.T.);
#1036=ADVANCED_FACE('',(#180),#29,.F.);
#1037=ADVANCED_FACE('',(#181),#107,.T.);
#1038=ADVANCED_FACE('',(#182),#30,.F.);
#1039=ADVANCED_FACE('',(#183),#108,.T.);
#1040=ADVANCED_FACE('',(#184),#997,.F.);
#1041=ADVANCED_FACE('',(#185),#109,.T.);
#1042=ADVANCED_FACE('',(#186),#998,.T.);
#1043=ADVANCED_FACE('',(#187),#110,.T.);
#1044=ADVANCED_FACE('',(#188,#136),#999,.T.);
#1045=ADVANCED_FACE('',(#189),#111,.T.);
#1046=ADVANCED_FACE('',(#190),#15,.T.);
#1047=ADVANCED_FACE('',(#191),#112,.T.);
#1048=ADVANCED_FACE('',(#192),#16,.T.);
#1049=ADVANCED_FACE('',(#193),#113,.T.);
#1050=ADVANCED_FACE('',(#194),#17,.T.);
#1051=ADVANCED_FACE('',(#195),#114,.T.);
#1052=ADVANCED_FACE('',(#196),#18,.T.);
#1053=ADVANCED_FACE('',(#197),#115,.F.);
#1054=ADVANCED_FACE('',(#198),#1000,.F.);
#1055=ADVANCED_FACE('',(#199),#116,.F.);
#1056=ADVANCED_FACE('',(#200),#1001,.F.);
#1057=ADVANCED_FACE('',(#201),#117,.F.);
#1058=ADVANCED_FACE('',(#202),#1002,.F.);
#1059=ADVANCED_FACE('',(#203),#118,.F.);
#1060=ADVANCED_FACE('',(#204),#1003,.F.);
#1061=ADVANCED_FACE('',(#205,#137,#138,#139,#140,#141,#142,#143,#144,#145,
#146,#147,#148,#149,#150),#1004,.F.);
#1062=ADVANCED_FACE('',(#206),#1005,.T.);
#1063=ADVANCED_FACE('',(#207),#119,.T.);
#1064=ADVANCED_FACE('',(#208),#1006,.T.);
#1065=ADVANCED_FACE('',(#209),#120,.T.);
#1066=ADVANCED_FACE('',(#210,#151),#1007,.T.);
#1067=CLOSED_SHELL('',(#1008,#1009,#1010,#1011,#1012,#1013,#1014,#1015,
#1016,#1017,#1018,#1019,#1020,#1021,#1022,#1023,#1024,#1025,#1026,#1027,
#1028,#1029,#1030,#1031,#1032,#1033,#1034,#1035,#1036,#1037,#1038,#1039,
#1040,#1041,#1042,#1043,#1044,#1045,#1046,#1047,#1048,#1049,#1050,#1051,
#1052,#1053,#1054,#1055,#1056,#1057,#1058,#1059,#1060,#1061,#1062,#1063,
#1064,#1065,#1066));
#1068=DERIVED_UNIT_ELEMENT(#1070,1.);
#1069=DERIVED_UNIT_ELEMENT(#1983,-3.);
#1070=(
MASS_UNIT()
NAMED_UNIT(*)
SI_UNIT(.KILO.,.GRAM.)
);
#1071=DERIVED_UNIT((#1068,#1069));
#1072=MEASURE_REPRESENTATION_ITEM('density measure',
POSITIVE_RATIO_MEASURE(7850.),#1071);
#1073=PROPERTY_DEFINITION_REPRESENTATION(#1078,#1075);
#1074=PROPERTY_DEFINITION_REPRESENTATION(#1079,#1076);
#1075=REPRESENTATION('material name',(#1077),#1980);
#1076=REPRESENTATION('density',(#1072),#1980);
#1077=DESCRIPTIVE_REPRESENTATION_ITEM('Stahl','Stahl');
#1078=PROPERTY_DEFINITION('material property','material name',#1990);
#1079=PROPERTY_DEFINITION('material property','density of part',#1990);
#1080=AXIS2_PLACEMENT_3D('placement',#1530,#1204,#1205);
#1081=AXIS2_PLACEMENT_3D('',#1531,#1206,#1207);
#1082=AXIS2_PLACEMENT_3D('',#1540,#1212,#1213);
#1083=AXIS2_PLACEMENT_3D('',#1546,#1217,#1218);
#1084=AXIS2_PLACEMENT_3D('',#1552,#1222,#1223);
#1085=AXIS2_PLACEMENT_3D('',#1554,#1225,#1226);
#1086=AXIS2_PLACEMENT_3D('',#1564,#1232,#1233);
#1087=AXIS2_PLACEMENT_3D('',#1566,#1234,#1235);
#1088=AXIS2_PLACEMENT_3D('',#1569,#1237,#1238);
#1089=AXIS2_PLACEMENT_3D('',#1570,#1239,#1240);
#1090=AXIS2_PLACEMENT_3D('',#1571,#1241,#1242);
#1091=AXIS2_PLACEMENT_3D('',#1573,#1243,#1244);
#1092=AXIS2_PLACEMENT_3D('',#1576,#1246,#1247);
#1093=AXIS2_PLACEMENT_3D('',#1577,#1248,#1249);
#1094=AXIS2_PLACEMENT_3D('',#1579,#1250,#1251);
#1095=AXIS2_PLACEMENT_3D('',#1582,#1253,#1254);
#1096=AXIS2_PLACEMENT_3D('',#1583,#1255,#1256);
#1097=AXIS2_PLACEMENT_3D('',#1585,#1257,#1258);
#1098=AXIS2_PLACEMENT_3D('',#1588,#1260,#1261);
#1099=AXIS2_PLACEMENT_3D('',#1589,#1262,#1263);
#1100=AXIS2_PLACEMENT_3D('',#1591,#1264,#1265);
#1101=AXIS2_PLACEMENT_3D('',#1594,#1267,#1268);
#1102=AXIS2_PLACEMENT_3D('',#1595,#1269,#1270);
#1103=AXIS2_PLACEMENT_3D('',#1602,#1274,#1275);
#1104=AXIS2_PLACEMENT_3D('',#1604,#1276,#1277);
#1105=AXIS2_PLACEMENT_3D('',#1606,#1278,#1279);
#1106=AXIS2_PLACEMENT_3D('',#1608,#1280,#1281);
#1107=AXIS2_PLACEMENT_3D('',#1610,#1282,#1283);
#1108=AXIS2_PLACEMENT_3D('',#1612,#1284,#1285);
#1109=AXIS2_PLACEMENT_3D('',#1614,#1286,#1287);
#1110=AXIS2_PLACEMENT_3D('',#1616,#1288,#1289);
#1111=AXIS2_PLACEMENT_3D('',#1618,#1290,#1291);
#1112=AXIS2_PLACEMENT_3D('',#1619,#1292,#1293);
#1113=AXIS2_PLACEMENT_3D('',#1625,#1297,#1298);
#1114=AXIS2_PLACEMENT_3D('',#1627,#1300,#1301);
#1115=AXIS2_PLACEMENT_3D('',#1629,#1303,#1304);
#1116=AXIS2_PLACEMENT_3D('',#1631,#1305,#1306);
#1117=AXIS2_PLACEMENT_3D('',#1633,#1308,#1309);
#1118=AXIS2_PLACEMENT_3D('',#1635,#1310,#1311);
#1119=AXIS2_PLACEMENT_3D('',#1637,#1313,#1314);
#1120=AXIS2_PLACEMENT_3D('',#1639,#1315,#1316);
#1121=AXIS2_PLACEMENT_3D('',#1641,#1318,#1319);
#1122=AXIS2_PLACEMENT_3D('',#1643,#1320,#1321);
#1123=AXIS2_PLACEMENT_3D('',#1645,#1323,#1324);
#1124=AXIS2_PLACEMENT_3D('',#1647,#1325,#1326);
#1125=AXIS2_PLACEMENT_3D('',#1649,#1328,#1329);
#1126=AXIS2_PLACEMENT_3D('',#1651,#1330,#1331);
#1127=AXIS2_PLACEMENT_3D('',#1653,#1333,#1334);
#1128=AXIS2_PLACEMENT_3D('',#1655,#1335,#1336);
#1129=AXIS2_PLACEMENT_3D('',#1657,#1338,#1339);
#1130=AXIS2_PLACEMENT_3D('',#1659,#1340,#1341);
#1131=AXIS2_PLACEMENT_3D('',#1661,#1343,#1344);
#1132=AXIS2_PLACEMENT_3D('',#1663,#1345,#1346);
#1133=AXIS2_PLACEMENT_3D('',#1709,#1348,#1349);
#1134=AXIS2_PLACEMENT_3D('',#1711,#1350,#1351);
#1135=AXIS2_PLACEMENT_3D('',#1713,#1352,#1353);
#1136=AXIS2_PLACEMENT_3D('',#1714,#1354,#1355);
#1137=AXIS2_PLACEMENT_3D('',#1715,#1356,#1357);
#1138=AXIS2_PLACEMENT_3D('',#1718,#1358,#1359);
#1139=AXIS2_PLACEMENT_3D('',#1758,#1362,#1363);
#1140=AXIS2_PLACEMENT_3D('',#1759,#1364,#1365);
#1141=AXIS2_PLACEMENT_3D('',#1760,#1366,#1367);
#1142=AXIS2_PLACEMENT_3D('',#1761,#1368,#1369);
#1143=AXIS2_PLACEMENT_3D('',#1764,#1370,#1371);
#1144=AXIS2_PLACEMENT_3D('',#1804,#1374,#1375);
#1145=AXIS2_PLACEMENT_3D('',#1805,#1376,#1377);
#1146=AXIS2_PLACEMENT_3D('',#1806,#1378,#1379);
#1147=AXIS2_PLACEMENT_3D('',#1807,#1380,#1381);
#1148=AXIS2_PLACEMENT_3D('',#1810,#1382,#1383);
#1149=AXIS2_PLACEMENT_3D('',#1857,#1386,#1387);
#1150=AXIS2_PLACEMENT_3D('',#1858,#1388,#1389);
#1151=AXIS2_PLACEMENT_3D('',#1859,#1390,#1391);
#1152=AXIS2_PLACEMENT_3D('',#1860,#1392,#1393);
#1153=AXIS2_PLACEMENT_3D('',#1863,#1396,#1397);
#1154=AXIS2_PLACEMENT_3D('',#1869,#1401,#1402);
#1155=AXIS2_PLACEMENT_3D('',#1872,#1404,#1405);
#1156=AXIS2_PLACEMENT_3D('',#1873,#1406,#1407);
#1157=AXIS2_PLACEMENT_3D('',#1877,#1410,#1411);
#1158=AXIS2_PLACEMENT_3D('',#1880,#1413,#1414);
#1159=AXIS2_PLACEMENT_3D('',#1881,#1415,#1416);
#1160=AXIS2_PLACEMENT_3D('',#1886,#1418,#1419);
#1161=AXIS2_PLACEMENT_3D('',#1890,#1421,#1422);
#1162=AXIS2_PLACEMENT_3D('',#1894,#1424,#1425);
#1163=AXIS2_PLACEMENT_3D('',#1897,#1427,#1428);
#1164=AXIS2_PLACEMENT_3D('',#1898,#1429,#1430);
#1165=AXIS2_PLACEMENT_3D('',#1900,#1431,#1432);
#1166=AXIS2_PLACEMENT_3D('',#1903,#1434,#1435);
#1167=AXIS2_PLACEMENT_3D('',#1904,#1436,#1437);
#1168=AXIS2_PLACEMENT_3D('',#1906,#1438,#1439);
#1169=AXIS2_PLACEMENT_3D('',#1907,#1440,#1441);
#1170=AXIS2_PLACEMENT_3D('',#1908,#1442,#1443);
#1171=AXIS2_PLACEMENT_3D('',#1910,#1444,#1445);
#1172=AXIS2_PLACEMENT_3D('',#1912,#1447,#1448);
#1173=AXIS2_PLACEMENT_3D('',#1914,#1449,#1450);
#1174=AXIS2_PLACEMENT_3D('',#1915,#1451,#1452);
#1175=AXIS2_PLACEMENT_3D('',#1916,#1453,#1454);
#1176=AXIS2_PLACEMENT_3D('',#1918,#1455,#1456);
#1177=AXIS2_PLACEMENT_3D('',#1920,#1458,#1459);
#1178=AXIS2_PLACEMENT_3D('',#1922,#1460,#1461);
#1179=AXIS2_PLACEMENT_3D('',#1923,#1462,#1463);
#1180=AXIS2_PLACEMENT_3D('',#1924,#1464,#1465);
#1181=AXIS2_PLACEMENT_3D('',#1926,#1466,#1467);
#1182=AXIS2_PLACEMENT_3D('',#1928,#1469,#1470);
#1183=AXIS2_PLACEMENT_3D('',#1929,#1471,#1472);
#1184=AXIS2_PLACEMENT_3D('',#1930,#1473,#1474);
#1185=AXIS2_PLACEMENT_3D('',#1934,#1476,#1477);
#1186=AXIS2_PLACEMENT_3D('',#1936,#1479,#1480);
#1187=AXIS2_PLACEMENT_3D('',#1940,#1483,#1484);
#1188=AXIS2_PLACEMENT_3D('',#1943,#1486,#1487);
#1189=AXIS2_PLACEMENT_3D('',#1944,#1488,#1489);
#1190=AXIS2_PLACEMENT_3D('',#1948,#1492,#1493);
#1191=AXIS2_PLACEMENT_3D('',#1951,#1495,#1496);
#1192=AXIS2_PLACEMENT_3D('',#1952,#1497,#1498);
#1193=AXIS2_PLACEMENT_3D('',#1956,#1501,#1502);
#1194=AXIS2_PLACEMENT_3D('',#1959,#1504,#1505);
#1195=AXIS2_PLACEMENT_3D('',#1960,#1506,#1507);
#1196=AXIS2_PLACEMENT_3D('',#1962,#1509,#1510);
#1197=AXIS2_PLACEMENT_3D('',#1963,#1511,#1512);
#1198=AXIS2_PLACEMENT_3D('',#1967,#1515,#1516);
#1199=AXIS2_PLACEMENT_3D('',#1970,#1518,#1519);
#1200=AXIS2_PLACEMENT_3D('',#1971,#1520,#1521);
#1201=AXIS2_PLACEMENT_3D('',#1975,#1524,#1525);
#1202=AXIS2_PLACEMENT_3D('',#1976,#1526,#1527);
#1203=AXIS2_PLACEMENT_3D('',#1977,#1528,#1529);
#1204=DIRECTION('axis',(0.,0.,1.));
#1205=DIRECTION('refdir',(1.,0.,0.));
#1206=DIRECTION('center_axis',(0.,-1.,0.));
#1207=DIRECTION('ref_axis',(0.916157334902189,0.,-0.400818834019708));
#1208=DIRECTION('',(-4.44089209850063E-17,0.,1.));
#1209=DIRECTION('',(0.916157334902189,0.,-0.400818834019708));
#1210=DIRECTION('',(0.400818834019707,0.,0.916157334902189));
#1211=DIRECTION('',(0.916157334902189,0.,-0.400818834019708));
#1212=DIRECTION('center_axis',(0.400818834019708,0.,0.916157334902189));
#1213=DIRECTION('ref_axis',(0.916157334902189,0.,-0.400818834019708));
#1214=DIRECTION('',(0.,1.,0.));
#1215=DIRECTION('',(0.,-1.,0.));
#1216=DIRECTION('',(-0.916157334902189,0.,0.400818834019708));
#1217=DIRECTION('center_axis',(0.,1.,0.));
#1218=DIRECTION('ref_axis',(-0.916157334902189,0.,0.400818834019708));
#1219=DIRECTION('',(4.44089209850063E-17,0.,-1.));
#1220=DIRECTION('',(0.400818834019707,0.,0.916157334902189));
#1221=DIRECTION('',(-0.916157334902189,0.,0.400818834019708));
#1222=DIRECTION('center_axis',(-0.916157334902189,0.,0.400818834019708));
#1223=DIRECTION('ref_axis',(0.,-1.,0.));
#1224=DIRECTION('',(0.,-1.,0.));
#1225=DIRECTION('center_axis',(-1.,0.,-4.44089209850063E-17));
#1226=DIRECTION('ref_axis',(-4.44089209850063E-17,0.,1.));
#1227=DIRECTION('',(-4.44089209850063E-17,0.,1.));
#1228=DIRECTION('',(0.,-1.,0.));
#1229=DIRECTION('',(-4.44089209850063E-17,0.,1.));
#1230=DIRECTION('',(0.,1.,0.));
#1231=DIRECTION('',(0.,-1.,0.));
#1232=DIRECTION('center_axis',(-0.400818834019708,0.,-0.916157334902189));
#1233=DIRECTION('ref_axis',(0.916157334902189,0.,-0.400818834019708));
#1234=DIRECTION('center_axis',(-0.400818834019708,0.,-0.916157334902189));
#1235=DIRECTION('ref_axis',(0.916157334902189,0.,-0.400818834019708));
#1236=DIRECTION('',(-0.400818834019708,0.,-0.916157334902189));
#1237=DIRECTION('center_axis',(0.400349032556895,0.,0.91636272956224));
#1238=DIRECTION('ref_axis',(0.916362729562239,0.,-0.400349032556895));
#1239=DIRECTION('center_axis',(-0.400818834019708,0.,-0.916157334902189));
#1240=DIRECTION('ref_axis',(0.916157334902189,0.,-0.400818834019708));
#1241=DIRECTION('center_axis',(-0.400818834019708,0.,-0.916157334902189));
#1242=DIRECTION('ref_axis',(0.916157334902189,0.,-0.400818834019708));
#1243=DIRECTION('center_axis',(-0.400818834019708,0.,-0.916157334902189));
#1244=DIRECTION('ref_axis',(0.916157334902189,0.,-0.400818834019708));
#1245=DIRECTION('',(-0.400818834019708,0.,-0.916157334902189));
#1246=DIRECTION('center_axis',(0.400349032556895,0.,0.91636272956224));
#1247=DIRECTION('ref_axis',(0.916362729562239,0.,-0.400349032556895));
#1248=DIRECTION('center_axis',(-0.400818834019708,0.,-0.916157334902189));
#1249=DIRECTION('ref_axis',(0.916157334902189,0.,-0.400818834019708));
#1250=DIRECTION('center_axis',(-0.400818834019708,0.,-0.916157334902189));
#1251=DIRECTION('ref_axis',(0.916157334902189,0.,-0.400818834019708));
#1252=DIRECTION('',(-0.400818834019708,0.,-0.916157334902189));
#1253=DIRECTION('center_axis',(0.400349032556895,0.,0.91636272956224));
#1254=DIRECTION('ref_axis',(0.916362729562239,0.,-0.400349032556895));
#1255=DIRECTION('center_axis',(-0.400818834019708,0.,-0.916157334902189));
#1256=DIRECTION('ref_axis',(0.916157334902189,0.,-0.400818834019708));
#1257=DIRECTION('center_axis',(-0.400818834019708,0.,-0.916157334902189));
#1258=DIRECTION('ref_axis',(0.916157334902189,0.,-0.400818834019708));
#1259=DIRECTION('',(-0.400818834019708,0.,-0.916157334902189));
#1260=DIRECTION('center_axis',(0.400349032556895,0.,0.91636272956224));
#1261=DIRECTION('ref_axis',(0.916362729562239,0.,-0.400349032556895));
#1262=DIRECTION('center_axis',(-0.400818834019708,0.,-0.916157334902189));
#1263=DIRECTION('ref_axis',(0.916157334902189,0.,-0.400818834019708));
#1264=DIRECTION('center_axis',(-0.400818834019708,0.,-0.916157334902189));
#1265=DIRECTION('ref_axis',(0.916157334902189,0.,-0.400818834019708));
#1266=DIRECTION('',(-0.400818834019708,0.,-0.916157334902189));
#1267=DIRECTION('center_axis',(0.400349032556895,0.,0.91636272956224));
#1268=DIRECTION('ref_axis',(0.916362729562239,0.,-0.400349032556895));
#1269=DIRECTION('center_axis',(0.400349032556895,0.,0.91636272956224));
#1270=DIRECTION('ref_axis',(0.91636272956224,0.,-0.400349032556895));
#1271=DIRECTION('',(0.91636272956224,0.,-0.400349032556895));
#1272=DIRECTION('',(0.91636272956224,0.,-0.400349032556895));
#1273=DIRECTION('',(0.,1.,0.));
#1274=DIRECTION('center_axis',(-0.400349032556895,0.,-0.91636272956224));
#1275=DIRECTION('ref_axis',(0.916362729562239,0.,-0.400349032556895));
#1276=DIRECTION('center_axis',(-0.400349032556895,0.,-0.91636272956224));
#1277=DIRECTION('ref_axis',(0.916362729562239,0.,-0.400349032556895));
#1278=DIRECTION('center_axis',(-0.400349032556895,0.,-0.91636272956224));
#1279=DIRECTION('ref_axis',(0.916362729562239,0.,-0.400349032556895));
#1280=DIRECTION('center_axis',(-0.400349032556895,0.,-0.91636272956224));
#1281=DIRECTION('ref_axis',(0.916362729562239,0.,-0.400349032556895));
#1282=DIRECTION('center_axis',(-0.400349032556895,0.,-0.91636272956224));
#1283=DIRECTION('ref_axis',(0.916362729562239,0.,-0.400349032556895));
#1284=DIRECTION('center_axis',(-0.400349032556895,0.,-0.91636272956224));
#1285=DIRECTION('ref_axis',(0.916362729562239,0.,-0.400349032556895));
#1286=DIRECTION('center_axis',(-0.400349032556895,0.,-0.91636272956224));
#1287=DIRECTION('ref_axis',(0.916362729562239,0.,-0.400349032556895));
#1288=DIRECTION('center_axis',(-0.400349032556895,0.,-0.91636272956224));
#1289=DIRECTION('ref_axis',(0.916362729562239,0.,-0.400349032556895));
#1290=DIRECTION('center_axis',(-0.400349032556895,0.,-0.91636272956224));
#1291=DIRECTION('ref_axis',(0.916362729562239,0.,-0.400349032556895));
#1292=DIRECTION('center_axis',(1.,0.,3.73393741149791E-16));
#1293=DIRECTION('ref_axis',(3.73393741149791E-16,0.,-1.));
#1294=DIRECTION('',(3.73393741149791E-16,0.,-1.));
#1295=DIRECTION('',(3.73393741149791E-16,0.,-1.));
#1296=DIRECTION('',(0.,1.,0.));
#1297=DIRECTION('center_axis',(0.,1.,0.));
#1298=DIRECTION('ref_axis',(0.,0.,1.));
#1299=DIRECTION('',(-1.,0.,1.22464679914735E-16));
#1300=DIRECTION('center_axis',(0.,1.,0.));
#1301=DIRECTION('ref_axis',(1.,0.,0.));
#1302=DIRECTION('',(1.,0.,-1.22464679914735E-16));
#1303=DIRECTION('center_axis',(-0.400818834019708,0.,-0.916157334902189));
#1304=DIRECTION('ref_axis',(0.916157334902189,0.,-0.400818834019708));
#1305=DIRECTION('center_axis',(-0.400818834019708,0.,-0.916157334902189));
#1306=DIRECTION('ref_axis',(0.916157334902189,0.,-0.400818834019708));
#1307=DIRECTION('',(-0.400818834019708,0.,-0.916157334902189));
#1308=DIRECTION('center_axis',(-0.400818834019708,0.,-0.916157334902189));
#1309=DIRECTION('ref_axis',(0.916157334902189,0.,-0.400818834019708));
#1310=DIRECTION('center_axis',(-0.400818834019708,0.,-0.916157334902189));
#1311=DIRECTION('ref_axis',(0.916157334902189,0.,-0.400818834019708));
#1312=DIRECTION('',(-0.400818834019708,0.,-0.916157334902189));
#1313=DIRECTION('center_axis',(-0.400818834019708,0.,-0.916157334902189));
#1314=DIRECTION('ref_axis',(0.916157334902189,0.,-0.400818834019708));
#1315=DIRECTION('center_axis',(-0.400818834019708,0.,-0.916157334902189));
#1316=DIRECTION('ref_axis',(0.916157334902189,0.,-0.400818834019708));
#1317=DIRECTION('',(-0.400818834019708,0.,-0.916157334902189));
#1318=DIRECTION('center_axis',(-0.400818834019708,0.,-0.916157334902189));
#1319=DIRECTION('ref_axis',(0.916157334902189,0.,-0.400818834019708));
#1320=DIRECTION('center_axis',(-0.400818834019708,0.,-0.916157334902189));
#1321=DIRECTION('ref_axis',(0.916157334902189,0.,-0.400818834019708));
#1322=DIRECTION('',(-0.400818834019708,0.,-0.916157334902189));
#1323=DIRECTION('center_axis',(-0.400818834019708,0.,-0.916157334902189));
#1324=DIRECTION('ref_axis',(0.916157334902189,0.,-0.400818834019708));
#1325=DIRECTION('center_axis',(-0.400818834019708,0.,-0.916157334902189));
#1326=DIRECTION('ref_axis',(0.916157334902189,0.,-0.400818834019708));
#1327=DIRECTION('',(-0.400818834019708,0.,-0.916157334902189));
#1328=DIRECTION('center_axis',(-0.400818834019708,0.,-0.916157334902189));
#1329=DIRECTION('ref_axis',(0.916157334902189,0.,-0.400818834019708));
#1330=DIRECTION('center_axis',(-0.400818834019708,0.,-0.916157334902189));
#1331=DIRECTION('ref_axis',(0.916157334902189,0.,-0.400818834019708));
#1332=DIRECTION('',(-0.400818834019708,0.,-0.916157334902189));
#1333=DIRECTION('center_axis',(-0.400818834019708,0.,-0.916157334902189));
#1334=DIRECTION('ref_axis',(0.916157334902189,0.,-0.400818834019708));
#1335=DIRECTION('center_axis',(-0.400818834019708,0.,-0.916157334902189));
#1336=DIRECTION('ref_axis',(0.916157334902189,0.,-0.400818834019708));
#1337=DIRECTION('',(-0.400818834019708,0.,-0.916157334902189));
#1338=DIRECTION('center_axis',(-0.400818834019708,0.,-0.916157334902189));
#1339=DIRECTION('ref_axis',(0.916157334902189,0.,-0.400818834019708));
#1340=DIRECTION('center_axis',(-0.400818834019708,0.,-0.916157334902189));
#1341=DIRECTION('ref_axis',(0.916157334902189,0.,-0.400818834019708));
#1342=DIRECTION('',(-0.400818834019708,0.,-0.916157334902189));
#1343=DIRECTION('center_axis',(-0.400818834019708,0.,-0.916157334902189));
#1344=DIRECTION('ref_axis',(0.916157334902189,0.,-0.400818834019708));
#1345=DIRECTION('center_axis',(-0.400818834019708,0.,-0.916157334902189));
#1346=DIRECTION('ref_axis',(0.916157334902189,0.,-0.400818834019708));
#1347=DIRECTION('',(-0.400818834019708,0.,-0.916157334902189));
#1348=DIRECTION('center_axis',(0.,1.,0.));
#1349=DIRECTION('ref_axis',(-1.,0.,0.));
#1350=DIRECTION('center_axis',(-0.400818834019708,0.,-0.916157334902189));
#1351=DIRECTION('ref_axis',(-0.916157334902189,8.47615806156359E-17,0.400818834019708));
#1352=DIRECTION('center_axis',(-0.916157334902189,0.,0.400818834019708));
#1353=DIRECTION('ref_axis',(0.400818834019708,0.,0.916157334902189));
#1354=DIRECTION('center_axis',(0.330350424728106,0.,0.943858356366017));
#1355=DIRECTION('ref_axis',(-0.943858356366017,0.,0.330350424728106));
#1356=DIRECTION('center_axis',(0.916157334902189,0.,-0.400818834019708));
#1357=DIRECTION('ref_axis',(0.283421715562621,0.707106781186549,0.647821064143131));
#1358=DIRECTION('center_axis',(-0.916157334902189,-2.71237057970034E-15,
0.400818834019707));
#1359=DIRECTION('ref_axis',(0.400818834019707,0.,0.916157334902189));
#1360=DIRECTION('',(-0.916157334902189,0.,0.400818834019708));
#1361=DIRECTION('',(0.916157334902189,0.,-0.400818834019708));
#1362=DIRECTION('center_axis',(0.,1.,0.));
#1363=DIRECTION('ref_axis',(0.400818834019707,0.,0.916157334902189));
#1364=DIRECTION('center_axis',(0.330350424728106,0.,0.943858356366017));
#1365=DIRECTION('ref_axis',(0.943858356366017,0.,-0.330350424728106));
#1366=DIRECTION('center_axis',(-0.400818834019708,0.,-0.916157334902189));
#1367=DIRECTION('ref_axis',(0.916157334902189,8.47615806156359E-17,-0.400818834019708));
#1368=DIRECTION('center_axis',(0.,1.,0.));
#1369=DIRECTION('ref_axis',(0.836904664229955,0.,0.547348685017281));
#1370=DIRECTION('center_axis',(0.,1.,0.));
#1371=DIRECTION('ref_axis',(0.400818834019707,0.,0.916157334902189));
#1372=DIRECTION('',(0.,1.,0.));
#1373=DIRECTION('',(0.,-1.,0.));
#1374=DIRECTION('center_axis',(0.91615733490219,0.,-0.400818834019707));
#1375=DIRECTION('ref_axis',(0.400818834019707,-7.40148683083438E-16,0.91615733490219));
#1376=DIRECTION('center_axis',(0.330350424728106,0.,0.943858356366017));
#1377=DIRECTION('ref_axis',(0.943858356366017,0.,-0.330350424728106));
#1378=DIRECTION('center_axis',(-0.400818834019708,0.,-0.916157334902189));
#1379=DIRECTION('ref_axis',(0.916157334902189,-8.47615806156359E-17,-0.400818834019708));
#1380=DIRECTION('center_axis',(0.916157334902189,0.,-0.400818834019708));
#1381=DIRECTION('ref_axis',(0.283421715562622,-0.707106781186548,0.647821064143132));
#1382=DIRECTION('center_axis',(0.916157334902189,6.78092644925087E-16,-0.400818834019708));
#1383=DIRECTION('ref_axis',(0.400818834019708,0.,0.916157334902189));
#1384=DIRECTION('',(0.916157334902189,0.,-0.400818834019708));
#1385=DIRECTION('',(-0.916157334902189,0.,0.400818834019708));
#1386=DIRECTION('center_axis',(0.,-1.,0.));
#1387=DIRECTION('ref_axis',(0.400818834019708,0.,0.916157334902189));
#1388=DIRECTION('center_axis',(0.330350424728106,0.,0.943858356366017));
#1389=DIRECTION('ref_axis',(-0.943858356366017,0.,0.330350424728106));
#1390=DIRECTION('center_axis',(-0.400818834019708,0.,-0.916157334902189));
#1391=DIRECTION('ref_axis',(-0.916157334902189,-8.47615806156359E-17,0.400818834019708));
#1392=DIRECTION('center_axis',(0.,1.,0.));
#1393=DIRECTION('ref_axis',(-0.547348685017281,0.,0.836904664229955));
#1394=DIRECTION('',(0.,-1.,0.));
#1395=DIRECTION('',(0.,1.,0.));
#1396=DIRECTION('center_axis',(0.,1.,0.));
#1397=DIRECTION('ref_axis',(1.,0.,0.));
#1398=DIRECTION('',(1.76085023486833E-33,0.,1.));
#1399=DIRECTION('',(-1.,0.,1.22464679914735E-16));
#1400=DIRECTION('',(0.,0.,-1.));
#1401=DIRECTION('center_axis',(1.76085023486833E-33,0.,1.));
#1402=DIRECTION('ref_axis',(-0.707106781186547,-0.707106781186547,0.));
#1403=DIRECTION('',(-1.76085023486833E-33,0.,-1.));
#1404=DIRECTION('center_axis',(1.22464679914735E-16,0.,1.));
#1405=DIRECTION('ref_axis',(-0.707106781186547,-0.707106781186547,0.));
#1406=DIRECTION('center_axis',(-1.,0.,1.76085023486833E-33));
#1407=DIRECTION('ref_axis',(1.76085023486833E-33,0.,1.));
#1408=DIRECTION('',(1.76085023486833E-33,0.,1.));
#1409=DIRECTION('',(0.,1.,0.));
#1410=DIRECTION('center_axis',(1.76085023486833E-33,0.,1.));
#1411=DIRECTION('ref_axis',(-0.707106781186547,0.707106781186547,0.));
#1412=DIRECTION('',(-1.76085023486833E-33,0.,-1.));
#1413=DIRECTION('center_axis',(1.22464679914735E-16,0.,1.));
#1414=DIRECTION('ref_axis',(-0.707106781186547,0.707106781186547,0.));
#1415=DIRECTION('center_axis',(0.400818834019708,0.,0.916157334902189));
#1416=DIRECTION('ref_axis',(0.916157334902189,0.,-0.400818834019708));
#1417=DIRECTION('',(-0.916157334902189,0.,0.400818834019708));
#1418=DIRECTION('center_axis',(0.400818834019708,0.,0.916157334902189));
#1419=DIRECTION('ref_axis',(0.647821064143133,0.707106781186548,-0.283421715562621));
#1420=DIRECTION('',(0.,1.,0.));
#1421=DIRECTION('center_axis',(0.400818834019708,0.,0.916157334902189));
#1422=DIRECTION('ref_axis',(0.647821064143133,-0.707106781186548,-0.283421715562621));
#1423=DIRECTION('',(0.916157334902189,1.1621063069254E-16,-0.400818834019708));
#1424=DIRECTION('center_axis',(0.400818834019708,0.,0.916157334902189));
#1425=DIRECTION('ref_axis',(-0.647821064143133,-0.707106781186547,0.283421715562621));
#1426=DIRECTION('',(6.77550660502322E-32,-1.,-2.96428413969766E-32));
#1427=DIRECTION('center_axis',(0.400818834019708,0.,0.916157334902189));
#1428=DIRECTION('ref_axis',(-0.647821064143133,0.707106781186548,0.283421715562621));
#1429=DIRECTION('center_axis',(0.916157334902189,0.,-0.400818834019708));
#1430=DIRECTION('ref_axis',(0.28342171556262,-0.707106781186549,0.647821064143132));
#1431=DIRECTION('center_axis',(0.916157334902189,-1.35618528985017E-15,
-0.400818834019708));
#1432=DIRECTION('ref_axis',(0.400818834019708,0.,0.916157334902189));
#1433=DIRECTION('',(0.916157334902189,0.,-0.400818834019708));
#1434=DIRECTION('center_axis',(-0.916157334902189,2.71237057970034E-15,
0.400818834019707));
#1435=DIRECTION('ref_axis',(-2.96059473233374E-15,-1.,0.));
#1436=DIRECTION('center_axis',(0.400818834019708,0.,0.916157334902189));
#1437=DIRECTION('ref_axis',(0.916157334902189,0.,-0.400818834019708));
#1438=DIRECTION('center_axis',(0.,1.,0.));
#1439=DIRECTION('ref_axis',(-0.916157334902189,0.,0.400818834019708));
#1440=DIRECTION('center_axis',(-0.400818834019708,0.,-0.916157334902189));
#1441=DIRECTION('ref_axis',(0.647821064143133,0.707106781186548,-0.283421715562621));
#1442=DIRECTION('center_axis',(0.,-1.,0.));
#1443=DIRECTION('ref_axis',(-0.364399348580515,0.,0.931242779705753));
#1444=DIRECTION('center_axis',(0.,1.,0.));
#1445=DIRECTION('ref_axis',(-0.916157334902189,0.,0.400818834019707));
#1446=DIRECTION('',(0.,-1.,0.));
#1447=DIRECTION('center_axis',(0.400818834019708,0.,0.916157334902189));
#1448=DIRECTION('ref_axis',(0.916157334902189,0.,-0.400818834019708));
#1449=DIRECTION('center_axis',(0.916157334902189,0.,-0.400818834019708));
#1450=DIRECTION('ref_axis',(0.,1.,0.));
#1451=DIRECTION('center_axis',(-0.400818834019708,0.,-0.916157334902189));
#1452=DIRECTION('ref_axis',(0.647821064143133,-0.707106781186547,-0.283421715562621));
#1453=DIRECTION('center_axis',(-0.916157334902189,-1.1621063069254E-16,
0.400818834019708));
#1454=DIRECTION('ref_axis',(0.28342171556262,0.707106781186548,0.647821064143133));
#1455=DIRECTION('center_axis',(0.916157334902189,0.,-0.400818834019707));
#1456=DIRECTION('ref_axis',(0.,1.,0.));
#1457=DIRECTION('',(-0.916157334902189,-1.1621063069254E-16,0.400818834019708));
#1458=DIRECTION('center_axis',(0.400818834019708,0.,0.916157334902189));
#1459=DIRECTION('ref_axis',(0.916157334902189,0.,-0.400818834019708));
#1460=DIRECTION('center_axis',(0.,-1.,0.));
#1461=DIRECTION('ref_axis',(0.916157334902189,0.,-0.400818834019709));
#1462=DIRECTION('center_axis',(-0.400818834019708,0.,-0.916157334902189));
#1463=DIRECTION('ref_axis',(-0.647821064143133,-0.707106781186547,0.283421715562621));
#1464=DIRECTION('center_axis',(-6.77550660502322E-32,1.,2.96428413969766E-32));
#1465=DIRECTION('ref_axis',(0.931242779705754,0.,0.36439934858051));
#1466=DIRECTION('center_axis',(0.,-1.,0.));
#1467=DIRECTION('ref_axis',(0.91615733490219,0.,-0.400818834019706));
#1468=DIRECTION('',(-6.77550660502322E-32,1.,2.96428413969766E-32));
#1469=DIRECTION('center_axis',(0.400818834019708,0.,0.916157334902189));
#1470=DIRECTION('ref_axis',(0.916157334902189,0.,-0.400818834019708));
#1471=DIRECTION('center_axis',(-0.400818834019708,0.,-0.916157334902189));
#1472=DIRECTION('ref_axis',(-0.647821064143133,0.707106781186548,0.283421715562621));
#1473=DIRECTION('center_axis',(-0.400818834019708,0.,-0.916157334902189));
#1474=DIRECTION('ref_axis',(0.647821064143133,-0.707106781186547,-0.28342171556262));
#1475=DIRECTION('',(-0.400818834019708,0.,-0.916157334902189));
#1476=DIRECTION('center_axis',(0.400818834019708,0.,0.916157334902189));
#1477=DIRECTION('ref_axis',(0.647821064143133,-0.707106781186547,-0.28342171556262));
#1478=DIRECTION('',(0.400818834019708,0.,0.916157334902189));
#1479=DIRECTION('center_axis',(0.916157334902189,0.,-0.400818834019708));
#1480=DIRECTION('ref_axis',(0.,-1.,0.));
#1481=DIRECTION('',(0.400818834019708,0.,0.916157334902189));
#1482=DIRECTION('',(0.,-1.,0.));
#1483=DIRECTION('center_axis',(-0.400818834019708,0.,-0.916157334902189));
#1484=DIRECTION('ref_axis',(0.647821064143133,0.707106781186547,-0.28342171556262));
#1485=DIRECTION('',(-0.400818834019708,0.,-0.916157334902189));
#1486=DIRECTION('center_axis',(0.400818834019708,0.,0.916157334902189));
#1487=DIRECTION('ref_axis',(0.647821064143133,0.707106781186547,-0.28342171556262));
#1488=DIRECTION('center_axis',(0.,1.,0.));
#1489=DIRECTION('ref_axis',(0.916157334902189,0.,-0.400818834019708));
#1490=DIRECTION('',(0.400818834019708,0.,0.916157334902189));
#1491=DIRECTION('',(0.916157334902189,0.,-0.400818834019708));
#1492=DIRECTION('center_axis',(-0.400818834019708,0.,-0.916157334902189));
#1493=DIRECTION('ref_axis',(-0.647821064143133,0.707106781186548,0.283421715562621));
#1494=DIRECTION('',(-0.400818834019708,0.,-0.916157334902189));
#1495=DIRECTION('center_axis',(0.400818834019708,0.,0.916157334902189));
#1496=DIRECTION('ref_axis',(-0.647821064143133,0.707106781186548,0.283421715562621));
#1497=DIRECTION('center_axis',(-0.916157334902189,-7.39557098644699E-32,
0.400818834019708));
#1498=DIRECTION('ref_axis',(-1.1866621286189E-16,1.,-2.71237057970035E-16));
#1499=DIRECTION('',(0.400818834019708,0.,0.916157334902189));
#1500=DIRECTION('',(-1.1866621286189E-16,1.,-2.71237057970035E-16));
#1501=DIRECTION('center_axis',(-0.400818834019708,0.,-0.916157334902189));
#1502=DIRECTION('ref_axis',(-0.647821064143133,-0.707106781186547,0.283421715562621));
#1503=DIRECTION('',(-0.400818834019708,0.,-0.916157334902189));
#1504=DIRECTION('center_axis',(0.400818834019708,0.,0.916157334902189));
#1505=DIRECTION('ref_axis',(-0.647821064143133,-0.707106781186547,0.283421715562621));
#1506=DIRECTION('center_axis',(1.0646722170258E-16,-1.,-4.65794094948786E-17));
#1507=DIRECTION('ref_axis',(-0.916157334902189,-1.1621063069254E-16,0.400818834019708));
#1508=DIRECTION('',(-0.916157334902189,-1.1621063069254E-16,0.400818834019708));
#1509=DIRECTION('center_axis',(-0.400818834019708,0.,-0.916157334902189));
#1510=DIRECTION('ref_axis',(-0.916157334902189,0.,0.400818834019708));
#1511=DIRECTION('center_axis',(0.,1.,0.));
#1512=DIRECTION('ref_axis',(0.,0.,1.));
#1513=DIRECTION('',(0.,0.,1.));
#1514=DIRECTION('',(-1.,0.,1.22464679914735E-16));
#1515=DIRECTION('center_axis',(0.,0.,-1.));
#1516=DIRECTION('ref_axis',(0.707106781186547,0.707106781186547,0.));
#1517=DIRECTION('',(0.,0.,-1.));
#1518=DIRECTION('center_axis',(1.22464679914735E-16,0.,1.));
#1519=DIRECTION('ref_axis',(0.707106781186547,0.707106781186547,0.));
#1520=DIRECTION('center_axis',(1.,0.,0.));
#1521=DIRECTION('ref_axis',(0.,0.,-1.));
#1522=DIRECTION('',(0.,0.,1.));
#1523=DIRECTION('',(0.,1.,0.));
#1524=DIRECTION('center_axis',(0.,0.,-1.));
#1525=DIRECTION('ref_axis',(0.707106781186547,-0.707106781186547,0.));
#1526=DIRECTION('center_axis',(1.22464679914735E-16,0.,1.));
#1527=DIRECTION('ref_axis',(0.707106781186547,-0.707106781186547,0.));
#1528=DIRECTION('center_axis',(-1.22464679914735E-16,0.,-1.));
#1529=DIRECTION('ref_axis',(-1.,0.,1.22464679914735E-16));
#1530=CARTESIAN_POINT('',(0.,0.,0.));
#1531=CARTESIAN_POINT('Origin',(5.07150160685403,20.,35.035750803427));
#1532=CARTESIAN_POINT('',(10.,20.,32.8795327564256));
#1533=CARTESIAN_POINT('',(10.,20.,43.7946885042837));
#1534=CARTESIAN_POINT('',(10.,20.,17.5178754017135));
#1535=CARTESIAN_POINT('',(5.07150160685403,20.,35.035750803427));
#1536=CARTESIAN_POINT('',(5.07150160685403,20.,35.035750803427));
#1537=CARTESIAN_POINT('',(9.07968994705111,20.,44.1973241524489));
#1538=CARTESIAN_POINT('',(5.07150160685403,20.,35.035750803427));
#1539=CARTESIAN_POINT('',(9.07968994705111,20.,44.1973241524489));
#1540=CARTESIAN_POINT('Origin',(13.6604766215621,77.5,42.1932299823503));
#1541=CARTESIAN_POINT('',(10.,135.,43.7946885042837));
#1542=CARTESIAN_POINT('',(10.,43.75,43.7946885042837));
#1543=CARTESIAN_POINT('',(9.07968994705111,135.,44.1973241524489));
#1544=CARTESIAN_POINT('',(9.07968994705111,135.,44.1973241524489));
#1545=CARTESIAN_POINT('',(18.241263296073,135.,40.1891358122518));
#1546=CARTESIAN_POINT('Origin',(14.2330749558759,135.,31.0275624632299));
#1547=CARTESIAN_POINT('',(10.,135.,32.8795327564256));
#1548=CARTESIAN_POINT('',(10.,135.,15.5137812316149));
#1549=CARTESIAN_POINT('',(5.07150160685403,135.,35.035750803427));
#1550=CARTESIAN_POINT('',(5.07150160685403,135.,35.035750803427));
#1551=CARTESIAN_POINT('',(14.2330749558759,135.,31.0275624632299));
#1552=CARTESIAN_POINT('Origin',(5.07150160685403,135.,35.035750803427));
#1553=CARTESIAN_POINT('',(5.07150160685403,135.,35.035750803427));
#1554=CARTESIAN_POINT('Origin',(10.,10.,-2.71387850463927E-15));
#1555=CARTESIAN_POINT('',(10.,10.,-2.71387850463927E-15));
#1556=CARTESIAN_POINT('',(10.,10.,50.));
#1557=CARTESIAN_POINT('',(10.,10.,-2.71387850463927E-15));
#1558=CARTESIAN_POINT('',(10.,140.,-4.44089209850063E-15));
#1559=CARTESIAN_POINT('',(10.,5.,-1.22464679914735E-15));
#1560=CARTESIAN_POINT('',(10.,140.,50.));
#1561=CARTESIAN_POINT('',(10.,140.,-2.71387850463927E-15));
#1562=CARTESIAN_POINT('',(10.,10.,50.));
#1563=CARTESIAN_POINT('',(10.,43.75,32.8795327564256));
#1564=CARTESIAN_POINT('Origin',(17.6360286968671,98.,40.4539259494044));
#1565=CARTESIAN_POINT('',(14.3149583578467,98.,52.8220499705839));
#1566=CARTESIAN_POINT('Origin',(21.6442170370642,98.,49.6154992984263));
#1567=CARTESIAN_POINT('',(12.5860217539384,98.,48.8701948759364));
#1568=CARTESIAN_POINT('',(10.3067700176496,98.,43.660476621562));
#1569=CARTESIAN_POINT('Origin',(19.9169245540849,98.,45.6674021944735));
#1570=CARTESIAN_POINT('Origin',(13.6278403566701,52.,31.2923526003825));
#1571=CARTESIAN_POINT('Origin',(17.6360286968671,52.,40.4539259494044));
#1572=CARTESIAN_POINT('',(14.3149583578467,52.,52.8220499705839));
#1573=CARTESIAN_POINT('Origin',(21.6442170370642,52.,49.6154992984263));
#1574=CARTESIAN_POINT('',(12.5860217539384,52.,48.8701948759364));
#1575=CARTESIAN_POINT('',(10.3067700176496,52.,43.660476621562));
#1576=CARTESIAN_POINT('Origin',(19.9169245540849,52.,45.6674021944735));
#1577=CARTESIAN_POINT('Origin',(17.6360286968671,29.,40.4539259494044));
#1578=CARTESIAN_POINT('',(14.3149583578467,29.,52.8220499705839));
#1579=CARTESIAN_POINT('Origin',(21.6442170370642,29.,49.6154992984263));
#1580=CARTESIAN_POINT('',(12.5860217539384,29.,48.8701948759364));
#1581=CARTESIAN_POINT('',(10.3067700176496,29.,43.660476621562));
#1582=CARTESIAN_POINT('Origin',(19.9169245540849,29.,45.6674021944735));
#1583=CARTESIAN_POINT('Origin',(17.6360286968671,75.,40.4539259494044));
#1584=CARTESIAN_POINT('',(14.3149583578467,75.,52.8220499705839));
#1585=CARTESIAN_POINT('Origin',(21.6442170370642,75.,49.6154992984263));
#1586=CARTESIAN_POINT('',(12.5860217539384,75.,48.8701948759364));
#1587=CARTESIAN_POINT('',(10.3067700176496,75.,43.660476621562));
#1588=CARTESIAN_POINT('Origin',(19.9169245540849,75.,45.6674021944735));
#1589=CARTESIAN_POINT('Origin',(17.6360286968671,121.,40.4539259494044));
#1590=CARTESIAN_POINT('',(14.3149583578467,121.,52.8220499705839));
#1591=CARTESIAN_POINT('Origin',(21.6442170370642,121.,49.6154992984263));
#1592=CARTESIAN_POINT('',(12.5860217539384,121.,48.8701948759364));
#1593=CARTESIAN_POINT('',(10.3067700176496,121.,43.660476621562));
#1594=CARTESIAN_POINT('Origin',(19.9169245540849,121.,45.6674021944735));
#1595=CARTESIAN_POINT('Origin',(10.,10.,50.));
#1596=CARTESIAN_POINT('',(70.,10.,23.7866445475266));
#1597=CARTESIAN_POINT('',(10.,10.,50.));
#1598=CARTESIAN_POINT('',(70.,140.,23.7866445475266));
#1599=CARTESIAN_POINT('',(10.,140.,50.));
#1600=CARTESIAN_POINT('',(70.,10.,23.7866445475266));
#1601=CARTESIAN_POINT('',(44.4296307920747,98.6,34.9580641658321));
#1602=CARTESIAN_POINT('Origin',(51.0732614547075,98.6,32.0555332982563));
#1603=CARTESIAN_POINT('',(44.4296307920747,26.,34.9580641658321));
#1604=CARTESIAN_POINT('Origin',(51.0732614547075,26.,32.0555332982563));
#1605=CARTESIAN_POINT('',(44.4296307920747,50.2,34.9580641658321));
#1606=CARTESIAN_POINT('Origin',(51.0732614547075,50.2,32.0555332982563));
#1607=CARTESIAN_POINT('',(44.4296307920747,74.4,34.9580641658321));
#1608=CARTESIAN_POINT('Origin',(51.0732614547075,74.4,32.0555332982563));
#1609=CARTESIAN_POINT('',(44.4296307920747,122.8,34.9580641658321));
#1610=CARTESIAN_POINT('Origin',(51.0732614547075,122.8,32.0555332982563));
#1611=CARTESIAN_POINT('',(28.8514623417634,89.4,41.7639986139407));
#1612=CARTESIAN_POINT('Origin',(35.4950930043962,89.4,38.8614677463649));
#1613=CARTESIAN_POINT('',(28.8514623417634,41.,41.7639986139407));
#1614=CARTESIAN_POINT('Origin',(35.4950930043962,41.,38.8614677463649));
#1615=CARTESIAN_POINT('',(28.8514623417634,65.2,41.7639986139407));
#1616=CARTESIAN_POINT('Origin',(35.4950930043962,65.2,38.8614677463649));
#1617=CARTESIAN_POINT('',(28.8514623417634,113.6,41.7639986139407));
#1618=CARTESIAN_POINT('Origin',(35.4950930043962,113.6,38.8614677463649));
#1619=CARTESIAN_POINT('Origin',(70.,10.,23.7866445475266));
#1620=CARTESIAN_POINT('',(70.,10.,-2.22044604925031E-14));
#1621=CARTESIAN_POINT('',(70.,10.,23.7866445475266));
#1622=CARTESIAN_POINT('',(70.,140.,-2.22044604925031E-14));
#1623=CARTESIAN_POINT('',(70.,140.,23.7866445475266));
#1624=CARTESIAN_POINT('',(70.,5.,-6.66133814775094E-15));
#1625=CARTESIAN_POINT('Origin',(40.,140.,25.));
#1626=CARTESIAN_POINT('',(60.,140.,-6.66133814775094E-15));
#1627=CARTESIAN_POINT('Origin',(40.,10.,25.));
#1628=CARTESIAN_POINT('',(60.,10.,-6.66133814775094E-15));
#1629=CARTESIAN_POINT('Origin',(44.7771897433445,98.6,17.6645122437124));
#1630=CARTESIAN_POINT('',(46.1514257456978,98.6,38.8935954883991));
#1631=CARTESIAN_POINT('Origin',(52.7935664237387,98.6,35.9876589417562));
#1632=CARTESIAN_POINT('',(38.1350490653036,98.6,20.5704487903553));
#1633=CARTESIAN_POINT('Origin',(44.7771897433445,26.,17.6645122437124));
#1634=CARTESIAN_POINT('',(46.1514257456978,26.,38.8935954883991));
#1635=CARTESIAN_POINT('Origin',(52.7935664237387,26.,35.9876589417562));
#1636=CARTESIAN_POINT('',(38.1350490653036,26.,20.5704487903553));
#1637=CARTESIAN_POINT('Origin',(44.7771897433445,50.2,17.6645122437124));
#1638=CARTESIAN_POINT('',(46.1514257456978,50.2,38.8935954883991));
#1639=CARTESIAN_POINT('Origin',(52.7935664237387,50.2,35.9876589417562));
#1640=CARTESIAN_POINT('',(38.1350490653036,50.2,20.5704487903553));
#1641=CARTESIAN_POINT('Origin',(44.7771897433445,74.4,17.6645122437124));
#1642=CARTESIAN_POINT('',(46.1514257456978,74.4,38.8935954883991));
#1643=CARTESIAN_POINT('Origin',(52.7935664237387,74.4,35.9876589417562));
#1644=CARTESIAN_POINT('',(38.1350490653036,74.4,20.5704487903553));
#1645=CARTESIAN_POINT('Origin',(44.7771897433445,122.8,17.6645122437124));
#1646=CARTESIAN_POINT('',(46.1514257456978,122.8,38.8935954883991));
#1647=CARTESIAN_POINT('Origin',(52.7935664237387,122.8,35.9876589417562));
#1648=CARTESIAN_POINT('',(38.1350490653036,122.8,20.5704487903553));
#1649=CARTESIAN_POINT('Origin',(28.200467964958,89.4,22.188039084792));
#1650=CARTESIAN_POINT('',(30.5767510523606,89.4,45.7075156667341));
#1651=CARTESIAN_POINT('Origin',(37.2188917304014,89.4,42.8015791200912));
#1652=CARTESIAN_POINT('',(21.5583272869171,89.4,25.0939756314348));
#1653=CARTESIAN_POINT('Origin',(28.200467964958,41.,22.188039084792));
#1654=CARTESIAN_POINT('',(30.5767510523606,41.,45.7075156667341));
#1655=CARTESIAN_POINT('Origin',(37.2188917304014,41.,42.8015791200912));
#1656=CARTESIAN_POINT('',(21.5583272869171,41.,25.0939756314348));
#1657=CARTESIAN_POINT('Origin',(28.200467964958,65.2,22.188039084792));
#1658=CARTESIAN_POINT('',(30.5767510523606,65.2,45.7075156667341));
#1659=CARTESIAN_POINT('Origin',(37.2188917304014,65.2,42.8015791200912));
#1660=CARTESIAN_POINT('',(21.5583272869171,65.2,25.0939756314348));
#1661=CARTESIAN_POINT('Origin',(28.200467964958,113.6,22.188039084792));
#1662=CARTESIAN_POINT('',(30.5767510523606,113.6,45.7075156667341));
#1663=CARTESIAN_POINT('Origin',(37.2188917304014,113.6,42.8015791200912));
#1664=CARTESIAN_POINT('',(21.5583272869171,113.6,25.0939756314348));
#1665=CARTESIAN_POINT('Ctrl Pts',(4.20245650205912,135.,68.1614252803491));
#1666=CARTESIAN_POINT('Ctrl Pts',(4.20245650205912,136.795195802051,68.1614252803491));
#1667=CARTESIAN_POINT('Ctrl Pts',(5.02198294563879,140.385218867115,67.802882461283));
#1668=CARTESIAN_POINT('Ctrl Pts',(7.89203992481453,143.980607210115,66.5472325328936));
#1669=CARTESIAN_POINT('Ctrl Pts',(11.7177165108174,146.382857413184,64.8734990265174));
#1670=CARTESIAN_POINT('Ctrl Pts',(14.4072607000078,147.,63.6968234437466));
#1671=CARTESIAN_POINT('Ctrl Pts',(16.2024565020591,147.,62.9114252803491));
#1672=CARTESIAN_POINT('Ctrl Pts',(3.68333380849047,135.,68.3885414587854));
#1673=CARTESIAN_POINT('Ctrl Pts',(3.68333380849047,136.887864124264,68.3885414587854));
#1674=CARTESIAN_POINT('Ctrl Pts',(4.55539593125338,140.661703554615,68.0070942146419));
#1675=CARTESIAN_POINT('Ctrl Pts',(7.57699349968572,144.395252626546,66.6851557440659));
#1676=CARTESIAN_POINT('Ctrl Pts',(11.5664998321586,146.855467281193,64.9396477578012));
#1677=CARTESIAN_POINT('Ctrl Pts',(14.3508838043744,147.465988099012,63.7215491443692));
#1678=CARTESIAN_POINT('Ctrl Pts',(16.2024565020591,147.448798950513,62.9114252803491));
#1679=CARTESIAN_POINT('Ctrl Pts',(2.51901420523312,135.,68.5380068566326));
#1680=CARTESIAN_POINT('Ctrl Pts',(2.51901420523312,137.072361587767,68.5380068566326));
#1681=CARTESIAN_POINT('Ctrl Pts',(3.49904015295471,141.211842291117,68.1204649739825));
#1682=CARTESIAN_POINT('Ctrl Pts',(6.8348478510448,145.22101856502,66.6971027942849));
#1683=CARTESIAN_POINT('Ctrl Pts',(11.1664296015365,147.797386949659,64.8453683714761));
#1684=CARTESIAN_POINT('Ctrl Pts',(14.1495538100671,148.395185966631,63.5678555509447));
#1685=CARTESIAN_POINT('Ctrl Pts',(16.1200607665121,148.343946418188,62.7230921705274));
#1686=CARTESIAN_POINT('Ctrl Pts',(0.641224169432683,135.,67.6663953082608));
#1687=CARTESIAN_POINT('Ctrl Pts',(0.641224169432683,137.295623134804,67.6663953082608));
#1688=CARTESIAN_POINT('Ctrl Pts',(1.74727596108932,141.881068245073,67.2415349819397));
#1689=CARTESIAN_POINT('Ctrl Pts',(5.47696163982635,146.275926864475,65.8011163987465));
#1690=CARTESIAN_POINT('Ctrl Pts',(10.2772832270991,149.062182349434,63.9351560907312));
#1691=CARTESIAN_POINT('Ctrl Pts',(13.5598987668257,149.682778225275,62.6513431459429));
#1692=CARTESIAN_POINT('Ctrl Pts',(15.7178941398291,149.606552159667,61.8038541666804));
#1693=CARTESIAN_POINT('Ctrl Pts',(2.77555756156289E-15,135.,66.262899033525));
#1694=CARTESIAN_POINT('Ctrl Pts',(1.13913703037074E-15,137.300953911739,
66.262899033525));
#1695=CARTESIAN_POINT('Ctrl Pts',(1.07941304190167,141.897973133732,65.8793056114222));
#1696=CARTESIAN_POINT('Ctrl Pts',(4.7954710122124,146.404993887714,64.5530707076414));
#1697=CARTESIAN_POINT('Ctrl Pts',(9.66364735277002,149.338103839336,62.8058204588472));
#1698=CARTESIAN_POINT('Ctrl Pts',(13.0357398001031,150.040881339926,61.5887981092097));
#1699=CARTESIAN_POINT('Ctrl Pts',(15.2698306080807,150.,60.7797089512557));
#1700=CARTESIAN_POINT('Ctrl Pts',(2.77555756156289E-15,135.,65.4129532756426));
#1701=CARTESIAN_POINT('Ctrl Pts',(-2.46094183581919E-16,137.243994752564,
65.4129532756426));
#1702=CARTESIAN_POINT('Ctrl Pts',(1.02440805447459,141.731523583893,65.0544104565765));
#1703=CARTESIAN_POINT('Ctrl Pts',(4.61197927844426,146.225759012644,63.7987605281871));
#1704=CARTESIAN_POINT('Ctrl Pts',(9.39407501094779,149.22857176648,62.1250270218109));
#1705=CARTESIAN_POINT('Ctrl Pts',(12.7560052474359,150.,60.94835143904));
#1706=CARTESIAN_POINT('Ctrl Pts',(15.,150.,60.1629532756426));
#1707=CARTESIAN_POINT('',(8.43675350286505E-32,135.,65.4129532756426));
#1708=CARTESIAN_POINT('',(4.20245650205912,135.,68.1614252803491));
#1709=CARTESIAN_POINT('Origin',(3.,135.,65.4129532756426));
#1710=CARTESIAN_POINT('',(16.2024565020591,147.,62.9114252803491));
#1711=CARTESIAN_POINT('Origin',(16.2024565020591,135.,62.9114252803491));
#1712=CARTESIAN_POINT('',(15.,150.,60.1629532756426));
#1713=CARTESIAN_POINT('Origin',(15.,147.,60.1629532756426));
#1714=CARTESIAN_POINT('Origin',(15.,135.,60.1629532756426));
#1715=CARTESIAN_POINT('Origin',(22.0106582520392,147.,57.0957902903754));
#1716=CARTESIAN_POINT('',(66.2024565020591,147.,41.0364252803491));
#1717=CARTESIAN_POINT('',(65.,150.,38.2879532756426));
#1718=CARTESIAN_POINT('Origin',(65.,147.,38.2879532756426));
#1719=CARTESIAN_POINT('',(22.0106582520392,150.,57.0957902903754));
#1720=CARTESIAN_POINT('',(23.2131147540984,147.,59.844262295082));
#1721=CARTESIAN_POINT('Ctrl Pts',(66.2024565020591,147.,41.0364252803491));
#1722=CARTESIAN_POINT('Ctrl Pts',(67.9976523041104,147.,40.2510271169517));
#1723=CARTESIAN_POINT('Ctrl Pts',(70.6871645091033,146.38281415401,39.0743655272673));
#1724=CARTESIAN_POINT('Ctrl Pts',(74.5128453345228,143.980576352771,37.4006301661463));
#1725=CARTESIAN_POINT('Ctrl Pts',(77.3828849631287,140.385189368526,36.1449878286312));
#1726=CARTESIAN_POINT('Ctrl Pts',(78.2024565020591,136.795195802051,35.7864252803491));
#1727=CARTESIAN_POINT('Ctrl Pts',(78.2024565020591,135.,35.7864252803491));
#1728=CARTESIAN_POINT('Ctrl Pts',(66.2024565020591,147.897597901026,41.0364252803491));
#1729=CARTESIAN_POINT('Ctrl Pts',(68.1102952892762,147.862647132517,40.2003370397564));
#1730=CARTESIAN_POINT('Ctrl Pts',(70.9489955918965,147.157100127888,38.9593269381905));
#1731=CARTESIAN_POINT('Ctrl Pts',(74.9611867490829,144.549840620068,37.2025944002726));
#1732=CARTESIAN_POINT('Ctrl Pts',(77.955920207645,140.708921704414,35.8929986119049));
#1733=CARTESIAN_POINT('Ctrl Pts',(78.8088929165568,136.903412134121,35.5211093490064));
#1734=CARTESIAN_POINT('Ctrl Pts',(78.8088929165568,135.,35.5211093490064));
#1735=CARTESIAN_POINT('Ctrl Pts',(65.9004340334285,149.451440988813,40.3460882091935));
#1736=CARTESIAN_POINT('Ctrl Pts',(68.0278457796947,149.360587611179,39.4820790648466));
#1737=CARTESIAN_POINT('Ctrl Pts',(71.1595351703326,148.503268180433,38.2043787620954));
#1738=CARTESIAN_POINT('Ctrl Pts',(75.5435441173304,145.544039182723,36.4079609720972));
#1739=CARTESIAN_POINT('Ctrl Pts',(78.7880982289835,141.275227508679,35.0728579420545));
#1740=CARTESIAN_POINT('Ctrl Pts',(79.7071786873524,137.091797774074,34.6935354247325));
#1741=CARTESIAN_POINT('Ctrl Pts',(79.7071786873524,135.,34.6935354247325));
#1742=CARTESIAN_POINT('Ctrl Pts',(65.2698306080807,150.,38.9047089512556));
#1743=CARTESIAN_POINT('Ctrl Pts',(67.5039873803192,149.959320106934,38.0961092203947));
#1744=CARTESIAN_POINT('Ctrl Pts',(70.8243345459575,149.13612733777,36.8890795625506));
#1745=CARTESIAN_POINT('Ctrl Pts',(75.5125640905005,146.101064201774,35.1789446316432));
#1746=CARTESIAN_POINT('Ctrl Pts',(79.0064749407153,141.63380363928,33.8994210270955));
#1747=CARTESIAN_POINT('Ctrl Pts',(80.,137.21159554336,33.5344043692986));
#1748=CARTESIAN_POINT('Ctrl Pts',(80.,135.,33.5344043692986));
#1749=CARTESIAN_POINT('Ctrl Pts',(65.,150.,38.2879532756426));
#1750=CARTESIAN_POINT('Ctrl Pts',(67.2439947525641,150.,37.5025551122451));
#1751=CARTESIAN_POINT('Ctrl Pts',(70.6058850088053,149.228517692513,36.3258935225607));
#1752=CARTESIAN_POINT('Ctrl Pts',(75.3879860405796,146.225720440964,34.6521581614397));
#1753=CARTESIAN_POINT('Ctrl Pts',(78.975535576337,141.731486710658,33.3965158239246));
#1754=CARTESIAN_POINT('Ctrl Pts',(80.,137.243994752564,33.0379532756426));
#1755=CARTESIAN_POINT('Ctrl Pts',(80.,135.,33.0379532756426));
#1756=CARTESIAN_POINT('',(78.2024565020591,135.,35.7864252803491));
#1757=CARTESIAN_POINT('',(80.,135.,33.0379532756426));
#1758=CARTESIAN_POINT('Origin',(77.,135.,33.0379532756426));
#1759=CARTESIAN_POINT('Origin',(65.,135.,38.2879532756426));
#1760=CARTESIAN_POINT('Origin',(66.2024565020591,135.,41.0364252803491));
#1761=CARTESIAN_POINT('Origin',(77.,0.,33.0379532756426));
#1762=CARTESIAN_POINT('',(78.2024565020591,15.,35.7864252803491));
#1763=CARTESIAN_POINT('',(80.,15.,33.0379532756426));
#1764=CARTESIAN_POINT('Origin',(77.,15.,33.0379532756426));
#1765=CARTESIAN_POINT('',(80.,0.,33.0379532756426));
#1766=CARTESIAN_POINT('',(78.2024565020591,0.,35.7864252803491));
#1767=CARTESIAN_POINT('Ctrl Pts',(78.2024565020591,15.,35.7864252803491));
#1768=CARTESIAN_POINT('Ctrl Pts',(78.2024565020591,13.2048041979487,35.7864252803491));
#1769=CARTESIAN_POINT('Ctrl Pts',(77.3835145845064,9.61500526295532,36.1447123692784));
#1770=CARTESIAN_POINT('Ctrl Pts',(74.2265980903253,5.65797590326998,37.5258633354827));
#1771=CARTESIAN_POINT('Ctrl Pts',(70.2406551715303,3.45814682487406,39.2697133624555));
#1772=CARTESIAN_POINT('Ctrl Pts',(67.5488533535976,3.,40.447376657801));
#1773=CARTESIAN_POINT('Ctrl Pts',(66.2024565020591,3.,41.0364252803491));
#1774=CARTESIAN_POINT('Ctrl Pts',(78.8088929165568,15.,35.5211093490064));
#1775=CARTESIAN_POINT('Ctrl Pts',(78.8088929165568,13.096587865879,35.5211093490064));
#1776=CARTESIAN_POINT('Ctrl Pts',(77.9566319330559,9.29103904236101,35.8932394105385));
#1777=CARTESIAN_POINT('Ctrl Pts',(74.6627139873142,5.06378770162302,37.334044242443));
#1778=CARTESIAN_POINT('Ctrl Pts',(70.4795757033372,2.66598073305106,39.1650485205967));
#1779=CARTESIAN_POINT('Ctrl Pts',(67.633335592472,2.12861517535572,40.4093590999046));
#1780=CARTESIAN_POINT('Ctrl Pts',(66.2024565020591,2.10240209897434,41.0364252803491));
#1781=CARTESIAN_POINT('Ctrl Pts',(79.7072437914585,15.,34.6935880675185));
#1782=CARTESIAN_POINT('Ctrl Pts',(79.7072437914585,12.9082022259262,34.6935880675185));
#1783=CARTESIAN_POINT('Ctrl Pts',(78.7887764542949,8.72495599198213,35.0726061844344));
#1784=CARTESIAN_POINT('Ctrl Pts',(75.2201954339671,4.02739499766248,36.5410894220495));
#1785=CARTESIAN_POINT('Ctrl Pts',(70.6448342220826,1.28947043788558,38.4150459414038));
#1786=CARTESIAN_POINT('Ctrl Pts',(67.4960802481986,0.616534837802372,39.6982811339515));
#1787=CARTESIAN_POINT('Ctrl Pts',(65.900521438499,0.548394804577305,40.3462879922117));
#1788=CARTESIAN_POINT('Ctrl Pts',(80.,15.,33.5344043692986));
#1789=CARTESIAN_POINT('Ctrl Pts',(80.,12.7884044566404,33.5344043692986));
#1790=CARTESIAN_POINT('Ctrl Pts',(79.0070307171301,8.36630903434406,33.8990207443832));
#1791=CARTESIAN_POINT('Ctrl Pts',(75.1639658272192,3.44985411527261,35.3063341963119));
#1792=CARTESIAN_POINT('Ctrl Pts',(70.2754060890046,0.657695919001974,37.0888903515918));
#1793=CARTESIAN_POINT('Ctrl Pts',(66.9454481872596,0.030509919799311,38.29825915311));
#1794=CARTESIAN_POINT('Ctrl Pts',(65.2698306080807,-3.31436090542435E-15,
38.9047089512557));
#1795=CARTESIAN_POINT('Ctrl Pts',(80.,15.,33.0379532756426));
#1796=CARTESIAN_POINT('Ctrl Pts',(80.,12.7560052474359,33.0379532756426));
#1797=CARTESIAN_POINT('Ctrl Pts',(78.9763226030591,8.26875657869415,33.3962403645719));
#1798=CARTESIAN_POINT('Ctrl Pts',(75.0301769853326,3.32246987908748,34.7773913307761));
#1799=CARTESIAN_POINT('Ctrl Pts',(70.047748336839,0.572683531092577,36.5212413577489));
#1800=CARTESIAN_POINT('Ctrl Pts',(66.6829960644231,-3.51181086718097E-15,
37.6989046530945));
#1801=CARTESIAN_POINT('Ctrl Pts',(65.,-3.33066907387547E-15,38.2879532756426));
#1802=CARTESIAN_POINT('',(66.2024565020591,2.99999999999999,41.0364252803491));
#1803=CARTESIAN_POINT('',(65.,0.,38.2879532756426));
#1804=CARTESIAN_POINT('Origin',(65.,3.,38.2879532756426));
#1805=CARTESIAN_POINT('Origin',(65.,15.,38.2879532756426));
#1806=CARTESIAN_POINT('Origin',(66.2024565020591,15.,41.0364252803491));
#1807=CARTESIAN_POINT('Origin',(22.0106582520392,3.,57.0957902903754));
#1808=CARTESIAN_POINT('',(16.2024565020591,3.,62.9114252803491));
#1809=CARTESIAN_POINT('',(15.,0.,60.1629532756426));
#1810=CARTESIAN_POINT('Origin',(15.,3.,60.1629532756426));
#1811=CARTESIAN_POINT('',(22.0106582520392,0.,57.0957902903754));
#1812=CARTESIAN_POINT('',(23.2131147540984,3.,59.844262295082));
#1813=CARTESIAN_POINT('Ctrl Pts',(16.2024565020591,3.,62.9114252803491));
#1814=CARTESIAN_POINT('Ctrl Pts',(14.4072607000078,3.,63.6968234437466));
#1815=CARTESIAN_POINT('Ctrl Pts',(11.7174584783946,3.61676371895253,64.8736119157023));
#1816=CARTESIAN_POINT('Ctrl Pts',(7.89181380278902,6.01913492768454,66.5473314612798));
#1817=CARTESIAN_POINT('Ctrl Pts',(5.02158003471056,9.61455551989068,67.8030587348141));
#1818=CARTESIAN_POINT('Ctrl Pts',(4.20245650205912,13.2048041979487,68.1614252803491));
#1819=CARTESIAN_POINT('Ctrl Pts',(4.20245650205912,15.,68.1614252803491));
#1820=CARTESIAN_POINT('Ctrl Pts',(16.2024565020591,2.55120104948717,62.9114252803491));
#1821=CARTESIAN_POINT('Ctrl Pts',(14.3508838043744,2.53401190098822,63.7215491443692));
#1822=CARTESIAN_POINT('Ctrl Pts',(11.5662144712621,3.14420537933628,64.9397552538059));
#1823=CARTESIAN_POINT('Ctrl Pts',(7.57675004327225,5.6045280257152,66.6852439924182));
#1824=CARTESIAN_POINT('Ctrl Pts',(4.55493393977092,9.33811832693684,68.0072700317744));
#1825=CARTESIAN_POINT('Ctrl Pts',(3.68333380849047,13.1121358757364,68.3885414587854));
#1826=CARTESIAN_POINT('Ctrl Pts',(3.68333380849047,15.,68.3885414587854));
#1827=CARTESIAN_POINT('Ctrl Pts',(16.1200785893456,1.65596694361598,62.7231329084325));
#1828=CARTESIAN_POINT('Ctrl Pts',(14.1495716329006,1.60472739517324,63.5678962888498));
#1829=CARTESIAN_POINT('Ctrl Pts',(11.1660257918884,2.20240490495956,64.8455647861584));
#1830=CARTESIAN_POINT('Ctrl Pts',(6.83450309586467,4.77885905737666,66.6972814482649));
#1831=CARTESIAN_POINT('Ctrl Pts',(3.49837228830082,8.78815193198177,68.1207850022025));
#1832=CARTESIAN_POINT('Ctrl Pts',(2.51881813630499,12.927638412233,68.5381343479414));
#1833=CARTESIAN_POINT('Ctrl Pts',(2.51881813630499,15.,68.5381343479414));
#1834=CARTESIAN_POINT('Ctrl Pts',(15.7179194248466,0.393272480247693,61.8039119610062));
#1835=CARTESIAN_POINT('Ctrl Pts',(13.5599240518432,0.317046414640298,62.6514009402686));
#1836=CARTESIAN_POINT('Ctrl Pts',(10.2768279104406,0.937141056117973,63.93539177462));
#1837=CARTESIAN_POINT('Ctrl Pts',(5.47648456047176,3.72353932006532,65.8013511021248));
#1838=CARTESIAN_POINT('Ctrl Pts',(1.74623938302936,8.1183993918311,67.2419609799978));
#1839=CARTESIAN_POINT('Ctrl Pts',(0.640800782666218,12.7043768651962,67.6665866360654));
#1840=CARTESIAN_POINT('Ctrl Pts',(0.640800782666219,15.,67.6665866360654));
#1841=CARTESIAN_POINT('Ctrl Pts',(15.2698306080807,1.12653119307628E-15,
60.7797089512557));
#1842=CARTESIAN_POINT('Ctrl Pts',(13.0357398001031,-0.0408813399258221,
61.5887981092097));
#1843=CARTESIAN_POINT('Ctrl Pts',(9.66323175483066,0.66208003936316,62.8059361337546));
#1844=CARTESIAN_POINT('Ctrl Pts',(4.79519707428777,3.59524316695129,64.5531524050576));
#1845=CARTESIAN_POINT('Ctrl Pts',(1.07898971047614,8.10251240240024,65.8794551360488));
#1846=CARTESIAN_POINT('Ctrl Pts',(2.49105169430939E-15,12.6990460882611,
66.262899033525));
#1847=CARTESIAN_POINT('Ctrl Pts',(2.77555756156289E-15,15.,66.262899033525));
#1848=CARTESIAN_POINT('Ctrl Pts',(15.,1.11022302462516E-15,60.1629532756426));
#1849=CARTESIAN_POINT('Ctrl Pts',(12.7560052474359,7.33587644113397E-16,
60.94835143904));
#1850=CARTESIAN_POINT('Ctrl Pts',(9.39375247041939,0.770954648690664,62.1251399109958));
#1851=CARTESIAN_POINT('Ctrl Pts',(4.61169662591238,3.77391865960568,63.7988594565732));
#1852=CARTESIAN_POINT('Ctrl Pts',(1.0239044158143,8.26819439986335,65.0545867301076));
#1853=CARTESIAN_POINT('Ctrl Pts',(2.67631203461621E-15,12.7560052474359,
65.4129532756426));
#1854=CARTESIAN_POINT('Ctrl Pts',(2.77555756156289E-15,15.,65.4129532756426));
#1855=CARTESIAN_POINT('',(4.20245650205912,15.,68.1614252803491));
#1856=CARTESIAN_POINT('',(8.43675350286505E-32,15.,65.4129532756426));
#1857=CARTESIAN_POINT('Origin',(3.,15.,65.4129532756426));
#1858=CARTESIAN_POINT('Origin',(15.,15.,60.1629532756426));
#1859=CARTESIAN_POINT('Origin',(16.2024565020591,15.,62.9114252803491));
#1860=CARTESIAN_POINT('Origin',(3.,0.,65.4129532756426));
#1861=CARTESIAN_POINT('',(0.,0.,65.4129532756426));
#1862=CARTESIAN_POINT('',(4.20245650205912,0.,68.1614252803491));
#1863=CARTESIAN_POINT('Origin',(40.,0.,35.));
#1864=CARTESIAN_POINT('',(15.,0.,-1.83697019872103E-15));
#1865=CARTESIAN_POINT('',(15.,0.,17.5));
#1866=CARTESIAN_POINT('',(65.,0.,-7.96020419445779E-15));
#1867=CARTESIAN_POINT('',(80.,0.,-9.79717439317882E-15));
#1868=CARTESIAN_POINT('',(65.,0.,35.));
#1869=CARTESIAN_POINT('Origin',(15.,15.,17.5));
#1870=CARTESIAN_POINT('',(0.,15.,0.));
#1871=CARTESIAN_POINT('',(0.,15.,17.5));
#1872=CARTESIAN_POINT('Origin',(15.,15.,-8.88178419700125E-15));
#1873=CARTESIAN_POINT('Origin',(0.,0.,0.));
#1874=CARTESIAN_POINT('',(0.,135.,0.));
#1875=CARTESIAN_POINT('',(0.,135.,17.5));
#1876=CARTESIAN_POINT('',(0.,0.,0.));
#1877=CARTESIAN_POINT('Origin',(15.,135.,17.5));
#1878=CARTESIAN_POINT('',(15.,150.,-1.83697019872103E-15));
#1879=CARTESIAN_POINT('',(15.,150.,17.5));
#1880=CARTESIAN_POINT('Origin',(15.,135.,-8.88178419700125E-15));
#1881=CARTESIAN_POINT('Origin',(1.23259516440783E-31,0.,70.));
#1882=CARTESIAN_POINT('',(57.0960666274453,138.,45.0204708504927));
#1883=CARTESIAN_POINT('',(22.9039333725547,138.,59.9795291495073));
#1884=CARTESIAN_POINT('',(6.87118001176642,138.,66.9938587448522));
#1885=CARTESIAN_POINT('',(69.0061119811737,125.,39.8098260082365));
#1886=CARTESIAN_POINT('Origin',(57.0960666274453,125.,45.0204708504927));
#1887=CARTESIAN_POINT('',(69.0061119811737,25.,39.8098260082365));
#1888=CARTESIAN_POINT('',(69.0061119811737,67.5,39.8098260082365));
#1889=CARTESIAN_POINT('',(57.0960666274453,12.,45.0204708504927));
#1890=CARTESIAN_POINT('Origin',(57.0960666274453,25.,45.0204708504927));
#1891=CARTESIAN_POINT('',(22.9039333725547,12.,59.9795291495073));
#1892=CARTESIAN_POINT('',(33.1288199882336,12.,55.5061412551478));
#1893=CARTESIAN_POINT('',(10.9938880188263,25.,65.1901739917635));
#1894=CARTESIAN_POINT('Origin',(22.9039333725547,25.,59.9795291495073));
#1895=CARTESIAN_POINT('',(10.9938880188263,125.,65.1901739917635));
#1896=CARTESIAN_POINT('',(10.9938880188263,7.5,65.1901739917635));
#1897=CARTESIAN_POINT('Origin',(22.9039333725547,125.,59.9795291495073));
#1898=CARTESIAN_POINT('Origin',(5.6687235097073,138.,64.2453867401456));
#1899=CARTESIAN_POINT('',(21.7014768704956,135.,57.2310571448007));
#1900=CARTESIAN_POINT('Origin',(21.7014768704956,138.,57.2310571448007));
#1901=CARTESIAN_POINT('',(55.8936101253862,135.,42.2719988457861));
#1902=CARTESIAN_POINT('',(5.6687235097073,135.,64.2453867401456));
#1903=CARTESIAN_POINT('Origin',(55.8936101253862,138.,42.2719988457861));
#1904=CARTESIAN_POINT('Origin',(55.8936101253862,125.,42.2719988457861));
#1905=CARTESIAN_POINT('',(65.0551834744081,125.,38.263810505589));
#1906=CARTESIAN_POINT('Origin',(67.8036554791146,125.,37.0613540035299));
#1907=CARTESIAN_POINT('Origin',(55.8936101253862,125.,42.2719988457861));
#1908=CARTESIAN_POINT('Origin',(67.8036554791146,67.5,37.0613540035299));
#1909=CARTESIAN_POINT('',(65.055183474408,25.,38.263810505589));
#1910=CARTESIAN_POINT('Origin',(67.8036554791146,25.,37.0613540035299));
#1911=CARTESIAN_POINT('',(65.055183474408,67.5,38.263810505589));
#1912=CARTESIAN_POINT('Origin',(55.8936101253862,25.,42.2719988457861));
#1913=CARTESIAN_POINT('',(55.8936101253862,15.,42.2719988457861));
#1914=CARTESIAN_POINT('Origin',(55.8936101253862,12.,42.2719988457861));
#1915=CARTESIAN_POINT('Origin',(55.8936101253862,25.,42.2719988457861));
#1916=CARTESIAN_POINT('Origin',(31.9263634861745,12.,52.7576692504412));
#1917=CARTESIAN_POINT('',(21.7014768704956,15.,57.2310571448007));
#1918=CARTESIAN_POINT('Origin',(21.7014768704956,12.,57.2310571448007));
#1919=CARTESIAN_POINT('',(31.9263634861745,15.,52.7576692504412));
#1920=CARTESIAN_POINT('Origin',(21.7014768704956,25.,57.2310571448007));
#1921=CARTESIAN_POINT('',(12.5399035214737,25.,61.2392454849978));
#1922=CARTESIAN_POINT('Origin',(9.79143151676716,25.,62.4417019870569));
#1923=CARTESIAN_POINT('Origin',(21.7014768704956,25.,57.2310571448007));
#1924=CARTESIAN_POINT('Origin',(9.79143151676715,7.5,62.4417019870569));
#1925=CARTESIAN_POINT('',(12.5399035214737,125.,61.2392454849978));
#1926=CARTESIAN_POINT('Origin',(9.79143151676715,125.,62.4417019870569));
#1927=CARTESIAN_POINT('',(12.5399035214737,7.5,61.2392454849978));
#1928=CARTESIAN_POINT('Origin',(21.7014768704956,125.,57.2310571448007));
#1929=CARTESIAN_POINT('Origin',(21.7014768704956,125.,57.2310571448007));
#1930=CARTESIAN_POINT('Origin',(57.0960666274453,25.,45.0204708504927));
#1931=CARTESIAN_POINT('',(62.2494516362701,25.,31.8507091612737));
#1932=CARTESIAN_POINT('',(66.2576399764672,25.,41.0122825102956));
#1933=CARTESIAN_POINT('',(53.0878782872482,15.,35.8588975014708));
#1934=CARTESIAN_POINT('Origin',(53.0878782872482,25.,35.8588975014708));
#1935=CARTESIAN_POINT('',(57.0960666274453,15.,45.0204708504927));
#1936=CARTESIAN_POINT('Origin',(66.2576399764672,135.,41.0122825102956));
#1937=CARTESIAN_POINT('',(62.2494516362701,125.,31.8507091612737));
#1938=CARTESIAN_POINT('',(66.2576399764672,125.,41.0122825102956));
#1939=CARTESIAN_POINT('',(62.2494516362701,135.,31.8507091612737));
#1940=CARTESIAN_POINT('Origin',(57.0960666274453,125.,45.0204708504927));
#1941=CARTESIAN_POINT('',(53.0878782872482,135.,35.8588975014708));
#1942=CARTESIAN_POINT('',(57.0960666274453,135.,45.0204708504927));
#1943=CARTESIAN_POINT('Origin',(53.0878782872482,125.,35.8588975014708));
#1944=CARTESIAN_POINT('Origin',(13.7423600235328,135.,63.9877174897044));
#1945=CARTESIAN_POINT('',(18.8957450323576,135.,50.8179558004854));
#1946=CARTESIAN_POINT('',(22.9039333725547,135.,59.9795291495073));
#1947=CARTESIAN_POINT('',(9.73417168333576,135.,54.8261441406825));
#1948=CARTESIAN_POINT('Origin',(22.9039333725547,125.,59.9795291495073));
#1949=CARTESIAN_POINT('',(9.73417168333576,125.,54.8261441406825));
#1950=CARTESIAN_POINT('',(13.7423600235328,125.,63.9877174897044));
#1951=CARTESIAN_POINT('Origin',(18.8957450323576,125.,50.8179558004854));
#1952=CARTESIAN_POINT('Origin',(13.7423600235329,15.,63.9877174897044));
#1953=CARTESIAN_POINT('',(9.73417168333577,25.,54.8261441406825));
#1954=CARTESIAN_POINT('',(13.7423600235328,25.,63.9877174897044));
#1955=CARTESIAN_POINT('',(9.73417168333578,15.,54.8261441406825));
#1956=CARTESIAN_POINT('Origin',(22.9039333725547,25.,59.9795291495073));
#1957=CARTESIAN_POINT('',(18.8957450323577,15.,50.8179558004854));
#1958=CARTESIAN_POINT('',(22.9039333725547,15.,59.9795291495073));
#1959=CARTESIAN_POINT('Origin',(18.8957450323576,25.,50.8179558004854));
#1960=CARTESIAN_POINT('Origin',(66.2576399764672,15.,41.0122825102956));
#1961=CARTESIAN_POINT('',(62.2494516362701,15.,31.8507091612737));
#1962=CARTESIAN_POINT('Origin',(35.9918116598029,75.,43.3384266509781));
#1963=CARTESIAN_POINT('Origin',(40.,150.,35.));
#1964=CARTESIAN_POINT('',(65.,150.,-7.96020419445779E-15));
#1965=CARTESIAN_POINT('',(65.,150.,35.));
#1966=CARTESIAN_POINT('',(80.,150.,-9.79717439317882E-15));
#1967=CARTESIAN_POINT('Origin',(65.,135.,35.));
#1968=CARTESIAN_POINT('',(80.,135.,-9.79717439317882E-15));
#1969=CARTESIAN_POINT('',(80.,135.,35.));
#1970=CARTESIAN_POINT('Origin',(65.,135.,-8.88178419700125E-15));
#1971=CARTESIAN_POINT('Origin',(80.,0.,35.));
#1972=CARTESIAN_POINT('',(80.,15.,-9.79717439317882E-15));
#1973=CARTESIAN_POINT('',(80.,15.,35.));
#1974=CARTESIAN_POINT('',(80.,0.,-9.79717439317882E-15));
#1975=CARTESIAN_POINT('Origin',(65.,15.,35.));
#1976=CARTESIAN_POINT('Origin',(65.,15.,-8.88178419700125E-15));
#1977=CARTESIAN_POINT('Origin',(80.,0.,-9.79717439317882E-15));
#1978=UNCERTAINTY_MEASURE_WITH_UNIT(LENGTH_MEASURE(0.01),#1982,
'DISTANCE_ACCURACY_VALUE',
'Maximum model space distance between geometric entities at asserted c
onnectivities');
#1979=UNCERTAINTY_MEASURE_WITH_UNIT(LENGTH_MEASURE(0.01),#1982,
'DISTANCE_ACCURACY_VALUE',
'Maximum model space distance between geometric entities at asserted c
onnectivities');
#1980=(
GEOMETRIC_REPRESENTATION_CONTEXT(3)
GLOBAL_UNCERTAINTY_ASSIGNED_CONTEXT((#1978))
GLOBAL_UNIT_ASSIGNED_CONTEXT((#1982,#1984,#1985))
REPRESENTATION_CONTEXT('','3D')
);
#1981=(
GEOMETRIC_REPRESENTATION_CONTEXT(3)
GLOBAL_UNCERTAINTY_ASSIGNED_CONTEXT((#1979))
GLOBAL_UNIT_ASSIGNED_CONTEXT((#1982,#1984,#1985))
REPRESENTATION_CONTEXT('','3D')
);
#1982=(
LENGTH_UNIT()
NAMED_UNIT(*)
SI_UNIT(.MILLI.,.METRE.)
);
#1983=(
LENGTH_UNIT()
NAMED_UNIT(*)
SI_UNIT($,.METRE.)
);
#1984=(
NAMED_UNIT(*)
PLANE_ANGLE_UNIT()
SI_UNIT($,.RADIAN.)
);
#1985=(
NAMED_UNIT(*)
SI_UNIT($,.STERADIAN.)
SOLID_ANGLE_UNIT()
);
#1986=SHAPE_DEFINITION_REPRESENTATION(#1987,#1988);
#1987=PRODUCT_DEFINITION_SHAPE('',$,#1990);
#1988=SHAPE_REPRESENTATION('',(#1080),#1980);
#1989=PRODUCT_DEFINITION_CONTEXT('part definition',#1994,'design');
#1990=PRODUCT_DEFINITION('Parf\X\FCmhalter_Keil_small_v01',
'Parf\X\FCmhalter_Keil_small_v01 v2',#1991,#1989);
#1991=PRODUCT_DEFINITION_FORMATION('',$,#1996);
#1992=PRODUCT_RELATED_PRODUCT_CATEGORY(
'Parf\X\FCmhalter_Keil_small_v01 v2','Parf\X\FCmhalter_Keil_small_v01 
v2',(#1996));
#1993=APPLICATION_PROTOCOL_DEFINITION('international standard',
'automotive_design',2009,#1994);
#1994=APPLICATION_CONTEXT(
'Core Data for Automotive Mechanical Design Process');
#1995=PRODUCT_CONTEXT('part definition',#1994,'mechanical');
#1996=PRODUCT('Parf\X\FCmhalter_Keil_small_v01',
'Parf\X\FCmhalter_Keil_small_v01 v2',$,(#1995));
#1997=PRESENTATION_STYLE_ASSIGNMENT((#1998));
#1998=SURFACE_STYLE_USAGE(.BOTH.,#1999);
#1999=SURFACE_SIDE_STYLE('',(#2000));
#2000=SURFACE_STYLE_FILL_AREA(#2001);
#2001=FILL_AREA_STYLE('Stahl - satiniert',(#2002));
#2002=FILL_AREA_STYLE_COLOUR('Stahl - satiniert',#2003);
#2003=COLOUR_RGB('Stahl - satiniert',0.627450980392157,0.627450980392157,
0.627450980392157);
ENDSEC;
END-ISO-10303-21;
