ISO-10303-21;
HEADER;
/* Generated by software containing ST-Developer
 * from STEP Tools, Inc. (www.steptools.com) 
 */

FILE_DESCRIPTION(
/* description */ (''),
/* implementation_level */ '2;1');

FILE_NAME(
/* name */ 'Parfmhalter_Keil_v02.step',
/* time_stamp */ '2023-01-20T08:13:35+01:00',
/* author */ (''),
/* organization */ (''),
/* preprocessor_version */ 'ST-DEVELOPER v19.2',
/* originating_system */ 'Autodesk Translation Framework v11.17.0.187',

/* authorisation */ '');

FILE_SCHEMA (('AUTOMOTIVE_DESIGN { 1 0 10303 214 3 1 1 }'));
ENDSEC;

DATA;
#10=MECHANICAL_DESIGN_GEOMETRIC_PRESENTATION_REPRESENTATION('',(#13),#2761);
#11=SHAPE_REPRESENTATION_RELATIONSHIP('SRR','None',#2768,#12);
#12=ADVANCED_BREP_SHAPE_REPRESENTATION('',(#14),#2760);
#13=STYLED_ITEM('',(#2777),#14);
#14=MANIFOLD_SOLID_BREP('K\X\F6rper1',#1527);
#15=TOROIDAL_SURFACE('',#1687,13.,3.);
#16=TOROIDAL_SURFACE('',#1692,13.,3.);
#17=TOROIDAL_SURFACE('',#1697,13.,3.);
#18=TOROIDAL_SURFACE('',#1702,13.,3.);
#19=ELLIPSE('',#1654,12.8160056179763,12.);
#20=ELLIPSE('',#1656,15.6604597633658,15.);
#21=ELLIPSE('',#1660,15.6604597633658,15.);
#22=ELLIPSE('',#1661,12.8160056179763,12.);
#23=ELLIPSE('',#1665,15.6604597633658,15.);
#24=ELLIPSE('',#1666,12.8160056179763,12.);
#25=ELLIPSE('',#1670,15.6604597633658,15.);
#26=ELLIPSE('',#1671,12.8160056179763,12.);
#27=B_SPLINE_SURFACE_WITH_KNOTS('',3,3,((#2445,#2446,#2447,#2448,#2449,
#2450,#2451),(#2452,#2453,#2454,#2455,#2456,#2457,#2458),(#2459,#2460,#2461,
#2462,#2463,#2464,#2465),(#2466,#2467,#2468,#2469,#2470,#2471,#2472),(#2473,
#2474,#2475,#2476,#2477,#2478,#2479),(#2480,#2481,#2482,#2483,#2484,#2485,
#2486)),.UNSPECIFIED.,.F.,.F.,.F.,(4,1,1,4),(4,1,1,1,4),(0.,0.285714285714286,
0.571428571428571,1.),(-1.11022302462516E-16,0.448798950512827,0.897597901025655,
1.12199737628207,1.5707963267949),.UNSPECIFIED.);
#28=B_SPLINE_SURFACE_WITH_KNOTS('',3,3,((#2501,#2502,#2503,#2504,#2505,
#2506,#2507),(#2508,#2509,#2510,#2511,#2512,#2513,#2514),(#2515,#2516,#2517,
#2518,#2519,#2520,#2521),(#2522,#2523,#2524,#2525,#2526,#2527,#2528),(#2529,
#2530,#2531,#2532,#2533,#2534,#2535)),.UNSPECIFIED.,.F.,.F.,.F.,(4,1,4),
(4,1,1,1,4),(0.,0.571428571428571,1.),(-1.5707963267949,-1.12199737628207,
-0.897597901025655,-0.448798950512827,1.66533453693773E-16),
 .UNSPECIFIED.);
#29=B_SPLINE_SURFACE_WITH_KNOTS('',3,3,((#2547,#2548,#2549,#2550,#2551,
#2552,#2553),(#2554,#2555,#2556,#2557,#2558,#2559,#2560),(#2561,#2562,#2563,
#2564,#2565,#2566,#2567),(#2568,#2569,#2570,#2571,#2572,#2573,#2574),(#2575,
#2576,#2577,#2578,#2579,#2580,#2581)),.UNSPECIFIED.,.F.,.F.,.F.,(4,1,4),
(4,1,1,1,4),(0.,0.571428571428571,1.),(-9.02373051978438E-17,0.448798950512828,
0.897597901025655,1.12199737628207,1.5707963267949),.UNSPECIFIED.);
#30=B_SPLINE_SURFACE_WITH_KNOTS('',3,3,((#2593,#2594,#2595,#2596,#2597,
#2598,#2599),(#2600,#2601,#2602,#2603,#2604,#2605,#2606),(#2607,#2608,#2609,
#2610,#2611,#2612,#2613),(#2614,#2615,#2616,#2617,#2618,#2619,#2620),(#2621,
#2622,#2623,#2624,#2625,#2626,#2627),(#2628,#2629,#2630,#2631,#2632,#2633,
#2634)),.UNSPECIFIED.,.F.,.F.,.F.,(4,1,1,4),(4,1,1,1,4),(0.,0.285714285714286,
0.571428571428571,1.),(-1.5707963267949,-1.12199737628207,-0.897597901025655,
-0.448798950512827,1.11022302462516E-16),.UNSPECIFIED.);
#31=FACE_BOUND('',#346,.T.);
#32=FACE_BOUND('',#347,.T.);
#33=FACE_BOUND('',#348,.T.);
#34=FACE_BOUND('',#349,.T.);
#35=FACE_BOUND('',#350,.T.);
#36=FACE_BOUND('',#351,.T.);
#37=FACE_BOUND('',#352,.T.);
#38=FACE_BOUND('',#353,.T.);
#39=FACE_BOUND('',#354,.T.);
#40=FACE_BOUND('',#355,.T.);
#41=FACE_BOUND('',#356,.T.);
#42=FACE_BOUND('',#357,.T.);
#43=FACE_BOUND('',#358,.T.);
#44=FACE_BOUND('',#359,.T.);
#45=FACE_BOUND('',#360,.T.);
#46=FACE_BOUND('',#361,.T.);
#47=FACE_BOUND('',#362,.T.);
#48=FACE_BOUND('',#363,.T.);
#49=FACE_BOUND('',#364,.T.);
#50=FACE_BOUND('',#365,.T.);
#51=FACE_BOUND('',#366,.T.);
#52=FACE_BOUND('',#367,.T.);
#53=FACE_BOUND('',#368,.T.);
#54=FACE_BOUND('',#369,.T.);
#55=FACE_BOUND('',#370,.T.);
#56=FACE_BOUND('',#371,.T.);
#57=FACE_BOUND('',#372,.T.);
#58=FACE_BOUND('',#373,.T.);
#59=FACE_BOUND('',#374,.T.);
#60=FACE_BOUND('',#375,.T.);
#61=FACE_BOUND('',#376,.T.);
#62=FACE_BOUND('',#377,.T.);
#63=FACE_BOUND('',#378,.T.);
#64=FACE_BOUND('',#379,.T.);
#65=FACE_BOUND('',#381,.T.);
#66=FACE_BOUND('',#423,.T.);
#67=FACE_BOUND('',#441,.T.);
#68=FACE_BOUND('',#442,.T.);
#69=FACE_BOUND('',#443,.T.);
#70=FACE_BOUND('',#444,.T.);
#71=FACE_BOUND('',#445,.T.);
#72=FACE_BOUND('',#446,.T.);
#73=FACE_BOUND('',#447,.T.);
#74=FACE_BOUND('',#448,.T.);
#75=FACE_BOUND('',#449,.T.);
#76=FACE_BOUND('',#450,.T.);
#77=FACE_BOUND('',#451,.T.);
#78=FACE_BOUND('',#452,.T.);
#79=FACE_BOUND('',#453,.T.);
#80=FACE_BOUND('',#454,.T.);
#81=FACE_BOUND('',#455,.T.);
#82=FACE_BOUND('',#456,.T.);
#83=FACE_BOUND('',#457,.T.);
#84=FACE_BOUND('',#458,.T.);
#85=FACE_BOUND('',#459,.T.);
#86=FACE_BOUND('',#460,.T.);
#87=FACE_BOUND('',#461,.T.);
#88=FACE_BOUND('',#462,.T.);
#89=FACE_BOUND('',#463,.T.);
#90=FACE_BOUND('',#464,.T.);
#91=FACE_BOUND('',#465,.T.);
#92=FACE_BOUND('',#466,.T.);
#93=FACE_BOUND('',#467,.T.);
#94=FACE_BOUND('',#468,.T.);
#95=FACE_BOUND('',#469,.T.);
#96=FACE_BOUND('',#470,.T.);
#97=FACE_BOUND('',#471,.T.);
#98=FACE_BOUND('',#472,.T.);
#99=FACE_BOUND('',#473,.T.);
#100=FACE_BOUND('',#474,.T.);
#101=FACE_BOUND('',#480,.T.);
#102=CIRCLE('',#1547,8.);
#103=CIRCLE('',#1548,8.00000235411168);
#104=CIRCLE('',#1550,8.);
#105=CIRCLE('',#1551,8.00000235411168);
#106=CIRCLE('',#1553,8.);
#107=CIRCLE('',#1554,8.00000235411168);
#108=CIRCLE('',#1556,8.);
#109=CIRCLE('',#1557,8.00000235411168);
#110=CIRCLE('',#1559,8.);
#111=CIRCLE('',#1560,8.00000235411168);
#112=CIRCLE('',#1562,8.);
#113=CIRCLE('',#1563,8.00000235411168);
#114=CIRCLE('',#1565,8.);
#115=CIRCLE('',#1566,8.00000235411168);
#116=CIRCLE('',#1568,8.);
#117=CIRCLE('',#1569,8.00000235411168);
#118=CIRCLE('',#1571,8.);
#119=CIRCLE('',#1572,8.00000235411168);
#120=CIRCLE('',#1574,6.20000182443656);
#121=CIRCLE('',#1575,6.20000182443656);
#122=CIRCLE('',#1576,6.20000182443656);
#123=CIRCLE('',#1577,6.20000182443656);
#124=CIRCLE('',#1578,6.20000182443656);
#125=CIRCLE('',#1579,6.20000182443656);
#126=CIRCLE('',#1580,6.20000182443656);
#127=CIRCLE('',#1581,6.20000182443656);
#128=CIRCLE('',#1582,7.20000211870051);
#129=CIRCLE('',#1583,7.20000211870051);
#130=CIRCLE('',#1584,7.20000211870051);
#131=CIRCLE('',#1585,7.20000211870051);
#132=CIRCLE('',#1586,7.20000211870051);
#133=CIRCLE('',#1587,7.20000211870051);
#134=CIRCLE('',#1588,7.20000211870051);
#135=CIRCLE('',#1589,7.20000211870051);
#136=CIRCLE('',#1590,7.20000211870051);
#137=CIRCLE('',#1591,7.20000211870051);
#138=CIRCLE('',#1592,7.20000211870051);
#139=CIRCLE('',#1593,7.20000211870051);
#140=CIRCLE('',#1594,7.20000211870051);
#141=CIRCLE('',#1595,7.20000211870051);
#142=CIRCLE('',#1596,7.20000211870051);
#143=CIRCLE('',#1597,7.20000211870051);
#144=CIRCLE('',#1598,7.20000211870051);
#145=CIRCLE('',#1604,6.2);
#146=CIRCLE('',#1606,6.2);
#147=CIRCLE('',#1608,6.2);
#148=CIRCLE('',#1610,6.2);
#149=CIRCLE('',#1612,6.2);
#150=CIRCLE('',#1614,6.2);
#151=CIRCLE('',#1616,6.2);
#152=CIRCLE('',#1618,6.2);
#153=CIRCLE('',#1620,7.2);
#154=CIRCLE('',#1622,7.2);
#155=CIRCLE('',#1624,7.2);
#156=CIRCLE('',#1626,7.2);
#157=CIRCLE('',#1628,7.2);
#158=CIRCLE('',#1630,7.2);
#159=CIRCLE('',#1632,7.2);
#160=CIRCLE('',#1634,7.2);
#161=CIRCLE('',#1636,7.2);
#162=CIRCLE('',#1638,7.2);
#163=CIRCLE('',#1640,7.2);
#164=CIRCLE('',#1642,7.2);
#165=CIRCLE('',#1644,7.2);
#166=CIRCLE('',#1646,7.2);
#167=CIRCLE('',#1648,7.2);
#168=CIRCLE('',#1650,7.2);
#169=CIRCLE('',#1652,7.2);
#170=CIRCLE('',#1653,3.);
#171=CIRCLE('',#1655,3.00000000000001);
#172=CIRCLE('',#1658,2.99999999999999);
#173=CIRCLE('',#1659,3.);
#174=CIRCLE('',#1663,2.99999999999999);
#175=CIRCLE('',#1664,3.);
#176=CIRCLE('',#1668,2.99999999999999);
#177=CIRCLE('',#1669,3.00000000000001);
#178=CIRCLE('',#1675,15.);
#179=CIRCLE('',#1678,15.);
#180=CIRCLE('',#1680,13.);
#181=CIRCLE('',#1681,13.);
#182=CIRCLE('',#1682,13.);
#183=CIRCLE('',#1683,13.);
#184=CIRCLE('',#1685,3.);
#185=CIRCLE('',#1686,3.00000000000001);
#186=CIRCLE('',#1688,3.);
#187=CIRCLE('',#1689,10.);
#188=CIRCLE('',#1691,2.99999999999999);
#189=CIRCLE('',#1693,3.);
#190=CIRCLE('',#1694,10.);
#191=CIRCLE('',#1696,3.);
#192=CIRCLE('',#1698,3.);
#193=CIRCLE('',#1699,10.);
#194=CIRCLE('',#1701,3.);
#195=CIRCLE('',#1703,10.);
#196=CIRCLE('',#1705,10.);
#197=CIRCLE('',#1708,10.);
#198=CIRCLE('',#1711,10.);
#199=CIRCLE('',#1714,10.);
#200=CIRCLE('',#1719,15.);
#201=CIRCLE('',#1722,15.);
#202=CYLINDRICAL_SURFACE('',#1546,8.);
#203=CYLINDRICAL_SURFACE('',#1549,8.);
#204=CYLINDRICAL_SURFACE('',#1552,8.);
#205=CYLINDRICAL_SURFACE('',#1555,8.);
#206=CYLINDRICAL_SURFACE('',#1558,8.);
#207=CYLINDRICAL_SURFACE('',#1561,8.);
#208=CYLINDRICAL_SURFACE('',#1564,8.);
#209=CYLINDRICAL_SURFACE('',#1567,8.);
#210=CYLINDRICAL_SURFACE('',#1570,8.);
#211=CYLINDRICAL_SURFACE('',#1603,6.2);
#212=CYLINDRICAL_SURFACE('',#1605,6.2);
#213=CYLINDRICAL_SURFACE('',#1607,6.2);
#214=CYLINDRICAL_SURFACE('',#1609,6.2);
#215=CYLINDRICAL_SURFACE('',#1611,6.2);
#216=CYLINDRICAL_SURFACE('',#1613,6.2);
#217=CYLINDRICAL_SURFACE('',#1615,6.2);
#218=CYLINDRICAL_SURFACE('',#1617,6.2);
#219=CYLINDRICAL_SURFACE('',#1619,7.2);
#220=CYLINDRICAL_SURFACE('',#1621,7.2);
#221=CYLINDRICAL_SURFACE('',#1623,7.2);
#222=CYLINDRICAL_SURFACE('',#1625,7.2);
#223=CYLINDRICAL_SURFACE('',#1627,7.2);
#224=CYLINDRICAL_SURFACE('',#1629,7.2);
#225=CYLINDRICAL_SURFACE('',#1631,7.2);
#226=CYLINDRICAL_SURFACE('',#1633,7.2);
#227=CYLINDRICAL_SURFACE('',#1635,7.2);
#228=CYLINDRICAL_SURFACE('',#1637,7.2);
#229=CYLINDRICAL_SURFACE('',#1639,7.2);
#230=CYLINDRICAL_SURFACE('',#1641,7.2);
#231=CYLINDRICAL_SURFACE('',#1643,7.2);
#232=CYLINDRICAL_SURFACE('',#1645,7.2);
#233=CYLINDRICAL_SURFACE('',#1647,7.2);
#234=CYLINDRICAL_SURFACE('',#1649,7.2);
#235=CYLINDRICAL_SURFACE('',#1651,7.2);
#236=CYLINDRICAL_SURFACE('',#1657,3.);
#237=CYLINDRICAL_SURFACE('',#1662,3.);
#238=CYLINDRICAL_SURFACE('',#1667,3.);
#239=CYLINDRICAL_SURFACE('',#1672,3.);
#240=CYLINDRICAL_SURFACE('',#1674,15.);
#241=CYLINDRICAL_SURFACE('',#1677,15.);
#242=CYLINDRICAL_SURFACE('',#1684,3.);
#243=CYLINDRICAL_SURFACE('',#1690,3.);
#244=CYLINDRICAL_SURFACE('',#1695,3.);
#245=CYLINDRICAL_SURFACE('',#1700,3.);
#246=CYLINDRICAL_SURFACE('',#1704,10.);
#247=CYLINDRICAL_SURFACE('',#1707,10.);
#248=CYLINDRICAL_SURFACE('',#1710,10.);
#249=CYLINDRICAL_SURFACE('',#1713,10.);
#250=CYLINDRICAL_SURFACE('',#1718,15.);
#251=CYLINDRICAL_SURFACE('',#1721,15.);
#252=FACE_OUTER_BOUND('',#331,.T.);
#253=FACE_OUTER_BOUND('',#332,.T.);
#254=FACE_OUTER_BOUND('',#333,.T.);
#255=FACE_OUTER_BOUND('',#334,.T.);
#256=FACE_OUTER_BOUND('',#335,.T.);
#257=FACE_OUTER_BOUND('',#336,.T.);
#258=FACE_OUTER_BOUND('',#337,.T.);
#259=FACE_OUTER_BOUND('',#338,.T.);
#260=FACE_OUTER_BOUND('',#339,.T.);
#261=FACE_OUTER_BOUND('',#340,.T.);
#262=FACE_OUTER_BOUND('',#341,.T.);
#263=FACE_OUTER_BOUND('',#342,.T.);
#264=FACE_OUTER_BOUND('',#343,.T.);
#265=FACE_OUTER_BOUND('',#344,.T.);
#266=FACE_OUTER_BOUND('',#345,.T.);
#267=FACE_OUTER_BOUND('',#380,.T.);
#268=FACE_OUTER_BOUND('',#382,.T.);
#269=FACE_OUTER_BOUND('',#383,.T.);
#270=FACE_OUTER_BOUND('',#384,.T.);
#271=FACE_OUTER_BOUND('',#385,.T.);
#272=FACE_OUTER_BOUND('',#386,.T.);
#273=FACE_OUTER_BOUND('',#387,.T.);
#274=FACE_OUTER_BOUND('',#388,.T.);
#275=FACE_OUTER_BOUND('',#389,.T.);
#276=FACE_OUTER_BOUND('',#390,.T.);
#277=FACE_OUTER_BOUND('',#391,.T.);
#278=FACE_OUTER_BOUND('',#392,.T.);
#279=FACE_OUTER_BOUND('',#393,.T.);
#280=FACE_OUTER_BOUND('',#394,.T.);
#281=FACE_OUTER_BOUND('',#395,.T.);
#282=FACE_OUTER_BOUND('',#396,.T.);
#283=FACE_OUTER_BOUND('',#397,.T.);
#284=FACE_OUTER_BOUND('',#398,.T.);
#285=FACE_OUTER_BOUND('',#399,.T.);
#286=FACE_OUTER_BOUND('',#400,.T.);
#287=FACE_OUTER_BOUND('',#401,.T.);
#288=FACE_OUTER_BOUND('',#402,.T.);
#289=FACE_OUTER_BOUND('',#403,.T.);
#290=FACE_OUTER_BOUND('',#404,.T.);
#291=FACE_OUTER_BOUND('',#405,.T.);
#292=FACE_OUTER_BOUND('',#406,.T.);
#293=FACE_OUTER_BOUND('',#407,.T.);
#294=FACE_OUTER_BOUND('',#408,.T.);
#295=FACE_OUTER_BOUND('',#409,.T.);
#296=FACE_OUTER_BOUND('',#410,.T.);
#297=FACE_OUTER_BOUND('',#411,.T.);
#298=FACE_OUTER_BOUND('',#412,.T.);
#299=FACE_OUTER_BOUND('',#413,.T.);
#300=FACE_OUTER_BOUND('',#414,.T.);
#301=FACE_OUTER_BOUND('',#415,.T.);
#302=FACE_OUTER_BOUND('',#416,.T.);
#303=FACE_OUTER_BOUND('',#417,.T.);
#304=FACE_OUTER_BOUND('',#418,.T.);
#305=FACE_OUTER_BOUND('',#419,.T.);
#306=FACE_OUTER_BOUND('',#420,.T.);
#307=FACE_OUTER_BOUND('',#421,.T.);
#308=FACE_OUTER_BOUND('',#422,.T.);
#309=FACE_OUTER_BOUND('',#424,.T.);
#310=FACE_OUTER_BOUND('',#425,.T.);
#311=FACE_OUTER_BOUND('',#426,.T.);
#312=FACE_OUTER_BOUND('',#427,.T.);
#313=FACE_OUTER_BOUND('',#428,.T.);
#314=FACE_OUTER_BOUND('',#429,.T.);
#315=FACE_OUTER_BOUND('',#430,.T.);
#316=FACE_OUTER_BOUND('',#431,.T.);
#317=FACE_OUTER_BOUND('',#432,.T.);
#318=FACE_OUTER_BOUND('',#433,.T.);
#319=FACE_OUTER_BOUND('',#434,.T.);
#320=FACE_OUTER_BOUND('',#435,.T.);
#321=FACE_OUTER_BOUND('',#436,.T.);
#322=FACE_OUTER_BOUND('',#437,.T.);
#323=FACE_OUTER_BOUND('',#438,.T.);
#324=FACE_OUTER_BOUND('',#439,.T.);
#325=FACE_OUTER_BOUND('',#440,.T.);
#326=FACE_OUTER_BOUND('',#475,.T.);
#327=FACE_OUTER_BOUND('',#476,.T.);
#328=FACE_OUTER_BOUND('',#477,.T.);
#329=FACE_OUTER_BOUND('',#478,.T.);
#330=FACE_OUTER_BOUND('',#479,.T.);
#331=EDGE_LOOP('',(#1015,#1016,#1017,#1018));
#332=EDGE_LOOP('',(#1019,#1020,#1021,#1022));
#333=EDGE_LOOP('',(#1023,#1024,#1025,#1026));
#334=EDGE_LOOP('',(#1027,#1028,#1029,#1030));
#335=EDGE_LOOP('',(#1031,#1032,#1033,#1034));
#336=EDGE_LOOP('',(#1035,#1036,#1037,#1038));
#337=EDGE_LOOP('',(#1039,#1040,#1041,#1042));
#338=EDGE_LOOP('',(#1043,#1044,#1045,#1046));
#339=EDGE_LOOP('',(#1047,#1048,#1049,#1050));
#340=EDGE_LOOP('',(#1051,#1052,#1053,#1054));
#341=EDGE_LOOP('',(#1055,#1056,#1057,#1058));
#342=EDGE_LOOP('',(#1059,#1060,#1061,#1062));
#343=EDGE_LOOP('',(#1063,#1064,#1065,#1066));
#344=EDGE_LOOP('',(#1067,#1068,#1069,#1070));
#345=EDGE_LOOP('',(#1071,#1072,#1073,#1074));
#346=EDGE_LOOP('',(#1075));
#347=EDGE_LOOP('',(#1076));
#348=EDGE_LOOP('',(#1077));
#349=EDGE_LOOP('',(#1078));
#350=EDGE_LOOP('',(#1079));
#351=EDGE_LOOP('',(#1080));
#352=EDGE_LOOP('',(#1081));
#353=EDGE_LOOP('',(#1082));
#354=EDGE_LOOP('',(#1083));
#355=EDGE_LOOP('',(#1084));
#356=EDGE_LOOP('',(#1085));
#357=EDGE_LOOP('',(#1086));
#358=EDGE_LOOP('',(#1087));
#359=EDGE_LOOP('',(#1088));
#360=EDGE_LOOP('',(#1089));
#361=EDGE_LOOP('',(#1090));
#362=EDGE_LOOP('',(#1091));
#363=EDGE_LOOP('',(#1092));
#364=EDGE_LOOP('',(#1093));
#365=EDGE_LOOP('',(#1094));
#366=EDGE_LOOP('',(#1095));
#367=EDGE_LOOP('',(#1096));
#368=EDGE_LOOP('',(#1097));
#369=EDGE_LOOP('',(#1098));
#370=EDGE_LOOP('',(#1099));
#371=EDGE_LOOP('',(#1100));
#372=EDGE_LOOP('',(#1101));
#373=EDGE_LOOP('',(#1102));
#374=EDGE_LOOP('',(#1103));
#375=EDGE_LOOP('',(#1104));
#376=EDGE_LOOP('',(#1105));
#377=EDGE_LOOP('',(#1106));
#378=EDGE_LOOP('',(#1107));
#379=EDGE_LOOP('',(#1108));
#380=EDGE_LOOP('',(#1109,#1110,#1111,#1112));
#381=EDGE_LOOP('',(#1113,#1114,#1115,#1116));
#382=EDGE_LOOP('',(#1117,#1118,#1119,#1120));
#383=EDGE_LOOP('',(#1121,#1122,#1123,#1124));
#384=EDGE_LOOP('',(#1125,#1126,#1127,#1128));
#385=EDGE_LOOP('',(#1129,#1130,#1131,#1132));
#386=EDGE_LOOP('',(#1133,#1134,#1135,#1136));
#387=EDGE_LOOP('',(#1137,#1138,#1139,#1140));
#388=EDGE_LOOP('',(#1141,#1142,#1143,#1144));
#389=EDGE_LOOP('',(#1145,#1146,#1147,#1148));
#390=EDGE_LOOP('',(#1149,#1150,#1151,#1152));
#391=EDGE_LOOP('',(#1153,#1154,#1155,#1156));
#392=EDGE_LOOP('',(#1157,#1158,#1159,#1160));
#393=EDGE_LOOP('',(#1161,#1162,#1163,#1164));
#394=EDGE_LOOP('',(#1165,#1166,#1167,#1168));
#395=EDGE_LOOP('',(#1169,#1170,#1171,#1172));
#396=EDGE_LOOP('',(#1173,#1174,#1175,#1176));
#397=EDGE_LOOP('',(#1177,#1178,#1179,#1180));
#398=EDGE_LOOP('',(#1181,#1182,#1183,#1184));
#399=EDGE_LOOP('',(#1185,#1186,#1187,#1188));
#400=EDGE_LOOP('',(#1189,#1190,#1191,#1192));
#401=EDGE_LOOP('',(#1193,#1194,#1195,#1196));
#402=EDGE_LOOP('',(#1197,#1198,#1199,#1200));
#403=EDGE_LOOP('',(#1201,#1202,#1203,#1204));
#404=EDGE_LOOP('',(#1205,#1206,#1207,#1208));
#405=EDGE_LOOP('',(#1209,#1210,#1211,#1212));
#406=EDGE_LOOP('',(#1213,#1214,#1215,#1216));
#407=EDGE_LOOP('',(#1217,#1218,#1219,#1220));
#408=EDGE_LOOP('',(#1221,#1222,#1223,#1224));
#409=EDGE_LOOP('',(#1225,#1226,#1227,#1228));
#410=EDGE_LOOP('',(#1229,#1230,#1231,#1232));
#411=EDGE_LOOP('',(#1233,#1234,#1235,#1236));
#412=EDGE_LOOP('',(#1237,#1238,#1239,#1240));
#413=EDGE_LOOP('',(#1241,#1242,#1243,#1244));
#414=EDGE_LOOP('',(#1245,#1246,#1247,#1248));
#415=EDGE_LOOP('',(#1249,#1250,#1251,#1252));
#416=EDGE_LOOP('',(#1253,#1254,#1255,#1256));
#417=EDGE_LOOP('',(#1257,#1258,#1259,#1260));
#418=EDGE_LOOP('',(#1261,#1262,#1263,#1264));
#419=EDGE_LOOP('',(#1265,#1266,#1267,#1268));
#420=EDGE_LOOP('',(#1269,#1270,#1271,#1272));
#421=EDGE_LOOP('',(#1273,#1274,#1275,#1276));
#422=EDGE_LOOP('',(#1277,#1278,#1279,#1280,#1281,#1282,#1283,#1284));
#423=EDGE_LOOP('',(#1285,#1286,#1287,#1288,#1289,#1290,#1291,#1292));
#424=EDGE_LOOP('',(#1293,#1294,#1295,#1296));
#425=EDGE_LOOP('',(#1297,#1298,#1299,#1300));
#426=EDGE_LOOP('',(#1301,#1302,#1303,#1304));
#427=EDGE_LOOP('',(#1305,#1306,#1307,#1308));
#428=EDGE_LOOP('',(#1309,#1310,#1311,#1312));
#429=EDGE_LOOP('',(#1313,#1314,#1315,#1316));
#430=EDGE_LOOP('',(#1317,#1318,#1319,#1320));
#431=EDGE_LOOP('',(#1321,#1322,#1323,#1324));
#432=EDGE_LOOP('',(#1325,#1326,#1327,#1328));
#433=EDGE_LOOP('',(#1329,#1330,#1331,#1332));
#434=EDGE_LOOP('',(#1333,#1334,#1335,#1336));
#435=EDGE_LOOP('',(#1337,#1338,#1339,#1340));
#436=EDGE_LOOP('',(#1341,#1342,#1343,#1344));
#437=EDGE_LOOP('',(#1345,#1346,#1347,#1348));
#438=EDGE_LOOP('',(#1349,#1350,#1351,#1352));
#439=EDGE_LOOP('',(#1353,#1354,#1355,#1356));
#440=EDGE_LOOP('',(#1357,#1358,#1359,#1360,#1361,#1362,#1363,#1364));
#441=EDGE_LOOP('',(#1365));
#442=EDGE_LOOP('',(#1366));
#443=EDGE_LOOP('',(#1367));
#444=EDGE_LOOP('',(#1368));
#445=EDGE_LOOP('',(#1369));
#446=EDGE_LOOP('',(#1370));
#447=EDGE_LOOP('',(#1371));
#448=EDGE_LOOP('',(#1372));
#449=EDGE_LOOP('',(#1373));
#450=EDGE_LOOP('',(#1374));
#451=EDGE_LOOP('',(#1375));
#452=EDGE_LOOP('',(#1376));
#453=EDGE_LOOP('',(#1377));
#454=EDGE_LOOP('',(#1378));
#455=EDGE_LOOP('',(#1379));
#456=EDGE_LOOP('',(#1380));
#457=EDGE_LOOP('',(#1381));
#458=EDGE_LOOP('',(#1382));
#459=EDGE_LOOP('',(#1383));
#460=EDGE_LOOP('',(#1384));
#461=EDGE_LOOP('',(#1385));
#462=EDGE_LOOP('',(#1386));
#463=EDGE_LOOP('',(#1387));
#464=EDGE_LOOP('',(#1388));
#465=EDGE_LOOP('',(#1389));
#466=EDGE_LOOP('',(#1390));
#467=EDGE_LOOP('',(#1391));
#468=EDGE_LOOP('',(#1392));
#469=EDGE_LOOP('',(#1393));
#470=EDGE_LOOP('',(#1394));
#471=EDGE_LOOP('',(#1395));
#472=EDGE_LOOP('',(#1396));
#473=EDGE_LOOP('',(#1397));
#474=EDGE_LOOP('',(#1398));
#475=EDGE_LOOP('',(#1399,#1400,#1401,#1402));
#476=EDGE_LOOP('',(#1403,#1404,#1405,#1406));
#477=EDGE_LOOP('',(#1407,#1408,#1409,#1410));
#478=EDGE_LOOP('',(#1411,#1412,#1413,#1414));
#479=EDGE_LOOP('',(#1415,#1416,#1417,#1418,#1419,#1420,#1421,#1422));
#480=EDGE_LOOP('',(#1423,#1424,#1425,#1426));
#481=LINE('',#2194,#579);
#482=LINE('',#2196,#580);
#483=LINE('',#2198,#581);
#484=LINE('',#2199,#582);
#485=LINE('',#2202,#583);
#486=LINE('',#2204,#584);
#487=LINE('',#2205,#585);
#488=LINE('',#2208,#586);
#489=LINE('',#2209,#587);
#490=LINE('',#2212,#588);
#491=LINE('',#2213,#589);
#492=LINE('',#2215,#590);
#493=LINE('',#2220,#591);
#494=LINE('',#2226,#592);
#495=LINE('',#2232,#593);
#496=LINE('',#2238,#594);
#497=LINE('',#2244,#595);
#498=LINE('',#2250,#596);
#499=LINE('',#2256,#597);
#500=LINE('',#2262,#598);
#501=LINE('',#2268,#599);
#502=LINE('',#2273,#600);
#503=LINE('',#2275,#601);
#504=LINE('',#2277,#602);
#505=LINE('',#2278,#603);
#506=LINE('',#2331,#604);
#507=LINE('',#2333,#605);
#508=LINE('',#2334,#606);
#509=LINE('',#2337,#607);
#510=LINE('',#2339,#608);
#511=LINE('',#2340,#609);
#512=LINE('',#2342,#610);
#513=LINE('',#2344,#611);
#514=LINE('',#2348,#612);
#515=LINE('',#2352,#613);
#516=LINE('',#2356,#614);
#517=LINE('',#2360,#615);
#518=LINE('',#2364,#616);
#519=LINE('',#2368,#617);
#520=LINE('',#2372,#618);
#521=LINE('',#2376,#619);
#522=LINE('',#2380,#620);
#523=LINE('',#2384,#621);
#524=LINE('',#2388,#622);
#525=LINE('',#2392,#623);
#526=LINE('',#2396,#624);
#527=LINE('',#2400,#625);
#528=LINE('',#2404,#626);
#529=LINE('',#2408,#627);
#530=LINE('',#2412,#628);
#531=LINE('',#2416,#629);
#532=LINE('',#2420,#630);
#533=LINE('',#2424,#631);
#534=LINE('',#2428,#632);
#535=LINE('',#2432,#633);
#536=LINE('',#2436,#634);
#537=LINE('',#2440,#635);
#538=LINE('',#2444,#636);
#539=LINE('',#2499,#637);
#540=LINE('',#2500,#638);
#541=LINE('',#2545,#639);
#542=LINE('',#2546,#640);
#543=LINE('',#2591,#641);
#544=LINE('',#2592,#642);
#545=LINE('',#2641,#643);
#546=LINE('',#2642,#644);
#547=LINE('',#2645,#645);
#548=LINE('',#2647,#646);
#549=LINE('',#2648,#647);
#550=LINE('',#2651,#648);
#551=LINE('',#2655,#649);
#552=LINE('',#2656,#650);
#553=LINE('',#2659,#651);
#554=LINE('',#2664,#652);
#555=LINE('',#2668,#653);
#556=LINE('',#2672,#654);
#557=LINE('',#2676,#655);
#558=LINE('',#2682,#656);
#559=LINE('',#2691,#657);
#560=LINE('',#2699,#658);
#561=LINE('',#2707,#659);
#562=LINE('',#2712,#660);
#563=LINE('',#2715,#661);
#564=LINE('',#2718,#662);
#565=LINE('',#2719,#663);
#566=LINE('',#2722,#664);
#567=LINE('',#2726,#665);
#568=LINE('',#2727,#666);
#569=LINE('',#2730,#667);
#570=LINE('',#2734,#668);
#571=LINE('',#2735,#669);
#572=LINE('',#2738,#670);
#573=LINE('',#2741,#671);
#574=LINE('',#2745,#672);
#575=LINE('',#2746,#673);
#576=LINE('',#2749,#674);
#577=LINE('',#2753,#675);
#578=LINE('',#2754,#676);
#579=VECTOR('',#1728,10.);
#580=VECTOR('',#1729,10.);
#581=VECTOR('',#1730,10.);
#582=VECTOR('',#1731,10.);
#583=VECTOR('',#1734,10.);
#584=VECTOR('',#1735,10.);
#585=VECTOR('',#1736,10.);
#586=VECTOR('',#1739,10.);
#587=VECTOR('',#1740,10.);
#588=VECTOR('',#1743,10.);
#589=VECTOR('',#1744,10.);
#590=VECTOR('',#1747,10.);
#591=VECTOR('',#1752,8.);
#592=VECTOR('',#1759,8.);
#593=VECTOR('',#1766,8.);
#594=VECTOR('',#1773,8.);
#595=VECTOR('',#1780,8.);
#596=VECTOR('',#1787,8.);
#597=VECTOR('',#1794,8.);
#598=VECTOR('',#1801,8.);
#599=VECTOR('',#1808,8.);
#600=VECTOR('',#1813,10.);
#601=VECTOR('',#1814,10.);
#602=VECTOR('',#1815,10.);
#603=VECTOR('',#1816,10.);
#604=VECTOR('',#1869,10.);
#605=VECTOR('',#1870,10.);
#606=VECTOR('',#1871,10.);
#607=VECTOR('',#1874,10.);
#608=VECTOR('',#1875,10.);
#609=VECTOR('',#1876,10.);
#610=VECTOR('',#1879,10.);
#611=VECTOR('',#1882,10.);
#612=VECTOR('',#1887,6.2);
#613=VECTOR('',#1892,6.2);
#614=VECTOR('',#1897,6.2);
#615=VECTOR('',#1902,6.2);
#616=VECTOR('',#1907,6.2);
#617=VECTOR('',#1912,6.2);
#618=VECTOR('',#1917,6.2);
#619=VECTOR('',#1922,6.2);
#620=VECTOR('',#1927,7.2);
#621=VECTOR('',#1932,7.2);
#622=VECTOR('',#1937,7.2);
#623=VECTOR('',#1942,7.2);
#624=VECTOR('',#1947,7.2);
#625=VECTOR('',#1952,7.2);
#626=VECTOR('',#1957,7.2);
#627=VECTOR('',#1962,7.2);
#628=VECTOR('',#1967,7.2);
#629=VECTOR('',#1972,7.2);
#630=VECTOR('',#1977,7.2);
#631=VECTOR('',#1982,7.2);
#632=VECTOR('',#1987,7.2);
#633=VECTOR('',#1992,7.2);
#634=VECTOR('',#1997,7.2);
#635=VECTOR('',#2002,7.2);
#636=VECTOR('',#2007,7.2);
#637=VECTOR('',#2020,10.);
#638=VECTOR('',#2021,10.);
#639=VECTOR('',#2032,10.);
#640=VECTOR('',#2033,10.);
#641=VECTOR('',#2044,10.);
#642=VECTOR('',#2045,10.);
#643=VECTOR('',#2054,10.);
#644=VECTOR('',#2055,10.);
#645=VECTOR('',#2058,10.);
#646=VECTOR('',#2059,10.);
#647=VECTOR('',#2060,10.);
#648=VECTOR('',#2063,10.);
#649=VECTOR('',#2068,10.);
#650=VECTOR('',#2069,10.);
#651=VECTOR('',#2072,10.);
#652=VECTOR('',#2077,10.);
#653=VECTOR('',#2080,10.);
#654=VECTOR('',#2083,10.);
#655=VECTOR('',#2086,10.);
#656=VECTOR('',#2093,10.);
#657=VECTOR('',#2106,10.);
#658=VECTOR('',#2117,10.);
#659=VECTOR('',#2128,10.);
#660=VECTOR('',#2135,10.);
#661=VECTOR('',#2138,10.);
#662=VECTOR('',#2141,10.);
#663=VECTOR('',#2142,10.);
#664=VECTOR('',#2145,10.);
#665=VECTOR('',#2150,10.);
#666=VECTOR('',#2151,10.);
#667=VECTOR('',#2154,10.);
#668=VECTOR('',#2159,10.);
#669=VECTOR('',#2160,10.);
#670=VECTOR('',#2163,10.);
#671=VECTOR('',#2168,10.);
#672=VECTOR('',#2173,10.);
#673=VECTOR('',#2174,10.);
#674=VECTOR('',#2177,10.);
#675=VECTOR('',#2182,10.);
#676=VECTOR('',#2183,10.);
#677=VERTEX_POINT('',#2192);
#678=VERTEX_POINT('',#2193);
#679=VERTEX_POINT('',#2195);
#680=VERTEX_POINT('',#2197);
#681=VERTEX_POINT('',#2201);
#682=VERTEX_POINT('',#2203);
#683=VERTEX_POINT('',#2207);
#684=VERTEX_POINT('',#2211);
#685=VERTEX_POINT('',#2217);
#686=VERTEX_POINT('',#2219);
#687=VERTEX_POINT('',#2223);
#688=VERTEX_POINT('',#2225);
#689=VERTEX_POINT('',#2229);
#690=VERTEX_POINT('',#2231);
#691=VERTEX_POINT('',#2235);
#692=VERTEX_POINT('',#2237);
#693=VERTEX_POINT('',#2241);
#694=VERTEX_POINT('',#2243);
#695=VERTEX_POINT('',#2247);
#696=VERTEX_POINT('',#2249);
#697=VERTEX_POINT('',#2253);
#698=VERTEX_POINT('',#2255);
#699=VERTEX_POINT('',#2259);
#700=VERTEX_POINT('',#2261);
#701=VERTEX_POINT('',#2265);
#702=VERTEX_POINT('',#2267);
#703=VERTEX_POINT('',#2271);
#704=VERTEX_POINT('',#2272);
#705=VERTEX_POINT('',#2274);
#706=VERTEX_POINT('',#2276);
#707=VERTEX_POINT('',#2279);
#708=VERTEX_POINT('',#2281);
#709=VERTEX_POINT('',#2283);
#710=VERTEX_POINT('',#2285);
#711=VERTEX_POINT('',#2287);
#712=VERTEX_POINT('',#2289);
#713=VERTEX_POINT('',#2291);
#714=VERTEX_POINT('',#2293);
#715=VERTEX_POINT('',#2295);
#716=VERTEX_POINT('',#2297);
#717=VERTEX_POINT('',#2299);
#718=VERTEX_POINT('',#2301);
#719=VERTEX_POINT('',#2303);
#720=VERTEX_POINT('',#2305);
#721=VERTEX_POINT('',#2307);
#722=VERTEX_POINT('',#2309);
#723=VERTEX_POINT('',#2311);
#724=VERTEX_POINT('',#2313);
#725=VERTEX_POINT('',#2315);
#726=VERTEX_POINT('',#2317);
#727=VERTEX_POINT('',#2319);
#728=VERTEX_POINT('',#2321);
#729=VERTEX_POINT('',#2323);
#730=VERTEX_POINT('',#2325);
#731=VERTEX_POINT('',#2327);
#732=VERTEX_POINT('',#2330);
#733=VERTEX_POINT('',#2332);
#734=VERTEX_POINT('',#2336);
#735=VERTEX_POINT('',#2338);
#736=VERTEX_POINT('',#2346);
#737=VERTEX_POINT('',#2350);
#738=VERTEX_POINT('',#2354);
#739=VERTEX_POINT('',#2358);
#740=VERTEX_POINT('',#2362);
#741=VERTEX_POINT('',#2366);
#742=VERTEX_POINT('',#2370);
#743=VERTEX_POINT('',#2374);
#744=VERTEX_POINT('',#2378);
#745=VERTEX_POINT('',#2382);
#746=VERTEX_POINT('',#2386);
#747=VERTEX_POINT('',#2390);
#748=VERTEX_POINT('',#2394);
#749=VERTEX_POINT('',#2398);
#750=VERTEX_POINT('',#2402);
#751=VERTEX_POINT('',#2406);
#752=VERTEX_POINT('',#2410);
#753=VERTEX_POINT('',#2414);
#754=VERTEX_POINT('',#2418);
#755=VERTEX_POINT('',#2422);
#756=VERTEX_POINT('',#2426);
#757=VERTEX_POINT('',#2430);
#758=VERTEX_POINT('',#2434);
#759=VERTEX_POINT('',#2438);
#760=VERTEX_POINT('',#2442);
#761=VERTEX_POINT('',#2487);
#762=VERTEX_POINT('',#2488);
#763=VERTEX_POINT('',#2490);
#764=VERTEX_POINT('',#2492);
#765=VERTEX_POINT('',#2496);
#766=VERTEX_POINT('',#2497);
#767=VERTEX_POINT('',#2536);
#768=VERTEX_POINT('',#2537);
#769=VERTEX_POINT('',#2542);
#770=VERTEX_POINT('',#2543);
#771=VERTEX_POINT('',#2582);
#772=VERTEX_POINT('',#2583);
#773=VERTEX_POINT('',#2588);
#774=VERTEX_POINT('',#2589);
#775=VERTEX_POINT('',#2635);
#776=VERTEX_POINT('',#2636);
#777=VERTEX_POINT('',#2644);
#778=VERTEX_POINT('',#2646);
#779=VERTEX_POINT('',#2650);
#780=VERTEX_POINT('',#2654);
#781=VERTEX_POINT('',#2658);
#782=VERTEX_POINT('',#2662);
#783=VERTEX_POINT('',#2663);
#784=VERTEX_POINT('',#2665);
#785=VERTEX_POINT('',#2667);
#786=VERTEX_POINT('',#2669);
#787=VERTEX_POINT('',#2671);
#788=VERTEX_POINT('',#2673);
#789=VERTEX_POINT('',#2675);
#790=VERTEX_POINT('',#2679);
#791=VERTEX_POINT('',#2681);
#792=VERTEX_POINT('',#2685);
#793=VERTEX_POINT('',#2689);
#794=VERTEX_POINT('',#2693);
#795=VERTEX_POINT('',#2697);
#796=VERTEX_POINT('',#2701);
#797=VERTEX_POINT('',#2705);
#798=VERTEX_POINT('',#2711);
#799=VERTEX_POINT('',#2713);
#800=VERTEX_POINT('',#2717);
#801=VERTEX_POINT('',#2721);
#802=VERTEX_POINT('',#2725);
#803=VERTEX_POINT('',#2729);
#804=VERTEX_POINT('',#2733);
#805=VERTEX_POINT('',#2737);
#806=VERTEX_POINT('',#2744);
#807=VERTEX_POINT('',#2748);
#808=VERTEX_POINT('',#2752);
#809=EDGE_CURVE('',#677,#678,#481,.T.);
#810=EDGE_CURVE('',#679,#677,#482,.T.);
#811=EDGE_CURVE('',#679,#680,#483,.T.);
#812=EDGE_CURVE('',#680,#678,#484,.T.);
#813=EDGE_CURVE('',#678,#681,#485,.T.);
#814=EDGE_CURVE('',#682,#680,#486,.T.);
#815=EDGE_CURVE('',#681,#682,#487,.T.);
#816=EDGE_CURVE('',#683,#679,#488,.T.);
#817=EDGE_CURVE('',#683,#682,#489,.T.);
#818=EDGE_CURVE('',#681,#684,#490,.T.);
#819=EDGE_CURVE('',#684,#683,#491,.T.);
#820=EDGE_CURVE('',#684,#677,#492,.T.);
#821=EDGE_CURVE('',#685,#685,#102,.T.);
#822=EDGE_CURVE('',#685,#686,#493,.T.);
#823=EDGE_CURVE('',#686,#686,#103,.T.);
#824=EDGE_CURVE('',#687,#687,#104,.T.);
#825=EDGE_CURVE('',#687,#688,#494,.T.);
#826=EDGE_CURVE('',#688,#688,#105,.T.);
#827=EDGE_CURVE('',#689,#689,#106,.T.);
#828=EDGE_CURVE('',#689,#690,#495,.T.);
#829=EDGE_CURVE('',#690,#690,#107,.T.);
#830=EDGE_CURVE('',#691,#691,#108,.T.);
#831=EDGE_CURVE('',#691,#692,#496,.T.);
#832=EDGE_CURVE('',#692,#692,#109,.T.);
#833=EDGE_CURVE('',#693,#693,#110,.T.);
#834=EDGE_CURVE('',#693,#694,#497,.T.);
#835=EDGE_CURVE('',#694,#694,#111,.T.);
#836=EDGE_CURVE('',#695,#695,#112,.T.);
#837=EDGE_CURVE('',#695,#696,#498,.T.);
#838=EDGE_CURVE('',#696,#696,#113,.T.);
#839=EDGE_CURVE('',#697,#697,#114,.T.);
#840=EDGE_CURVE('',#697,#698,#499,.T.);
#841=EDGE_CURVE('',#698,#698,#115,.T.);
#842=EDGE_CURVE('',#699,#699,#116,.T.);
#843=EDGE_CURVE('',#699,#700,#500,.T.);
#844=EDGE_CURVE('',#700,#700,#117,.T.);
#845=EDGE_CURVE('',#701,#701,#118,.T.);
#846=EDGE_CURVE('',#701,#702,#501,.T.);
#847=EDGE_CURVE('',#702,#702,#119,.T.);
#848=EDGE_CURVE('',#703,#704,#502,.T.);
#849=EDGE_CURVE('',#703,#705,#503,.T.);
#850=EDGE_CURVE('',#705,#706,#504,.T.);
#851=EDGE_CURVE('',#704,#706,#505,.T.);
#852=EDGE_CURVE('',#707,#707,#120,.T.);
#853=EDGE_CURVE('',#708,#708,#121,.T.);
#854=EDGE_CURVE('',#709,#709,#122,.T.);
#855=EDGE_CURVE('',#710,#710,#123,.T.);
#856=EDGE_CURVE('',#711,#711,#124,.T.);
#857=EDGE_CURVE('',#712,#712,#125,.T.);
#858=EDGE_CURVE('',#713,#713,#126,.T.);
#859=EDGE_CURVE('',#714,#714,#127,.T.);
#860=EDGE_CURVE('',#715,#715,#128,.T.);
#861=EDGE_CURVE('',#716,#716,#129,.T.);
#862=EDGE_CURVE('',#717,#717,#130,.T.);
#863=EDGE_CURVE('',#718,#718,#131,.T.);
#864=EDGE_CURVE('',#719,#719,#132,.T.);
#865=EDGE_CURVE('',#720,#720,#133,.T.);
#866=EDGE_CURVE('',#721,#721,#134,.T.);
#867=EDGE_CURVE('',#722,#722,#135,.T.);
#868=EDGE_CURVE('',#723,#723,#136,.T.);
#869=EDGE_CURVE('',#724,#724,#137,.T.);
#870=EDGE_CURVE('',#725,#725,#138,.T.);
#871=EDGE_CURVE('',#726,#726,#139,.T.);
#872=EDGE_CURVE('',#727,#727,#140,.T.);
#873=EDGE_CURVE('',#728,#728,#141,.T.);
#874=EDGE_CURVE('',#729,#729,#142,.T.);
#875=EDGE_CURVE('',#730,#730,#143,.T.);
#876=EDGE_CURVE('',#731,#731,#144,.T.);
#877=EDGE_CURVE('',#732,#703,#506,.T.);
#878=EDGE_CURVE('',#733,#732,#507,.T.);
#879=EDGE_CURVE('',#733,#705,#508,.T.);
#880=EDGE_CURVE('',#704,#734,#509,.T.);
#881=EDGE_CURVE('',#706,#735,#510,.T.);
#882=EDGE_CURVE('',#734,#735,#511,.T.);
#883=EDGE_CURVE('',#735,#733,#512,.T.);
#884=EDGE_CURVE('',#732,#734,#513,.T.);
#885=EDGE_CURVE('',#736,#736,#145,.T.);
#886=EDGE_CURVE('',#736,#707,#514,.T.);
#887=EDGE_CURVE('',#737,#737,#146,.T.);
#888=EDGE_CURVE('',#737,#708,#515,.T.);
#889=EDGE_CURVE('',#738,#738,#147,.T.);
#890=EDGE_CURVE('',#738,#709,#516,.T.);
#891=EDGE_CURVE('',#739,#739,#148,.T.);
#892=EDGE_CURVE('',#739,#710,#517,.T.);
#893=EDGE_CURVE('',#740,#740,#149,.T.);
#894=EDGE_CURVE('',#740,#711,#518,.T.);
#895=EDGE_CURVE('',#741,#741,#150,.T.);
#896=EDGE_CURVE('',#741,#712,#519,.T.);
#897=EDGE_CURVE('',#742,#742,#151,.T.);
#898=EDGE_CURVE('',#742,#713,#520,.T.);
#899=EDGE_CURVE('',#743,#743,#152,.T.);
#900=EDGE_CURVE('',#743,#714,#521,.T.);
#901=EDGE_CURVE('',#744,#744,#153,.T.);
#902=EDGE_CURVE('',#744,#715,#522,.T.);
#903=EDGE_CURVE('',#745,#745,#154,.T.);
#904=EDGE_CURVE('',#745,#716,#523,.T.);
#905=EDGE_CURVE('',#746,#746,#155,.T.);
#906=EDGE_CURVE('',#746,#717,#524,.T.);
#907=EDGE_CURVE('',#747,#747,#156,.T.);
#908=EDGE_CURVE('',#747,#718,#525,.T.);
#909=EDGE_CURVE('',#748,#748,#157,.T.);
#910=EDGE_CURVE('',#748,#719,#526,.T.);
#911=EDGE_CURVE('',#749,#749,#158,.T.);
#912=EDGE_CURVE('',#749,#720,#527,.T.);
#913=EDGE_CURVE('',#750,#750,#159,.T.);
#914=EDGE_CURVE('',#750,#721,#528,.T.);
#915=EDGE_CURVE('',#751,#751,#160,.T.);
#916=EDGE_CURVE('',#751,#722,#529,.T.);
#917=EDGE_CURVE('',#752,#752,#161,.T.);
#918=EDGE_CURVE('',#752,#723,#530,.T.);
#919=EDGE_CURVE('',#753,#753,#162,.T.);
#920=EDGE_CURVE('',#753,#724,#531,.T.);
#921=EDGE_CURVE('',#754,#754,#163,.T.);
#922=EDGE_CURVE('',#754,#725,#532,.T.);
#923=EDGE_CURVE('',#755,#755,#164,.T.);
#924=EDGE_CURVE('',#755,#726,#533,.T.);
#925=EDGE_CURVE('',#756,#756,#165,.T.);
#926=EDGE_CURVE('',#756,#727,#534,.T.);
#927=EDGE_CURVE('',#757,#757,#166,.T.);
#928=EDGE_CURVE('',#757,#728,#535,.T.);
#929=EDGE_CURVE('',#758,#758,#167,.T.);
#930=EDGE_CURVE('',#758,#729,#536,.T.);
#931=EDGE_CURVE('',#759,#759,#168,.T.);
#932=EDGE_CURVE('',#759,#730,#537,.T.);
#933=EDGE_CURVE('',#760,#760,#169,.T.);
#934=EDGE_CURVE('',#760,#731,#538,.T.);
#935=EDGE_CURVE('',#761,#762,#170,.T.);
#936=EDGE_CURVE('',#762,#763,#19,.T.);
#937=EDGE_CURVE('',#763,#764,#171,.T.);
#938=EDGE_CURVE('',#764,#761,#20,.T.);
#939=EDGE_CURVE('',#765,#766,#172,.T.);
#940=EDGE_CURVE('',#766,#764,#539,.T.);
#941=EDGE_CURVE('',#763,#765,#540,.T.);
#942=EDGE_CURVE('',#767,#768,#173,.T.);
#943=EDGE_CURVE('',#768,#766,#21,.T.);
#944=EDGE_CURVE('',#765,#767,#22,.T.);
#945=EDGE_CURVE('',#769,#770,#174,.T.);
#946=EDGE_CURVE('',#770,#768,#541,.T.);
#947=EDGE_CURVE('',#767,#769,#542,.T.);
#948=EDGE_CURVE('',#771,#772,#175,.T.);
#949=EDGE_CURVE('',#772,#770,#23,.T.);
#950=EDGE_CURVE('',#769,#771,#24,.T.);
#951=EDGE_CURVE('',#773,#774,#176,.T.);
#952=EDGE_CURVE('',#774,#772,#543,.T.);
#953=EDGE_CURVE('',#771,#773,#544,.T.);
#954=EDGE_CURVE('',#775,#776,#177,.T.);
#955=EDGE_CURVE('',#776,#774,#25,.T.);
#956=EDGE_CURVE('',#773,#775,#26,.T.);
#957=EDGE_CURVE('',#761,#776,#545,.T.);
#958=EDGE_CURVE('',#775,#762,#546,.T.);
#959=EDGE_CURVE('',#777,#774,#547,.T.);
#960=EDGE_CURVE('',#778,#777,#548,.T.);
#961=EDGE_CURVE('',#772,#778,#549,.T.);
#962=EDGE_CURVE('',#776,#779,#550,.T.);
#963=EDGE_CURVE('',#779,#777,#178,.T.);
#964=EDGE_CURVE('',#780,#761,#551,.T.);
#965=EDGE_CURVE('',#779,#780,#552,.T.);
#966=EDGE_CURVE('',#764,#781,#553,.T.);
#967=EDGE_CURVE('',#781,#780,#179,.T.);
#968=EDGE_CURVE('',#782,#783,#554,.T.);
#969=EDGE_CURVE('',#784,#782,#180,.T.);
#970=EDGE_CURVE('',#785,#784,#555,.T.);
#971=EDGE_CURVE('',#786,#785,#181,.T.);
#972=EDGE_CURVE('',#787,#786,#556,.T.);
#973=EDGE_CURVE('',#788,#787,#182,.T.);
#974=EDGE_CURVE('',#789,#788,#557,.T.);
#975=EDGE_CURVE('',#783,#789,#183,.T.);
#976=EDGE_CURVE('',#783,#790,#184,.T.);
#977=EDGE_CURVE('',#790,#791,#558,.T.);
#978=EDGE_CURVE('',#791,#782,#185,.T.);
#979=EDGE_CURVE('',#792,#784,#186,.T.);
#980=EDGE_CURVE('',#791,#792,#187,.T.);
#981=EDGE_CURVE('',#793,#785,#188,.T.);
#982=EDGE_CURVE('',#792,#793,#559,.T.);
#983=EDGE_CURVE('',#794,#786,#189,.T.);
#984=EDGE_CURVE('',#793,#794,#190,.T.);
#985=EDGE_CURVE('',#795,#787,#191,.T.);
#986=EDGE_CURVE('',#794,#795,#560,.T.);
#987=EDGE_CURVE('',#796,#788,#192,.T.);
#988=EDGE_CURVE('',#795,#796,#193,.T.);
#989=EDGE_CURVE('',#797,#789,#194,.T.);
#990=EDGE_CURVE('',#796,#797,#561,.T.);
#991=EDGE_CURVE('',#797,#790,#195,.T.);
#992=EDGE_CURVE('',#793,#798,#562,.T.);
#993=EDGE_CURVE('',#799,#798,#196,.T.);
#994=EDGE_CURVE('',#799,#794,#563,.T.);
#995=EDGE_CURVE('',#800,#792,#564,.T.);
#996=EDGE_CURVE('',#800,#798,#565,.T.);
#997=EDGE_CURVE('',#791,#801,#566,.T.);
#998=EDGE_CURVE('',#800,#801,#197,.T.);
#999=EDGE_CURVE('',#802,#790,#567,.T.);
#1000=EDGE_CURVE('',#802,#801,#568,.T.);
#1001=EDGE_CURVE('',#797,#803,#569,.T.);
#1002=EDGE_CURVE('',#802,#803,#198,.T.);
#1003=EDGE_CURVE('',#804,#796,#570,.T.);
#1004=EDGE_CURVE('',#804,#803,#571,.T.);
#1005=EDGE_CURVE('',#795,#805,#572,.T.);
#1006=EDGE_CURVE('',#804,#805,#199,.T.);
#1007=EDGE_CURVE('',#799,#805,#573,.T.);
#1008=EDGE_CURVE('',#806,#766,#574,.T.);
#1009=EDGE_CURVE('',#806,#781,#575,.T.);
#1010=EDGE_CURVE('',#768,#807,#576,.T.);
#1011=EDGE_CURVE('',#807,#806,#200,.T.);
#1012=EDGE_CURVE('',#808,#770,#577,.T.);
#1013=EDGE_CURVE('',#808,#807,#578,.T.);
#1014=EDGE_CURVE('',#778,#808,#201,.T.);
#1015=ORIENTED_EDGE('',*,*,#809,.F.);
#1016=ORIENTED_EDGE('',*,*,#810,.F.);
#1017=ORIENTED_EDGE('',*,*,#811,.T.);
#1018=ORIENTED_EDGE('',*,*,#812,.T.);
#1019=ORIENTED_EDGE('',*,*,#813,.F.);
#1020=ORIENTED_EDGE('',*,*,#812,.F.);
#1021=ORIENTED_EDGE('',*,*,#814,.F.);
#1022=ORIENTED_EDGE('',*,*,#815,.F.);
#1023=ORIENTED_EDGE('',*,*,#816,.F.);
#1024=ORIENTED_EDGE('',*,*,#817,.T.);
#1025=ORIENTED_EDGE('',*,*,#814,.T.);
#1026=ORIENTED_EDGE('',*,*,#811,.F.);
#1027=ORIENTED_EDGE('',*,*,#818,.F.);
#1028=ORIENTED_EDGE('',*,*,#815,.T.);
#1029=ORIENTED_EDGE('',*,*,#817,.F.);
#1030=ORIENTED_EDGE('',*,*,#819,.F.);
#1031=ORIENTED_EDGE('',*,*,#820,.F.);
#1032=ORIENTED_EDGE('',*,*,#819,.T.);
#1033=ORIENTED_EDGE('',*,*,#816,.T.);
#1034=ORIENTED_EDGE('',*,*,#810,.T.);
#1035=ORIENTED_EDGE('',*,*,#821,.F.);
#1036=ORIENTED_EDGE('',*,*,#822,.T.);
#1037=ORIENTED_EDGE('',*,*,#823,.F.);
#1038=ORIENTED_EDGE('',*,*,#822,.F.);
#1039=ORIENTED_EDGE('',*,*,#824,.F.);
#1040=ORIENTED_EDGE('',*,*,#825,.T.);
#1041=ORIENTED_EDGE('',*,*,#826,.F.);
#1042=ORIENTED_EDGE('',*,*,#825,.F.);
#1043=ORIENTED_EDGE('',*,*,#827,.F.);
#1044=ORIENTED_EDGE('',*,*,#828,.T.);
#1045=ORIENTED_EDGE('',*,*,#829,.F.);
#1046=ORIENTED_EDGE('',*,*,#828,.F.);
#1047=ORIENTED_EDGE('',*,*,#830,.F.);
#1048=ORIENTED_EDGE('',*,*,#831,.T.);
#1049=ORIENTED_EDGE('',*,*,#832,.F.);
#1050=ORIENTED_EDGE('',*,*,#831,.F.);
#1051=ORIENTED_EDGE('',*,*,#833,.F.);
#1052=ORIENTED_EDGE('',*,*,#834,.T.);
#1053=ORIENTED_EDGE('',*,*,#835,.F.);
#1054=ORIENTED_EDGE('',*,*,#834,.F.);
#1055=ORIENTED_EDGE('',*,*,#836,.F.);
#1056=ORIENTED_EDGE('',*,*,#837,.T.);
#1057=ORIENTED_EDGE('',*,*,#838,.F.);
#1058=ORIENTED_EDGE('',*,*,#837,.F.);
#1059=ORIENTED_EDGE('',*,*,#839,.F.);
#1060=ORIENTED_EDGE('',*,*,#840,.T.);
#1061=ORIENTED_EDGE('',*,*,#841,.F.);
#1062=ORIENTED_EDGE('',*,*,#840,.F.);
#1063=ORIENTED_EDGE('',*,*,#842,.F.);
#1064=ORIENTED_EDGE('',*,*,#843,.T.);
#1065=ORIENTED_EDGE('',*,*,#844,.F.);
#1066=ORIENTED_EDGE('',*,*,#843,.F.);
#1067=ORIENTED_EDGE('',*,*,#845,.F.);
#1068=ORIENTED_EDGE('',*,*,#846,.T.);
#1069=ORIENTED_EDGE('',*,*,#847,.F.);
#1070=ORIENTED_EDGE('',*,*,#846,.F.);
#1071=ORIENTED_EDGE('',*,*,#848,.F.);
#1072=ORIENTED_EDGE('',*,*,#849,.T.);
#1073=ORIENTED_EDGE('',*,*,#850,.T.);
#1074=ORIENTED_EDGE('',*,*,#851,.F.);
#1075=ORIENTED_EDGE('',*,*,#823,.T.);
#1076=ORIENTED_EDGE('',*,*,#826,.T.);
#1077=ORIENTED_EDGE('',*,*,#829,.T.);
#1078=ORIENTED_EDGE('',*,*,#832,.T.);
#1079=ORIENTED_EDGE('',*,*,#835,.T.);
#1080=ORIENTED_EDGE('',*,*,#838,.T.);
#1081=ORIENTED_EDGE('',*,*,#841,.T.);
#1082=ORIENTED_EDGE('',*,*,#844,.T.);
#1083=ORIENTED_EDGE('',*,*,#847,.T.);
#1084=ORIENTED_EDGE('',*,*,#852,.F.);
#1085=ORIENTED_EDGE('',*,*,#853,.F.);
#1086=ORIENTED_EDGE('',*,*,#854,.F.);
#1087=ORIENTED_EDGE('',*,*,#855,.F.);
#1088=ORIENTED_EDGE('',*,*,#856,.F.);
#1089=ORIENTED_EDGE('',*,*,#857,.F.);
#1090=ORIENTED_EDGE('',*,*,#858,.F.);
#1091=ORIENTED_EDGE('',*,*,#859,.F.);
#1092=ORIENTED_EDGE('',*,*,#860,.F.);
#1093=ORIENTED_EDGE('',*,*,#861,.F.);
#1094=ORIENTED_EDGE('',*,*,#862,.F.);
#1095=ORIENTED_EDGE('',*,*,#863,.F.);
#1096=ORIENTED_EDGE('',*,*,#864,.F.);
#1097=ORIENTED_EDGE('',*,*,#865,.F.);
#1098=ORIENTED_EDGE('',*,*,#866,.F.);
#1099=ORIENTED_EDGE('',*,*,#867,.F.);
#1100=ORIENTED_EDGE('',*,*,#868,.F.);
#1101=ORIENTED_EDGE('',*,*,#869,.F.);
#1102=ORIENTED_EDGE('',*,*,#870,.F.);
#1103=ORIENTED_EDGE('',*,*,#871,.F.);
#1104=ORIENTED_EDGE('',*,*,#872,.F.);
#1105=ORIENTED_EDGE('',*,*,#873,.F.);
#1106=ORIENTED_EDGE('',*,*,#874,.F.);
#1107=ORIENTED_EDGE('',*,*,#875,.F.);
#1108=ORIENTED_EDGE('',*,*,#876,.F.);
#1109=ORIENTED_EDGE('',*,*,#877,.F.);
#1110=ORIENTED_EDGE('',*,*,#878,.F.);
#1111=ORIENTED_EDGE('',*,*,#879,.T.);
#1112=ORIENTED_EDGE('',*,*,#849,.F.);
#1113=ORIENTED_EDGE('',*,*,#818,.T.);
#1114=ORIENTED_EDGE('',*,*,#820,.T.);
#1115=ORIENTED_EDGE('',*,*,#809,.T.);
#1116=ORIENTED_EDGE('',*,*,#813,.T.);
#1117=ORIENTED_EDGE('',*,*,#880,.F.);
#1118=ORIENTED_EDGE('',*,*,#851,.T.);
#1119=ORIENTED_EDGE('',*,*,#881,.T.);
#1120=ORIENTED_EDGE('',*,*,#882,.F.);
#1121=ORIENTED_EDGE('',*,*,#881,.F.);
#1122=ORIENTED_EDGE('',*,*,#850,.F.);
#1123=ORIENTED_EDGE('',*,*,#879,.F.);
#1124=ORIENTED_EDGE('',*,*,#883,.F.);
#1125=ORIENTED_EDGE('',*,*,#880,.T.);
#1126=ORIENTED_EDGE('',*,*,#884,.F.);
#1127=ORIENTED_EDGE('',*,*,#877,.T.);
#1128=ORIENTED_EDGE('',*,*,#848,.T.);
#1129=ORIENTED_EDGE('',*,*,#885,.F.);
#1130=ORIENTED_EDGE('',*,*,#886,.T.);
#1131=ORIENTED_EDGE('',*,*,#852,.T.);
#1132=ORIENTED_EDGE('',*,*,#886,.F.);
#1133=ORIENTED_EDGE('',*,*,#887,.F.);
#1134=ORIENTED_EDGE('',*,*,#888,.T.);
#1135=ORIENTED_EDGE('',*,*,#853,.T.);
#1136=ORIENTED_EDGE('',*,*,#888,.F.);
#1137=ORIENTED_EDGE('',*,*,#889,.F.);
#1138=ORIENTED_EDGE('',*,*,#890,.T.);
#1139=ORIENTED_EDGE('',*,*,#854,.T.);
#1140=ORIENTED_EDGE('',*,*,#890,.F.);
#1141=ORIENTED_EDGE('',*,*,#891,.F.);
#1142=ORIENTED_EDGE('',*,*,#892,.T.);
#1143=ORIENTED_EDGE('',*,*,#855,.T.);
#1144=ORIENTED_EDGE('',*,*,#892,.F.);
#1145=ORIENTED_EDGE('',*,*,#893,.F.);
#1146=ORIENTED_EDGE('',*,*,#894,.T.);
#1147=ORIENTED_EDGE('',*,*,#856,.T.);
#1148=ORIENTED_EDGE('',*,*,#894,.F.);
#1149=ORIENTED_EDGE('',*,*,#895,.F.);
#1150=ORIENTED_EDGE('',*,*,#896,.T.);
#1151=ORIENTED_EDGE('',*,*,#857,.T.);
#1152=ORIENTED_EDGE('',*,*,#896,.F.);
#1153=ORIENTED_EDGE('',*,*,#897,.F.);
#1154=ORIENTED_EDGE('',*,*,#898,.T.);
#1155=ORIENTED_EDGE('',*,*,#858,.T.);
#1156=ORIENTED_EDGE('',*,*,#898,.F.);
#1157=ORIENTED_EDGE('',*,*,#899,.F.);
#1158=ORIENTED_EDGE('',*,*,#900,.T.);
#1159=ORIENTED_EDGE('',*,*,#859,.T.);
#1160=ORIENTED_EDGE('',*,*,#900,.F.);
#1161=ORIENTED_EDGE('',*,*,#901,.F.);
#1162=ORIENTED_EDGE('',*,*,#902,.T.);
#1163=ORIENTED_EDGE('',*,*,#860,.T.);
#1164=ORIENTED_EDGE('',*,*,#902,.F.);
#1165=ORIENTED_EDGE('',*,*,#903,.F.);
#1166=ORIENTED_EDGE('',*,*,#904,.T.);
#1167=ORIENTED_EDGE('',*,*,#861,.T.);
#1168=ORIENTED_EDGE('',*,*,#904,.F.);
#1169=ORIENTED_EDGE('',*,*,#905,.F.);
#1170=ORIENTED_EDGE('',*,*,#906,.T.);
#1171=ORIENTED_EDGE('',*,*,#862,.T.);
#1172=ORIENTED_EDGE('',*,*,#906,.F.);
#1173=ORIENTED_EDGE('',*,*,#907,.F.);
#1174=ORIENTED_EDGE('',*,*,#908,.T.);
#1175=ORIENTED_EDGE('',*,*,#863,.T.);
#1176=ORIENTED_EDGE('',*,*,#908,.F.);
#1177=ORIENTED_EDGE('',*,*,#909,.F.);
#1178=ORIENTED_EDGE('',*,*,#910,.T.);
#1179=ORIENTED_EDGE('',*,*,#864,.T.);
#1180=ORIENTED_EDGE('',*,*,#910,.F.);
#1181=ORIENTED_EDGE('',*,*,#911,.F.);
#1182=ORIENTED_EDGE('',*,*,#912,.T.);
#1183=ORIENTED_EDGE('',*,*,#865,.T.);
#1184=ORIENTED_EDGE('',*,*,#912,.F.);
#1185=ORIENTED_EDGE('',*,*,#913,.F.);
#1186=ORIENTED_EDGE('',*,*,#914,.T.);
#1187=ORIENTED_EDGE('',*,*,#866,.T.);
#1188=ORIENTED_EDGE('',*,*,#914,.F.);
#1189=ORIENTED_EDGE('',*,*,#915,.F.);
#1190=ORIENTED_EDGE('',*,*,#916,.T.);
#1191=ORIENTED_EDGE('',*,*,#867,.T.);
#1192=ORIENTED_EDGE('',*,*,#916,.F.);
#1193=ORIENTED_EDGE('',*,*,#917,.F.);
#1194=ORIENTED_EDGE('',*,*,#918,.T.);
#1195=ORIENTED_EDGE('',*,*,#868,.T.);
#1196=ORIENTED_EDGE('',*,*,#918,.F.);
#1197=ORIENTED_EDGE('',*,*,#919,.F.);
#1198=ORIENTED_EDGE('',*,*,#920,.T.);
#1199=ORIENTED_EDGE('',*,*,#869,.T.);
#1200=ORIENTED_EDGE('',*,*,#920,.F.);
#1201=ORIENTED_EDGE('',*,*,#921,.F.);
#1202=ORIENTED_EDGE('',*,*,#922,.T.);
#1203=ORIENTED_EDGE('',*,*,#870,.T.);
#1204=ORIENTED_EDGE('',*,*,#922,.F.);
#1205=ORIENTED_EDGE('',*,*,#923,.F.);
#1206=ORIENTED_EDGE('',*,*,#924,.T.);
#1207=ORIENTED_EDGE('',*,*,#871,.T.);
#1208=ORIENTED_EDGE('',*,*,#924,.F.);
#1209=ORIENTED_EDGE('',*,*,#925,.F.);
#1210=ORIENTED_EDGE('',*,*,#926,.T.);
#1211=ORIENTED_EDGE('',*,*,#872,.T.);
#1212=ORIENTED_EDGE('',*,*,#926,.F.);
#1213=ORIENTED_EDGE('',*,*,#927,.F.);
#1214=ORIENTED_EDGE('',*,*,#928,.T.);
#1215=ORIENTED_EDGE('',*,*,#873,.T.);
#1216=ORIENTED_EDGE('',*,*,#928,.F.);
#1217=ORIENTED_EDGE('',*,*,#929,.F.);
#1218=ORIENTED_EDGE('',*,*,#930,.T.);
#1219=ORIENTED_EDGE('',*,*,#874,.T.);
#1220=ORIENTED_EDGE('',*,*,#930,.F.);
#1221=ORIENTED_EDGE('',*,*,#931,.F.);
#1222=ORIENTED_EDGE('',*,*,#932,.T.);
#1223=ORIENTED_EDGE('',*,*,#875,.T.);
#1224=ORIENTED_EDGE('',*,*,#932,.F.);
#1225=ORIENTED_EDGE('',*,*,#933,.F.);
#1226=ORIENTED_EDGE('',*,*,#934,.T.);
#1227=ORIENTED_EDGE('',*,*,#876,.T.);
#1228=ORIENTED_EDGE('',*,*,#934,.F.);
#1229=ORIENTED_EDGE('',*,*,#935,.T.);
#1230=ORIENTED_EDGE('',*,*,#936,.T.);
#1231=ORIENTED_EDGE('',*,*,#937,.T.);
#1232=ORIENTED_EDGE('',*,*,#938,.T.);
#1233=ORIENTED_EDGE('',*,*,#939,.T.);
#1234=ORIENTED_EDGE('',*,*,#940,.T.);
#1235=ORIENTED_EDGE('',*,*,#937,.F.);
#1236=ORIENTED_EDGE('',*,*,#941,.T.);
#1237=ORIENTED_EDGE('',*,*,#942,.T.);
#1238=ORIENTED_EDGE('',*,*,#943,.T.);
#1239=ORIENTED_EDGE('',*,*,#939,.F.);
#1240=ORIENTED_EDGE('',*,*,#944,.T.);
#1241=ORIENTED_EDGE('',*,*,#945,.T.);
#1242=ORIENTED_EDGE('',*,*,#946,.T.);
#1243=ORIENTED_EDGE('',*,*,#942,.F.);
#1244=ORIENTED_EDGE('',*,*,#947,.T.);
#1245=ORIENTED_EDGE('',*,*,#948,.T.);
#1246=ORIENTED_EDGE('',*,*,#949,.T.);
#1247=ORIENTED_EDGE('',*,*,#945,.F.);
#1248=ORIENTED_EDGE('',*,*,#950,.T.);
#1249=ORIENTED_EDGE('',*,*,#951,.T.);
#1250=ORIENTED_EDGE('',*,*,#952,.T.);
#1251=ORIENTED_EDGE('',*,*,#948,.F.);
#1252=ORIENTED_EDGE('',*,*,#953,.T.);
#1253=ORIENTED_EDGE('',*,*,#954,.T.);
#1254=ORIENTED_EDGE('',*,*,#955,.T.);
#1255=ORIENTED_EDGE('',*,*,#951,.F.);
#1256=ORIENTED_EDGE('',*,*,#956,.T.);
#1257=ORIENTED_EDGE('',*,*,#935,.F.);
#1258=ORIENTED_EDGE('',*,*,#957,.T.);
#1259=ORIENTED_EDGE('',*,*,#954,.F.);
#1260=ORIENTED_EDGE('',*,*,#958,.T.);
#1261=ORIENTED_EDGE('',*,*,#952,.F.);
#1262=ORIENTED_EDGE('',*,*,#959,.F.);
#1263=ORIENTED_EDGE('',*,*,#960,.F.);
#1264=ORIENTED_EDGE('',*,*,#961,.F.);
#1265=ORIENTED_EDGE('',*,*,#955,.F.);
#1266=ORIENTED_EDGE('',*,*,#962,.T.);
#1267=ORIENTED_EDGE('',*,*,#963,.T.);
#1268=ORIENTED_EDGE('',*,*,#959,.T.);
#1269=ORIENTED_EDGE('',*,*,#957,.F.);
#1270=ORIENTED_EDGE('',*,*,#964,.F.);
#1271=ORIENTED_EDGE('',*,*,#965,.F.);
#1272=ORIENTED_EDGE('',*,*,#962,.F.);
#1273=ORIENTED_EDGE('',*,*,#938,.F.);
#1274=ORIENTED_EDGE('',*,*,#966,.T.);
#1275=ORIENTED_EDGE('',*,*,#967,.T.);
#1276=ORIENTED_EDGE('',*,*,#964,.T.);
#1277=ORIENTED_EDGE('',*,*,#936,.F.);
#1278=ORIENTED_EDGE('',*,*,#958,.F.);
#1279=ORIENTED_EDGE('',*,*,#956,.F.);
#1280=ORIENTED_EDGE('',*,*,#953,.F.);
#1281=ORIENTED_EDGE('',*,*,#950,.F.);
#1282=ORIENTED_EDGE('',*,*,#947,.F.);
#1283=ORIENTED_EDGE('',*,*,#944,.F.);
#1284=ORIENTED_EDGE('',*,*,#941,.F.);
#1285=ORIENTED_EDGE('',*,*,#968,.F.);
#1286=ORIENTED_EDGE('',*,*,#969,.F.);
#1287=ORIENTED_EDGE('',*,*,#970,.F.);
#1288=ORIENTED_EDGE('',*,*,#971,.F.);
#1289=ORIENTED_EDGE('',*,*,#972,.F.);
#1290=ORIENTED_EDGE('',*,*,#973,.F.);
#1291=ORIENTED_EDGE('',*,*,#974,.F.);
#1292=ORIENTED_EDGE('',*,*,#975,.F.);
#1293=ORIENTED_EDGE('',*,*,#976,.T.);
#1294=ORIENTED_EDGE('',*,*,#977,.T.);
#1295=ORIENTED_EDGE('',*,*,#978,.T.);
#1296=ORIENTED_EDGE('',*,*,#968,.T.);
#1297=ORIENTED_EDGE('',*,*,#979,.T.);
#1298=ORIENTED_EDGE('',*,*,#969,.T.);
#1299=ORIENTED_EDGE('',*,*,#978,.F.);
#1300=ORIENTED_EDGE('',*,*,#980,.T.);
#1301=ORIENTED_EDGE('',*,*,#981,.T.);
#1302=ORIENTED_EDGE('',*,*,#970,.T.);
#1303=ORIENTED_EDGE('',*,*,#979,.F.);
#1304=ORIENTED_EDGE('',*,*,#982,.T.);
#1305=ORIENTED_EDGE('',*,*,#983,.T.);
#1306=ORIENTED_EDGE('',*,*,#971,.T.);
#1307=ORIENTED_EDGE('',*,*,#981,.F.);
#1308=ORIENTED_EDGE('',*,*,#984,.T.);
#1309=ORIENTED_EDGE('',*,*,#985,.T.);
#1310=ORIENTED_EDGE('',*,*,#972,.T.);
#1311=ORIENTED_EDGE('',*,*,#983,.F.);
#1312=ORIENTED_EDGE('',*,*,#986,.T.);
#1313=ORIENTED_EDGE('',*,*,#987,.T.);
#1314=ORIENTED_EDGE('',*,*,#973,.T.);
#1315=ORIENTED_EDGE('',*,*,#985,.F.);
#1316=ORIENTED_EDGE('',*,*,#988,.T.);
#1317=ORIENTED_EDGE('',*,*,#989,.T.);
#1318=ORIENTED_EDGE('',*,*,#974,.T.);
#1319=ORIENTED_EDGE('',*,*,#987,.F.);
#1320=ORIENTED_EDGE('',*,*,#990,.T.);
#1321=ORIENTED_EDGE('',*,*,#989,.F.);
#1322=ORIENTED_EDGE('',*,*,#991,.T.);
#1323=ORIENTED_EDGE('',*,*,#976,.F.);
#1324=ORIENTED_EDGE('',*,*,#975,.T.);
#1325=ORIENTED_EDGE('',*,*,#984,.F.);
#1326=ORIENTED_EDGE('',*,*,#992,.T.);
#1327=ORIENTED_EDGE('',*,*,#993,.F.);
#1328=ORIENTED_EDGE('',*,*,#994,.T.);
#1329=ORIENTED_EDGE('',*,*,#982,.F.);
#1330=ORIENTED_EDGE('',*,*,#995,.F.);
#1331=ORIENTED_EDGE('',*,*,#996,.T.);
#1332=ORIENTED_EDGE('',*,*,#992,.F.);
#1333=ORIENTED_EDGE('',*,*,#980,.F.);
#1334=ORIENTED_EDGE('',*,*,#997,.T.);
#1335=ORIENTED_EDGE('',*,*,#998,.F.);
#1336=ORIENTED_EDGE('',*,*,#995,.T.);
#1337=ORIENTED_EDGE('',*,*,#977,.F.);
#1338=ORIENTED_EDGE('',*,*,#999,.F.);
#1339=ORIENTED_EDGE('',*,*,#1000,.T.);
#1340=ORIENTED_EDGE('',*,*,#997,.F.);
#1341=ORIENTED_EDGE('',*,*,#991,.F.);
#1342=ORIENTED_EDGE('',*,*,#1001,.T.);
#1343=ORIENTED_EDGE('',*,*,#1002,.F.);
#1344=ORIENTED_EDGE('',*,*,#999,.T.);
#1345=ORIENTED_EDGE('',*,*,#990,.F.);
#1346=ORIENTED_EDGE('',*,*,#1003,.F.);
#1347=ORIENTED_EDGE('',*,*,#1004,.T.);
#1348=ORIENTED_EDGE('',*,*,#1001,.F.);
#1349=ORIENTED_EDGE('',*,*,#988,.F.);
#1350=ORIENTED_EDGE('',*,*,#1005,.T.);
#1351=ORIENTED_EDGE('',*,*,#1006,.F.);
#1352=ORIENTED_EDGE('',*,*,#1003,.T.);
#1353=ORIENTED_EDGE('',*,*,#986,.F.);
#1354=ORIENTED_EDGE('',*,*,#994,.F.);
#1355=ORIENTED_EDGE('',*,*,#1007,.T.);
#1356=ORIENTED_EDGE('',*,*,#1005,.F.);
#1357=ORIENTED_EDGE('',*,*,#998,.T.);
#1358=ORIENTED_EDGE('',*,*,#1000,.F.);
#1359=ORIENTED_EDGE('',*,*,#1002,.T.);
#1360=ORIENTED_EDGE('',*,*,#1004,.F.);
#1361=ORIENTED_EDGE('',*,*,#1006,.T.);
#1362=ORIENTED_EDGE('',*,*,#1007,.F.);
#1363=ORIENTED_EDGE('',*,*,#993,.T.);
#1364=ORIENTED_EDGE('',*,*,#996,.F.);
#1365=ORIENTED_EDGE('',*,*,#821,.T.);
#1366=ORIENTED_EDGE('',*,*,#824,.T.);
#1367=ORIENTED_EDGE('',*,*,#827,.T.);
#1368=ORIENTED_EDGE('',*,*,#830,.T.);
#1369=ORIENTED_EDGE('',*,*,#833,.T.);
#1370=ORIENTED_EDGE('',*,*,#836,.T.);
#1371=ORIENTED_EDGE('',*,*,#839,.T.);
#1372=ORIENTED_EDGE('',*,*,#842,.T.);
#1373=ORIENTED_EDGE('',*,*,#845,.T.);
#1374=ORIENTED_EDGE('',*,*,#885,.T.);
#1375=ORIENTED_EDGE('',*,*,#887,.T.);
#1376=ORIENTED_EDGE('',*,*,#889,.T.);
#1377=ORIENTED_EDGE('',*,*,#891,.T.);
#1378=ORIENTED_EDGE('',*,*,#893,.T.);
#1379=ORIENTED_EDGE('',*,*,#895,.T.);
#1380=ORIENTED_EDGE('',*,*,#897,.T.);
#1381=ORIENTED_EDGE('',*,*,#899,.T.);
#1382=ORIENTED_EDGE('',*,*,#901,.T.);
#1383=ORIENTED_EDGE('',*,*,#903,.T.);
#1384=ORIENTED_EDGE('',*,*,#905,.T.);
#1385=ORIENTED_EDGE('',*,*,#907,.T.);
#1386=ORIENTED_EDGE('',*,*,#909,.T.);
#1387=ORIENTED_EDGE('',*,*,#911,.T.);
#1388=ORIENTED_EDGE('',*,*,#913,.T.);
#1389=ORIENTED_EDGE('',*,*,#915,.T.);
#1390=ORIENTED_EDGE('',*,*,#917,.T.);
#1391=ORIENTED_EDGE('',*,*,#919,.T.);
#1392=ORIENTED_EDGE('',*,*,#921,.T.);
#1393=ORIENTED_EDGE('',*,*,#923,.T.);
#1394=ORIENTED_EDGE('',*,*,#925,.T.);
#1395=ORIENTED_EDGE('',*,*,#927,.T.);
#1396=ORIENTED_EDGE('',*,*,#929,.T.);
#1397=ORIENTED_EDGE('',*,*,#931,.T.);
#1398=ORIENTED_EDGE('',*,*,#933,.T.);
#1399=ORIENTED_EDGE('',*,*,#940,.F.);
#1400=ORIENTED_EDGE('',*,*,#1008,.F.);
#1401=ORIENTED_EDGE('',*,*,#1009,.T.);
#1402=ORIENTED_EDGE('',*,*,#966,.F.);
#1403=ORIENTED_EDGE('',*,*,#943,.F.);
#1404=ORIENTED_EDGE('',*,*,#1010,.T.);
#1405=ORIENTED_EDGE('',*,*,#1011,.T.);
#1406=ORIENTED_EDGE('',*,*,#1008,.T.);
#1407=ORIENTED_EDGE('',*,*,#946,.F.);
#1408=ORIENTED_EDGE('',*,*,#1012,.F.);
#1409=ORIENTED_EDGE('',*,*,#1013,.T.);
#1410=ORIENTED_EDGE('',*,*,#1010,.F.);
#1411=ORIENTED_EDGE('',*,*,#949,.F.);
#1412=ORIENTED_EDGE('',*,*,#961,.T.);
#1413=ORIENTED_EDGE('',*,*,#1014,.T.);
#1414=ORIENTED_EDGE('',*,*,#1012,.T.);
#1415=ORIENTED_EDGE('',*,*,#967,.F.);
#1416=ORIENTED_EDGE('',*,*,#1009,.F.);
#1417=ORIENTED_EDGE('',*,*,#1011,.F.);
#1418=ORIENTED_EDGE('',*,*,#1013,.F.);
#1419=ORIENTED_EDGE('',*,*,#1014,.F.);
#1420=ORIENTED_EDGE('',*,*,#960,.T.);
#1421=ORIENTED_EDGE('',*,*,#963,.F.);
#1422=ORIENTED_EDGE('',*,*,#965,.T.);
#1423=ORIENTED_EDGE('',*,*,#882,.T.);
#1424=ORIENTED_EDGE('',*,*,#883,.T.);
#1425=ORIENTED_EDGE('',*,*,#878,.T.);
#1426=ORIENTED_EDGE('',*,*,#884,.T.);
#1427=PLANE('',#1541);
#1428=PLANE('',#1542);
#1429=PLANE('',#1543);
#1430=PLANE('',#1544);
#1431=PLANE('',#1545);
#1432=PLANE('',#1573);
#1433=PLANE('',#1599);
#1434=PLANE('',#1600);
#1435=PLANE('',#1601);
#1436=PLANE('',#1602);
#1437=PLANE('',#1673);
#1438=PLANE('',#1676);
#1439=PLANE('',#1679);
#1440=PLANE('',#1706);
#1441=PLANE('',#1709);
#1442=PLANE('',#1712);
#1443=PLANE('',#1715);
#1444=PLANE('',#1716);
#1445=PLANE('',#1717);
#1446=PLANE('',#1720);
#1447=PLANE('',#1723);
#1448=ADVANCED_FACE('',(#252),#1427,.F.);
#1449=ADVANCED_FACE('',(#253),#1428,.F.);
#1450=ADVANCED_FACE('',(#254),#1429,.F.);
#1451=ADVANCED_FACE('',(#255),#1430,.F.);
#1452=ADVANCED_FACE('',(#256),#1431,.T.);
#1453=ADVANCED_FACE('',(#257),#202,.F.);
#1454=ADVANCED_FACE('',(#258),#203,.F.);
#1455=ADVANCED_FACE('',(#259),#204,.F.);
#1456=ADVANCED_FACE('',(#260),#205,.F.);
#1457=ADVANCED_FACE('',(#261),#206,.F.);
#1458=ADVANCED_FACE('',(#262),#207,.F.);
#1459=ADVANCED_FACE('',(#263),#208,.F.);
#1460=ADVANCED_FACE('',(#264),#209,.F.);
#1461=ADVANCED_FACE('',(#265),#210,.F.);
#1462=ADVANCED_FACE('',(#266,#31,#32,#33,#34,#35,#36,#37,#38,#39,#40,#41,
#42,#43,#44,#45,#46,#47,#48,#49,#50,#51,#52,#53,#54,#55,#56,#57,#58,#59,
#60,#61,#62,#63,#64),#1432,.F.);
#1463=ADVANCED_FACE('',(#267,#65),#1433,.F.);
#1464=ADVANCED_FACE('',(#268),#1434,.F.);
#1465=ADVANCED_FACE('',(#269),#1435,.F.);
#1466=ADVANCED_FACE('',(#270),#1436,.T.);
#1467=ADVANCED_FACE('',(#271),#211,.F.);
#1468=ADVANCED_FACE('',(#272),#212,.F.);
#1469=ADVANCED_FACE('',(#273),#213,.F.);
#1470=ADVANCED_FACE('',(#274),#214,.F.);
#1471=ADVANCED_FACE('',(#275),#215,.F.);
#1472=ADVANCED_FACE('',(#276),#216,.F.);
#1473=ADVANCED_FACE('',(#277),#217,.F.);
#1474=ADVANCED_FACE('',(#278),#218,.F.);
#1475=ADVANCED_FACE('',(#279),#219,.F.);
#1476=ADVANCED_FACE('',(#280),#220,.F.);
#1477=ADVANCED_FACE('',(#281),#221,.F.);
#1478=ADVANCED_FACE('',(#282),#222,.F.);
#1479=ADVANCED_FACE('',(#283),#223,.F.);
#1480=ADVANCED_FACE('',(#284),#224,.F.);
#1481=ADVANCED_FACE('',(#285),#225,.F.);
#1482=ADVANCED_FACE('',(#286),#226,.F.);
#1483=ADVANCED_FACE('',(#287),#227,.F.);
#1484=ADVANCED_FACE('',(#288),#228,.F.);
#1485=ADVANCED_FACE('',(#289),#229,.F.);
#1486=ADVANCED_FACE('',(#290),#230,.F.);
#1487=ADVANCED_FACE('',(#291),#231,.F.);
#1488=ADVANCED_FACE('',(#292),#232,.F.);
#1489=ADVANCED_FACE('',(#293),#233,.F.);
#1490=ADVANCED_FACE('',(#294),#234,.F.);
#1491=ADVANCED_FACE('',(#295),#235,.F.);
#1492=ADVANCED_FACE('',(#296),#27,.F.);
#1493=ADVANCED_FACE('',(#297),#236,.T.);
#1494=ADVANCED_FACE('',(#298),#28,.F.);
#1495=ADVANCED_FACE('',(#299),#237,.T.);
#1496=ADVANCED_FACE('',(#300),#29,.F.);
#1497=ADVANCED_FACE('',(#301),#238,.T.);
#1498=ADVANCED_FACE('',(#302),#30,.F.);
#1499=ADVANCED_FACE('',(#303),#239,.T.);
#1500=ADVANCED_FACE('',(#304),#1437,.F.);
#1501=ADVANCED_FACE('',(#305),#240,.T.);
#1502=ADVANCED_FACE('',(#306),#1438,.T.);
#1503=ADVANCED_FACE('',(#307),#241,.T.);
#1504=ADVANCED_FACE('',(#308,#66),#1439,.T.);
#1505=ADVANCED_FACE('',(#309),#242,.T.);
#1506=ADVANCED_FACE('',(#310),#15,.T.);
#1507=ADVANCED_FACE('',(#311),#243,.T.);
#1508=ADVANCED_FACE('',(#312),#16,.T.);
#1509=ADVANCED_FACE('',(#313),#244,.T.);
#1510=ADVANCED_FACE('',(#314),#17,.T.);
#1511=ADVANCED_FACE('',(#315),#245,.T.);
#1512=ADVANCED_FACE('',(#316),#18,.T.);
#1513=ADVANCED_FACE('',(#317),#246,.F.);
#1514=ADVANCED_FACE('',(#318),#1440,.F.);
#1515=ADVANCED_FACE('',(#319),#247,.F.);
#1516=ADVANCED_FACE('',(#320),#1441,.F.);
#1517=ADVANCED_FACE('',(#321),#248,.F.);
#1518=ADVANCED_FACE('',(#322),#1442,.F.);
#1519=ADVANCED_FACE('',(#323),#249,.F.);
#1520=ADVANCED_FACE('',(#324),#1443,.F.);
#1521=ADVANCED_FACE('',(#325,#67,#68,#69,#70,#71,#72,#73,#74,#75,#76,#77,
#78,#79,#80,#81,#82,#83,#84,#85,#86,#87,#88,#89,#90,#91,#92,#93,#94,#95,
#96,#97,#98,#99,#100),#1444,.F.);
#1522=ADVANCED_FACE('',(#326),#1445,.T.);
#1523=ADVANCED_FACE('',(#327),#250,.T.);
#1524=ADVANCED_FACE('',(#328),#1446,.T.);
#1525=ADVANCED_FACE('',(#329),#251,.T.);
#1526=ADVANCED_FACE('',(#330,#101),#1447,.T.);
#1527=CLOSED_SHELL('',(#1448,#1449,#1450,#1451,#1452,#1453,#1454,#1455,
#1456,#1457,#1458,#1459,#1460,#1461,#1462,#1463,#1464,#1465,#1466,#1467,
#1468,#1469,#1470,#1471,#1472,#1473,#1474,#1475,#1476,#1477,#1478,#1479,
#1480,#1481,#1482,#1483,#1484,#1485,#1486,#1487,#1488,#1489,#1490,#1491,
#1492,#1493,#1494,#1495,#1496,#1497,#1498,#1499,#1500,#1501,#1502,#1503,
#1504,#1505,#1506,#1507,#1508,#1509,#1510,#1511,#1512,#1513,#1514,#1515,
#1516,#1517,#1518,#1519,#1520,#1521,#1522,#1523,#1524,#1525,#1526));
#1528=DERIVED_UNIT_ELEMENT(#1530,1.);
#1529=DERIVED_UNIT_ELEMENT(#2763,-3.);
#1530=(
MASS_UNIT()
NAMED_UNIT(*)
SI_UNIT(.KILO.,.GRAM.)
);
#1531=DERIVED_UNIT((#1528,#1529));
#1532=MEASURE_REPRESENTATION_ITEM('density measure',
POSITIVE_RATIO_MEASURE(7850.),#1531);
#1533=PROPERTY_DEFINITION_REPRESENTATION(#1538,#1535);
#1534=PROPERTY_DEFINITION_REPRESENTATION(#1539,#1536);
#1535=REPRESENTATION('material name',(#1537),#2760);
#1536=REPRESENTATION('density',(#1532),#2760);
#1537=DESCRIPTIVE_REPRESENTATION_ITEM('Stahl','Stahl');
#1538=PROPERTY_DEFINITION('material property','material name',#2770);
#1539=PROPERTY_DEFINITION('material property','density of part',#2770);
#1540=AXIS2_PLACEMENT_3D('placement',#2190,#1724,#1725);
#1541=AXIS2_PLACEMENT_3D('',#2191,#1726,#1727);
#1542=AXIS2_PLACEMENT_3D('',#2200,#1732,#1733);
#1543=AXIS2_PLACEMENT_3D('',#2206,#1737,#1738);
#1544=AXIS2_PLACEMENT_3D('',#2210,#1741,#1742);
#1545=AXIS2_PLACEMENT_3D('',#2214,#1745,#1746);
#1546=AXIS2_PLACEMENT_3D('',#2216,#1748,#1749);
#1547=AXIS2_PLACEMENT_3D('',#2218,#1750,#1751);
#1548=AXIS2_PLACEMENT_3D('',#2221,#1753,#1754);
#1549=AXIS2_PLACEMENT_3D('',#2222,#1755,#1756);
#1550=AXIS2_PLACEMENT_3D('',#2224,#1757,#1758);
#1551=AXIS2_PLACEMENT_3D('',#2227,#1760,#1761);
#1552=AXIS2_PLACEMENT_3D('',#2228,#1762,#1763);
#1553=AXIS2_PLACEMENT_3D('',#2230,#1764,#1765);
#1554=AXIS2_PLACEMENT_3D('',#2233,#1767,#1768);
#1555=AXIS2_PLACEMENT_3D('',#2234,#1769,#1770);
#1556=AXIS2_PLACEMENT_3D('',#2236,#1771,#1772);
#1557=AXIS2_PLACEMENT_3D('',#2239,#1774,#1775);
#1558=AXIS2_PLACEMENT_3D('',#2240,#1776,#1777);
#1559=AXIS2_PLACEMENT_3D('',#2242,#1778,#1779);
#1560=AXIS2_PLACEMENT_3D('',#2245,#1781,#1782);
#1561=AXIS2_PLACEMENT_3D('',#2246,#1783,#1784);
#1562=AXIS2_PLACEMENT_3D('',#2248,#1785,#1786);
#1563=AXIS2_PLACEMENT_3D('',#2251,#1788,#1789);
#1564=AXIS2_PLACEMENT_3D('',#2252,#1790,#1791);
#1565=AXIS2_PLACEMENT_3D('',#2254,#1792,#1793);
#1566=AXIS2_PLACEMENT_3D('',#2257,#1795,#1796);
#1567=AXIS2_PLACEMENT_3D('',#2258,#1797,#1798);
#1568=AXIS2_PLACEMENT_3D('',#2260,#1799,#1800);
#1569=AXIS2_PLACEMENT_3D('',#2263,#1802,#1803);
#1570=AXIS2_PLACEMENT_3D('',#2264,#1804,#1805);
#1571=AXIS2_PLACEMENT_3D('',#2266,#1806,#1807);
#1572=AXIS2_PLACEMENT_3D('',#2269,#1809,#1810);
#1573=AXIS2_PLACEMENT_3D('',#2270,#1811,#1812);
#1574=AXIS2_PLACEMENT_3D('',#2280,#1817,#1818);
#1575=AXIS2_PLACEMENT_3D('',#2282,#1819,#1820);
#1576=AXIS2_PLACEMENT_3D('',#2284,#1821,#1822);
#1577=AXIS2_PLACEMENT_3D('',#2286,#1823,#1824);
#1578=AXIS2_PLACEMENT_3D('',#2288,#1825,#1826);
#1579=AXIS2_PLACEMENT_3D('',#2290,#1827,#1828);
#1580=AXIS2_PLACEMENT_3D('',#2292,#1829,#1830);
#1581=AXIS2_PLACEMENT_3D('',#2294,#1831,#1832);
#1582=AXIS2_PLACEMENT_3D('',#2296,#1833,#1834);
#1583=AXIS2_PLACEMENT_3D('',#2298,#1835,#1836);
#1584=AXIS2_PLACEMENT_3D('',#2300,#1837,#1838);
#1585=AXIS2_PLACEMENT_3D('',#2302,#1839,#1840);
#1586=AXIS2_PLACEMENT_3D('',#2304,#1841,#1842);
#1587=AXIS2_PLACEMENT_3D('',#2306,#1843,#1844);
#1588=AXIS2_PLACEMENT_3D('',#2308,#1845,#1846);
#1589=AXIS2_PLACEMENT_3D('',#2310,#1847,#1848);
#1590=AXIS2_PLACEMENT_3D('',#2312,#1849,#1850);
#1591=AXIS2_PLACEMENT_3D('',#2314,#1851,#1852);
#1592=AXIS2_PLACEMENT_3D('',#2316,#1853,#1854);
#1593=AXIS2_PLACEMENT_3D('',#2318,#1855,#1856);
#1594=AXIS2_PLACEMENT_3D('',#2320,#1857,#1858);
#1595=AXIS2_PLACEMENT_3D('',#2322,#1859,#1860);
#1596=AXIS2_PLACEMENT_3D('',#2324,#1861,#1862);
#1597=AXIS2_PLACEMENT_3D('',#2326,#1863,#1864);
#1598=AXIS2_PLACEMENT_3D('',#2328,#1865,#1866);
#1599=AXIS2_PLACEMENT_3D('',#2329,#1867,#1868);
#1600=AXIS2_PLACEMENT_3D('',#2335,#1872,#1873);
#1601=AXIS2_PLACEMENT_3D('',#2341,#1877,#1878);
#1602=AXIS2_PLACEMENT_3D('',#2343,#1880,#1881);
#1603=AXIS2_PLACEMENT_3D('',#2345,#1883,#1884);
#1604=AXIS2_PLACEMENT_3D('',#2347,#1885,#1886);
#1605=AXIS2_PLACEMENT_3D('',#2349,#1888,#1889);
#1606=AXIS2_PLACEMENT_3D('',#2351,#1890,#1891);
#1607=AXIS2_PLACEMENT_3D('',#2353,#1893,#1894);
#1608=AXIS2_PLACEMENT_3D('',#2355,#1895,#1896);
#1609=AXIS2_PLACEMENT_3D('',#2357,#1898,#1899);
#1610=AXIS2_PLACEMENT_3D('',#2359,#1900,#1901);
#1611=AXIS2_PLACEMENT_3D('',#2361,#1903,#1904);
#1612=AXIS2_PLACEMENT_3D('',#2363,#1905,#1906);
#1613=AXIS2_PLACEMENT_3D('',#2365,#1908,#1909);
#1614=AXIS2_PLACEMENT_3D('',#2367,#1910,#1911);
#1615=AXIS2_PLACEMENT_3D('',#2369,#1913,#1914);
#1616=AXIS2_PLACEMENT_3D('',#2371,#1915,#1916);
#1617=AXIS2_PLACEMENT_3D('',#2373,#1918,#1919);
#1618=AXIS2_PLACEMENT_3D('',#2375,#1920,#1921);
#1619=AXIS2_PLACEMENT_3D('',#2377,#1923,#1924);
#1620=AXIS2_PLACEMENT_3D('',#2379,#1925,#1926);
#1621=AXIS2_PLACEMENT_3D('',#2381,#1928,#1929);
#1622=AXIS2_PLACEMENT_3D('',#2383,#1930,#1931);
#1623=AXIS2_PLACEMENT_3D('',#2385,#1933,#1934);
#1624=AXIS2_PLACEMENT_3D('',#2387,#1935,#1936);
#1625=AXIS2_PLACEMENT_3D('',#2389,#1938,#1939);
#1626=AXIS2_PLACEMENT_3D('',#2391,#1940,#1941);
#1627=AXIS2_PLACEMENT_3D('',#2393,#1943,#1944);
#1628=AXIS2_PLACEMENT_3D('',#2395,#1945,#1946);
#1629=AXIS2_PLACEMENT_3D('',#2397,#1948,#1949);
#1630=AXIS2_PLACEMENT_3D('',#2399,#1950,#1951);
#1631=AXIS2_PLACEMENT_3D('',#2401,#1953,#1954);
#1632=AXIS2_PLACEMENT_3D('',#2403,#1955,#1956);
#1633=AXIS2_PLACEMENT_3D('',#2405,#1958,#1959);
#1634=AXIS2_PLACEMENT_3D('',#2407,#1960,#1961);
#1635=AXIS2_PLACEMENT_3D('',#2409,#1963,#1964);
#1636=AXIS2_PLACEMENT_3D('',#2411,#1965,#1966);
#1637=AXIS2_PLACEMENT_3D('',#2413,#1968,#1969);
#1638=AXIS2_PLACEMENT_3D('',#2415,#1970,#1971);
#1639=AXIS2_PLACEMENT_3D('',#2417,#1973,#1974);
#1640=AXIS2_PLACEMENT_3D('',#2419,#1975,#1976);
#1641=AXIS2_PLACEMENT_3D('',#2421,#1978,#1979);
#1642=AXIS2_PLACEMENT_3D('',#2423,#1980,#1981);
#1643=AXIS2_PLACEMENT_3D('',#2425,#1983,#1984);
#1644=AXIS2_PLACEMENT_3D('',#2427,#1985,#1986);
#1645=AXIS2_PLACEMENT_3D('',#2429,#1988,#1989);
#1646=AXIS2_PLACEMENT_3D('',#2431,#1990,#1991);
#1647=AXIS2_PLACEMENT_3D('',#2433,#1993,#1994);
#1648=AXIS2_PLACEMENT_3D('',#2435,#1995,#1996);
#1649=AXIS2_PLACEMENT_3D('',#2437,#1998,#1999);
#1650=AXIS2_PLACEMENT_3D('',#2439,#2000,#2001);
#1651=AXIS2_PLACEMENT_3D('',#2441,#2003,#2004);
#1652=AXIS2_PLACEMENT_3D('',#2443,#2005,#2006);
#1653=AXIS2_PLACEMENT_3D('',#2489,#2008,#2009);
#1654=AXIS2_PLACEMENT_3D('',#2491,#2010,#2011);
#1655=AXIS2_PLACEMENT_3D('',#2493,#2012,#2013);
#1656=AXIS2_PLACEMENT_3D('',#2494,#2014,#2015);
#1657=AXIS2_PLACEMENT_3D('',#2495,#2016,#2017);
#1658=AXIS2_PLACEMENT_3D('',#2498,#2018,#2019);
#1659=AXIS2_PLACEMENT_3D('',#2538,#2022,#2023);
#1660=AXIS2_PLACEMENT_3D('',#2539,#2024,#2025);
#1661=AXIS2_PLACEMENT_3D('',#2540,#2026,#2027);
#1662=AXIS2_PLACEMENT_3D('',#2541,#2028,#2029);
#1663=AXIS2_PLACEMENT_3D('',#2544,#2030,#2031);
#1664=AXIS2_PLACEMENT_3D('',#2584,#2034,#2035);
#1665=AXIS2_PLACEMENT_3D('',#2585,#2036,#2037);
#1666=AXIS2_PLACEMENT_3D('',#2586,#2038,#2039);
#1667=AXIS2_PLACEMENT_3D('',#2587,#2040,#2041);
#1668=AXIS2_PLACEMENT_3D('',#2590,#2042,#2043);
#1669=AXIS2_PLACEMENT_3D('',#2637,#2046,#2047);
#1670=AXIS2_PLACEMENT_3D('',#2638,#2048,#2049);
#1671=AXIS2_PLACEMENT_3D('',#2639,#2050,#2051);
#1672=AXIS2_PLACEMENT_3D('',#2640,#2052,#2053);
#1673=AXIS2_PLACEMENT_3D('',#2643,#2056,#2057);
#1674=AXIS2_PLACEMENT_3D('',#2649,#2061,#2062);
#1675=AXIS2_PLACEMENT_3D('',#2652,#2064,#2065);
#1676=AXIS2_PLACEMENT_3D('',#2653,#2066,#2067);
#1677=AXIS2_PLACEMENT_3D('',#2657,#2070,#2071);
#1678=AXIS2_PLACEMENT_3D('',#2660,#2073,#2074);
#1679=AXIS2_PLACEMENT_3D('',#2661,#2075,#2076);
#1680=AXIS2_PLACEMENT_3D('',#2666,#2078,#2079);
#1681=AXIS2_PLACEMENT_3D('',#2670,#2081,#2082);
#1682=AXIS2_PLACEMENT_3D('',#2674,#2084,#2085);
#1683=AXIS2_PLACEMENT_3D('',#2677,#2087,#2088);
#1684=AXIS2_PLACEMENT_3D('',#2678,#2089,#2090);
#1685=AXIS2_PLACEMENT_3D('',#2680,#2091,#2092);
#1686=AXIS2_PLACEMENT_3D('',#2683,#2094,#2095);
#1687=AXIS2_PLACEMENT_3D('',#2684,#2096,#2097);
#1688=AXIS2_PLACEMENT_3D('',#2686,#2098,#2099);
#1689=AXIS2_PLACEMENT_3D('',#2687,#2100,#2101);
#1690=AXIS2_PLACEMENT_3D('',#2688,#2102,#2103);
#1691=AXIS2_PLACEMENT_3D('',#2690,#2104,#2105);
#1692=AXIS2_PLACEMENT_3D('',#2692,#2107,#2108);
#1693=AXIS2_PLACEMENT_3D('',#2694,#2109,#2110);
#1694=AXIS2_PLACEMENT_3D('',#2695,#2111,#2112);
#1695=AXIS2_PLACEMENT_3D('',#2696,#2113,#2114);
#1696=AXIS2_PLACEMENT_3D('',#2698,#2115,#2116);
#1697=AXIS2_PLACEMENT_3D('',#2700,#2118,#2119);
#1698=AXIS2_PLACEMENT_3D('',#2702,#2120,#2121);
#1699=AXIS2_PLACEMENT_3D('',#2703,#2122,#2123);
#1700=AXIS2_PLACEMENT_3D('',#2704,#2124,#2125);
#1701=AXIS2_PLACEMENT_3D('',#2706,#2126,#2127);
#1702=AXIS2_PLACEMENT_3D('',#2708,#2129,#2130);
#1703=AXIS2_PLACEMENT_3D('',#2709,#2131,#2132);
#1704=AXIS2_PLACEMENT_3D('',#2710,#2133,#2134);
#1705=AXIS2_PLACEMENT_3D('',#2714,#2136,#2137);
#1706=AXIS2_PLACEMENT_3D('',#2716,#2139,#2140);
#1707=AXIS2_PLACEMENT_3D('',#2720,#2143,#2144);
#1708=AXIS2_PLACEMENT_3D('',#2723,#2146,#2147);
#1709=AXIS2_PLACEMENT_3D('',#2724,#2148,#2149);
#1710=AXIS2_PLACEMENT_3D('',#2728,#2152,#2153);
#1711=AXIS2_PLACEMENT_3D('',#2731,#2155,#2156);
#1712=AXIS2_PLACEMENT_3D('',#2732,#2157,#2158);
#1713=AXIS2_PLACEMENT_3D('',#2736,#2161,#2162);
#1714=AXIS2_PLACEMENT_3D('',#2739,#2164,#2165);
#1715=AXIS2_PLACEMENT_3D('',#2740,#2166,#2167);
#1716=AXIS2_PLACEMENT_3D('',#2742,#2169,#2170);
#1717=AXIS2_PLACEMENT_3D('',#2743,#2171,#2172);
#1718=AXIS2_PLACEMENT_3D('',#2747,#2175,#2176);
#1719=AXIS2_PLACEMENT_3D('',#2750,#2178,#2179);
#1720=AXIS2_PLACEMENT_3D('',#2751,#2180,#2181);
#1721=AXIS2_PLACEMENT_3D('',#2755,#2184,#2185);
#1722=AXIS2_PLACEMENT_3D('',#2756,#2186,#2187);
#1723=AXIS2_PLACEMENT_3D('',#2757,#2188,#2189);
#1724=DIRECTION('axis',(0.,0.,1.));
#1725=DIRECTION('refdir',(1.,0.,0.));
#1726=DIRECTION('center_axis',(0.,-1.,0.));
#1727=DIRECTION('ref_axis',(0.936329177569044,0.,-0.351123441588392));
#1728=DIRECTION('',(-3.70074341541719E-17,0.,1.));
#1729=DIRECTION('',(0.936329177569044,0.,-0.351123441588392));
#1730=DIRECTION('',(0.351123441588392,0.,0.936329177569044));
#1731=DIRECTION('',(0.936329177569044,0.,-0.351123441588392));
#1732=DIRECTION('center_axis',(0.351123441588392,0.,0.936329177569045));
#1733=DIRECTION('ref_axis',(0.936329177569044,0.,-0.351123441588392));
#1734=DIRECTION('',(0.,1.,0.));
#1735=DIRECTION('',(0.,-1.,0.));
#1736=DIRECTION('',(-0.936329177569044,0.,0.351123441588392));
#1737=DIRECTION('center_axis',(-0.936329177569045,0.,0.351123441588392));
#1738=DIRECTION('ref_axis',(0.,-1.,0.));
#1739=DIRECTION('',(0.,-1.,0.));
#1740=DIRECTION('',(0.351123441588392,0.,0.936329177569044));
#1741=DIRECTION('center_axis',(0.,1.,0.));
#1742=DIRECTION('ref_axis',(-0.936329177569044,0.,0.351123441588392));
#1743=DIRECTION('',(3.70074341541719E-17,0.,-1.));
#1744=DIRECTION('',(-0.936329177569044,0.,0.351123441588392));
#1745=DIRECTION('center_axis',(0.351123441588392,0.,0.936329177569045));
#1746=DIRECTION('ref_axis',(0.936329177569044,0.,-0.351123441588392));
#1747=DIRECTION('',(0.,-1.,0.));
#1748=DIRECTION('center_axis',(-0.351123441588392,0.,-0.936329177569044));
#1749=DIRECTION('ref_axis',(0.936329177569045,0.,-0.351123441588392));
#1750=DIRECTION('center_axis',(-0.351123441588392,0.,-0.936329177569045));
#1751=DIRECTION('ref_axis',(0.936329177569045,0.,-0.351123441588392));
#1752=DIRECTION('',(-0.351123441588392,0.,-0.936329177569045));
#1753=DIRECTION('center_axis',(0.351841648404702,0.,0.936059535738973));
#1754=DIRECTION('ref_axis',(0.936059535738973,0.,-0.351841648404702));
#1755=DIRECTION('center_axis',(-0.351123441588392,0.,-0.936329177569044));
#1756=DIRECTION('ref_axis',(0.936329177569045,0.,-0.351123441588392));
#1757=DIRECTION('center_axis',(-0.351123441588392,0.,-0.936329177569045));
#1758=DIRECTION('ref_axis',(0.936329177569045,0.,-0.351123441588392));
#1759=DIRECTION('',(-0.351123441588392,0.,-0.936329177569045));
#1760=DIRECTION('center_axis',(0.351841648404702,0.,0.936059535738973));
#1761=DIRECTION('ref_axis',(0.936059535738973,0.,-0.351841648404702));
#1762=DIRECTION('center_axis',(-0.351123441588392,0.,-0.936329177569044));
#1763=DIRECTION('ref_axis',(0.936329177569045,0.,-0.351123441588392));
#1764=DIRECTION('center_axis',(-0.351123441588392,0.,-0.936329177569045));
#1765=DIRECTION('ref_axis',(0.936329177569045,0.,-0.351123441588392));
#1766=DIRECTION('',(-0.351123441588392,0.,-0.936329177569045));
#1767=DIRECTION('center_axis',(0.351841648404702,0.,0.936059535738973));
#1768=DIRECTION('ref_axis',(0.936059535738973,0.,-0.351841648404702));
#1769=DIRECTION('center_axis',(-0.351123441588392,0.,-0.936329177569044));
#1770=DIRECTION('ref_axis',(0.936329177569045,0.,-0.351123441588392));
#1771=DIRECTION('center_axis',(-0.351123441588392,0.,-0.936329177569045));
#1772=DIRECTION('ref_axis',(0.936329177569045,0.,-0.351123441588392));
#1773=DIRECTION('',(-0.351123441588392,0.,-0.936329177569045));
#1774=DIRECTION('center_axis',(0.351841648404702,0.,0.936059535738973));
#1775=DIRECTION('ref_axis',(0.936059535738973,0.,-0.351841648404702));
#1776=DIRECTION('center_axis',(-0.351123441588392,0.,-0.936329177569044));
#1777=DIRECTION('ref_axis',(0.936329177569045,0.,-0.351123441588392));
#1778=DIRECTION('center_axis',(-0.351123441588392,0.,-0.936329177569045));
#1779=DIRECTION('ref_axis',(0.936329177569045,0.,-0.351123441588392));
#1780=DIRECTION('',(-0.351123441588392,0.,-0.936329177569045));
#1781=DIRECTION('center_axis',(0.351841648404702,0.,0.936059535738973));
#1782=DIRECTION('ref_axis',(0.936059535738973,0.,-0.351841648404702));
#1783=DIRECTION('center_axis',(-0.351123441588392,0.,-0.936329177569044));
#1784=DIRECTION('ref_axis',(0.936329177569045,0.,-0.351123441588392));
#1785=DIRECTION('center_axis',(-0.351123441588392,0.,-0.936329177569045));
#1786=DIRECTION('ref_axis',(0.936329177569045,0.,-0.351123441588392));
#1787=DIRECTION('',(-0.351123441588392,0.,-0.936329177569045));
#1788=DIRECTION('center_axis',(0.351841648404702,0.,0.936059535738973));
#1789=DIRECTION('ref_axis',(0.936059535738973,0.,-0.351841648404702));
#1790=DIRECTION('center_axis',(-0.351123441588392,0.,-0.936329177569044));
#1791=DIRECTION('ref_axis',(0.936329177569045,0.,-0.351123441588392));
#1792=DIRECTION('center_axis',(-0.351123441588392,0.,-0.936329177569045));
#1793=DIRECTION('ref_axis',(0.936329177569045,0.,-0.351123441588392));
#1794=DIRECTION('',(-0.351123441588392,0.,-0.936329177569045));
#1795=DIRECTION('center_axis',(0.351841648404702,0.,0.936059535738973));
#1796=DIRECTION('ref_axis',(0.936059535738973,0.,-0.351841648404702));
#1797=DIRECTION('center_axis',(-0.351123441588392,0.,-0.936329177569044));
#1798=DIRECTION('ref_axis',(0.936329177569045,0.,-0.351123441588392));
#1799=DIRECTION('center_axis',(-0.351123441588392,0.,-0.936329177569045));
#1800=DIRECTION('ref_axis',(0.936329177569045,0.,-0.351123441588392));
#1801=DIRECTION('',(-0.351123441588392,0.,-0.936329177569045));
#1802=DIRECTION('center_axis',(0.351841648404702,0.,0.936059535738973));
#1803=DIRECTION('ref_axis',(0.936059535738973,0.,-0.351841648404702));
#1804=DIRECTION('center_axis',(-0.351123441588392,0.,-0.936329177569044));
#1805=DIRECTION('ref_axis',(0.936329177569045,0.,-0.351123441588392));
#1806=DIRECTION('center_axis',(-0.351123441588392,0.,-0.936329177569045));
#1807=DIRECTION('ref_axis',(0.936329177569045,0.,-0.351123441588392));
#1808=DIRECTION('',(-0.351123441588392,0.,-0.936329177569045));
#1809=DIRECTION('center_axis',(0.351841648404702,0.,0.936059535738973));
#1810=DIRECTION('ref_axis',(0.936059535738973,0.,-0.351841648404702));
#1811=DIRECTION('center_axis',(0.351841648404702,0.,0.936059535738973));
#1812=DIRECTION('ref_axis',(0.936059535738973,0.,-0.351841648404702));
#1813=DIRECTION('',(0.936059535738973,0.,-0.351841648404702));
#1814=DIRECTION('',(0.,1.,0.));
#1815=DIRECTION('',(0.936059535738973,0.,-0.351841648404702));
#1816=DIRECTION('',(0.,1.,0.));
#1817=DIRECTION('center_axis',(-0.351841648404702,0.,-0.936059535738973));
#1818=DIRECTION('ref_axis',(0.936059535738973,0.,-0.351841648404702));
#1819=DIRECTION('center_axis',(-0.351841648404702,0.,-0.936059535738973));
#1820=DIRECTION('ref_axis',(0.936059535738973,0.,-0.351841648404702));
#1821=DIRECTION('center_axis',(-0.351841648404702,0.,-0.936059535738973));
#1822=DIRECTION('ref_axis',(0.936059535738973,0.,-0.351841648404702));
#1823=DIRECTION('center_axis',(-0.351841648404702,0.,-0.936059535738973));
#1824=DIRECTION('ref_axis',(0.936059535738973,0.,-0.351841648404702));
#1825=DIRECTION('center_axis',(-0.351841648404702,0.,-0.936059535738973));
#1826=DIRECTION('ref_axis',(0.936059535738973,0.,-0.351841648404702));
#1827=DIRECTION('center_axis',(-0.351841648404702,0.,-0.936059535738973));
#1828=DIRECTION('ref_axis',(0.936059535738973,0.,-0.351841648404702));
#1829=DIRECTION('center_axis',(-0.351841648404702,0.,-0.936059535738973));
#1830=DIRECTION('ref_axis',(0.936059535738973,0.,-0.351841648404702));
#1831=DIRECTION('center_axis',(-0.351841648404702,0.,-0.936059535738973));
#1832=DIRECTION('ref_axis',(0.936059535738973,0.,-0.351841648404702));
#1833=DIRECTION('center_axis',(-0.351841648404702,0.,-0.936059535738973));
#1834=DIRECTION('ref_axis',(0.936059535738973,0.,-0.351841648404702));
#1835=DIRECTION('center_axis',(-0.351841648404702,0.,-0.936059535738973));
#1836=DIRECTION('ref_axis',(0.936059535738973,0.,-0.351841648404702));
#1837=DIRECTION('center_axis',(-0.351841648404702,0.,-0.936059535738973));
#1838=DIRECTION('ref_axis',(0.936059535738973,0.,-0.351841648404702));
#1839=DIRECTION('center_axis',(-0.351841648404702,0.,-0.936059535738973));
#1840=DIRECTION('ref_axis',(0.936059535738973,0.,-0.351841648404702));
#1841=DIRECTION('center_axis',(-0.351841648404702,0.,-0.936059535738973));
#1842=DIRECTION('ref_axis',(0.936059535738973,0.,-0.351841648404702));
#1843=DIRECTION('center_axis',(-0.351841648404702,0.,-0.936059535738973));
#1844=DIRECTION('ref_axis',(0.936059535738973,0.,-0.351841648404702));
#1845=DIRECTION('center_axis',(-0.351841648404702,0.,-0.936059535738973));
#1846=DIRECTION('ref_axis',(0.936059535738973,0.,-0.351841648404702));
#1847=DIRECTION('center_axis',(-0.351841648404702,0.,-0.936059535738973));
#1848=DIRECTION('ref_axis',(0.936059535738973,0.,-0.351841648404702));
#1849=DIRECTION('center_axis',(-0.351841648404702,0.,-0.936059535738973));
#1850=DIRECTION('ref_axis',(0.936059535738973,0.,-0.351841648404702));
#1851=DIRECTION('center_axis',(-0.351841648404702,0.,-0.936059535738973));
#1852=DIRECTION('ref_axis',(0.936059535738973,0.,-0.351841648404702));
#1853=DIRECTION('center_axis',(-0.351841648404702,0.,-0.936059535738973));
#1854=DIRECTION('ref_axis',(0.936059535738973,0.,-0.351841648404702));
#1855=DIRECTION('center_axis',(-0.351841648404702,0.,-0.936059535738973));
#1856=DIRECTION('ref_axis',(0.936059535738973,0.,-0.351841648404702));
#1857=DIRECTION('center_axis',(-0.351841648404702,0.,-0.936059535738973));
#1858=DIRECTION('ref_axis',(0.936059535738973,0.,-0.351841648404702));
#1859=DIRECTION('center_axis',(-0.351841648404702,0.,-0.936059535738973));
#1860=DIRECTION('ref_axis',(0.936059535738973,0.,-0.351841648404702));
#1861=DIRECTION('center_axis',(-0.351841648404702,0.,-0.936059535738973));
#1862=DIRECTION('ref_axis',(0.936059535738973,0.,-0.351841648404702));
#1863=DIRECTION('center_axis',(-0.351841648404702,0.,-0.936059535738973));
#1864=DIRECTION('ref_axis',(0.936059535738973,0.,-0.351841648404702));
#1865=DIRECTION('center_axis',(-0.351841648404702,0.,-0.936059535738973));
#1866=DIRECTION('ref_axis',(0.936059535738973,0.,-0.351841648404702));
#1867=DIRECTION('center_axis',(-1.,0.,-3.70074341541719E-17));
#1868=DIRECTION('ref_axis',(-3.70074341541719E-17,0.,1.));
#1869=DIRECTION('',(-3.70074341541719E-17,0.,1.));
#1870=DIRECTION('',(0.,-1.,0.));
#1871=DIRECTION('',(-3.70074341541719E-17,0.,1.));
#1872=DIRECTION('center_axis',(1.,0.,0.));
#1873=DIRECTION('ref_axis',(0.,0.,-1.));
#1874=DIRECTION('',(0.,0.,-1.));
#1875=DIRECTION('',(0.,0.,-1.));
#1876=DIRECTION('',(0.,1.,0.));
#1877=DIRECTION('center_axis',(0.,1.,0.));
#1878=DIRECTION('ref_axis',(0.,0.,1.));
#1879=DIRECTION('',(-1.,0.,6.12323399573677E-17));
#1880=DIRECTION('center_axis',(0.,1.,0.));
#1881=DIRECTION('ref_axis',(1.,0.,0.));
#1882=DIRECTION('',(1.,0.,-6.12323399573677E-17));
#1883=DIRECTION('center_axis',(-0.351123441588392,0.,-0.936329177569044));
#1884=DIRECTION('ref_axis',(0.936329177569044,0.,-0.351123441588392));
#1885=DIRECTION('center_axis',(-0.351123441588392,0.,-0.936329177569045));
#1886=DIRECTION('ref_axis',(0.936329177569044,0.,-0.351123441588392));
#1887=DIRECTION('',(-0.351123441588392,0.,-0.936329177569044));
#1888=DIRECTION('center_axis',(-0.351123441588392,0.,-0.936329177569044));
#1889=DIRECTION('ref_axis',(0.936329177569044,0.,-0.351123441588392));
#1890=DIRECTION('center_axis',(-0.351123441588392,0.,-0.936329177569045));
#1891=DIRECTION('ref_axis',(0.936329177569044,0.,-0.351123441588392));
#1892=DIRECTION('',(-0.351123441588392,0.,-0.936329177569044));
#1893=DIRECTION('center_axis',(-0.351123441588392,0.,-0.936329177569044));
#1894=DIRECTION('ref_axis',(0.936329177569044,0.,-0.351123441588392));
#1895=DIRECTION('center_axis',(-0.351123441588392,0.,-0.936329177569045));
#1896=DIRECTION('ref_axis',(0.936329177569044,0.,-0.351123441588392));
#1897=DIRECTION('',(-0.351123441588392,0.,-0.936329177569044));
#1898=DIRECTION('center_axis',(-0.351123441588392,0.,-0.936329177569044));
#1899=DIRECTION('ref_axis',(0.936329177569044,0.,-0.351123441588392));
#1900=DIRECTION('center_axis',(-0.351123441588392,0.,-0.936329177569045));
#1901=DIRECTION('ref_axis',(0.936329177569044,0.,-0.351123441588392));
#1902=DIRECTION('',(-0.351123441588392,0.,-0.936329177569044));
#1903=DIRECTION('center_axis',(-0.351123441588392,0.,-0.936329177569044));
#1904=DIRECTION('ref_axis',(0.936329177569044,0.,-0.351123441588392));
#1905=DIRECTION('center_axis',(-0.351123441588392,0.,-0.936329177569045));
#1906=DIRECTION('ref_axis',(0.936329177569044,0.,-0.351123441588392));
#1907=DIRECTION('',(-0.351123441588392,0.,-0.936329177569044));
#1908=DIRECTION('center_axis',(-0.351123441588392,0.,-0.936329177569044));
#1909=DIRECTION('ref_axis',(0.936329177569044,0.,-0.351123441588392));
#1910=DIRECTION('center_axis',(-0.351123441588392,0.,-0.936329177569045));
#1911=DIRECTION('ref_axis',(0.936329177569044,0.,-0.351123441588392));
#1912=DIRECTION('',(-0.351123441588392,0.,-0.936329177569044));
#1913=DIRECTION('center_axis',(-0.351123441588392,0.,-0.936329177569044));
#1914=DIRECTION('ref_axis',(0.936329177569044,0.,-0.351123441588392));
#1915=DIRECTION('center_axis',(-0.351123441588392,0.,-0.936329177569045));
#1916=DIRECTION('ref_axis',(0.936329177569044,0.,-0.351123441588392));
#1917=DIRECTION('',(-0.351123441588392,0.,-0.936329177569044));
#1918=DIRECTION('center_axis',(-0.351123441588392,0.,-0.936329177569044));
#1919=DIRECTION('ref_axis',(0.936329177569044,0.,-0.351123441588392));
#1920=DIRECTION('center_axis',(-0.351123441588392,0.,-0.936329177569045));
#1921=DIRECTION('ref_axis',(0.936329177569044,0.,-0.351123441588392));
#1922=DIRECTION('',(-0.351123441588392,0.,-0.936329177569044));
#1923=DIRECTION('center_axis',(-0.351123441588392,0.,-0.936329177569044));
#1924=DIRECTION('ref_axis',(0.936329177569044,0.,-0.351123441588392));
#1925=DIRECTION('center_axis',(-0.351123441588392,0.,-0.936329177569045));
#1926=DIRECTION('ref_axis',(0.936329177569044,0.,-0.351123441588392));
#1927=DIRECTION('',(-0.351123441588392,0.,-0.936329177569044));
#1928=DIRECTION('center_axis',(-0.351123441588392,0.,-0.936329177569044));
#1929=DIRECTION('ref_axis',(0.936329177569044,0.,-0.351123441588392));
#1930=DIRECTION('center_axis',(-0.351123441588392,0.,-0.936329177569045));
#1931=DIRECTION('ref_axis',(0.936329177569044,0.,-0.351123441588392));
#1932=DIRECTION('',(-0.351123441588392,0.,-0.936329177569044));
#1933=DIRECTION('center_axis',(-0.351123441588392,0.,-0.936329177569044));
#1934=DIRECTION('ref_axis',(0.936329177569044,0.,-0.351123441588392));
#1935=DIRECTION('center_axis',(-0.351123441588392,0.,-0.936329177569045));
#1936=DIRECTION('ref_axis',(0.936329177569044,0.,-0.351123441588392));
#1937=DIRECTION('',(-0.351123441588392,0.,-0.936329177569044));
#1938=DIRECTION('center_axis',(-0.351123441588392,0.,-0.936329177569044));
#1939=DIRECTION('ref_axis',(0.936329177569044,0.,-0.351123441588392));
#1940=DIRECTION('center_axis',(-0.351123441588392,0.,-0.936329177569045));
#1941=DIRECTION('ref_axis',(0.936329177569044,0.,-0.351123441588392));
#1942=DIRECTION('',(-0.351123441588392,0.,-0.936329177569044));
#1943=DIRECTION('center_axis',(-0.351123441588392,0.,-0.936329177569044));
#1944=DIRECTION('ref_axis',(0.936329177569044,0.,-0.351123441588392));
#1945=DIRECTION('center_axis',(-0.351123441588392,0.,-0.936329177569045));
#1946=DIRECTION('ref_axis',(0.936329177569044,0.,-0.351123441588392));
#1947=DIRECTION('',(-0.351123441588392,0.,-0.936329177569044));
#1948=DIRECTION('center_axis',(-0.351123441588392,0.,-0.936329177569044));
#1949=DIRECTION('ref_axis',(0.936329177569044,0.,-0.351123441588392));
#1950=DIRECTION('center_axis',(-0.351123441588392,0.,-0.936329177569045));
#1951=DIRECTION('ref_axis',(0.936329177569044,0.,-0.351123441588392));
#1952=DIRECTION('',(-0.351123441588392,0.,-0.936329177569044));
#1953=DIRECTION('center_axis',(-0.351123441588392,0.,-0.936329177569044));
#1954=DIRECTION('ref_axis',(0.936329177569044,0.,-0.351123441588392));
#1955=DIRECTION('center_axis',(-0.351123441588392,0.,-0.936329177569045));
#1956=DIRECTION('ref_axis',(0.936329177569044,0.,-0.351123441588392));
#1957=DIRECTION('',(-0.351123441588392,0.,-0.936329177569044));
#1958=DIRECTION('center_axis',(-0.351123441588392,0.,-0.936329177569044));
#1959=DIRECTION('ref_axis',(0.936329177569044,0.,-0.351123441588392));
#1960=DIRECTION('center_axis',(-0.351123441588392,0.,-0.936329177569045));
#1961=DIRECTION('ref_axis',(0.936329177569044,0.,-0.351123441588392));
#1962=DIRECTION('',(-0.351123441588392,0.,-0.936329177569044));
#1963=DIRECTION('center_axis',(-0.351123441588392,0.,-0.936329177569044));
#1964=DIRECTION('ref_axis',(0.936329177569044,0.,-0.351123441588392));
#1965=DIRECTION('center_axis',(-0.351123441588392,0.,-0.936329177569045));
#1966=DIRECTION('ref_axis',(0.936329177569044,0.,-0.351123441588392));
#1967=DIRECTION('',(-0.351123441588392,0.,-0.936329177569044));
#1968=DIRECTION('center_axis',(-0.351123441588392,0.,-0.936329177569044));
#1969=DIRECTION('ref_axis',(0.936329177569044,0.,-0.351123441588392));
#1970=DIRECTION('center_axis',(-0.351123441588392,0.,-0.936329177569045));
#1971=DIRECTION('ref_axis',(0.936329177569044,0.,-0.351123441588392));
#1972=DIRECTION('',(-0.351123441588392,0.,-0.936329177569044));
#1973=DIRECTION('center_axis',(-0.351123441588392,0.,-0.936329177569044));
#1974=DIRECTION('ref_axis',(0.936329177569044,0.,-0.351123441588392));
#1975=DIRECTION('center_axis',(-0.351123441588392,0.,-0.936329177569045));
#1976=DIRECTION('ref_axis',(0.936329177569044,0.,-0.351123441588392));
#1977=DIRECTION('',(-0.351123441588392,0.,-0.936329177569044));
#1978=DIRECTION('center_axis',(-0.351123441588392,0.,-0.936329177569044));
#1979=DIRECTION('ref_axis',(0.936329177569044,0.,-0.351123441588392));
#1980=DIRECTION('center_axis',(-0.351123441588392,0.,-0.936329177569045));
#1981=DIRECTION('ref_axis',(0.936329177569044,0.,-0.351123441588392));
#1982=DIRECTION('',(-0.351123441588392,0.,-0.936329177569044));
#1983=DIRECTION('center_axis',(-0.351123441588392,0.,-0.936329177569044));
#1984=DIRECTION('ref_axis',(0.936329177569044,0.,-0.351123441588392));
#1985=DIRECTION('center_axis',(-0.351123441588392,0.,-0.936329177569045));
#1986=DIRECTION('ref_axis',(0.936329177569044,0.,-0.351123441588392));
#1987=DIRECTION('',(-0.351123441588392,0.,-0.936329177569044));
#1988=DIRECTION('center_axis',(-0.351123441588392,0.,-0.936329177569044));
#1989=DIRECTION('ref_axis',(0.936329177569044,0.,-0.351123441588392));
#1990=DIRECTION('center_axis',(-0.351123441588392,0.,-0.936329177569045));
#1991=DIRECTION('ref_axis',(0.936329177569044,0.,-0.351123441588392));
#1992=DIRECTION('',(-0.351123441588392,0.,-0.936329177569044));
#1993=DIRECTION('center_axis',(-0.351123441588392,0.,-0.936329177569044));
#1994=DIRECTION('ref_axis',(0.936329177569044,0.,-0.351123441588392));
#1995=DIRECTION('center_axis',(-0.351123441588392,0.,-0.936329177569045));
#1996=DIRECTION('ref_axis',(0.936329177569044,0.,-0.351123441588392));
#1997=DIRECTION('',(-0.351123441588392,0.,-0.936329177569044));
#1998=DIRECTION('center_axis',(-0.351123441588392,0.,-0.936329177569044));
#1999=DIRECTION('ref_axis',(0.936329177569044,0.,-0.351123441588392));
#2000=DIRECTION('center_axis',(-0.351123441588392,0.,-0.936329177569045));
#2001=DIRECTION('ref_axis',(0.936329177569044,0.,-0.351123441588392));
#2002=DIRECTION('',(-0.351123441588392,0.,-0.936329177569044));
#2003=DIRECTION('center_axis',(-0.351123441588392,0.,-0.936329177569044));
#2004=DIRECTION('ref_axis',(0.936329177569044,0.,-0.351123441588392));
#2005=DIRECTION('center_axis',(-0.351123441588392,0.,-0.936329177569045));
#2006=DIRECTION('ref_axis',(0.936329177569044,0.,-0.351123441588392));
#2007=DIRECTION('',(-0.351123441588392,0.,-0.936329177569044));
#2008=DIRECTION('center_axis',(0.,1.,0.));
#2009=DIRECTION('ref_axis',(-1.,0.,0.));
#2010=DIRECTION('center_axis',(-0.351123441588392,0.,-0.936329177569045));
#2011=DIRECTION('ref_axis',(-0.936329177569045,8.66278509637908E-17,0.351123441588392));
#2012=DIRECTION('center_axis',(-0.936329177569045,0.,0.351123441588392));
#2013=DIRECTION('ref_axis',(0.351123441588392,0.,0.936329177569045));
#2014=DIRECTION('center_axis',(0.287347885566345,0.,0.957826285221151));
#2015=DIRECTION('ref_axis',(-0.957826285221151,0.,0.287347885566345));
#2016=DIRECTION('center_axis',(0.936329177569045,0.,-0.351123441588392));
#2017=DIRECTION('ref_axis',(0.248281766580708,0.707106781186554,0.662084710881888));
#2018=DIRECTION('center_axis',(-0.936329177569043,-5.19767105782748E-16,
0.351123441588395));
#2019=DIRECTION('ref_axis',(0.351123441588395,0.,0.936329177569043));
#2020=DIRECTION('',(-0.936329177569045,0.,0.351123441588392));
#2021=DIRECTION('',(0.936329177569045,0.,-0.351123441588392));
#2022=DIRECTION('center_axis',(0.,1.,0.));
#2023=DIRECTION('ref_axis',(0.351123441588399,0.,0.936329177569042));
#2024=DIRECTION('center_axis',(0.287347885566346,0.,0.957826285221151));
#2025=DIRECTION('ref_axis',(0.957826285221151,0.,-0.287347885566345));
#2026=DIRECTION('center_axis',(-0.351123441588392,0.,-0.936329177569045));
#2027=DIRECTION('ref_axis',(0.936329177569045,8.66278509637908E-17,-0.351123441588392));
#2028=DIRECTION('center_axis',(0.,1.,0.));
#2029=DIRECTION('ref_axis',(0.821925617555625,0.,0.569594837762601));
#2030=DIRECTION('center_axis',(0.,1.,0.));
#2031=DIRECTION('ref_axis',(0.351123441588394,0.,0.936329177569044));
#2032=DIRECTION('',(0.,1.,0.));
#2033=DIRECTION('',(0.,-1.,0.));
#2034=DIRECTION('center_axis',(0.936329177569044,0.,-0.351123441588393));
#2035=DIRECTION('ref_axis',(0.351123441588393,0.,0.936329177569044));
#2036=DIRECTION('center_axis',(0.287347885566346,0.,0.957826285221151));
#2037=DIRECTION('ref_axis',(0.957826285221151,0.,-0.287347885566345));
#2038=DIRECTION('center_axis',(-0.351123441588392,0.,-0.936329177569045));
#2039=DIRECTION('ref_axis',(0.936329177569045,-8.66278509637908E-17,-0.351123441588392));
#2040=DIRECTION('center_axis',(0.936329177569045,0.,-0.351123441588392));
#2041=DIRECTION('ref_axis',(0.24828176658071,-0.707106781186549,0.662084710881893));
#2042=DIRECTION('center_axis',(0.936329177569045,0.,-0.351123441588392));
#2043=DIRECTION('ref_axis',(0.351123441588392,0.,0.936329177569045));
#2044=DIRECTION('',(0.936329177569045,0.,-0.351123441588392));
#2045=DIRECTION('',(-0.936329177569045,0.,0.351123441588392));
#2046=DIRECTION('center_axis',(0.,-1.,0.));
#2047=DIRECTION('ref_axis',(0.351123441588392,0.,0.936329177569045));
#2048=DIRECTION('center_axis',(0.287347885566345,0.,0.957826285221151));
#2049=DIRECTION('ref_axis',(-0.957826285221151,0.,0.287347885566345));
#2050=DIRECTION('center_axis',(-0.351123441588392,0.,-0.936329177569045));
#2051=DIRECTION('ref_axis',(-0.936329177569045,-8.66278509637908E-17,0.351123441588392));
#2052=DIRECTION('center_axis',(0.,1.,0.));
#2053=DIRECTION('ref_axis',(-0.569594837762604,0.,0.821925617555624));
#2054=DIRECTION('',(0.,-1.,0.));
#2055=DIRECTION('',(0.,1.,0.));
#2056=DIRECTION('center_axis',(0.,1.,0.));
#2057=DIRECTION('ref_axis',(1.,0.,0.));
#2058=DIRECTION('',(0.,0.,1.));
#2059=DIRECTION('',(-1.,0.,6.12323399573677E-17));
#2060=DIRECTION('',(0.,0.,-1.));
#2061=DIRECTION('center_axis',(0.,0.,1.));
#2062=DIRECTION('ref_axis',(-0.707106781186547,-0.707106781186547,0.));
#2063=DIRECTION('',(0.,0.,-1.));
#2064=DIRECTION('center_axis',(6.12323399573677E-17,0.,1.));
#2065=DIRECTION('ref_axis',(-0.707106781186547,-0.707106781186547,0.));
#2066=DIRECTION('center_axis',(-1.,0.,0.));
#2067=DIRECTION('ref_axis',(0.,0.,1.));
#2068=DIRECTION('',(0.,0.,1.));
#2069=DIRECTION('',(0.,1.,0.));
#2070=DIRECTION('center_axis',(0.,0.,1.));
#2071=DIRECTION('ref_axis',(-0.707106781186547,0.707106781186547,0.));
#2072=DIRECTION('',(0.,0.,-1.));
#2073=DIRECTION('center_axis',(6.12323399573677E-17,0.,1.));
#2074=DIRECTION('ref_axis',(-0.707106781186547,0.707106781186547,0.));
#2075=DIRECTION('center_axis',(0.351123441588392,0.,0.936329177569045));
#2076=DIRECTION('ref_axis',(0.936329177569045,0.,-0.351123441588392));
#2077=DIRECTION('',(-0.936329177569045,0.,0.351123441588392));
#2078=DIRECTION('center_axis',(0.351123441588392,0.,0.936329177569045));
#2079=DIRECTION('ref_axis',(0.662084710881894,0.707106781186548,-0.24828176658071));
#2080=DIRECTION('',(0.,1.,0.));
#2081=DIRECTION('center_axis',(0.351123441588392,0.,0.936329177569045));
#2082=DIRECTION('ref_axis',(0.662084710881894,-0.707106781186548,-0.24828176658071));
#2083=DIRECTION('',(0.936329177569045,4.524133615376E-17,-0.351123441588392));
#2084=DIRECTION('center_axis',(0.351123441588392,0.,0.936329177569045));
#2085=DIRECTION('ref_axis',(-0.662084710881894,-0.707106781186548,0.24828176658071));
#2086=DIRECTION('',(-6.34763149111061E-32,-1.,2.38036180916648E-32));
#2087=DIRECTION('center_axis',(0.351123441588392,0.,0.936329177569045));
#2088=DIRECTION('ref_axis',(-0.662084710881895,0.707106781186547,0.248281766580711));
#2089=DIRECTION('center_axis',(0.936329177569045,0.,-0.351123441588392));
#2090=DIRECTION('ref_axis',(0.248281766580708,-0.707106781186552,0.66208471088189));
#2091=DIRECTION('center_axis',(0.936329177569044,-1.38604561542065E-15,
-0.351123441588392));
#2092=DIRECTION('ref_axis',(0.351123441588392,0.,0.936329177569044));
#2093=DIRECTION('',(0.936329177569045,0.,-0.351123441588392));
#2094=DIRECTION('center_axis',(-0.936329177569044,0.,0.351123441588393));
#2095=DIRECTION('ref_axis',(0.,-1.,0.));
#2096=DIRECTION('center_axis',(0.351123441588392,0.,0.936329177569045));
#2097=DIRECTION('ref_axis',(0.936329177569045,0.,-0.351123441588392));
#2098=DIRECTION('center_axis',(0.,1.,0.));
#2099=DIRECTION('ref_axis',(-0.936329177569045,0.,0.351123441588391));
#2100=DIRECTION('center_axis',(-0.351123441588392,0.,-0.936329177569045));
#2101=DIRECTION('ref_axis',(0.662084710881894,0.707106781186548,-0.24828176658071));
#2102=DIRECTION('center_axis',(0.,-1.,0.));
#2103=DIRECTION('ref_axis',(-0.413802944301177,0.,0.910366477462608));
#2104=DIRECTION('center_axis',(0.,1.,0.));
#2105=DIRECTION('ref_axis',(-0.936329177569045,0.,0.351123441588392));
#2106=DIRECTION('',(0.,-1.,0.));
#2107=DIRECTION('center_axis',(0.351123441588392,0.,0.936329177569045));
#2108=DIRECTION('ref_axis',(0.936329177569045,0.,-0.351123441588392));
#2109=DIRECTION('center_axis',(0.936329177569045,0.,-0.351123441588391));
#2110=DIRECTION('ref_axis',(0.,1.,0.));
#2111=DIRECTION('center_axis',(-0.351123441588392,0.,-0.936329177569045));
#2112=DIRECTION('ref_axis',(0.662084710881894,-0.707106781186548,-0.24828176658071));
#2113=DIRECTION('center_axis',(-0.936329177569045,-4.524133615376E-17,0.351123441588392));
#2114=DIRECTION('ref_axis',(0.248281766580712,0.707106781186549,0.662084710881892));
#2115=DIRECTION('center_axis',(0.936329177569045,0.,-0.351123441588391));
#2116=DIRECTION('ref_axis',(0.,1.,0.));
#2117=DIRECTION('',(-0.936329177569045,-4.524133615376E-17,0.351123441588392));
#2118=DIRECTION('center_axis',(0.351123441588392,0.,0.936329177569045));
#2119=DIRECTION('ref_axis',(0.936329177569045,0.,-0.351123441588392));
#2120=DIRECTION('center_axis',(-1.38604561542065E-15,-1.,5.19767105782744E-16));
#2121=DIRECTION('ref_axis',(0.936329177569045,-1.48029736616688E-15,-0.35112344158839));
#2122=DIRECTION('center_axis',(-0.351123441588392,0.,-0.936329177569045));
#2123=DIRECTION('ref_axis',(-0.662084710881894,-0.707106781186548,0.24828176658071));
#2124=DIRECTION('center_axis',(6.34763149111061E-32,1.,-2.38036180916648E-32));
#2125=DIRECTION('ref_axis',(0.910366477462606,0.,0.41380294430118));
#2126=DIRECTION('center_axis',(0.,-1.,0.));
#2127=DIRECTION('ref_axis',(0.936329177569044,0.,-0.351123441588393));
#2128=DIRECTION('',(6.34763149111061E-32,1.,-2.38036180916648E-32));
#2129=DIRECTION('center_axis',(0.351123441588392,0.,0.936329177569045));
#2130=DIRECTION('ref_axis',(0.936329177569045,0.,-0.351123441588392));
#2131=DIRECTION('center_axis',(-0.351123441588392,0.,-0.936329177569045));
#2132=DIRECTION('ref_axis',(-0.662084710881895,0.707106781186547,0.248281766580711));
#2133=DIRECTION('center_axis',(-0.351123441588392,0.,-0.936329177569045));
#2134=DIRECTION('ref_axis',(0.662084710881894,-0.707106781186548,-0.248281766580711));
#2135=DIRECTION('',(-0.351123441588392,0.,-0.936329177569044));
#2136=DIRECTION('center_axis',(0.351123441588392,0.,0.936329177569045));
#2137=DIRECTION('ref_axis',(0.662084710881894,-0.707106781186548,-0.248281766580711));
#2138=DIRECTION('',(0.351123441588392,0.,0.936329177569044));
#2139=DIRECTION('center_axis',(0.936329177569045,0.,-0.351123441588392));
#2140=DIRECTION('ref_axis',(0.,-1.,0.));
#2141=DIRECTION('',(0.351123441588392,0.,0.936329177569044));
#2142=DIRECTION('',(0.,-1.,0.));
#2143=DIRECTION('center_axis',(-0.351123441588392,0.,-0.936329177569045));
#2144=DIRECTION('ref_axis',(0.662084710881894,0.707106781186548,-0.248281766580711));
#2145=DIRECTION('',(-0.351123441588392,0.,-0.936329177569044));
#2146=DIRECTION('center_axis',(0.351123441588392,0.,0.936329177569045));
#2147=DIRECTION('ref_axis',(0.662084710881894,0.707106781186548,-0.248281766580711));
#2148=DIRECTION('center_axis',(0.,1.,0.));
#2149=DIRECTION('ref_axis',(0.936329177569045,0.,-0.351123441588391));
#2150=DIRECTION('',(0.351123441588392,0.,0.936329177569044));
#2151=DIRECTION('',(0.936329177569045,0.,-0.351123441588391));
#2152=DIRECTION('center_axis',(-0.351123441588392,0.,-0.936329177569045));
#2153=DIRECTION('ref_axis',(-0.662084710881894,0.707106781186547,0.248281766580711));
#2154=DIRECTION('',(-0.351123441588392,0.,-0.936329177569044));
#2155=DIRECTION('center_axis',(0.351123441588392,0.,0.936329177569045));
#2156=DIRECTION('ref_axis',(-0.662084710881894,0.707106781186547,0.248281766580711));
#2157=DIRECTION('center_axis',(-0.936329177569045,6.77927340424307E-32,
0.351123441588392));
#2158=DIRECTION('ref_axis',(-5.67018660853903E-17,1.,-1.51204976227708E-16));
#2159=DIRECTION('',(0.351123441588392,0.,0.936329177569044));
#2160=DIRECTION('',(-5.67018660853903E-17,1.,-1.51204976227708E-16));
#2161=DIRECTION('center_axis',(-0.351123441588392,0.,-0.936329177569045));
#2162=DIRECTION('ref_axis',(-0.662084710881894,-0.707106781186547,0.248281766580711));
#2163=DIRECTION('',(-0.351123441588392,0.,-0.936329177569044));
#2164=DIRECTION('center_axis',(0.351123441588392,0.,0.936329177569045));
#2165=DIRECTION('ref_axis',(-0.662084710881894,-0.707106781186547,0.248281766580711));
#2166=DIRECTION('center_axis',(4.23607830729748E-17,-1.,-1.58852936523656E-17));
#2167=DIRECTION('ref_axis',(-0.936329177569045,-4.524133615376E-17,0.351123441588392));
#2168=DIRECTION('',(-0.936329177569044,-4.524133615376E-17,0.351123441588392));
#2169=DIRECTION('center_axis',(-0.351123441588392,0.,-0.936329177569045));
#2170=DIRECTION('ref_axis',(-0.936329177569044,0.,0.351123441588392));
#2171=DIRECTION('center_axis',(0.,1.,0.));
#2172=DIRECTION('ref_axis',(0.,0.,1.));
#2173=DIRECTION('',(0.,0.,1.));
#2174=DIRECTION('',(-1.,0.,6.12323399573677E-17));
#2175=DIRECTION('center_axis',(0.,0.,-1.));
#2176=DIRECTION('ref_axis',(0.707106781186547,0.707106781186547,0.));
#2177=DIRECTION('',(0.,0.,-1.));
#2178=DIRECTION('center_axis',(6.12323399573677E-17,0.,1.));
#2179=DIRECTION('ref_axis',(0.707106781186547,0.707106781186547,0.));
#2180=DIRECTION('center_axis',(1.,0.,0.));
#2181=DIRECTION('ref_axis',(0.,0.,-1.));
#2182=DIRECTION('',(0.,0.,1.));
#2183=DIRECTION('',(0.,1.,0.));
#2184=DIRECTION('center_axis',(0.,0.,-1.));
#2185=DIRECTION('ref_axis',(0.707106781186547,-0.707106781186547,0.));
#2186=DIRECTION('center_axis',(6.12323399573677E-17,0.,1.));
#2187=DIRECTION('ref_axis',(0.707106781186547,-0.707106781186547,0.));
#2188=DIRECTION('center_axis',(-6.12323399573677E-17,0.,-1.));
#2189=DIRECTION('ref_axis',(-1.,0.,6.12323399573677E-17));
#2190=CARTESIAN_POINT('',(0.,0.,0.));
#2191=CARTESIAN_POINT('Origin',(5.57586655379928,15.,19.1690242932672));
#2192=CARTESIAN_POINT('',(10.,15.,17.509974250942));
#2193=CARTESIAN_POINT('',(10.,15.,28.1899789325889));
#2194=CARTESIAN_POINT('',(10.,15.,9.58451214663361));
#2195=CARTESIAN_POINT('',(5.57586655379928,15.,19.1690242932672));
#2196=CARTESIAN_POINT('',(5.57586655379928,15.,19.1690242932672));
#2197=CARTESIAN_POINT('',(9.0871009696832,15.,28.5323160689577));
#2198=CARTESIAN_POINT('',(5.57586655379928,15.,19.1690242932672));
#2199=CARTESIAN_POINT('',(9.08710096968319,15.,28.5323160689577));
#2200=CARTESIAN_POINT('Origin',(17.2799812734123,125.,25.4599859550592));
#2201=CARTESIAN_POINT('',(10.,235.,28.1899789325889));
#2202=CARTESIAN_POINT('',(10.,67.5,28.1899789325889));
#2203=CARTESIAN_POINT('',(9.0871009696832,235.,28.5323160689577));
#2204=CARTESIAN_POINT('',(9.08710096968319,235.,28.5323160689577));
#2205=CARTESIAN_POINT('',(25.4728615771415,235.,22.3876558411608));
#2206=CARTESIAN_POINT('Origin',(5.57586655379928,235.,19.1690242932672));
#2207=CARTESIAN_POINT('',(5.57586655379928,235.,19.1690242932672));
#2208=CARTESIAN_POINT('',(5.57586655379928,235.,19.1690242932672));
#2209=CARTESIAN_POINT('',(5.57586655379928,235.,19.1690242932672));
#2210=CARTESIAN_POINT('Origin',(21.9616271612576,235.,13.0243640654704));
#2211=CARTESIAN_POINT('',(10.,235.,17.509974250942));
#2212=CARTESIAN_POINT('',(10.,235.,6.51218203273518));
#2213=CARTESIAN_POINT('',(21.9616271612576,235.,13.0243640654704));
#2214=CARTESIAN_POINT('Origin',(13.7687468575284,125.,16.0966941793688));
#2215=CARTESIAN_POINT('',(10.,67.5,17.509974250942));
#2216=CARTESIAN_POINT('Origin',(26.7041147196131,198.4,48.6259476168513));
#2217=CARTESIAN_POINT('',(22.7247157149446,198.4,60.7982269252489));
#2218=CARTESIAN_POINT('Origin',(30.215349135497,198.4,57.9892393925417));
#2219=CARTESIAN_POINT('',(20.8903505025458,198.4,55.9065863588519));
#2220=CARTESIAN_POINT('',(19.2134812990607,198.4,51.4349351495584));
#2221=CARTESIAN_POINT('Origin',(28.3788289920462,198.4,53.0918523433397));
#2222=CARTESIAN_POINT('Origin',(26.7041147196131,150.,48.6259476168513));
#2223=CARTESIAN_POINT('',(22.7247157149446,150.,60.7982269252489));
#2224=CARTESIAN_POINT('Origin',(30.215349135497,150.,57.9892393925417));
#2225=CARTESIAN_POINT('',(20.8903505025458,150.,55.9065863588519));
#2226=CARTESIAN_POINT('',(19.2134812990607,150.,51.4349351495584));
#2227=CARTESIAN_POINT('Origin',(28.3788289920462,150.,53.0918523433397));
#2228=CARTESIAN_POINT('Origin',(26.7041147196131,101.6,48.6259476168513));
#2229=CARTESIAN_POINT('',(22.7247157149446,101.6,60.7982269252489));
#2230=CARTESIAN_POINT('Origin',(30.215349135497,101.6,57.9892393925417));
#2231=CARTESIAN_POINT('',(20.8903505025458,101.6,55.9065863588519));
#2232=CARTESIAN_POINT('',(19.2134812990607,101.6,51.4349351495584));
#2233=CARTESIAN_POINT('Origin',(28.3788289920462,101.6,53.0918523433397));
#2234=CARTESIAN_POINT('Origin',(26.7041147196131,53.2,48.6259476168513));
#2235=CARTESIAN_POINT('',(22.7247157149446,53.2,60.7982269252489));
#2236=CARTESIAN_POINT('Origin',(30.215349135497,53.2,57.9892393925417));
#2237=CARTESIAN_POINT('',(20.8903505025458,53.2,55.9065863588519));
#2238=CARTESIAN_POINT('',(19.2134812990607,53.2,51.4349351495584));
#2239=CARTESIAN_POINT('Origin',(28.3788289920462,53.2,53.0918523433397));
#2240=CARTESIAN_POINT('Origin',(26.7041147196131,29.,48.6259476168513));
#2241=CARTESIAN_POINT('',(22.7247157149446,29.,60.7982269252489));
#2242=CARTESIAN_POINT('Origin',(30.215349135497,29.,57.9892393925417));
#2243=CARTESIAN_POINT('',(20.8903505025458,29.,55.9065863588519));
#2244=CARTESIAN_POINT('',(19.2134812990607,29.,51.4349351495584));
#2245=CARTESIAN_POINT('Origin',(28.3788289920462,29.,53.0918523433397));
#2246=CARTESIAN_POINT('Origin',(26.7041147196131,77.4,48.6259476168513));
#2247=CARTESIAN_POINT('',(22.7247157149446,77.4,60.7982269252489));
#2248=CARTESIAN_POINT('Origin',(30.215349135497,77.4,57.9892393925417));
#2249=CARTESIAN_POINT('',(20.8903505025458,77.4,55.9065863588519));
#2250=CARTESIAN_POINT('',(19.2134812990607,77.4,51.4349351495584));
#2251=CARTESIAN_POINT('Origin',(28.3788289920462,77.4,53.0918523433397));
#2252=CARTESIAN_POINT('Origin',(26.7041147196131,125.8,48.6259476168513));
#2253=CARTESIAN_POINT('',(22.7247157149446,125.8,60.7982269252489));
#2254=CARTESIAN_POINT('Origin',(30.215349135497,125.8,57.9892393925417));
#2255=CARTESIAN_POINT('',(20.8903505025458,125.8,55.9065863588519));
#2256=CARTESIAN_POINT('',(19.2134812990607,125.8,51.4349351495584));
#2257=CARTESIAN_POINT('Origin',(28.3788289920462,125.8,53.0918523433397));
#2258=CARTESIAN_POINT('Origin',(26.7041147196131,174.2,48.6259476168513));
#2259=CARTESIAN_POINT('',(22.7247157149446,174.2,60.7982269252489));
#2260=CARTESIAN_POINT('Origin',(30.215349135497,174.2,57.9892393925417));
#2261=CARTESIAN_POINT('',(20.8903505025458,174.2,55.9065863588519));
#2262=CARTESIAN_POINT('',(19.2134812990607,174.2,51.4349351495584));
#2263=CARTESIAN_POINT('Origin',(28.3788289920462,174.2,53.0918523433397));
#2264=CARTESIAN_POINT('Origin',(26.7041147196131,222.6,48.6259476168513));
#2265=CARTESIAN_POINT('',(22.7247157149446,222.6,60.7982269252489));
#2266=CARTESIAN_POINT('Origin',(30.215349135497,222.6,57.9892393925417));
#2267=CARTESIAN_POINT('',(20.8903505025458,222.6,55.9065863588519));
#2268=CARTESIAN_POINT('',(19.2134812990607,222.6,51.4349351495584));
#2269=CARTESIAN_POINT('Origin',(28.3788289920462,222.6,53.0918523433397));
#2270=CARTESIAN_POINT('Origin',(10.,10.,60.));
#2271=CARTESIAN_POINT('',(10.,10.,60.));
#2272=CARTESIAN_POINT('',(110.,10.,22.4124711120067));
#2273=CARTESIAN_POINT('',(10.,10.,60.));
#2274=CARTESIAN_POINT('',(10.,240.,60.));
#2275=CARTESIAN_POINT('',(10.,10.,60.));
#2276=CARTESIAN_POINT('',(110.,240.,22.4124711120067));
#2277=CARTESIAN_POINT('',(10.,240.,60.));
#2278=CARTESIAN_POINT('',(110.,10.,22.4124711120067));
#2279=CARTESIAN_POINT('',(78.7388468339369,186.3,34.1627660890205));
#2280=CARTESIAN_POINT('Origin',(84.5424176632998,186.3,31.9813472269986));
#2281=CARTESIAN_POINT('',(78.7388468339369,137.9,34.1627660890205));
#2282=CARTESIAN_POINT('Origin',(84.5424176632998,137.9,31.9813472269986));
#2283=CARTESIAN_POINT('',(78.7388468339369,89.5,34.1627660890205));
#2284=CARTESIAN_POINT('Origin',(84.5424176632998,89.5,31.9813472269986));
#2285=CARTESIAN_POINT('',(78.7388468339369,41.1,34.1627660890205));
#2286=CARTESIAN_POINT('Origin',(84.5424176632998,41.1,31.9813472269986));
#2287=CARTESIAN_POINT('',(78.7388468339369,65.3,34.1627660890205));
#2288=CARTESIAN_POINT('Origin',(84.5424176632998,65.3,31.9813472269986));
#2289=CARTESIAN_POINT('',(78.7388468339369,113.7,34.1627660890205));
#2290=CARTESIAN_POINT('Origin',(84.5424176632998,113.7,31.9813472269986));
#2291=CARTESIAN_POINT('',(78.7388468339369,162.1,34.1627660890205));
#2292=CARTESIAN_POINT('Origin',(84.5424176632998,162.1,31.9813472269986));
#2293=CARTESIAN_POINT('',(78.7388468339369,210.5,34.1627660890205));
#2294=CARTESIAN_POINT('Origin',(84.5424176632998,210.5,31.9813472269986));
#2295=CARTESIAN_POINT('',(59.0815907989982,198.4,41.5514428797399));
#2296=CARTESIAN_POINT('Origin',(65.8212214395486,198.4,39.018182265779));
#2297=CARTESIAN_POINT('',(59.0815907989982,150.,41.5514428797399));
#2298=CARTESIAN_POINT('Origin',(65.8212214395486,150.,39.018182265779));
#2299=CARTESIAN_POINT('',(59.0815907989982,101.6,41.5514428797399));
#2300=CARTESIAN_POINT('Origin',(65.8212214395486,101.6,39.018182265779));
#2301=CARTESIAN_POINT('',(59.0815907989982,29.,41.5514428797399));
#2302=CARTESIAN_POINT('Origin',(65.8212214395486,29.,39.018182265779));
#2303=CARTESIAN_POINT('',(59.0815907989982,53.2,41.5514428797399));
#2304=CARTESIAN_POINT('Origin',(65.8212214395486,53.2,39.018182265779));
#2305=CARTESIAN_POINT('',(59.0815907989982,77.4,41.5514428797399));
#2306=CARTESIAN_POINT('Origin',(65.8212214395486,77.4,39.018182265779));
#2307=CARTESIAN_POINT('',(59.0815907989982,125.8,41.5514428797399));
#2308=CARTESIAN_POINT('Origin',(65.8212214395486,125.8,39.018182265779));
#2309=CARTESIAN_POINT('',(59.0815907989982,174.2,41.5514428797399));
#2310=CARTESIAN_POINT('Origin',(65.8212214395486,174.2,39.018182265779));
#2311=CARTESIAN_POINT('',(59.0815907989982,222.6,41.5514428797399));
#2312=CARTESIAN_POINT('Origin',(65.8212214395486,222.6,39.018182265779));
#2313=CARTESIAN_POINT('',(40.360394575247,186.3,48.5882779185203));
#2314=CARTESIAN_POINT('Origin',(47.1000252157974,186.3,46.0550173045594));
#2315=CARTESIAN_POINT('',(40.360394575247,137.9,48.5882779185203));
#2316=CARTESIAN_POINT('Origin',(47.1000252157974,137.9,46.0550173045594));
#2317=CARTESIAN_POINT('',(40.360394575247,89.5,48.5882779185203));
#2318=CARTESIAN_POINT('Origin',(47.1000252157974,89.5,46.0550173045594));
#2319=CARTESIAN_POINT('',(40.360394575247,41.1,48.5882779185203));
#2320=CARTESIAN_POINT('Origin',(47.1000252157974,41.1,46.0550173045594));
#2321=CARTESIAN_POINT('',(40.360394575247,65.3,48.5882779185203));
#2322=CARTESIAN_POINT('Origin',(47.1000252157974,65.3,46.0550173045594));
#2323=CARTESIAN_POINT('',(40.360394575247,113.7,48.5882779185203));
#2324=CARTESIAN_POINT('Origin',(47.1000252157974,113.7,46.0550173045594));
#2325=CARTESIAN_POINT('',(40.360394575247,162.1,48.5882779185203));
#2326=CARTESIAN_POINT('Origin',(47.1000252157974,162.1,46.0550173045594));
#2327=CARTESIAN_POINT('',(40.360394575247,210.5,48.5882779185203));
#2328=CARTESIAN_POINT('Origin',(47.1000252157974,210.5,46.0550173045594));
#2329=CARTESIAN_POINT('Origin',(10.,10.,-2.71387850463927E-15));
#2330=CARTESIAN_POINT('',(10.,10.,-2.71387850463927E-15));
#2331=CARTESIAN_POINT('',(10.,10.,-2.71387850463927E-15));
#2332=CARTESIAN_POINT('',(10.,240.,-4.44089209850063E-15));
#2333=CARTESIAN_POINT('',(10.,5.,-6.12323399573676E-16));
#2334=CARTESIAN_POINT('',(10.,240.,-2.71387850463927E-15));
#2335=CARTESIAN_POINT('Origin',(110.,10.,22.4124711120067));
#2336=CARTESIAN_POINT('',(110.,10.,-3.99680288865056E-14));
#2337=CARTESIAN_POINT('',(110.,10.,22.4124711120067));
#2338=CARTESIAN_POINT('',(110.,240.,-3.99680288865056E-14));
#2339=CARTESIAN_POINT('',(110.,240.,22.4124711120067));
#2340=CARTESIAN_POINT('',(110.,5.,-6.66133814775094E-15));
#2341=CARTESIAN_POINT('Origin',(60.,240.,30.));
#2342=CARTESIAN_POINT('',(90.,240.,-4.44089209850063E-15));
#2343=CARTESIAN_POINT('Origin',(60.,10.,30.));
#2344=CARTESIAN_POINT('',(90.,10.,-4.44089209850063E-15));
#2345=CARTESIAN_POINT('Origin',(80.2504395618428,186.3,20.5360722897799));
#2346=CARTESIAN_POINT('',(80.5898588887116,186.3,39.0987982350862));
#2347=CARTESIAN_POINT('Origin',(86.3950997896396,186.3,36.9218328972382));
#2348=CARTESIAN_POINT('',(74.4451986609147,186.3,22.7130376276279));
#2349=CARTESIAN_POINT('Origin',(80.2504395618428,137.9,20.5360722897799));
#2350=CARTESIAN_POINT('',(80.5898588887116,137.9,39.0987982350862));
#2351=CARTESIAN_POINT('Origin',(86.3950997896396,137.9,36.9218328972382));
#2352=CARTESIAN_POINT('',(74.4451986609147,137.9,22.7130376276279));
#2353=CARTESIAN_POINT('Origin',(80.2504395618428,89.5,20.5360722897799));
#2354=CARTESIAN_POINT('',(80.5898588887116,89.5,39.0987982350862));
#2355=CARTESIAN_POINT('Origin',(86.3950997896396,89.5,36.9218328972382));
#2356=CARTESIAN_POINT('',(74.4451986609147,89.5,22.7130376276279));
#2357=CARTESIAN_POINT('Origin',(80.2504395618428,41.1,20.5360722897799));
#2358=CARTESIAN_POINT('',(80.5898588887116,41.1,39.0987982350862));
#2359=CARTESIAN_POINT('Origin',(86.3950997896396,41.1,36.9218328972382));
#2360=CARTESIAN_POINT('',(74.4451986609147,41.1,22.7130376276279));
#2361=CARTESIAN_POINT('Origin',(80.2504395618428,65.3,20.5360722897799));
#2362=CARTESIAN_POINT('',(80.5898588887116,65.3,39.0987982350862));
#2363=CARTESIAN_POINT('Origin',(86.3950997896396,65.3,36.9218328972382));
#2364=CARTESIAN_POINT('',(74.4451986609147,65.3,22.7130376276279));
#2365=CARTESIAN_POINT('Origin',(80.2504395618428,113.7,20.5360722897799));
#2366=CARTESIAN_POINT('',(80.5898588887116,113.7,39.0987982350862));
#2367=CARTESIAN_POINT('Origin',(86.3950997896396,113.7,36.9218328972382));
#2368=CARTESIAN_POINT('',(74.4451986609147,113.7,22.7130376276279));
#2369=CARTESIAN_POINT('Origin',(80.2504395618428,162.1,20.5360722897799));
#2370=CARTESIAN_POINT('',(80.5898588887116,162.1,39.0987982350862));
#2371=CARTESIAN_POINT('Origin',(86.3950997896396,162.1,36.9218328972382));
#2372=CARTESIAN_POINT('',(74.4451986609147,162.1,22.7130376276279));
#2373=CARTESIAN_POINT('Origin',(80.2504395618428,210.5,20.5360722897799));
#2374=CARTESIAN_POINT('',(80.5898588887116,210.5,39.0987982350862));
#2375=CARTESIAN_POINT('Origin',(86.3950997896396,210.5,36.9218328972382));
#2376=CARTESIAN_POINT('',(74.4451986609147,210.5,22.7130376276279));
#2377=CARTESIAN_POINT('Origin',(60.6460474064909,198.4,25.2177181776251));
#2378=CARTESIAN_POINT('',(60.9269461597616,198.4,46.4723905084425));
#2379=CARTESIAN_POINT('Origin',(67.6685162382588,198.4,43.9443017290061));
#2380=CARTESIAN_POINT('',(53.9044773279938,198.4,27.7458069570616));
#2381=CARTESIAN_POINT('Origin',(60.6460474064909,150.,25.2177181776251));
#2382=CARTESIAN_POINT('',(60.9269461597616,150.,46.4723905084425));
#2383=CARTESIAN_POINT('Origin',(67.6685162382588,150.,43.9443017290061));
#2384=CARTESIAN_POINT('',(53.9044773279938,150.,27.7458069570616));
#2385=CARTESIAN_POINT('Origin',(60.6460474064909,101.6,25.2177181776251));
#2386=CARTESIAN_POINT('',(60.9269461597616,101.6,46.4723905084425));
#2387=CARTESIAN_POINT('Origin',(67.6685162382588,101.6,43.9443017290061));
#2388=CARTESIAN_POINT('',(53.9044773279938,101.6,27.7458069570616));
#2389=CARTESIAN_POINT('Origin',(60.6460474064909,29.,25.2177181776251));
#2390=CARTESIAN_POINT('',(60.9269461597616,29.,46.4723905084425));
#2391=CARTESIAN_POINT('Origin',(67.6685162382588,29.,43.9443017290061));
#2392=CARTESIAN_POINT('',(53.9044773279938,29.,27.7458069570616));
#2393=CARTESIAN_POINT('Origin',(60.6460474064909,53.2,25.2177181776251));
#2394=CARTESIAN_POINT('',(60.9269461597616,53.2,46.4723905084425));
#2395=CARTESIAN_POINT('Origin',(67.6685162382588,53.2,43.9443017290061));
#2396=CARTESIAN_POINT('',(53.9044773279938,53.2,27.7458069570616));
#2397=CARTESIAN_POINT('Origin',(60.6460474064909,77.4,25.2177181776251));
#2398=CARTESIAN_POINT('',(60.9269461597616,77.4,46.4723905084425));
#2399=CARTESIAN_POINT('Origin',(67.6685162382588,77.4,43.9443017290061));
#2400=CARTESIAN_POINT('',(53.9044773279938,77.4,27.7458069570616));
#2401=CARTESIAN_POINT('Origin',(60.6460474064909,125.8,25.2177181776251));
#2402=CARTESIAN_POINT('',(60.9269461597616,125.8,46.4723905084425));
#2403=CARTESIAN_POINT('Origin',(67.6685162382588,125.8,43.9443017290061));
#2404=CARTESIAN_POINT('',(53.9044773279938,125.8,27.7458069570616));
#2405=CARTESIAN_POINT('Origin',(60.6460474064909,174.2,25.2177181776251));
#2406=CARTESIAN_POINT('',(60.9269461597616,174.2,46.4723905084425));
#2407=CARTESIAN_POINT('Origin',(67.6685162382588,174.2,43.9443017290061));
#2408=CARTESIAN_POINT('',(53.9044773279938,174.2,27.7458069570616));
#2409=CARTESIAN_POINT('Origin',(60.6460474064909,222.6,25.2177181776251));
#2410=CARTESIAN_POINT('',(60.9269461597616,222.6,46.4723905084425));
#2411=CARTESIAN_POINT('Origin',(67.6685162382588,222.6,43.9443017290061));
#2412=CARTESIAN_POINT('',(53.9044773279938,222.6,27.7458069570616));
#2413=CARTESIAN_POINT('Origin',(41.041655251139,186.3,29.8993640654704));
#2414=CARTESIAN_POINT('',(42.2003626083808,186.3,53.4948593402103));
#2415=CARTESIAN_POINT('Origin',(48.9419326868779,186.3,50.9667705607739));
#2416=CARTESIAN_POINT('',(34.3000851726419,186.3,32.4274528449068));
#2417=CARTESIAN_POINT('Origin',(41.041655251139,137.9,29.8993640654704));
#2418=CARTESIAN_POINT('',(42.2003626083808,137.9,53.4948593402103));
#2419=CARTESIAN_POINT('Origin',(48.9419326868779,137.9,50.9667705607739));
#2420=CARTESIAN_POINT('',(34.3000851726419,137.9,32.4274528449068));
#2421=CARTESIAN_POINT('Origin',(41.041655251139,89.5,29.8993640654704));
#2422=CARTESIAN_POINT('',(42.2003626083808,89.5,53.4948593402103));
#2423=CARTESIAN_POINT('Origin',(48.9419326868779,89.5,50.9667705607739));
#2424=CARTESIAN_POINT('',(34.3000851726419,89.5,32.4274528449068));
#2425=CARTESIAN_POINT('Origin',(41.041655251139,41.1,29.8993640654704));
#2426=CARTESIAN_POINT('',(42.2003626083808,41.1,53.4948593402103));
#2427=CARTESIAN_POINT('Origin',(48.9419326868779,41.1,50.9667705607739));
#2428=CARTESIAN_POINT('',(34.3000851726419,41.1,32.4274528449068));
#2429=CARTESIAN_POINT('Origin',(41.041655251139,65.3,29.8993640654704));
#2430=CARTESIAN_POINT('',(42.2003626083808,65.3,53.4948593402103));
#2431=CARTESIAN_POINT('Origin',(48.9419326868779,65.3,50.9667705607739));
#2432=CARTESIAN_POINT('',(34.3000851726419,65.3,32.4274528449068));
#2433=CARTESIAN_POINT('Origin',(41.041655251139,113.7,29.8993640654704));
#2434=CARTESIAN_POINT('',(42.2003626083808,113.7,53.4948593402103));
#2435=CARTESIAN_POINT('Origin',(48.9419326868779,113.7,50.9667705607739));
#2436=CARTESIAN_POINT('',(34.3000851726419,113.7,32.4274528449068));
#2437=CARTESIAN_POINT('Origin',(41.041655251139,162.1,29.8993640654704));
#2438=CARTESIAN_POINT('',(42.2003626083808,162.1,53.4948593402103));
#2439=CARTESIAN_POINT('Origin',(48.9419326868779,162.1,50.9667705607739));
#2440=CARTESIAN_POINT('',(34.3000851726419,162.1,32.4274528449068));
#2441=CARTESIAN_POINT('Origin',(41.041655251139,210.5,29.8993640654704));
#2442=CARTESIAN_POINT('',(42.2003626083808,210.5,53.4948593402103));
#2443=CARTESIAN_POINT('Origin',(48.9419326868779,210.5,50.9667705607739));
#2444=CARTESIAN_POINT('',(34.3000851726419,210.5,32.4274528449068));
#2445=CARTESIAN_POINT('Ctrl Pts',(4.05337032476517,235.,78.4799861282131));
#2446=CARTESIAN_POINT('Ctrl Pts',(4.05337032476517,236.795195802051,78.4799861282131));
#2447=CARTESIAN_POINT('Ctrl Pts',(4.87302989093505,240.385129736323,78.1726137908994));
#2448=CARTESIAN_POINT('Ctrl Pts',(7.74303678967213,243.980515185124,77.096361203873));
#2449=CARTESIAN_POINT('Ctrl Pts',(11.568726256325,246.382729303787,75.6617276538781));
#2450=CARTESIAN_POINT('Ctrl Pts',(14.2581745227139,247.,74.6531845539823));
#2451=CARTESIAN_POINT('Ctrl Pts',(16.0533703247652,247.,73.9799861282131));
#2452=CARTESIAN_POINT('Ctrl Pts',(3.53716750207184,235.,78.6735621867231));
#2453=CARTESIAN_POINT('Ctrl Pts',(3.53716750207184,236.883406627614,78.6735621867231));
#2454=CARTESIAN_POINT('Ctrl Pts',(4.40577742145625,240.648708372365,78.3479090098487));
#2455=CARTESIAN_POINT('Ctrl Pts',(7.42237922470427,244.38315966626,77.2166899655641));
#2456=CARTESIAN_POINT('Ctrl Pts',(11.4121228247365,246.849073247027,75.7204523113461));
#2457=CARTESIAN_POINT('Ctrl Pts',(14.1992815088175,247.46385690804,74.6753215560074));
#2458=CARTESIAN_POINT('Ctrl Pts',(16.0533703247652,247.448798950513,73.9799861282131));
#2459=CARTESIAN_POINT('Ctrl Pts',(2.40084260575114,235.,78.7665304107658));
#2460=CARTESIAN_POINT('Ctrl Pts',(2.40084260575114,237.059087886962,78.7665304107658));
#2461=CARTESIAN_POINT('Ctrl Pts',(3.36928025082497,241.173387697063,78.4124914672679));
#2462=CARTESIAN_POINT('Ctrl Pts',(6.68697520644985,245.185222399122,77.1981176327222));
#2463=CARTESIAN_POINT('Ctrl Pts',(11.0153666501634,247.778632827793,75.6113281646327));
#2464=CARTESIAN_POINT('Ctrl Pts',(14.0046388132281,248.388812986561,74.51384516026));
#2465=CARTESIAN_POINT('Ctrl Pts',(15.9811868485088,248.343926356823,73.787496858196));
#2466=CARTESIAN_POINT('Ctrl Pts',(0.605224999280846,235.,77.8647561514537));
#2467=CARTESIAN_POINT('Ctrl Pts',(0.605224999280846,237.276598203989,77.8647561514537));
#2468=CARTESIAN_POINT('Ctrl Pts',(1.69247793899181,241.825622615389,77.5053911558412));
#2469=CARTESIAN_POINT('Ctrl Pts',(5.38940626980339,246.223732601868,76.2779828514305));
#2470=CARTESIAN_POINT('Ctrl Pts',(10.1775034379055,249.034351255836,74.6796922452137));
#2471=CARTESIAN_POINT('Ctrl Pts',(13.4645673619737,249.673287360165,73.5768035997232));
#2472=CARTESIAN_POINT('Ctrl Pts',(15.6288811741649,249.606512158445,72.8480150599457));
#2473=CARTESIAN_POINT('Ctrl Pts',(-7.25470411912957E-15,235.,76.4979558799625));
#2474=CARTESIAN_POINT('Ctrl Pts',(-7.32324479818579E-15,237.291554952134,
76.4979558799625));
#2475=CARTESIAN_POINT('Ctrl Pts',(1.06995886249812,241.870821483251,76.1709947333336));
#2476=CARTESIAN_POINT('Ctrl Pts',(4.76769241745552,246.378647674811,75.0370477007952));
#2477=CARTESIAN_POINT('Ctrl Pts',(9.62700425506375,249.323742218797,73.5398506416893));
#2478=CARTESIAN_POINT('Ctrl Pts',(12.9998741148726,250.035812680326,72.4957429758584));
#2479=CARTESIAN_POINT('Ctrl Pts',(15.236375748128,250.,71.8013339238472));
#2480=CARTESIAN_POINT('Ctrl Pts',(-7.21644966006352E-15,235.,75.6709985955059));
#2481=CARTESIAN_POINT('Ctrl Pts',(-7.28356780793779E-15,237.243994752564,
75.6709985955059));
#2482=CARTESIAN_POINT('Ctrl Pts',(1.02457445771233,241.731412170403,75.3636262581922));
#2483=CARTESIAN_POINT('Ctrl Pts',(4.61208308113368,246.225643981405,74.2873736711658));
#2484=CARTESIAN_POINT('Ctrl Pts',(9.39419491444977,249.228411629734,72.852740121171));
#2485=CARTESIAN_POINT('Ctrl Pts',(12.7560052474359,250.,71.8441970212752));
#2486=CARTESIAN_POINT('Ctrl Pts',(15.,250.,71.1709985955059));
#2487=CARTESIAN_POINT('',(0.,235.,75.6709985955059));
#2488=CARTESIAN_POINT('',(4.05337032476518,235.,78.4799861282131));
#2489=CARTESIAN_POINT('Origin',(3.,235.,75.6709985955059));
#2490=CARTESIAN_POINT('',(16.0533703247652,247.,73.9799861282131));
#2491=CARTESIAN_POINT('Origin',(16.0533703247652,235.,73.9799861282131));
#2492=CARTESIAN_POINT('',(15.,250.,71.1709985955059));
#2493=CARTESIAN_POINT('Origin',(15.,247.,71.1709985955059));
#2494=CARTESIAN_POINT('Origin',(15.,235.,71.1709985955059));
#2495=CARTESIAN_POINT('Origin',(31.8233420040019,247.,64.8622453440052));
#2496=CARTESIAN_POINT('',(106.053370324765,247.,40.229986128213));
#2497=CARTESIAN_POINT('',(105.,250.,37.4209985955059));
#2498=CARTESIAN_POINT('Origin',(105.,247.,37.4209985955059));
#2499=CARTESIAN_POINT('',(31.8233420040019,250.,64.8622453440052));
#2500=CARTESIAN_POINT('',(32.8767123287671,247.,67.6712328767123));
#2501=CARTESIAN_POINT('Ctrl Pts',(106.053370324765,247.,40.229986128213));
#2502=CARTESIAN_POINT('Ctrl Pts',(107.848566126817,247.,39.5567877024438));
#2503=CARTESIAN_POINT('Ctrl Pts',(110.537981674845,246.382686627732,38.5482568719331));
#2504=CARTESIAN_POINT('Ctrl Pts',(114.363675643724,243.980484124751,37.1136216336036));
#2505=CARTESIAN_POINT('Ctrl Pts',(117.233666681157,240.385098920396,36.0373749945661));
#2506=CARTESIAN_POINT('Ctrl Pts',(118.053370324765,236.795195802051,35.729986128213));
#2507=CARTESIAN_POINT('Ctrl Pts',(118.053370324765,235.,35.729986128213));
#2508=CARTESIAN_POINT('Ctrl Pts',(106.053370324765,247.897597901026,40.229986128213));
#2509=CARTESIAN_POINT('Ctrl Pts',(107.966367397724,247.866980492153,39.5114047076947));
#2510=CARTESIAN_POINT('Ctrl Pts',(110.81398142327,247.165753832372,38.4442416808413));
#2511=CARTESIAN_POINT('Ctrl Pts',(114.840283829258,244.560432661681,36.9331342881981));
#2512=CARTESIAN_POINT('Ctrl Pts',(117.84577188221,240.71652985312,35.8065356042683));
#2513=CARTESIAN_POINT('Ctrl Pts',(118.701858888289,236.906009971876,35.4868029168918));
#2514=CARTESIAN_POINT('Ctrl Pts',(118.701858888289,235.,35.4868029168918));
#2515=CARTESIAN_POINT('Ctrl Pts',(105.788764786147,249.45137830858,39.5243713585647));
#2516=CARTESIAN_POINT('Ctrl Pts',(107.924176084291,249.371789357346,38.7807922600276));
#2517=CARTESIAN_POINT('Ctrl Pts',(111.072833219256,248.52642780354,37.6800326237544));
#2518=CARTESIAN_POINT('Ctrl Pts',(115.485102910474,245.572427198922,36.1315601851046));
#2519=CARTESIAN_POINT('Ctrl Pts',(118.752761106454,241.2959185037,34.9804600144533));
#2520=CARTESIAN_POINT('Ctrl Pts',(119.678772069002,237.09871721924,34.6533439459971));
#2521=CARTESIAN_POINT('Ctrl Pts',(119.678772069002,235.,34.6533439459971));
#2522=CARTESIAN_POINT('Ctrl Pts',(105.236375748128,250.,38.0513339238472));
#2523=CARTESIAN_POINT('Ctrl Pts',(107.47289354093,249.964363790211,37.3573630575407));
#2524=CARTESIAN_POINT('Ctrl Pts',(110.7994089833,249.146686470884,36.3211295990485));
#2525=CARTESIAN_POINT('Ctrl Pts',(115.499197821432,246.114464114811,34.8527210606316));
#2526=CARTESIAN_POINT('Ctrl Pts',(119.003253229851,241.643763841961,33.7539925653432));
#2527=CARTESIAN_POINT('Ctrl Pts',(120.,237.214966178597,33.4404381625878));
#2528=CARTESIAN_POINT('Ctrl Pts',(120.,235.,33.4404381625878));
#2529=CARTESIAN_POINT('Ctrl Pts',(105.,250.,37.4209985955059));
#2530=CARTESIAN_POINT('Ctrl Pts',(107.243994752564,250.,36.7478001697367));
#2531=CARTESIAN_POINT('Ctrl Pts',(110.6057641876,249.228358284664,35.739269339226));
#2532=CARTESIAN_POINT('Ctrl Pts',(115.387881648698,246.225605155938,34.3046341008965));
#2533=CARTESIAN_POINT('Ctrl Pts',(118.97537044549,241.731373650495,33.228387461859));
#2534=CARTESIAN_POINT('Ctrl Pts',(120.,237.243994752564,32.9209985955059));
#2535=CARTESIAN_POINT('Ctrl Pts',(120.,235.,32.9209985955059));
#2536=CARTESIAN_POINT('',(118.053370324765,235.,35.729986128213));
#2537=CARTESIAN_POINT('',(120.,235.,32.9209985955059));
#2538=CARTESIAN_POINT('Origin',(117.,235.,32.9209985955059));
#2539=CARTESIAN_POINT('Origin',(105.,235.,37.4209985955059));
#2540=CARTESIAN_POINT('Origin',(106.053370324765,235.,40.229986128213));
#2541=CARTESIAN_POINT('Origin',(117.,0.,32.9209985955059));
#2542=CARTESIAN_POINT('',(118.053370324765,15.,35.729986128213));
#2543=CARTESIAN_POINT('',(120.,15.,32.9209985955059));
#2544=CARTESIAN_POINT('Origin',(117.,15.,32.9209985955059));
#2545=CARTESIAN_POINT('',(120.,0.,32.9209985955059));
#2546=CARTESIAN_POINT('',(118.053370324765,0.,35.729986128213));
#2547=CARTESIAN_POINT('Ctrl Pts',(118.053370324765,15.,35.729986128213));
#2548=CARTESIAN_POINT('Ctrl Pts',(118.053370324765,13.2048041979487,35.729986128213));
#2549=CARTESIAN_POINT('Ctrl Pts',(117.233942148177,9.61471952409364,36.0372716944338));
#2550=CARTESIAN_POINT('Ctrl Pts',(114.363845859879,6.01932677859081,37.1135578025453));
#2551=CARTESIAN_POINT('Ctrl Pts',(110.538178054793,3.61704885407687,38.5481832294526));
#2552=CARTESIAN_POINT('Ctrl Pts',(107.848566126817,3.,39.5567877024438));
#2553=CARTESIAN_POINT('Ctrl Pts',(106.053370324765,3.,40.229986128213));
#2554=CARTESIAN_POINT('Ctrl Pts',(118.701858888289,15.,35.4868029168918));
#2555=CARTESIAN_POINT('Ctrl Pts',(118.701858888289,13.0939900281245,35.4868029168918));
#2556=CARTESIAN_POINT('Ctrl Pts',(117.846074462511,9.28316284091166,35.8067364429719));
#2557=CARTESIAN_POINT('Ctrl Pts',(114.840464705188,5.43927287670252,36.9333182713932));
#2558=CARTESIAN_POINT('Ctrl Pts',(110.81417920349,2.83386511092232,38.4444540069009));
#2559=CARTESIAN_POINT('Ctrl Pts',(107.966367397724,2.13301950784656,39.5114047076947));
#2560=CARTESIAN_POINT('Ctrl Pts',(106.053370324765,2.10240209897435,40.229986128213));
#2561=CARTESIAN_POINT('Ctrl Pts',(119.678841751485,15.,34.6534040499669));
#2562=CARTESIAN_POINT('Ctrl Pts',(119.678841751485,12.9012827807596,34.6534040499669));
#2563=CARTESIAN_POINT('Ctrl Pts',(118.753150726581,8.70389759711736,34.980403689538));
#2564=CARTESIAN_POINT('Ctrl Pts',(115.485389407419,4.42733810517281,36.1315838025597));
#2565=CARTESIAN_POINT('Ctrl Pts',(111.073167379799,1.47325311231153,37.6800498875623));
#2566=CARTESIAN_POINT('Ctrl Pts',(107.92424659098,0.628059435399414,38.7809802778669));
#2567=CARTESIAN_POINT('Ctrl Pts',(105.788835292837,0.548470484165127,39.524559376404));
#2568=CARTESIAN_POINT('Ctrl Pts',(120.,15.,33.4404381625878));
#2569=CARTESIAN_POINT('Ctrl Pts',(120.,12.7850338214035,33.4404381625878));
#2570=CARTESIAN_POINT('Ctrl Pts',(119.003493300665,8.35597203742237,33.7538107074574));
#2571=CARTESIAN_POINT('Ctrl Pts',(115.499327439803,3.88527388732974,34.8525927351621));
#2572=CARTESIAN_POINT('Ctrl Pts',(110.799556499372,0.852963258192386,36.3209807441608));
#2573=CARTESIAN_POINT('Ctrl Pts',(107.47289354093,0.0356362097894688,37.3573630575407));
#2574=CARTESIAN_POINT('Ctrl Pts',(105.236375748128,3.92700210105351E-15,
38.0513339238472));
#2575=CARTESIAN_POINT('Ctrl Pts',(120.,15.,32.9209985955059));
#2576=CARTESIAN_POINT('Ctrl Pts',(120.,12.7560052474359,32.9209985955059));
#2577=CARTESIAN_POINT('Ctrl Pts',(118.975714779264,8.26839940511705,33.2282841617266));
#2578=CARTESIAN_POINT('Ctrl Pts',(115.388094418892,3.77415847323852,34.3045702698382));
#2579=CARTESIAN_POINT('Ctrl Pts',(110.606009662535,0.77131106759609,35.7391956967455));
#2580=CARTESIAN_POINT('Ctrl Pts',(107.243994752564,3.3409738590144E-15,
36.7478001697367));
#2581=CARTESIAN_POINT('Ctrl Pts',(105.,3.88578058618805E-15,37.4209985955059));
#2582=CARTESIAN_POINT('',(106.053370324765,3.,40.229986128213));
#2583=CARTESIAN_POINT('',(105.,0.,37.4209985955059));
#2584=CARTESIAN_POINT('Origin',(105.,3.,37.4209985955059));
#2585=CARTESIAN_POINT('Origin',(105.,15.,37.4209985955059));
#2586=CARTESIAN_POINT('Origin',(106.053370324765,15.,40.229986128213));
#2587=CARTESIAN_POINT('Origin',(31.8233420040019,3.,64.8622453440052));
#2588=CARTESIAN_POINT('',(16.0533703247652,3.,73.9799861282131));
#2589=CARTESIAN_POINT('',(15.,0.,71.1709985955059));
#2590=CARTESIAN_POINT('Origin',(15.,3.,71.1709985955059));
#2591=CARTESIAN_POINT('',(31.8233420040019,0.,64.8622453440052));
#2592=CARTESIAN_POINT('',(32.8767123287671,3.,67.6712328767123));
#2593=CARTESIAN_POINT('Ctrl Pts',(16.0533703247652,3.,73.9799861282131));
#2594=CARTESIAN_POINT('Ctrl Pts',(14.2581745227139,3.,74.6531845539823));
#2595=CARTESIAN_POINT('Ctrl Pts',(11.5684092146263,3.6168223297075,75.6618465445151));
#2596=CARTESIAN_POINT('Ctrl Pts',(7.74276022442805,6.01917306575861,77.0964649158395));
#2597=CARTESIAN_POINT('Ctrl Pts',(4.87255729008178,9.61458594568179,78.1727910162193));
#2598=CARTESIAN_POINT('Ctrl Pts',(4.05337032476517,13.2048041979487,78.4799861282131));
#2599=CARTESIAN_POINT('Ctrl Pts',(4.05337032476517,15.,78.4799861282131));
#2600=CARTESIAN_POINT('Ctrl Pts',(16.0533703247652,2.55120104948717,73.9799861282131));
#2601=CARTESIAN_POINT('Ctrl Pts',(14.1992815088175,2.53614309195959,74.6753215560074));
#2602=CARTESIAN_POINT('Ctrl Pts',(11.4117850787596,3.1505331872895,75.7205606286121));
#2603=CARTESIAN_POINT('Ctrl Pts',(7.422089448716,5.6165706654353,77.2167799980061));
#2604=CARTESIAN_POINT('Ctrl Pts',(4.40525835579884,9.35106303812842,78.3480771681128));
#2605=CARTESIAN_POINT('Ctrl Pts',(3.53716750207184,13.1165933723856,78.6735621867231));
#2606=CARTESIAN_POINT('Ctrl Pts',(3.53716750207184,15.,78.6735621867231));
#2607=CARTESIAN_POINT('Ctrl Pts',(15.9812035447243,1.65598044285926,73.7875413814374));
#2608=CARTESIAN_POINT('Ctrl Pts',(14.0046555094436,1.61109381312128,74.5138896835013));
#2609=CARTESIAN_POINT('Ctrl Pts',(11.0149316623551,2.22111214826403,75.6115178556158));
#2610=CARTESIAN_POINT('Ctrl Pts',(6.68659856278676,4.81462070710858,77.198292237407));
#2611=CARTESIAN_POINT('Ctrl Pts',(3.36858685673497,8.82658204036962,78.4127847362621));
#2612=CARTESIAN_POINT('Ctrl Pts',(2.40065034998535,12.9409121130376,78.7666512733076));
#2613=CARTESIAN_POINT('Ctrl Pts',(2.40065034998535,15.,78.7666512733076));
#2614=CARTESIAN_POINT('Ctrl Pts',(15.6289049506837,0.393300107210372,72.8480784639958));
#2615=CARTESIAN_POINT('Ctrl Pts',(13.4645911384925,0.326524905490447,73.5768670037734));
#2616=CARTESIAN_POINT('Ctrl Pts',(10.1769896068463,0.964900113676655,74.679927632367));
#2617=CARTESIAN_POINT('Ctrl Pts',(5.38887816294935,3.77568649191343,76.2782164138298));
#2618=CARTESIAN_POINT('Ctrl Pts',(1.69141435931507,8.17382518489027,77.5057847050012));
#2619=CARTESIAN_POINT('Ctrl Pts',(0.604816126922966,12.7234017960111,77.8649365328368));
#2620=CARTESIAN_POINT('Ctrl Pts',(0.604816126922966,15.,77.8649365328368));
#2621=CARTESIAN_POINT('Ctrl Pts',(15.236375748128,-5.6593736867464E-15,
71.8013339238472));
#2622=CARTESIAN_POINT('Ctrl Pts',(12.9998741148726,-0.0358126803262852,
72.4957429758584));
#2623=CARTESIAN_POINT('Ctrl Pts',(9.62657506317924,0.676405283011573,73.539957324246));
#2624=CARTESIAN_POINT('Ctrl Pts',(4.76739841729024,3.62155656136367,75.0371253620567));
#2625=CARTESIAN_POINT('Ctrl Pts',(1.06950430714211,8.12962215151279,76.1711322921182));
#2626=CARTESIAN_POINT('Ctrl Pts',(-7.32324479818579E-15,12.7084450478661,
76.4979558799625));
#2627=CARTESIAN_POINT('Ctrl Pts',(-7.25470411912957E-15,15.,76.4979558799625));
#2628=CARTESIAN_POINT('Ctrl Pts',(15.,-5.55111512312578E-15,71.1709985955059));
#2629=CARTESIAN_POINT('Ctrl Pts',(12.7560052474359,-5.10826787523998E-15,
71.8441970212752));
#2630=CARTESIAN_POINT('Ctrl Pts',(9.39379861232638,0.771027912134373,72.852859011808));
#2631=CARTESIAN_POINT('Ctrl Pts',(4.61173737457859,3.77396633219826,74.2874773831323));
#2632=CARTESIAN_POINT('Ctrl Pts',(1.02398370664574,8.26823243210224,75.3638034835122));
#2633=CARTESIAN_POINT('Ctrl Pts',(-7.28356780793779E-15,12.7560052474359,
75.6709985955059));
#2634=CARTESIAN_POINT('Ctrl Pts',(-7.21644966006352E-15,15.,75.6709985955059));
#2635=CARTESIAN_POINT('',(4.05337032476518,15.,78.4799861282131));
#2636=CARTESIAN_POINT('',(0.,15.,75.6709985955059));
#2637=CARTESIAN_POINT('Origin',(3.,15.,75.6709985955059));
#2638=CARTESIAN_POINT('Origin',(15.,15.,71.1709985955059));
#2639=CARTESIAN_POINT('Origin',(16.0533703247652,15.,73.9799861282131));
#2640=CARTESIAN_POINT('Origin',(3.,0.,75.6709985955059));
#2641=CARTESIAN_POINT('',(0.,0.,75.6709985955059));
#2642=CARTESIAN_POINT('',(4.05337032476517,0.,78.4799861282131));
#2643=CARTESIAN_POINT('Origin',(60.,0.,40.));
#2644=CARTESIAN_POINT('',(15.,0.,-9.18485099360515E-16));
#2645=CARTESIAN_POINT('',(15.,0.,20.));
#2646=CARTESIAN_POINT('',(105.,0.,-6.4293956955236E-15));
#2647=CARTESIAN_POINT('',(120.,0.,-7.34788079488412E-15));
#2648=CARTESIAN_POINT('',(105.,0.,37.5));
#2649=CARTESIAN_POINT('Origin',(15.,15.,20.));
#2650=CARTESIAN_POINT('',(0.,15.,0.));
#2651=CARTESIAN_POINT('',(0.,15.,20.));
#2652=CARTESIAN_POINT('Origin',(15.,15.,-8.88178419700125E-15));
#2653=CARTESIAN_POINT('Origin',(0.,0.,0.));
#2654=CARTESIAN_POINT('',(0.,235.,0.));
#2655=CARTESIAN_POINT('',(0.,235.,20.));
#2656=CARTESIAN_POINT('',(0.,0.,0.));
#2657=CARTESIAN_POINT('Origin',(15.,235.,20.));
#2658=CARTESIAN_POINT('',(15.,250.,-9.18485099360515E-16));
#2659=CARTESIAN_POINT('',(15.,250.,20.));
#2660=CARTESIAN_POINT('Origin',(15.,235.,-8.88178419700125E-15));
#2661=CARTESIAN_POINT('Origin',(0.,0.,80.));
#2662=CARTESIAN_POINT('',(96.5917705607739,238.,43.7780860397098));
#2663=CARTESIAN_POINT('',(23.4082294392261,238.,71.2219139602902));
#2664=CARTESIAN_POINT('',(7.02246883176783,238.,77.3665741880871));
#2665=CARTESIAN_POINT('',(108.764049869171,225.,39.2134812990607));
#2666=CARTESIAN_POINT('Origin',(96.5917705607739,225.,43.7780860397098));
#2667=CARTESIAN_POINT('',(108.764049869171,25.,39.2134812990607));
#2668=CARTESIAN_POINT('',(108.764049869171,117.5,39.2134812990607));
#2669=CARTESIAN_POINT('',(96.5917705607739,12.,43.7780860397098));
#2670=CARTESIAN_POINT('Origin',(96.5917705607739,25.,43.7780860397098));
#2671=CARTESIAN_POINT('',(23.4082294392261,12.,71.2219139602902));
#2672=CARTESIAN_POINT('',(52.9775311682322,12.,60.1334258119129));
#2673=CARTESIAN_POINT('',(11.2359501308285,25.,75.7865187009393));
#2674=CARTESIAN_POINT('Origin',(23.4082294392261,25.,71.2219139602902));
#2675=CARTESIAN_POINT('',(11.2359501308285,225.,75.7865187009393));
#2676=CARTESIAN_POINT('',(11.2359501308285,7.5,75.7865187009393));
#2677=CARTESIAN_POINT('Origin',(23.4082294392261,225.,71.2219139602902));
#2678=CARTESIAN_POINT('Origin',(5.96909850700266,238.,74.5575866553799));
#2679=CARTESIAN_POINT('',(22.3548591144609,235.,68.4129264275831));
#2680=CARTESIAN_POINT('Origin',(22.3548591144609,238.,68.4129264275831));
#2681=CARTESIAN_POINT('',(95.5384002360087,235.,40.9690985070026));
#2682=CARTESIAN_POINT('',(5.96909850700266,235.,74.5575866553799));
#2683=CARTESIAN_POINT('Origin',(95.5384002360087,238.,40.9690985070026));
#2684=CARTESIAN_POINT('Origin',(95.5384002360087,225.,40.9690985070026));
#2685=CARTESIAN_POINT('',(104.901692011699,225.,37.4578640911187));
#2686=CARTESIAN_POINT('Origin',(107.710679544406,225.,36.4044937663535));
#2687=CARTESIAN_POINT('Origin',(95.5384002360087,225.,40.9690985070026));
#2688=CARTESIAN_POINT('Origin',(107.710679544406,117.5,36.4044937663536));
#2689=CARTESIAN_POINT('',(104.901692011699,25.,37.4578640911187));
#2690=CARTESIAN_POINT('Origin',(107.710679544406,25.,36.4044937663536));
#2691=CARTESIAN_POINT('',(104.901692011699,117.5,37.4578640911187));
#2692=CARTESIAN_POINT('Origin',(95.5384002360087,25.,40.9690985070026));
#2693=CARTESIAN_POINT('',(95.5384002360087,15.,40.9690985070026));
#2694=CARTESIAN_POINT('Origin',(95.5384002360087,12.,40.9690985070026));
#2695=CARTESIAN_POINT('Origin',(95.5384002360087,25.,40.9690985070026));
#2696=CARTESIAN_POINT('Origin',(51.924160843467,12.,57.3244382792058));
#2697=CARTESIAN_POINT('',(22.3548591144609,15.,68.4129264275831));
#2698=CARTESIAN_POINT('Origin',(22.3548591144609,12.,68.4129264275831));
#2699=CARTESIAN_POINT('',(51.924160843467,15.,57.3244382792058));
#2700=CARTESIAN_POINT('Origin',(22.3548591144609,25.,68.4129264275831));
#2701=CARTESIAN_POINT('',(12.9915673387705,25.,71.924160843467));
#2702=CARTESIAN_POINT('Origin',(10.1825798060634,25.,72.9775311682322));
#2703=CARTESIAN_POINT('Origin',(22.3548591144609,25.,68.4129264275831));
#2704=CARTESIAN_POINT('Origin',(10.1825798060634,7.5,72.9775311682322));
#2705=CARTESIAN_POINT('',(12.9915673387705,225.,71.924160843467));
#2706=CARTESIAN_POINT('Origin',(10.1825798060634,225.,72.9775311682322));
#2707=CARTESIAN_POINT('',(12.9915673387705,7.5,71.924160843467));
#2708=CARTESIAN_POINT('Origin',(22.3548591144609,225.,68.4129264275831));
#2709=CARTESIAN_POINT('Origin',(22.3548591144609,225.,68.4129264275831));
#2710=CARTESIAN_POINT('Origin',(96.5917705607739,25.,43.7780860397098));
#2711=CARTESIAN_POINT('',(102.44382792058,25.,30.9035598481354));
#2712=CARTESIAN_POINT('',(105.955062336464,25.,40.2668516238259));
#2713=CARTESIAN_POINT('',(93.08053614489,15.,34.4147942640193));
#2714=CARTESIAN_POINT('Origin',(93.08053614489,25.,34.4147942640193));
#2715=CARTESIAN_POINT('',(96.5917705607739,15.,43.7780860397098));
#2716=CARTESIAN_POINT('Origin',(105.955062336464,235.,40.2668516238259));
#2717=CARTESIAN_POINT('',(102.44382792058,225.,30.9035598481354));
#2718=CARTESIAN_POINT('',(105.955062336464,225.,40.2668516238258));
#2719=CARTESIAN_POINT('',(102.44382792058,235.,30.9035598481354));
#2720=CARTESIAN_POINT('Origin',(96.5917705607739,225.,43.7780860397098));
#2721=CARTESIAN_POINT('',(93.08053614489,235.,34.4147942640193));
#2722=CARTESIAN_POINT('',(96.5917705607739,235.,43.7780860397098));
#2723=CARTESIAN_POINT('Origin',(93.08053614489,225.,34.4147942640193));
#2724=CARTESIAN_POINT('Origin',(14.0449376635357,235.,74.7331483761741));
#2725=CARTESIAN_POINT('',(19.8969950233422,235.,61.8586221845997));
#2726=CARTESIAN_POINT('',(23.4082294392261,235.,71.2219139602902));
#2727=CARTESIAN_POINT('',(10.5337032476517,235.,65.3698566004837));
#2728=CARTESIAN_POINT('Origin',(23.4082294392261,225.,71.2219139602902));
#2729=CARTESIAN_POINT('',(10.5337032476517,225.,65.3698566004837));
#2730=CARTESIAN_POINT('',(14.0449376635357,225.,74.7331483761741));
#2731=CARTESIAN_POINT('Origin',(19.8969950233422,225.,61.8586221845998));
#2732=CARTESIAN_POINT('Origin',(14.0449376635357,15.,74.7331483761741));
#2733=CARTESIAN_POINT('',(10.5337032476517,25.,65.3698566004837));
#2734=CARTESIAN_POINT('',(14.0449376635357,25.,74.7331483761741));
#2735=CARTESIAN_POINT('',(10.5337032476517,15.,65.3698566004837));
#2736=CARTESIAN_POINT('Origin',(23.4082294392261,25.,71.2219139602902));
#2737=CARTESIAN_POINT('',(19.8969950233422,15.,61.8586221845998));
#2738=CARTESIAN_POINT('',(23.4082294392261,15.,71.2219139602902));
#2739=CARTESIAN_POINT('Origin',(19.8969950233422,25.,61.8586221845998));
#2740=CARTESIAN_POINT('Origin',(105.955062336464,15.,40.2668516238259));
#2741=CARTESIAN_POINT('',(102.44382792058,15.,30.9035598481354));
#2742=CARTESIAN_POINT('Origin',(56.4887655841161,125.,48.1367082243096));
#2743=CARTESIAN_POINT('Origin',(60.,250.,40.));
#2744=CARTESIAN_POINT('',(105.,250.,-6.4293956955236E-15));
#2745=CARTESIAN_POINT('',(105.,250.,37.5));
#2746=CARTESIAN_POINT('',(120.,250.,-7.34788079488412E-15));
#2747=CARTESIAN_POINT('Origin',(105.,235.,37.5));
#2748=CARTESIAN_POINT('',(120.,235.,-7.34788079488412E-15));
#2749=CARTESIAN_POINT('',(120.,235.,37.5));
#2750=CARTESIAN_POINT('Origin',(105.,235.,-8.88178419700125E-15));
#2751=CARTESIAN_POINT('Origin',(120.,0.,35.));
#2752=CARTESIAN_POINT('',(120.,15.,-7.34788079488412E-15));
#2753=CARTESIAN_POINT('',(120.,15.,37.5));
#2754=CARTESIAN_POINT('',(120.,0.,-7.34788079488412E-15));
#2755=CARTESIAN_POINT('Origin',(105.,15.,37.5));
#2756=CARTESIAN_POINT('Origin',(105.,15.,-8.88178419700125E-15));
#2757=CARTESIAN_POINT('Origin',(120.,0.,-7.34788079488412E-15));
#2758=UNCERTAINTY_MEASURE_WITH_UNIT(LENGTH_MEASURE(0.01),#2762,
'DISTANCE_ACCURACY_VALUE',
'Maximum model space distance between geometric entities at asserted c
onnectivities');
#2759=UNCERTAINTY_MEASURE_WITH_UNIT(LENGTH_MEASURE(0.01),#2762,
'DISTANCE_ACCURACY_VALUE',
'Maximum model space distance between geometric entities at asserted c
onnectivities');
#2760=(
GEOMETRIC_REPRESENTATION_CONTEXT(3)
GLOBAL_UNCERTAINTY_ASSIGNED_CONTEXT((#2758))
GLOBAL_UNIT_ASSIGNED_CONTEXT((#2762,#2764,#2765))
REPRESENTATION_CONTEXT('','3D')
);
#2761=(
GEOMETRIC_REPRESENTATION_CONTEXT(3)
GLOBAL_UNCERTAINTY_ASSIGNED_CONTEXT((#2759))
GLOBAL_UNIT_ASSIGNED_CONTEXT((#2762,#2764,#2765))
REPRESENTATION_CONTEXT('','3D')
);
#2762=(
LENGTH_UNIT()
NAMED_UNIT(*)
SI_UNIT(.MILLI.,.METRE.)
);
#2763=(
LENGTH_UNIT()
NAMED_UNIT(*)
SI_UNIT($,.METRE.)
);
#2764=(
NAMED_UNIT(*)
PLANE_ANGLE_UNIT()
SI_UNIT($,.RADIAN.)
);
#2765=(
NAMED_UNIT(*)
SI_UNIT($,.STERADIAN.)
SOLID_ANGLE_UNIT()
);
#2766=SHAPE_DEFINITION_REPRESENTATION(#2767,#2768);
#2767=PRODUCT_DEFINITION_SHAPE('',$,#2770);
#2768=SHAPE_REPRESENTATION('',(#1540),#2760);
#2769=PRODUCT_DEFINITION_CONTEXT('part definition',#2774,'design');
#2770=PRODUCT_DEFINITION('Parf\X\FCmhalter_Keil_v02',
'Parf\X\FCmhalter_Keil_v02 v3',#2771,#2769);
#2771=PRODUCT_DEFINITION_FORMATION('',$,#2776);
#2772=PRODUCT_RELATED_PRODUCT_CATEGORY('Parf\X\FCmhalter_Keil_v02 v3',
'Parf\X\FCmhalter_Keil_v02 v3',(#2776));
#2773=APPLICATION_PROTOCOL_DEFINITION('international standard',
'automotive_design',2009,#2774);
#2774=APPLICATION_CONTEXT(
'Core Data for Automotive Mechanical Design Process');
#2775=PRODUCT_CONTEXT('part definition',#2774,'mechanical');
#2776=PRODUCT('Parf\X\FCmhalter_Keil_v02','Parf\X\FCmhalter_Keil_v02 v
3',$,(#2775));
#2777=PRESENTATION_STYLE_ASSIGNMENT((#2778));
#2778=SURFACE_STYLE_USAGE(.BOTH.,#2779);
#2779=SURFACE_SIDE_STYLE('',(#2780));
#2780=SURFACE_STYLE_FILL_AREA(#2781);
#2781=FILL_AREA_STYLE('Stahl - satiniert',(#2782));
#2782=FILL_AREA_STYLE_COLOUR('Stahl - satiniert',#2783);
#2783=COLOUR_RGB('Stahl - satiniert',0.627450980392157,0.627450980392157,
0.627450980392157);
ENDSEC;
END-ISO-10303-21;
