solid CATIA STL
  facet normal  5.000000e-001 -8.660254e-001  4.224033e-015
    outer loop
      vertex -1.150000e+000  1.498801e+001  0.000000e+000
      vertex  0.000000e+000  1.565197e+001  0.000000e+000
      vertex -5.622282e-015  1.565197e+001  6.655113e-001
    endloop
  endfacet
  facet normal  5.000000e-001 -8.660253e-001  7.513758e-009
    outer loop
      vertex -1.150000e+000  1.498801e+001  0.000000e+000
      vertex -5.622282e-015  1.565197e+001  6.655113e-001
      vertex -1.240500e+001  8.489936e+000  0.000000e+000
    endloop
  endfacet
  facet normal  5.000000e-001 -8.660254e-001  0.000000e+000
    outer loop
      vertex -1.150000e+000  1.498801e+001  0.000000e+000
      vertex -1.240500e+001  8.489936e+000  0.000000e+000
      vertex -1.240500e+001  8.489936e+000 -3.000000e+000
    endloop
  endfacet
  facet normal  5.000000e-001 -8.660254e-001  0.000000e+000
    outer loop
      vertex -1.150000e+000  1.498801e+001  0.000000e+000
      vertex -1.240500e+001  8.489936e+000 -3.000000e+000
      vertex -1.150000e+000  1.498801e+001 -3.000000e+000
    endloop
  endfacet
  facet normal  4.999999e-001 -8.660256e-001  4.756979e-006
    outer loop
      vertex -1.240500e+001  8.489936e+000  0.000000e+000
      vertex -5.622282e-015  1.565197e+001  6.655113e-001
      vertex -1.355500e+001  7.825983e+000  0.000000e+000
    endloop
  endfacet
  facet normal  5.000000e-001 -8.660254e-001  0.000000e+000
    outer loop
      vertex -1.355500e+001  7.825983e+000  0.000000e+000
      vertex -5.622282e-015  1.565197e+001  6.655113e-001
      vertex -1.355500e+001  7.825983e+000  6.655113e-001
    endloop
  endfacet
  facet normal -4.999999e-001 -8.660256e-001  0.000000e+000
    outer loop
      vertex  1.240500e+001  8.489936e+000  0.000000e+000
      vertex  1.355500e+001  7.825983e+000  0.000000e+000
      vertex  1.355500e+001  7.825983e+000  6.655113e-001
    endloop
  endfacet
  facet normal -5.000000e-001 -8.660254e-001  4.128437e-007
    outer loop
      vertex  1.240500e+001  8.489936e+000  0.000000e+000
      vertex  1.355500e+001  7.825983e+000  6.655113e-001
      vertex  1.150000e+000  1.498801e+001  0.000000e+000
    endloop
  endfacet
  facet normal -5.000000e-001 -8.660254e-001  -0.000000e+000
    outer loop
      vertex  1.240500e+001  8.489936e+000  0.000000e+000
      vertex  1.150000e+000  1.498801e+001  0.000000e+000
      vertex  1.150000e+000  1.498801e+001 -3.000000e+000
    endloop
  endfacet
  facet normal -5.000000e-001 -8.660254e-001  0.000000e+000
    outer loop
      vertex  1.240500e+001  8.489936e+000  0.000000e+000
      vertex  1.150000e+000  1.498801e+001 -3.000000e+000
      vertex  1.240500e+001  8.489936e+000 -3.000000e+000
    endloop
  endfacet
  facet normal -5.000001e-001 -8.660253e-001  3.688345e-006
    outer loop
      vertex  1.150000e+000  1.498801e+001  0.000000e+000
      vertex  1.355500e+001  7.825983e+000  6.655113e-001
      vertex  0.000000e+000  1.565197e+001  0.000000e+000
    endloop
  endfacet
  facet normal -5.000000e-001 -8.660254e-001 -4.224032e-015
    outer loop
      vertex  0.000000e+000  1.565197e+001  0.000000e+000
      vertex  1.355500e+001  7.825983e+000  6.655113e-001
      vertex -5.622282e-015  1.565197e+001  6.655113e-001
    endloop
  endfacet
  facet normal -1.000000e+000  0.000000e+000  0.000000e+000
    outer loop
      vertex  1.355500e+001 -6.498077e+000  0.000000e+000
      vertex  1.355500e+001 -7.825983e+000  0.000000e+000
      vertex  1.355500e+001 -7.825983e+000  6.655113e-001
    endloop
  endfacet
  facet normal -1.000000e+000  0.000000e+000  0.000000e+000
    outer loop
      vertex  1.355500e+001 -6.498077e+000  0.000000e+000
      vertex  1.355500e+001 -7.825983e+000  6.655113e-001
      vertex  1.355500e+001  6.498077e+000  0.000000e+000
    endloop
  endfacet
  facet normal -1.000000e+000  -0.000000e+000  -0.000000e+000
    outer loop
      vertex  1.355500e+001 -6.498077e+000  0.000000e+000
      vertex  1.355500e+001  6.498077e+000  0.000000e+000
      vertex  1.355500e+001  6.498077e+000 -3.000000e+000
    endloop
  endfacet
  facet normal -1.000000e+000  0.000000e+000  0.000000e+000
    outer loop
      vertex  1.355500e+001 -6.498077e+000  0.000000e+000
      vertex  1.355500e+001  6.498077e+000 -3.000000e+000
      vertex  1.355500e+001 -6.498077e+000 -3.000000e+000
    endloop
  endfacet
  facet normal -1.000000e+000  0.000000e+000  0.000000e+000
    outer loop
      vertex  1.355500e+001  6.498077e+000  0.000000e+000
      vertex  1.355500e+001 -7.825983e+000  6.655113e-001
      vertex  1.355500e+001  7.825983e+000  0.000000e+000
    endloop
  endfacet
  facet normal -1.000000e+000  0.000000e+000  0.000000e+000
    outer loop
      vertex  1.355500e+001  7.825983e+000  0.000000e+000
      vertex  1.355500e+001 -7.825983e+000  6.655113e-001
      vertex  1.355500e+001  7.825983e+000  6.655113e-001
    endloop
  endfacet
  facet normal -5.000000e-001  8.660254e-001 -2.202907e-016
    outer loop
      vertex  1.150000e+000 -1.498801e+001  0.000000e+000
      vertex -3.552714e-015 -1.565197e+001  0.000000e+000
      vertex -3.845926e-015 -1.565197e+001  6.655113e-001
    endloop
  endfacet
  facet normal -5.000000e-001  8.660253e-001  7.513758e-009
    outer loop
      vertex  1.150000e+000 -1.498801e+001  0.000000e+000
      vertex -3.845926e-015 -1.565197e+001  6.655113e-001
      vertex  1.240500e+001 -8.489936e+000  0.000000e+000
    endloop
  endfacet
  facet normal -5.000000e-001  8.660254e-001  0.000000e+000
    outer loop
      vertex  1.150000e+000 -1.498801e+001  0.000000e+000
      vertex  1.240500e+001 -8.489936e+000  0.000000e+000
      vertex  1.240500e+001 -8.489936e+000 -3.000000e+000
    endloop
  endfacet
  facet normal -5.000000e-001  8.660254e-001  0.000000e+000
    outer loop
      vertex  1.150000e+000 -1.498801e+001  0.000000e+000
      vertex  1.240500e+001 -8.489936e+000 -3.000000e+000
      vertex  1.150000e+000 -1.498801e+001 -3.000000e+000
    endloop
  endfacet
  facet normal -4.999999e-001  8.660256e-001  4.756979e-006
    outer loop
      vertex  1.240500e+001 -8.489936e+000  0.000000e+000
      vertex -3.845926e-015 -1.565197e+001  6.655113e-001
      vertex  1.355500e+001 -7.825983e+000  0.000000e+000
    endloop
  endfacet
  facet normal -5.000000e-001  8.660254e-001  0.000000e+000
    outer loop
      vertex  1.355500e+001 -7.825983e+000  0.000000e+000
      vertex -3.845926e-015 -1.565197e+001  6.655113e-001
      vertex  1.355500e+001 -7.825983e+000  6.655113e-001
    endloop
  endfacet
  facet normal  4.999999e-001  8.660256e-001  -0.000000e+000
    outer loop
      vertex -1.240500e+001 -8.489936e+000  0.000000e+000
      vertex -1.355500e+001 -7.825983e+000  0.000000e+000
      vertex -1.355500e+001 -7.825983e+000  6.655113e-001
    endloop
  endfacet
  facet normal  5.000000e-001  8.660254e-001  4.128437e-007
    outer loop
      vertex -1.240500e+001 -8.489936e+000  0.000000e+000
      vertex -1.355500e+001 -7.825983e+000  6.655113e-001
      vertex -1.150000e+000 -1.498801e+001  0.000000e+000
    endloop
  endfacet
  facet normal  5.000000e-001  8.660254e-001  0.000000e+000
    outer loop
      vertex -1.240500e+001 -8.489936e+000  0.000000e+000
      vertex -1.150000e+000 -1.498801e+001  0.000000e+000
      vertex -1.150000e+000 -1.498801e+001 -3.000000e+000
    endloop
  endfacet
  facet normal  5.000000e-001  8.660254e-001  0.000000e+000
    outer loop
      vertex -1.240500e+001 -8.489936e+000  0.000000e+000
      vertex -1.150000e+000 -1.498801e+001 -3.000000e+000
      vertex -1.240500e+001 -8.489936e+000 -3.000000e+000
    endloop
  endfacet
  facet normal  5.000001e-001  8.660253e-001  3.688345e-006
    outer loop
      vertex -1.150000e+000 -1.498801e+001  0.000000e+000
      vertex -1.355500e+001 -7.825983e+000  6.655113e-001
      vertex -3.552714e-015 -1.565197e+001  0.000000e+000
    endloop
  endfacet
  facet normal  5.000000e-001  8.660254e-001  2.202907e-016
    outer loop
      vertex -3.552714e-015 -1.565197e+001  0.000000e+000
      vertex -1.355500e+001 -7.825983e+000  6.655113e-001
      vertex -3.845926e-015 -1.565197e+001  6.655113e-001
    endloop
  endfacet
  facet normal  1.000000e+000  0.000000e+000  -0.000000e+000
    outer loop
      vertex -1.355500e+001  6.498077e+000  0.000000e+000
      vertex -1.355500e+001  7.825983e+000  0.000000e+000
      vertex -1.355500e+001  7.825983e+000  6.655113e-001
    endloop
  endfacet
  facet normal  1.000000e+000  0.000000e+000  0.000000e+000
    outer loop
      vertex -1.355500e+001  6.498077e+000  0.000000e+000
      vertex -1.355500e+001  7.825983e+000  6.655113e-001
      vertex -1.355500e+001 -6.498077e+000  0.000000e+000
    endloop
  endfacet
  facet normal  1.000000e+000  -0.000000e+000  0.000000e+000
    outer loop
      vertex -1.355500e+001  6.498077e+000  0.000000e+000
      vertex -1.355500e+001 -6.498077e+000  0.000000e+000
      vertex -1.355500e+001 -6.498077e+000 -3.000000e+000
    endloop
  endfacet
  facet normal  1.000000e+000  0.000000e+000  0.000000e+000
    outer loop
      vertex -1.355500e+001  6.498077e+000  0.000000e+000
      vertex -1.355500e+001 -6.498077e+000 -3.000000e+000
      vertex -1.355500e+001  6.498077e+000 -3.000000e+000
    endloop
  endfacet
  facet normal  1.000000e+000  0.000000e+000  0.000000e+000
    outer loop
      vertex -1.355500e+001 -6.498077e+000  0.000000e+000
      vertex -1.355500e+001  7.825983e+000  6.655113e-001
      vertex -1.355500e+001 -7.825983e+000  0.000000e+000
    endloop
  endfacet
  facet normal  1.000000e+000  0.000000e+000  0.000000e+000
    outer loop
      vertex -1.355500e+001 -7.825983e+000  0.000000e+000
      vertex -1.355500e+001  7.825983e+000  6.655113e-001
      vertex -1.355500e+001 -7.825983e+000  6.655113e-001
    endloop
  endfacet
  facet normal -1.000000e+000  0.000000e+000  0.000000e+000
    outer loop
      vertex  1.484000e+001 -8.567878e+000  1.500000e+000
      vertex  1.484000e+001 -8.567878e+000  4.200000e+000
      vertex  1.484000e+001  8.567878e+000  1.500000e+000
    endloop
  endfacet
  facet normal -1.000000e+000  0.000000e+000  0.000000e+000
    outer loop
      vertex  1.484000e+001  8.567878e+000  1.500000e+000
      vertex  1.484000e+001 -8.567878e+000  4.200000e+000
      vertex  1.484000e+001  8.567878e+000  4.200000e+000
    endloop
  endfacet
  facet normal -5.000000e-001 -8.660254e-001  -0.000000e+000
    outer loop
      vertex  1.484000e+001  8.567878e+000  1.500000e+000
      vertex  1.484000e+001  8.567878e+000  4.200000e+000
      vertex -1.261656e-014  1.713576e+001  1.500000e+000
    endloop
  endfacet
  facet normal -5.000000e-001 -8.660254e-001  2.665355e-015
    outer loop
      vertex -1.261656e-014  1.713576e+001  1.500000e+000
      vertex  1.484000e+001  8.567878e+000  4.200000e+000
      vertex  1.776357e-015  1.713576e+001  4.200000e+000
    endloop
  endfacet
  facet normal  5.000000e-001 -8.660254e-001 -2.665355e-015
    outer loop
      vertex -1.261656e-014  1.713576e+001  1.500000e+000
      vertex  1.776357e-015  1.713576e+001  4.200000e+000
      vertex -1.484000e+001  8.567878e+000  1.500000e+000
    endloop
  endfacet
  facet normal  5.000000e-001 -8.660254e-001  0.000000e+000
    outer loop
      vertex -1.484000e+001  8.567878e+000  1.500000e+000
      vertex  1.776357e-015  1.713576e+001  4.200000e+000
      vertex -1.484000e+001  8.567878e+000  4.200000e+000
    endloop
  endfacet
  facet normal  1.000000e+000  0.000000e+000  0.000000e+000
    outer loop
      vertex -1.484000e+001  8.567878e+000  1.500000e+000
      vertex -1.484000e+001  8.567878e+000  4.200000e+000
      vertex -1.484000e+001 -8.567878e+000  1.500000e+000
    endloop
  endfacet
  facet normal  1.000000e+000  0.000000e+000  0.000000e+000
    outer loop
      vertex -1.484000e+001 -8.567878e+000  1.500000e+000
      vertex -1.484000e+001  8.567878e+000  4.200000e+000
      vertex -1.484000e+001 -8.567878e+000  4.200000e+000
    endloop
  endfacet
  facet normal  5.000000e-001  8.660254e-001  0.000000e+000
    outer loop
      vertex -1.484000e+001 -8.567878e+000  1.500000e+000
      vertex -1.484000e+001 -8.567878e+000  4.200000e+000
      vertex -6.360538e-015 -1.713576e+001  1.500000e+000
    endloop
  endfacet
  facet normal  5.000000e-001  8.660254e-001 -1.013400e-015
    outer loop
      vertex -6.360538e-015 -1.713576e+001  1.500000e+000
      vertex -1.484000e+001 -8.567878e+000  4.200000e+000
      vertex -8.881784e-016 -1.713576e+001  4.200000e+000
    endloop
  endfacet
  facet normal -5.000000e-001  8.660254e-001  1.013400e-015
    outer loop
      vertex -6.360538e-015 -1.713576e+001  1.500000e+000
      vertex -8.881784e-016 -1.713576e+001  4.200000e+000
      vertex  1.484000e+001 -8.567878e+000  1.500000e+000
    endloop
  endfacet
  facet normal -5.000000e-001  8.660254e-001  0.000000e+000
    outer loop
      vertex  1.484000e+001 -8.567878e+000  1.500000e+000
      vertex -8.881784e-016 -1.713576e+001  4.200000e+000
      vertex  1.484000e+001 -8.567878e+000  4.200000e+000
    endloop
  endfacet
  facet normal  2.723196e-001  4.716713e-001  8.386705e-001
    outer loop
      vertex -1.355500e+001 -7.825983e+000  6.655113e-001
      vertex -1.484000e+001 -8.567878e+000  1.500000e+000
      vertex -3.845926e-015 -1.565197e+001  6.655113e-001
    endloop
  endfacet
  facet normal  2.723196e-001  4.716714e-001  8.386705e-001
    outer loop
      vertex -3.845926e-015 -1.565197e+001  6.655113e-001
      vertex -1.484000e+001 -8.567878e+000  1.500000e+000
      vertex -6.360538e-015 -1.713576e+001  1.500000e+000
    endloop
  endfacet
  facet normal -2.723196e-001  4.716714e-001  8.386705e-001
    outer loop
      vertex -3.845926e-015 -1.565197e+001  6.655113e-001
      vertex -6.360538e-015 -1.713576e+001  1.500000e+000
      vertex  1.355500e+001 -7.825983e+000  6.655113e-001
    endloop
  endfacet
  facet normal -2.723196e-001  4.716713e-001  8.386704e-001
    outer loop
      vertex  1.355500e+001 -7.825983e+000  6.655113e-001
      vertex -6.360538e-015 -1.713576e+001  1.500000e+000
      vertex  1.484000e+001 -8.567878e+000  1.500000e+000
    endloop
  endfacet
  facet normal -5.446391e-001  0.000000e+000  8.386706e-001
    outer loop
      vertex  1.355500e+001 -7.825983e+000  6.655113e-001
      vertex  1.484000e+001 -8.567878e+000  1.500000e+000
      vertex  1.355500e+001  7.825983e+000  6.655113e-001
    endloop
  endfacet
  facet normal -5.446391e-001  0.000000e+000  8.386706e-001
    outer loop
      vertex  1.355500e+001  7.825983e+000  6.655113e-001
      vertex  1.484000e+001 -8.567878e+000  1.500000e+000
      vertex  1.484000e+001  8.567878e+000  1.500000e+000
    endloop
  endfacet
  facet normal -2.723196e-001 -4.716713e-001  8.386705e-001
    outer loop
      vertex  1.355500e+001  7.825983e+000  6.655113e-001
      vertex  1.484000e+001  8.567878e+000  1.500000e+000
      vertex -5.622282e-015  1.565197e+001  6.655113e-001
    endloop
  endfacet
  facet normal -2.723196e-001 -4.716714e-001  8.386705e-001
    outer loop
      vertex -5.622282e-015  1.565197e+001  6.655113e-001
      vertex  1.484000e+001  8.567878e+000  1.500000e+000
      vertex -1.261656e-014  1.713576e+001  1.500000e+000
    endloop
  endfacet
  facet normal  2.723196e-001 -4.716714e-001  8.386705e-001
    outer loop
      vertex -5.622282e-015  1.565197e+001  6.655113e-001
      vertex -1.261656e-014  1.713576e+001  1.500000e+000
      vertex -1.355500e+001  7.825983e+000  6.655113e-001
    endloop
  endfacet
  facet normal  2.723196e-001 -4.716713e-001  8.386704e-001
    outer loop
      vertex -1.355500e+001  7.825983e+000  6.655113e-001
      vertex -1.261656e-014  1.713576e+001  1.500000e+000
      vertex -1.484000e+001  8.567878e+000  1.500000e+000
    endloop
  endfacet
  facet normal  5.446391e-001  0.000000e+000  8.386706e-001
    outer loop
      vertex -1.355500e+001  7.825983e+000  6.655113e-001
      vertex -1.484000e+001  8.567878e+000  1.500000e+000
      vertex -1.355500e+001 -7.825983e+000  6.655113e-001
    endloop
  endfacet
  facet normal  5.446391e-001  0.000000e+000  8.386706e-001
    outer loop
      vertex -1.355500e+001 -7.825983e+000  6.655113e-001
      vertex -1.484000e+001  8.567878e+000  1.500000e+000
      vertex -1.484000e+001 -8.567878e+000  1.500000e+000
    endloop
  endfacet
  facet normal  0.000000e+000  0.000000e+000 -1.000000e+000
    outer loop
      vertex  1.240500e+001  8.489936e+000  0.000000e+000
      vertex  1.484500e+001  7.242859e+000  0.000000e+000
      vertex  1.355500e+001  7.825983e+000  0.000000e+000
    endloop
  endfacet
  facet normal  0.000000e+000  0.000000e+000 -1.000000e+000
    outer loop
      vertex  1.484500e+001  7.242859e+000  0.000000e+000
      vertex  1.355500e+001  6.498077e+000  0.000000e+000
      vertex  1.355500e+001  7.825983e+000  0.000000e+000
    endloop
  endfacet
  facet normal  0.000000e+000  0.000000e+000 -1.000000e+000
    outer loop
      vertex -1.355500e+001 -6.498077e+000  0.000000e+000
      vertex -1.355500e+001 -7.825983e+000  0.000000e+000
      vertex -1.484500e+001 -7.242859e+000  0.000000e+000
    endloop
  endfacet
  facet normal  0.000000e+000  0.000000e+000 -1.000000e+000
    outer loop
      vertex  4.000000e-001  2.632717e+001  0.000000e+000
      vertex  2.260000e+001  1.351000e+001  0.000000e+000
      vertex  1.150000e+000  1.647758e+001  0.000000e+000
    endloop
  endfacet
  facet normal  -0.000000e+000  0.000000e+000 -1.000000e+000
    outer loop
      vertex  1.355500e+001 -6.498077e+000  0.000000e+000
      vertex  1.484500e+001 -7.242859e+000  0.000000e+000
      vertex  1.355500e+001 -7.825983e+000  0.000000e+000
    endloop
  endfacet
  facet normal  0.000000e+000  0.000000e+000 -1.000000e+000
    outer loop
      vertex  2.300000e+001 -1.281718e+001  0.000000e+000
      vertex  1.150000e+000 -1.647758e+001  0.000000e+000
      vertex  1.369500e+001 -9.234717e+000  0.000000e+000
    endloop
  endfacet
  facet normal  0.000000e+000  0.000000e+000 -9.999999e-001
    outer loop
      vertex  2.300000e+001 -1.281718e+001  0.000000e+000
      vertex  1.369500e+001 -9.234717e+000  0.000000e+000
      vertex  1.240500e+001 -8.489936e+000  0.000000e+000
    endloop
  endfacet
  facet normal  0.000000e+000  0.000000e+000 -1.000000e+000
    outer loop
      vertex  2.300000e+001 -1.281718e+001  0.000000e+000
      vertex  1.240500e+001 -8.489936e+000  0.000000e+000
      vertex  1.355500e+001 -7.825983e+000  0.000000e+000
    endloop
  endfacet
  facet normal  0.000000e+000  0.000000e+000 -1.000000e+000
    outer loop
      vertex  2.300000e+001 -1.281718e+001  0.000000e+000
      vertex  1.355500e+001 -7.825983e+000  0.000000e+000
      vertex  1.484500e+001 -7.242859e+000  0.000000e+000
    endloop
  endfacet
  facet normal  0.000000e+000  0.000000e+000 -1.000000e+000
    outer loop
      vertex  2.300000e+001 -1.281718e+001  0.000000e+000
      vertex  1.484500e+001 -7.242859e+000  0.000000e+000
      vertex  1.484500e+001  7.242859e+000  0.000000e+000
    endloop
  endfacet
  facet normal  0.000000e+000  0.000000e+000 -1.000000e+000
    outer loop
      vertex  2.300000e+001 -1.281718e+001  0.000000e+000
      vertex  1.484500e+001  7.242859e+000  0.000000e+000
      vertex  2.300000e+001  1.281718e+001  0.000000e+000
    endloop
  endfacet
  facet normal  0.000000e+000  0.000000e+000 -1.000000e+000
    outer loop
      vertex -1.369500e+001  9.234717e+000  0.000000e+000
      vertex -2.300000e+001  1.281718e+001  0.000000e+000
      vertex -2.297274e+001  1.302423e+001  0.000000e+000
    endloop
  endfacet
  facet normal  0.000000e+000  0.000000e+000 -1.000000e+000
    outer loop
      vertex -1.369500e+001  9.234717e+000  0.000000e+000
      vertex -2.297274e+001  1.302423e+001  0.000000e+000
      vertex -2.289282e+001  1.321718e+001  0.000000e+000
    endloop
  endfacet
  facet normal  0.000000e+000  0.000000e+000 -1.000000e+000
    outer loop
      vertex -1.369500e+001  9.234717e+000  0.000000e+000
      vertex -2.289282e+001  1.321718e+001  0.000000e+000
      vertex -2.276569e+001  1.338286e+001  0.000000e+000
    endloop
  endfacet
  facet normal  0.000000e+000  0.000000e+000 -1.000000e+000
    outer loop
      vertex -1.369500e+001  9.234717e+000  0.000000e+000
      vertex -2.276569e+001  1.338286e+001  0.000000e+000
      vertex -2.260000e+001  1.351000e+001  0.000000e+000
    endloop
  endfacet
  facet normal  0.000000e+000  0.000000e+000 -9.999999e-001
    outer loop
      vertex -1.369500e+001  9.234717e+000  0.000000e+000
      vertex -2.260000e+001  1.351000e+001  0.000000e+000
      vertex -4.000000e-001  2.632717e+001  0.000000e+000
    endloop
  endfacet
  facet normal  0.000000e+000  0.000000e+000 -1.000000e+000
    outer loop
      vertex -1.369500e+001  9.234717e+000  0.000000e+000
      vertex -4.000000e-001  2.632717e+001  0.000000e+000
      vertex -1.150000e+000  1.647758e+001  0.000000e+000
    endloop
  endfacet
  facet normal  -0.000000e+000  0.000000e+000 -1.000000e+000
    outer loop
      vertex -1.484500e+001  7.242859e+000  0.000000e+000
      vertex -1.484500e+001 -7.242859e+000  0.000000e+000
      vertex -2.300000e+001 -1.281718e+001  0.000000e+000
    endloop
  endfacet
  facet normal  0.000000e+000  0.000000e+000 -1.000000e+000
    outer loop
      vertex -1.484500e+001  7.242859e+000  0.000000e+000
      vertex -2.300000e+001 -1.281718e+001  0.000000e+000
      vertex -2.300000e+001  1.281718e+001  0.000000e+000
    endloop
  endfacet
  facet normal  0.000000e+000  0.000000e+000 -1.000000e+000
    outer loop
      vertex -1.484500e+001  7.242859e+000  0.000000e+000
      vertex -2.300000e+001  1.281718e+001  0.000000e+000
      vertex -1.369500e+001  9.234717e+000  0.000000e+000
    endloop
  endfacet
  facet normal  0.000000e+000  -0.000000e+000 -1.000000e+000
    outer loop
      vertex -1.484500e+001  7.242859e+000  0.000000e+000
      vertex -1.369500e+001  9.234717e+000  0.000000e+000
      vertex -1.240500e+001  8.489936e+000  0.000000e+000
    endloop
  endfacet
  facet normal  0.000000e+000  0.000000e+000 -1.000000e+000
    outer loop
      vertex -1.484500e+001  7.242859e+000  0.000000e+000
      vertex -1.240500e+001  8.489936e+000  0.000000e+000
      vertex -1.355500e+001  7.825983e+000  0.000000e+000
    endloop
  endfacet
  facet normal  0.000000e+000  -0.000000e+000 -1.000000e+000
    outer loop
      vertex -1.484500e+001  7.242859e+000  0.000000e+000
      vertex -1.355500e+001  7.825983e+000  0.000000e+000
      vertex -1.355500e+001  6.498077e+000  0.000000e+000
    endloop
  endfacet
  facet normal  0.000000e+000  0.000000e+000 -1.000000e+000
    outer loop
      vertex -1.150000e+000 -1.647758e+001  0.000000e+000
      vertex -4.000000e-001 -2.632717e+001  0.000000e+000
      vertex -2.260000e+001 -1.351000e+001  0.000000e+000
    endloop
  endfacet
  facet normal  0.000000e+000  0.000000e+000 -1.000000e+000
    outer loop
      vertex -1.150000e+000 -1.647758e+001  0.000000e+000
      vertex -2.260000e+001 -1.351000e+001  0.000000e+000
      vertex -2.276569e+001 -1.338286e+001  0.000000e+000
    endloop
  endfacet
  facet normal  0.000000e+000  0.000000e+000 -1.000000e+000
    outer loop
      vertex -1.150000e+000 -1.647758e+001  0.000000e+000
      vertex -2.276569e+001 -1.338286e+001  0.000000e+000
      vertex -2.289282e+001 -1.321718e+001  0.000000e+000
    endloop
  endfacet
  facet normal  0.000000e+000  0.000000e+000 -1.000000e+000
    outer loop
      vertex -1.150000e+000 -1.647758e+001  0.000000e+000
      vertex -2.289282e+001 -1.321718e+001  0.000000e+000
      vertex -2.297274e+001 -1.302423e+001  0.000000e+000
    endloop
  endfacet
  facet normal  0.000000e+000  0.000000e+000 -1.000000e+000
    outer loop
      vertex -1.150000e+000 -1.647758e+001  0.000000e+000
      vertex -2.297274e+001 -1.302423e+001  0.000000e+000
      vertex -2.300000e+001 -1.281718e+001  0.000000e+000
    endloop
  endfacet
  facet normal  0.000000e+000  0.000000e+000 -1.000000e+000
    outer loop
      vertex -1.150000e+000 -1.647758e+001  0.000000e+000
      vertex -2.300000e+001 -1.281718e+001  0.000000e+000
      vertex -1.369500e+001 -9.234717e+000  0.000000e+000
    endloop
  endfacet
  facet normal  0.000000e+000  -0.000000e+000 -1.000000e+000
    outer loop
      vertex -2.300000e+001 -1.281718e+001  0.000000e+000
      vertex -1.484500e+001 -7.242859e+000  0.000000e+000
      vertex -1.355500e+001 -7.825983e+000  0.000000e+000
    endloop
  endfacet
  facet normal  0.000000e+000  -0.000000e+000 -1.000000e+000
    outer loop
      vertex -2.300000e+001 -1.281718e+001  0.000000e+000
      vertex -1.355500e+001 -7.825983e+000  0.000000e+000
      vertex -1.240500e+001 -8.489936e+000  0.000000e+000
    endloop
  endfacet
  facet normal  0.000000e+000  0.000000e+000 -9.999999e-001
    outer loop
      vertex -2.300000e+001 -1.281718e+001  0.000000e+000
      vertex -1.240500e+001 -8.489936e+000  0.000000e+000
      vertex -1.369500e+001 -9.234717e+000  0.000000e+000
    endloop
  endfacet
  facet normal  0.000000e+000  0.000000e+000 -9.999999e-001
    outer loop
      vertex  1.369500e+001  9.234717e+000  0.000000e+000
      vertex  1.150000e+000  1.647758e+001  0.000000e+000
      vertex  2.260000e+001  1.351000e+001  0.000000e+000
    endloop
  endfacet
  facet normal  0.000000e+000  -0.000000e+000 -1.000000e+000
    outer loop
      vertex  1.369500e+001  9.234717e+000  0.000000e+000
      vertex  2.260000e+001  1.351000e+001  0.000000e+000
      vertex  2.276569e+001  1.338286e+001  0.000000e+000
    endloop
  endfacet
  facet normal  0.000000e+000  -0.000000e+000 -1.000000e+000
    outer loop
      vertex  1.369500e+001  9.234717e+000  0.000000e+000
      vertex  2.276569e+001  1.338286e+001  0.000000e+000
      vertex  2.289282e+001  1.321718e+001  0.000000e+000
    endloop
  endfacet
  facet normal  0.000000e+000  -0.000000e+000 -1.000000e+000
    outer loop
      vertex  1.369500e+001  9.234717e+000  0.000000e+000
      vertex  2.289282e+001  1.321718e+001  0.000000e+000
      vertex  2.297274e+001  1.302423e+001  0.000000e+000
    endloop
  endfacet
  facet normal  0.000000e+000  -0.000000e+000 -1.000000e+000
    outer loop
      vertex  1.369500e+001  9.234717e+000  0.000000e+000
      vertex  2.297274e+001  1.302423e+001  0.000000e+000
      vertex  2.300000e+001  1.281718e+001  0.000000e+000
    endloop
  endfacet
  facet normal  0.000000e+000  0.000000e+000 -1.000000e+000
    outer loop
      vertex  1.369500e+001  9.234717e+000  0.000000e+000
      vertex  2.300000e+001  1.281718e+001  0.000000e+000
      vertex  1.484500e+001  7.242859e+000  0.000000e+000
    endloop
  endfacet
  facet normal  0.000000e+000  0.000000e+000 -1.000000e+000
    outer loop
      vertex  1.369500e+001  9.234717e+000  0.000000e+000
      vertex  1.484500e+001  7.242859e+000  0.000000e+000
      vertex  1.240500e+001  8.489936e+000  0.000000e+000
    endloop
  endfacet
  facet normal  0.000000e+000  0.000000e+000 -1.000000e+000
    outer loop
      vertex  1.150000e+000 -1.647758e+001  0.000000e+000
      vertex  2.300000e+001 -1.281718e+001  0.000000e+000
      vertex  2.297274e+001 -1.302423e+001  0.000000e+000
    endloop
  endfacet
  facet normal  0.000000e+000  0.000000e+000 -1.000000e+000
    outer loop
      vertex  1.150000e+000 -1.647758e+001  0.000000e+000
      vertex  2.297274e+001 -1.302423e+001  0.000000e+000
      vertex  2.289282e+001 -1.321718e+001  0.000000e+000
    endloop
  endfacet
  facet normal  0.000000e+000  0.000000e+000 -1.000000e+000
    outer loop
      vertex  1.150000e+000 -1.647758e+001  0.000000e+000
      vertex  2.289282e+001 -1.321718e+001  0.000000e+000
      vertex  2.276569e+001 -1.338286e+001  0.000000e+000
    endloop
  endfacet
  facet normal  0.000000e+000  0.000000e+000 -1.000000e+000
    outer loop
      vertex  1.150000e+000 -1.647758e+001  0.000000e+000
      vertex  2.276569e+001 -1.338286e+001  0.000000e+000
      vertex  2.260000e+001 -1.351000e+001  0.000000e+000
    endloop
  endfacet
  facet normal  0.000000e+000  0.000000e+000 -1.000000e+000
    outer loop
      vertex  1.150000e+000 -1.647758e+001  0.000000e+000
      vertex  2.260000e+001 -1.351000e+001  0.000000e+000
      vertex  4.000000e-001 -2.632717e+001  0.000000e+000
    endloop
  endfacet
  facet normal  0.000000e+000  0.000000e+000 -1.000000e+000
    outer loop
      vertex -3.552714e-015 -1.565197e+001  0.000000e+000
      vertex -7.788988e-015 -2.643435e+001  0.000000e+000
      vertex -1.150000e+000 -1.498801e+001  0.000000e+000
    endloop
  endfacet
  facet normal  0.000000e+000  0.000000e+000 -9.999999e-001
    outer loop
      vertex -1.150000e+000 -1.498801e+001  0.000000e+000
      vertex -7.788988e-015 -2.643435e+001  0.000000e+000
      vertex -1.150000e+000 -1.647758e+001  0.000000e+000
    endloop
  endfacet
  facet normal  0.000000e+000  0.000000e+000 -1.000000e+000
    outer loop
      vertex -7.788988e-015 -2.643435e+001  0.000000e+000
      vertex -2.070552e-001 -2.640709e+001  0.000000e+000
      vertex -1.150000e+000 -1.647758e+001  0.000000e+000
    endloop
  endfacet
  facet normal  0.000000e+000  0.000000e+000 -1.000000e+000
    outer loop
      vertex -1.150000e+000 -1.647758e+001  0.000000e+000
      vertex -2.070552e-001 -2.640709e+001  0.000000e+000
      vertex -4.000000e-001 -2.632717e+001  0.000000e+000
    endloop
  endfacet
  facet normal  0.000000e+000  0.000000e+000 -9.999999e-001
    outer loop
      vertex -1.150000e+000  1.498801e+001  0.000000e+000
      vertex -1.150000e+000  1.647758e+001  0.000000e+000
      vertex  0.000000e+000  1.565197e+001  0.000000e+000
    endloop
  endfacet
  facet normal  0.000000e+000  0.000000e+000 -1.000000e+000
    outer loop
      vertex  0.000000e+000  1.565197e+001  0.000000e+000
      vertex -1.150000e+000  1.647758e+001  0.000000e+000
      vertex  2.591395e-015  2.643435e+001  0.000000e+000
    endloop
  endfacet
  facet normal  0.000000e+000  -0.000000e+000 -9.999999e-001
    outer loop
      vertex -1.150000e+000  1.647758e+001  0.000000e+000
      vertex -4.000000e-001  2.632717e+001  0.000000e+000
      vertex  2.591395e-015  2.643435e+001  0.000000e+000
    endloop
  endfacet
  facet normal  0.000000e+000  0.000000e+000 -9.999999e-001
    outer loop
      vertex  2.591395e-015  2.643435e+001  0.000000e+000
      vertex -4.000000e-001  2.632717e+001  0.000000e+000
      vertex -2.070552e-001  2.640709e+001  0.000000e+000
    endloop
  endfacet
  facet normal  0.000000e+000  -0.000000e+000 -1.000000e+000
    outer loop
      vertex  0.000000e+000  1.565197e+001  0.000000e+000
      vertex  2.591395e-015  2.643435e+001  0.000000e+000
      vertex  1.150000e+000  1.498801e+001  0.000000e+000
    endloop
  endfacet
  facet normal  0.000000e+000  0.000000e+000 -9.999999e-001
    outer loop
      vertex  1.150000e+000  1.498801e+001  0.000000e+000
      vertex  2.591395e-015  2.643435e+001  0.000000e+000
      vertex  1.150000e+000  1.647758e+001  0.000000e+000
    endloop
  endfacet
  facet normal  -0.000000e+000  -0.000000e+000 -1.000000e+000
    outer loop
      vertex  2.591395e-015  2.643435e+001  0.000000e+000
      vertex  2.070552e-001  2.640709e+001  0.000000e+000
      vertex  1.150000e+000  1.647758e+001  0.000000e+000
    endloop
  endfacet
  facet normal  0.000000e+000  0.000000e+000 -1.000000e+000
    outer loop
      vertex  1.150000e+000  1.647758e+001  0.000000e+000
      vertex  2.070552e-001  2.640709e+001  0.000000e+000
      vertex  4.000000e-001  2.632717e+001  0.000000e+000
    endloop
  endfacet
  facet normal  0.000000e+000  0.000000e+000 -9.999999e-001
    outer loop
      vertex  1.150000e+000 -1.498801e+001  0.000000e+000
      vertex  1.150000e+000 -1.647758e+001  0.000000e+000
      vertex -3.552714e-015 -1.565197e+001  0.000000e+000
    endloop
  endfacet
  facet normal  0.000000e+000  -0.000000e+000 -1.000000e+000
    outer loop
      vertex -3.552714e-015 -1.565197e+001  0.000000e+000
      vertex  1.150000e+000 -1.647758e+001  0.000000e+000
      vertex -7.788988e-015 -2.643435e+001  0.000000e+000
    endloop
  endfacet
  facet normal  -0.000000e+000  0.000000e+000 -9.999999e-001
    outer loop
      vertex  1.150000e+000 -1.647758e+001  0.000000e+000
      vertex  4.000000e-001 -2.632717e+001  0.000000e+000
      vertex -7.788988e-015 -2.643435e+001  0.000000e+000
    endloop
  endfacet
  facet normal  0.000000e+000  0.000000e+000 -9.999999e-001
    outer loop
      vertex -7.788988e-015 -2.643435e+001  0.000000e+000
      vertex  4.000000e-001 -2.632717e+001  0.000000e+000
      vertex  2.070552e-001 -2.640709e+001  0.000000e+000
    endloop
  endfacet
  facet normal  4.999998e-001  8.660255e-001  -0.000000e+000
    outer loop
      vertex  1.369500e+001 -9.234717e+000  0.000000e+000
      vertex  1.369500e+001 -9.234717e+000 -3.000000e+000
      vertex  1.240500e+001 -8.489936e+000  0.000000e+000
    endloop
  endfacet
  facet normal  4.999998e-001  8.660255e-001  0.000000e+000
    outer loop
      vertex  1.240500e+001 -8.489936e+000  0.000000e+000
      vertex  1.369500e+001 -9.234717e+000 -3.000000e+000
      vertex  1.240500e+001 -8.489936e+000 -3.000000e+000
    endloop
  endfacet
  facet normal -4.999998e-001 -8.660255e-001  0.000000e+000
    outer loop
      vertex  1.355500e+001 -6.498077e+000  0.000000e+000
      vertex  1.355500e+001 -6.498077e+000 -3.000000e+000
      vertex  1.484500e+001 -7.242859e+000  0.000000e+000
    endloop
  endfacet
  facet normal -4.999998e-001 -8.660255e-001  -0.000000e+000
    outer loop
      vertex  1.484500e+001 -7.242859e+000  0.000000e+000
      vertex  1.355500e+001 -6.498077e+000 -3.000000e+000
      vertex  1.484500e+001 -7.242859e+000 -3.000000e+000
    endloop
  endfacet
  facet normal -1.000000e+000  0.000000e+000  0.000000e+000
    outer loop
      vertex  1.150000e+000 -1.498801e+001  0.000000e+000
      vertex  1.150000e+000 -1.498801e+001 -3.000000e+000
      vertex  1.150000e+000 -1.647758e+001  0.000000e+000
    endloop
  endfacet
  facet normal -1.000000e+000  0.000000e+000  0.000000e+000
    outer loop
      vertex  1.150000e+000 -1.647758e+001  0.000000e+000
      vertex  1.150000e+000 -1.498801e+001 -3.000000e+000
      vertex  1.150000e+000 -1.647758e+001 -3.000000e+000
    endloop
  endfacet
  facet normal  1.000000e+000  0.000000e+000  0.000000e+000
    outer loop
      vertex -1.150000e+000 -1.647758e+001  0.000000e+000
      vertex -1.150000e+000 -1.647758e+001 -3.000000e+000
      vertex -1.150000e+000 -1.498801e+001  0.000000e+000
    endloop
  endfacet
  facet normal  1.000000e+000  0.000000e+000  0.000000e+000
    outer loop
      vertex -1.150000e+000 -1.498801e+001  0.000000e+000
      vertex -1.150000e+000 -1.647758e+001 -3.000000e+000
      vertex -1.150000e+000 -1.498801e+001 -3.000000e+000
    endloop
  endfacet
  facet normal -1.000000e+000  0.000000e+000  0.000000e+000
    outer loop
      vertex  1.150000e+000  1.647758e+001  0.000000e+000
      vertex  1.150000e+000  1.647758e+001 -3.000000e+000
      vertex  1.150000e+000  1.498801e+001  0.000000e+000
    endloop
  endfacet
  facet normal -1.000000e+000  0.000000e+000  0.000000e+000
    outer loop
      vertex  1.150000e+000  1.498801e+001  0.000000e+000
      vertex  1.150000e+000  1.647758e+001 -3.000000e+000
      vertex  1.150000e+000  1.498801e+001 -3.000000e+000
    endloop
  endfacet
  facet normal  1.000000e+000  0.000000e+000  0.000000e+000
    outer loop
      vertex -1.150000e+000  1.498801e+001  0.000000e+000
      vertex -1.150000e+000  1.498801e+001 -3.000000e+000
      vertex -1.150000e+000  1.647758e+001  0.000000e+000
    endloop
  endfacet
  facet normal  1.000000e+000  0.000000e+000  0.000000e+000
    outer loop
      vertex -1.150000e+000  1.647758e+001  0.000000e+000
      vertex -1.150000e+000  1.498801e+001 -3.000000e+000
      vertex -1.150000e+000  1.647758e+001 -3.000000e+000
    endloop
  endfacet
  facet normal -4.999998e-001  8.660255e-001  0.000000e+000
    outer loop
      vertex -1.240500e+001 -8.489936e+000  0.000000e+000
      vertex -1.240500e+001 -8.489936e+000 -3.000000e+000
      vertex -1.369500e+001 -9.234717e+000  0.000000e+000
    endloop
  endfacet
  facet normal -4.999998e-001  8.660255e-001  0.000000e+000
    outer loop
      vertex -1.369500e+001 -9.234717e+000  0.000000e+000
      vertex -1.240500e+001 -8.489936e+000 -3.000000e+000
      vertex -1.369500e+001 -9.234717e+000 -3.000000e+000
    endloop
  endfacet
  facet normal  5.000001e-001 -8.660254e-001  0.000000e+000
    outer loop
      vertex -1.484500e+001 -7.242859e+000  0.000000e+000
      vertex -1.484500e+001 -7.242859e+000 -3.000000e+000
      vertex -1.355500e+001 -6.498077e+000  0.000000e+000
    endloop
  endfacet
  facet normal  5.000001e-001 -8.660254e-001  0.000000e+000
    outer loop
      vertex -1.355500e+001 -6.498077e+000  0.000000e+000
      vertex -1.484500e+001 -7.242859e+000 -3.000000e+000
      vertex -1.355500e+001 -6.498077e+000 -3.000000e+000
    endloop
  endfacet
  facet normal  4.999998e-001 -8.660255e-001  0.000000e+000
    outer loop
      vertex  1.240500e+001  8.489936e+000  0.000000e+000
      vertex  1.240500e+001  8.489936e+000 -3.000000e+000
      vertex  1.369500e+001  9.234717e+000  0.000000e+000
    endloop
  endfacet
  facet normal  4.999998e-001 -8.660255e-001  0.000000e+000
    outer loop
      vertex  1.369500e+001  9.234717e+000  0.000000e+000
      vertex  1.240500e+001  8.489936e+000 -3.000000e+000
      vertex  1.369500e+001  9.234717e+000 -3.000000e+000
    endloop
  endfacet
  facet normal -5.000001e-001  8.660254e-001  0.000000e+000
    outer loop
      vertex  1.484500e+001  7.242859e+000  0.000000e+000
      vertex  1.484500e+001  7.242859e+000 -3.000000e+000
      vertex  1.355500e+001  6.498077e+000  0.000000e+000
    endloop
  endfacet
  facet normal -5.000001e-001  8.660254e-001  0.000000e+000
    outer loop
      vertex  1.355500e+001  6.498077e+000  0.000000e+000
      vertex  1.484500e+001  7.242859e+000 -3.000000e+000
      vertex  1.355500e+001  6.498077e+000 -3.000000e+000
    endloop
  endfacet
  facet normal -4.999998e-001 -8.660255e-001  0.000000e+000
    outer loop
      vertex -1.369500e+001  9.234717e+000  0.000000e+000
      vertex -1.369500e+001  9.234717e+000 -3.000000e+000
      vertex -1.240500e+001  8.489936e+000  0.000000e+000
    endloop
  endfacet
  facet normal -4.999998e-001 -8.660255e-001  -0.000000e+000
    outer loop
      vertex -1.240500e+001  8.489936e+000  0.000000e+000
      vertex -1.369500e+001  9.234717e+000 -3.000000e+000
      vertex -1.240500e+001  8.489936e+000 -3.000000e+000
    endloop
  endfacet
  facet normal  5.000001e-001  8.660254e-001  -0.000000e+000
    outer loop
      vertex -1.355500e+001  6.498077e+000  0.000000e+000
      vertex -1.355500e+001  6.498077e+000 -3.000000e+000
      vertex -1.484500e+001  7.242859e+000  0.000000e+000
    endloop
  endfacet
  facet normal  5.000001e-001  8.660254e-001  0.000000e+000
    outer loop
      vertex -1.484500e+001  7.242859e+000  0.000000e+000
      vertex -1.355500e+001  6.498077e+000 -3.000000e+000
      vertex -1.484500e+001  7.242859e+000 -3.000000e+000
    endloop
  endfacet
  facet normal  1.000000e+000  0.000000e+000  0.000000e+000
    outer loop
      vertex  1.484500e+001  7.242859e+000 -3.000000e+000
      vertex  1.484500e+001  7.242859e+000  0.000000e+000
      vertex  1.484500e+001 -7.242859e+000 -3.000000e+000
    endloop
  endfacet
  facet normal  1.000000e+000  0.000000e+000  0.000000e+000
    outer loop
      vertex  1.484500e+001 -7.242859e+000 -3.000000e+000
      vertex  1.484500e+001  7.242859e+000  0.000000e+000
      vertex  1.484500e+001 -7.242859e+000  0.000000e+000
    endloop
  endfacet
  facet normal  5.000000e-001  8.660254e-001  0.000000e+000
    outer loop
      vertex  1.150000e+000  1.647758e+001 -3.000000e+000
      vertex  1.150000e+000  1.647758e+001  0.000000e+000
      vertex  1.369500e+001  9.234717e+000 -3.000000e+000
    endloop
  endfacet
  facet normal  5.000000e-001  8.660254e-001  -0.000000e+000
    outer loop
      vertex  1.369500e+001  9.234717e+000 -3.000000e+000
      vertex  1.150000e+000  1.647758e+001  0.000000e+000
      vertex  1.369500e+001  9.234717e+000  0.000000e+000
    endloop
  endfacet
  facet normal  5.000000e-001 -8.660254e-001  0.000000e+000
    outer loop
      vertex  1.369500e+001 -9.234717e+000 -3.000000e+000
      vertex  1.369500e+001 -9.234717e+000  0.000000e+000
      vertex  1.150000e+000 -1.647758e+001 -3.000000e+000
    endloop
  endfacet
  facet normal  5.000000e-001 -8.660254e-001  0.000000e+000
    outer loop
      vertex  1.150000e+000 -1.647758e+001 -3.000000e+000
      vertex  1.369500e+001 -9.234717e+000  0.000000e+000
      vertex  1.150000e+000 -1.647758e+001  0.000000e+000
    endloop
  endfacet
  facet normal  0.000000e+000  0.000000e+000 -1.000000e+000
    outer loop
      vertex  1.355500e+001  6.498077e+000 -3.000000e+000
      vertex  1.484500e+001  7.242859e+000 -3.000000e+000
      vertex  1.355500e+001 -6.498077e+000 -3.000000e+000
    endloop
  endfacet
  facet normal  0.000000e+000  0.000000e+000 -1.000000e+000
    outer loop
      vertex  1.355500e+001 -6.498077e+000 -3.000000e+000
      vertex  1.484500e+001  7.242859e+000 -3.000000e+000
      vertex  1.484500e+001 -7.242859e+000 -3.000000e+000
    endloop
  endfacet
  facet normal  0.000000e+000  0.000000e+000 -1.000000e+000
    outer loop
      vertex  1.150000e+000  1.498801e+001 -3.000000e+000
      vertex  1.150000e+000  1.647758e+001 -3.000000e+000
      vertex  1.240500e+001  8.489936e+000 -3.000000e+000
    endloop
  endfacet
  facet normal  0.000000e+000  0.000000e+000 -1.000000e+000
    outer loop
      vertex  1.240500e+001  8.489936e+000 -3.000000e+000
      vertex  1.150000e+000  1.647758e+001 -3.000000e+000
      vertex  1.369500e+001  9.234717e+000 -3.000000e+000
    endloop
  endfacet
  facet normal  0.000000e+000  0.000000e+000 -1.000000e+000
    outer loop
      vertex -1.369500e+001  9.234717e+000 -3.000000e+000
      vertex -1.150000e+000  1.647758e+001 -3.000000e+000
      vertex -1.240500e+001  8.489936e+000 -3.000000e+000
    endloop
  endfacet
  facet normal  0.000000e+000  0.000000e+000 -1.000000e+000
    outer loop
      vertex -1.240500e+001  8.489936e+000 -3.000000e+000
      vertex -1.150000e+000  1.647758e+001 -3.000000e+000
      vertex -1.150000e+000  1.498801e+001 -3.000000e+000
    endloop
  endfacet
  facet normal  -0.000000e+000  0.000000e+000 -1.000000e+000
    outer loop
      vertex -1.484500e+001  7.242859e+000 -3.000000e+000
      vertex -1.355500e+001  6.498077e+000 -3.000000e+000
      vertex -1.484500e+001 -7.242859e+000 -3.000000e+000
    endloop
  endfacet
  facet normal  0.000000e+000  0.000000e+000 -1.000000e+000
    outer loop
      vertex -1.484500e+001 -7.242859e+000 -3.000000e+000
      vertex -1.355500e+001  6.498077e+000 -3.000000e+000
      vertex -1.355500e+001 -6.498077e+000 -3.000000e+000
    endloop
  endfacet
  facet normal  0.000000e+000  -0.000000e+000 -1.000000e+000
    outer loop
      vertex -1.369500e+001 -9.234717e+000 -3.000000e+000
      vertex -1.240500e+001 -8.489936e+000 -3.000000e+000
      vertex -1.150000e+000 -1.647758e+001 -3.000000e+000
    endloop
  endfacet
  facet normal  0.000000e+000  0.000000e+000 -1.000000e+000
    outer loop
      vertex -1.150000e+000 -1.647758e+001 -3.000000e+000
      vertex -1.240500e+001 -8.489936e+000 -3.000000e+000
      vertex -1.150000e+000 -1.498801e+001 -3.000000e+000
    endloop
  endfacet
  facet normal  0.000000e+000  0.000000e+000 -1.000000e+000
    outer loop
      vertex  1.150000e+000 -1.498801e+001 -3.000000e+000
      vertex  1.240500e+001 -8.489936e+000 -3.000000e+000
      vertex  1.150000e+000 -1.647758e+001 -3.000000e+000
    endloop
  endfacet
  facet normal  0.000000e+000  0.000000e+000 -1.000000e+000
    outer loop
      vertex  1.150000e+000 -1.647758e+001 -3.000000e+000
      vertex  1.240500e+001 -8.489936e+000 -3.000000e+000
      vertex  1.369500e+001 -9.234717e+000 -3.000000e+000
    endloop
  endfacet
  facet normal -5.000000e-001  8.660254e-001  0.000000e+000
    outer loop
      vertex -1.369500e+001  9.234717e+000 -3.000000e+000
      vertex -1.369500e+001  9.234717e+000  0.000000e+000
      vertex -1.150000e+000  1.647758e+001 -3.000000e+000
    endloop
  endfacet
  facet normal -5.000000e-001  8.660254e-001  0.000000e+000
    outer loop
      vertex -1.150000e+000  1.647758e+001 -3.000000e+000
      vertex -1.369500e+001  9.234717e+000  0.000000e+000
      vertex -1.150000e+000  1.647758e+001  0.000000e+000
    endloop
  endfacet
  facet normal -5.000000e-001 -8.660254e-001  -0.000000e+000
    outer loop
      vertex -1.150000e+000 -1.647758e+001 -3.000000e+000
      vertex -1.150000e+000 -1.647758e+001  0.000000e+000
      vertex -1.369500e+001 -9.234717e+000 -3.000000e+000
    endloop
  endfacet
  facet normal -5.000000e-001 -8.660254e-001  0.000000e+000
    outer loop
      vertex -1.369500e+001 -9.234717e+000 -3.000000e+000
      vertex -1.150000e+000 -1.647758e+001  0.000000e+000
      vertex -1.369500e+001 -9.234717e+000  0.000000e+000
    endloop
  endfacet
  facet normal -9.999999e-001  0.000000e+000  0.000000e+000
    outer loop
      vertex -1.484500e+001 -7.242859e+000 -3.000000e+000
      vertex -1.484500e+001 -7.242859e+000  0.000000e+000
      vertex -1.484500e+001  7.242859e+000 -3.000000e+000
    endloop
  endfacet
  facet normal -9.999999e-001  0.000000e+000  0.000000e+000
    outer loop
      vertex -1.484500e+001  7.242859e+000 -3.000000e+000
      vertex -1.484500e+001 -7.242859e+000  0.000000e+000
      vertex -1.484500e+001  7.242859e+000  0.000000e+000
    endloop
  endfacet
  facet normal  0.000000e+000  0.000000e+000  1.000000e+000
    outer loop
      vertex -3.219647e-015  1.805952e+001  5.000000e+000
      vertex  2.664535e-015  2.563435e+001  5.000000e+000
      vertex -1.564000e+001  9.029758e+000  5.000000e+000
    endloop
  endfacet
  facet normal  0.000000e+000  -0.000000e+000  1.000000e+000
    outer loop
      vertex -1.564000e+001  9.029758e+000  5.000000e+000
      vertex  2.664535e-015  2.563435e+001  5.000000e+000
      vertex -2.220000e+001  1.281718e+001  5.000000e+000
    endloop
  endfacet
  facet normal  0.000000e+000  0.000000e+000  1.000000e+000
    outer loop
      vertex -1.564000e+001  9.029758e+000  5.000000e+000
      vertex -2.220000e+001  1.281718e+001  5.000000e+000
      vertex -1.564000e+001 -9.029758e+000  5.000000e+000
    endloop
  endfacet
  facet normal  0.000000e+000  0.000000e+000  1.000000e+000
    outer loop
      vertex -1.564000e+001 -9.029758e+000  5.000000e+000
      vertex -2.220000e+001  1.281718e+001  5.000000e+000
      vertex -2.220000e+001 -1.281718e+001  5.000000e+000
    endloop
  endfacet
  facet normal  -0.000000e+000  0.000000e+000  1.000000e+000
    outer loop
      vertex -1.564000e+001 -9.029758e+000  5.000000e+000
      vertex -2.220000e+001 -1.281718e+001  5.000000e+000
      vertex -6.661338e-016 -1.805952e+001  5.000000e+000
    endloop
  endfacet
  facet normal  0.000000e+000  0.000000e+000  1.000000e+000
    outer loop
      vertex -6.661338e-016 -1.805952e+001  5.000000e+000
      vertex -2.220000e+001 -1.281718e+001  5.000000e+000
      vertex -1.243450e-014 -2.563435e+001  5.000000e+000
    endloop
  endfacet
  facet normal  0.000000e+000  0.000000e+000  1.000000e+000
    outer loop
      vertex -6.661338e-016 -1.805952e+001  5.000000e+000
      vertex -1.243450e-014 -2.563435e+001  5.000000e+000
      vertex  1.564000e+001 -9.029758e+000  5.000000e+000
    endloop
  endfacet
  facet normal  0.000000e+000  0.000000e+000  1.000000e+000
    outer loop
      vertex  1.564000e+001 -9.029758e+000  5.000000e+000
      vertex -1.243450e-014 -2.563435e+001  5.000000e+000
      vertex  2.220000e+001 -1.281718e+001  5.000000e+000
    endloop
  endfacet
  facet normal  0.000000e+000  0.000000e+000  1.000000e+000
    outer loop
      vertex  1.564000e+001 -9.029758e+000  5.000000e+000
      vertex  2.220000e+001 -1.281718e+001  5.000000e+000
      vertex  1.564000e+001  9.029758e+000  5.000000e+000
    endloop
  endfacet
  facet normal  -0.000000e+000  0.000000e+000  1.000000e+000
    outer loop
      vertex  1.564000e+001  9.029758e+000  5.000000e+000
      vertex  2.220000e+001 -1.281718e+001  5.000000e+000
      vertex  2.220000e+001  1.281718e+001  5.000000e+000
    endloop
  endfacet
  facet normal  0.000000e+000  0.000000e+000  1.000000e+000
    outer loop
      vertex  1.564000e+001  9.029758e+000  5.000000e+000
      vertex  2.220000e+001  1.281718e+001  5.000000e+000
      vertex -3.219647e-015  1.805952e+001  5.000000e+000
    endloop
  endfacet
  facet normal  -0.000000e+000  0.000000e+000  1.000000e+000
    outer loop
      vertex -3.219647e-015  1.805952e+001  5.000000e+000
      vertex  2.220000e+001  1.281718e+001  5.000000e+000
      vertex  2.664535e-015  2.563435e+001  5.000000e+000
    endloop
  endfacet
  facet normal -4.938443e-001 -8.553634e-001  1.564330e-001
    outer loop
      vertex -2.260000e+001 -1.351000e+001  4.200000e+000
      vertex -4.000000e-001 -2.632717e+001  4.200000e+000
      vertex -2.258042e+001 -1.347609e+001  4.447214e+000
    endloop
  endfacet
  facet normal -4.938443e-001 -8.553634e-001  1.564330e-001
    outer loop
      vertex -2.258042e+001 -1.347609e+001  4.447214e+000
      vertex -4.000000e-001 -2.632717e+001  4.200000e+000
      vertex -3.804226e-001 -2.629326e+001  4.447214e+000
    endloop
  endfacet
  facet normal -4.455031e-001 -7.716340e-001  4.539911e-001
    outer loop
      vertex -2.258042e+001 -1.347609e+001  4.447214e+000
      vertex -3.804226e-001 -2.629326e+001  4.447214e+000
      vertex -2.252361e+001 -1.337768e+001  4.670228e+000
    endloop
  endfacet
  facet normal -4.455031e-001 -7.716340e-001  4.539911e-001
    outer loop
      vertex -2.252361e+001 -1.337768e+001  4.670228e+000
      vertex -3.804226e-001 -2.629326e+001  4.447214e+000
      vertex -3.236068e-001 -2.619485e+001  4.670228e+000
    endloop
  endfacet
  facet normal -3.535528e-001 -6.123714e-001  7.071079e-001
    outer loop
      vertex -2.252361e+001 -1.337768e+001  4.670228e+000
      vertex -3.236068e-001 -2.619485e+001  4.670228e+000
      vertex -2.243511e+001 -1.322441e+001  4.847214e+000
    endloop
  endfacet
  facet normal -3.535545e-001 -6.123743e-001  7.071046e-001
    outer loop
      vertex -2.243511e+001 -1.322441e+001  4.847214e+000
      vertex -3.236068e-001 -2.619485e+001  4.670228e+000
      vertex -2.351141e-001 -2.604158e+001  4.847214e+000
    endloop
  endfacet
  facet normal -2.269947e-001 -3.931663e-001  8.910071e-001
    outer loop
      vertex -2.243511e+001 -1.322441e+001  4.847214e+000
      vertex -2.351141e-001 -2.604158e+001  4.847214e+000
      vertex -2.232361e+001 -1.303127e+001  4.960845e+000
    endloop
  endfacet
  facet normal -2.269955e-001 -3.931676e-001  8.910064e-001
    outer loop
      vertex -2.232361e+001 -1.303127e+001  4.960845e+000
      vertex -2.351141e-001 -2.604158e+001  4.847214e+000
      vertex -1.236068e-001 -2.584845e+001  4.960845e+000
    endloop
  endfacet
  facet normal -7.821784e-002 -1.354773e-001  9.876882e-001
    outer loop
      vertex -2.232361e+001 -1.303127e+001  4.960845e+000
      vertex -1.236068e-001 -2.584845e+001  4.960845e+000
      vertex -2.220000e+001 -1.281718e+001  5.000000e+000
    endloop
  endfacet
  facet normal -7.821728e-002 -1.354763e-001  9.876883e-001
    outer loop
      vertex -2.220000e+001 -1.281718e+001  5.000000e+000
      vertex -1.236068e-001 -2.584845e+001  4.960845e+000
      vertex -1.243450e-014 -2.563435e+001  5.000000e+000
    endloop
  endfacet
  facet normal -4.999999e-001 -8.660254e-001  0.000000e+000
    outer loop
      vertex -2.260000e+001 -1.351000e+001  4.200000e+000
      vertex -2.260000e+001 -1.351000e+001  0.000000e+000
      vertex -4.000000e-001 -2.632717e+001  4.200000e+000
    endloop
  endfacet
  facet normal -4.999999e-001 -8.660254e-001  -0.000000e+000
    outer loop
      vertex -4.000000e-001 -2.632717e+001  4.200000e+000
      vertex -2.260000e+001 -1.351000e+001  0.000000e+000
      vertex -4.000000e-001 -2.632717e+001  0.000000e+000
    endloop
  endfacet
  facet normal -4.938443e-001  8.553634e-001  1.564330e-001
    outer loop
      vertex -4.000000e-001  2.632717e+001  4.200000e+000
      vertex -2.260000e+001  1.351000e+001  4.200000e+000
      vertex -3.804226e-001  2.629326e+001  4.447214e+000
    endloop
  endfacet
  facet normal -4.938443e-001  8.553634e-001  1.564330e-001
    outer loop
      vertex -3.804226e-001  2.629326e+001  4.447214e+000
      vertex -2.260000e+001  1.351000e+001  4.200000e+000
      vertex -2.258042e+001  1.347609e+001  4.447214e+000
    endloop
  endfacet
  facet normal -4.455031e-001  7.716340e-001  4.539911e-001
    outer loop
      vertex -3.804226e-001  2.629326e+001  4.447214e+000
      vertex -2.258042e+001  1.347609e+001  4.447214e+000
      vertex -3.236068e-001  2.619485e+001  4.670228e+000
    endloop
  endfacet
  facet normal -4.455031e-001  7.716340e-001  4.539911e-001
    outer loop
      vertex -3.236068e-001  2.619485e+001  4.670228e+000
      vertex -2.258042e+001  1.347609e+001  4.447214e+000
      vertex -2.252361e+001  1.337768e+001  4.670228e+000
    endloop
  endfacet
  facet normal -3.535544e-001  6.123743e-001  7.071046e-001
    outer loop
      vertex -3.236068e-001  2.619485e+001  4.670228e+000
      vertex -2.252361e+001  1.337768e+001  4.670228e+000
      vertex -2.351141e-001  2.604158e+001  4.847214e+000
    endloop
  endfacet
  facet normal -3.535528e-001  6.123714e-001  7.071079e-001
    outer loop
      vertex -2.351141e-001  2.604158e+001  4.847214e+000
      vertex -2.252361e+001  1.337768e+001  4.670228e+000
      vertex -2.243511e+001  1.322441e+001  4.847214e+000
    endloop
  endfacet
  facet normal -2.269955e-001  3.931677e-001  8.910064e-001
    outer loop
      vertex -2.351141e-001  2.604158e+001  4.847214e+000
      vertex -2.243511e+001  1.322441e+001  4.847214e+000
      vertex -1.236068e-001  2.584845e+001  4.960845e+000
    endloop
  endfacet
  facet normal -2.269947e-001  3.931663e-001  8.910071e-001
    outer loop
      vertex -1.236068e-001  2.584845e+001  4.960845e+000
      vertex -2.243511e+001  1.322441e+001  4.847214e+000
      vertex -2.232361e+001  1.303127e+001  4.960845e+000
    endloop
  endfacet
  facet normal -7.821730e-002  1.354763e-001  9.876884e-001
    outer loop
      vertex -1.236068e-001  2.584845e+001  4.960845e+000
      vertex -2.232361e+001  1.303127e+001  4.960845e+000
      vertex  2.664535e-015  2.563435e+001  5.000000e+000
    endloop
  endfacet
  facet normal -7.821783e-002  1.354773e-001  9.876881e-001
    outer loop
      vertex  2.664535e-015  2.563435e+001  5.000000e+000
      vertex -2.232361e+001  1.303127e+001  4.960845e+000
      vertex -2.220000e+001  1.281718e+001  5.000000e+000
    endloop
  endfacet
  facet normal -4.999999e-001  8.660254e-001  0.000000e+000
    outer loop
      vertex -4.000000e-001  2.632717e+001  4.200000e+000
      vertex -4.000000e-001  2.632717e+001  0.000000e+000
      vertex -2.260000e+001  1.351000e+001  4.200000e+000
    endloop
  endfacet
  facet normal -4.999999e-001  8.660254e-001  0.000000e+000
    outer loop
      vertex -2.260000e+001  1.351000e+001  4.200000e+000
      vertex -4.000000e-001  2.632717e+001  0.000000e+000
      vertex -2.260000e+001  1.351000e+001  0.000000e+000
    endloop
  endfacet
  facet normal -1.000000e+000  0.000000e+000  0.000000e+000
    outer loop
      vertex -2.300000e+001  1.281718e+001  4.200000e+000
      vertex -2.300000e+001  1.281718e+001  0.000000e+000
      vertex -2.300000e+001 -1.281718e+001  4.200000e+000
    endloop
  endfacet
  facet normal -1.000000e+000  0.000000e+000  0.000000e+000
    outer loop
      vertex -2.300000e+001 -1.281718e+001  4.200000e+000
      vertex -2.300000e+001  1.281718e+001  0.000000e+000
      vertex -2.300000e+001 -1.281718e+001  0.000000e+000
    endloop
  endfacet
  facet normal -9.914445e-001  1.305286e-001  0.000000e+000
    outer loop
      vertex -2.300000e+001  1.281718e+001  0.000000e+000
      vertex -2.300000e+001  1.281718e+001  4.200000e+000
      vertex -2.297274e+001  1.302423e+001  0.000000e+000
    endloop
  endfacet
  facet normal -9.914445e-001  1.305286e-001  0.000000e+000
    outer loop
      vertex -2.297274e+001  1.302423e+001  0.000000e+000
      vertex -2.300000e+001  1.281718e+001  4.200000e+000
      vertex -2.297274e+001  1.302423e+001  4.200000e+000
    endloop
  endfacet
  facet normal -9.238810e-001  3.826801e-001  0.000000e+000
    outer loop
      vertex -2.297274e+001  1.302423e+001  0.000000e+000
      vertex -2.297274e+001  1.302423e+001  4.200000e+000
      vertex -2.289282e+001  1.321718e+001  0.000000e+000
    endloop
  endfacet
  facet normal -9.238810e-001  3.826801e-001  0.000000e+000
    outer loop
      vertex -2.289282e+001  1.321718e+001  0.000000e+000
      vertex -2.297274e+001  1.302423e+001  4.200000e+000
      vertex -2.289282e+001  1.321718e+001  4.200000e+000
    endloop
  endfacet
  facet normal -7.933534e-001  6.087614e-001  0.000000e+000
    outer loop
      vertex -2.289282e+001  1.321718e+001  0.000000e+000
      vertex -2.289282e+001  1.321718e+001  4.200000e+000
      vertex -2.276569e+001  1.338286e+001  0.000000e+000
    endloop
  endfacet
  facet normal -7.933534e-001  6.087614e-001  0.000000e+000
    outer loop
      vertex -2.276569e+001  1.338286e+001  0.000000e+000
      vertex -2.289282e+001  1.321718e+001  4.200000e+000
      vertex -2.276569e+001  1.338286e+001  4.200000e+000
    endloop
  endfacet
  facet normal -6.087621e-001  7.933528e-001  0.000000e+000
    outer loop
      vertex -2.276569e+001  1.338286e+001  0.000000e+000
      vertex -2.276569e+001  1.338286e+001  4.200000e+000
      vertex -2.260000e+001  1.351000e+001  0.000000e+000
    endloop
  endfacet
  facet normal -6.087621e-001  7.933528e-001  0.000000e+000
    outer loop
      vertex -2.260000e+001  1.351000e+001  0.000000e+000
      vertex -2.276569e+001  1.338286e+001  4.200000e+000
      vertex -2.260000e+001  1.351000e+001  4.200000e+000
    endloop
  endfacet
  facet normal -6.087621e-001 -7.933528e-001  -0.000000e+000
    outer loop
      vertex -2.260000e+001 -1.351000e+001  0.000000e+000
      vertex -2.260000e+001 -1.351000e+001  4.200000e+000
      vertex -2.276569e+001 -1.338286e+001  0.000000e+000
    endloop
  endfacet
  facet normal -6.087621e-001 -7.933528e-001  0.000000e+000
    outer loop
      vertex -2.276569e+001 -1.338286e+001  0.000000e+000
      vertex -2.260000e+001 -1.351000e+001  4.200000e+000
      vertex -2.276569e+001 -1.338286e+001  4.200000e+000
    endloop
  endfacet
  facet normal -7.933534e-001 -6.087614e-001  -0.000000e+000
    outer loop
      vertex -2.276569e+001 -1.338286e+001  0.000000e+000
      vertex -2.276569e+001 -1.338286e+001  4.200000e+000
      vertex -2.289282e+001 -1.321718e+001  0.000000e+000
    endloop
  endfacet
  facet normal -7.933534e-001 -6.087614e-001  0.000000e+000
    outer loop
      vertex -2.289282e+001 -1.321718e+001  0.000000e+000
      vertex -2.276569e+001 -1.338286e+001  4.200000e+000
      vertex -2.289282e+001 -1.321718e+001  4.200000e+000
    endloop
  endfacet
  facet normal -9.238810e-001 -3.826801e-001  -0.000000e+000
    outer loop
      vertex -2.289282e+001 -1.321718e+001  0.000000e+000
      vertex -2.289282e+001 -1.321718e+001  4.200000e+000
      vertex -2.297274e+001 -1.302423e+001  0.000000e+000
    endloop
  endfacet
  facet normal -9.238810e-001 -3.826801e-001  0.000000e+000
    outer loop
      vertex -2.297274e+001 -1.302423e+001  0.000000e+000
      vertex -2.289282e+001 -1.321718e+001  4.200000e+000
      vertex -2.297274e+001 -1.302423e+001  4.200000e+000
    endloop
  endfacet
  facet normal -9.914445e-001 -1.305286e-001  -0.000000e+000
    outer loop
      vertex -2.297274e+001 -1.302423e+001  0.000000e+000
      vertex -2.297274e+001 -1.302423e+001  4.200000e+000
      vertex -2.300000e+001 -1.281718e+001  0.000000e+000
    endloop
  endfacet
  facet normal -9.914445e-001 -1.305286e-001  0.000000e+000
    outer loop
      vertex -2.300000e+001 -1.281718e+001  0.000000e+000
      vertex -2.297274e+001 -1.302423e+001  4.200000e+000
      vertex -2.300000e+001 -1.281718e+001  4.200000e+000
    endloop
  endfacet
  facet normal -6.061573e-001 -7.899584e-001  9.240718e-002
    outer loop
      vertex -2.260000e+001 -1.351000e+001  4.200000e+000
      vertex -2.267023e+001 -1.343271e+001  4.400000e+000
      vertex -2.276569e+001 -1.338286e+001  4.200000e+000
    endloop
  endfacet
  facet normal -4.950382e-001 -8.546730e-001  1.564328e-001
    outer loop
      vertex -2.260000e+001 -1.351000e+001  4.200000e+000
      vertex -2.258042e+001 -1.347609e+001  4.447214e+000
      vertex -2.267023e+001 -1.343271e+001  4.400000e+000
    endloop
  endfacet
  facet normal -4.686842e-001 -7.578766e-001  4.538261e-001
    outer loop
      vertex -2.252361e+001 -1.337768e+001  4.670228e+000
      vertex -2.267023e+001 -1.334078e+001  4.580422e+000
      vertex -2.258042e+001 -1.347609e+001  4.447214e+000
    endloop
  endfacet
  facet normal -4.633171e-001 -3.865226e-001  7.974569e-001
    outer loop
      vertex -2.243511e+001 -1.322441e+001  4.847214e+000
      vertex -2.244721e+001 -1.305229e+001  4.923607e+000
      vertex -2.267023e+001 -1.319760e+001  4.723607e+000
    endloop
  endfacet
  facet normal -4.341629e-001 -5.621442e-001  7.039151e-001
    outer loop
      vertex -2.243511e+001 -1.322441e+001  4.847214e+000
      vertex -2.267023e+001 -1.319760e+001  4.723607e+000
      vertex -2.252361e+001 -1.337768e+001  4.670228e+000
    endloop
  endfacet
  facet normal -1.986888e-001 -4.092311e-001  8.905351e-001
    outer loop
      vertex -2.232361e+001 -1.303127e+001  4.960845e+000
      vertex -2.244721e+001 -1.305229e+001  4.923607e+000
      vertex -2.243511e+001 -1.322441e+001  4.847214e+000
    endloop
  endfacet
  facet normal -1.558013e-001 -8.995254e-002  9.836842e-001
    outer loop
      vertex -2.220000e+001 -1.281718e+001  5.000000e+000
      vertex -2.244721e+001 -1.281718e+001  4.960845e+000
      vertex -2.232361e+001 -1.303127e+001  4.960845e+000
    endloop
  endfacet
  facet normal -9.238759e-001 -3.826780e-001  3.288555e-003
    outer loop
      vertex -2.296085e+001 -1.305229e+001  4.276393e+000
      vertex -2.297274e+001 -1.302423e+001  4.200000e+000
      vertex -2.289282e+001 -1.321718e+001  4.200000e+000
    endloop
  endfacet
  facet normal -8.910054e-001 -4.321096e-001  1.392507e-001
    outer loop
      vertex -2.296085e+001 -1.305229e+001  4.276393e+000
      vertex -2.289282e+001 -1.321718e+001  4.200000e+000
      vertex -2.284721e+001 -1.326439e+001  4.345308e+000
    endloop
  endfacet
  facet normal -7.923154e-001 -6.079649e-001  5.113699e-002
    outer loop
      vertex -2.284721e+001 -1.326439e+001  4.345308e+000
      vertex -2.289282e+001 -1.321718e+001  4.200000e+000
      vertex -2.276569e+001 -1.338286e+001  4.200000e+000
    endloop
  endfacet
  facet normal -7.060146e-001 -6.886300e-001  1.653243e-001
    outer loop
      vertex -2.284721e+001 -1.326439e+001  4.345308e+000
      vertex -2.276569e+001 -1.338286e+001  4.200000e+000
      vertex -2.267023e+001 -1.343271e+001  4.400000e+000
    endloop
  endfacet
  facet normal -9.858773e-001 -1.297956e-001  1.058245e-001
    outer loop
      vertex -2.300000e+001 -1.281718e+001  4.200000e+000
      vertex -2.297274e+001 -1.302423e+001  4.200000e+000
      vertex -2.296085e+001 -1.305229e+001  4.276393e+000
    endloop
  endfacet
  facet normal -9.873857e-001 -1.410754e-001  7.188230e-002
    outer loop
      vertex -2.300000e+001 -1.281718e+001  4.200000e+000
      vertex -2.296085e+001 -1.305229e+001  4.276393e+000
      vertex -2.296085e+001 -1.301718e+001  4.345308e+000
    endloop
  endfacet
  facet normal -9.873857e-001 -1.119588e-001  1.119578e-001
    outer loop
      vertex -2.300000e+001 -1.281718e+001  4.200000e+000
      vertex -2.296085e+001 -1.301718e+001  4.345308e+000
      vertex -2.296085e+001 -1.296248e+001  4.400000e+000
    endloop
  endfacet
  facet normal -9.873857e-001 -7.188111e-002  1.410759e-001
    outer loop
      vertex -2.300000e+001 -1.281718e+001  4.200000e+000
      vertex -2.296085e+001 -1.296248e+001  4.400000e+000
      vertex -2.296085e+001 -1.289357e+001  4.435114e+000
    endloop
  endfacet
  facet normal -9.873858e-001 -2.476924e-002  1.563835e-001
    outer loop
      vertex -2.300000e+001 -1.281718e+001  4.200000e+000
      vertex -2.296085e+001 -1.289357e+001  4.435114e+000
      vertex -2.296085e+001 -1.281718e+001  4.447214e+000
    endloop
  endfacet
  facet normal -8.887108e-001 -7.172175e-002  4.528236e-001
    outer loop
      vertex -2.296085e+001 -1.281718e+001  4.447214e+000
      vertex -2.296085e+001 -1.289357e+001  4.435114e+000
      vertex -2.284721e+001 -1.281718e+001  4.670228e+000
    endloop
  endfacet
  facet normal -8.887111e-001 -7.171995e-002  4.528231e-001
    outer loop
      vertex -2.284721e+001 -1.281718e+001  4.670228e+000
      vertex -2.296085e+001 -1.289357e+001  4.435114e+000
      vertex -2.284721e+001 -1.296248e+001  4.647213e+000
    endloop
  endfacet
  facet normal -7.027155e-001 -1.112983e-001  7.027116e-001
    outer loop
      vertex -2.284721e+001 -1.281718e+001  4.670228e+000
      vertex -2.284721e+001 -1.296248e+001  4.647213e+000
      vertex -2.267023e+001 -1.281718e+001  4.847214e+000
    endloop
  endfacet
  facet normal -7.027146e-001 -1.113000e-001  7.027122e-001
    outer loop
      vertex -2.267023e+001 -1.281718e+001  4.847214e+000
      vertex -2.284721e+001 -1.296248e+001  4.647213e+000
      vertex -2.267023e+001 -1.301718e+001  4.815536e+000
    endloop
  endfacet
  facet normal -4.495346e-001 -1.397388e-001  8.822651e-001
    outer loop
      vertex -2.267023e+001 -1.281718e+001  4.847214e+000
      vertex -2.267023e+001 -1.301718e+001  4.815536e+000
      vertex -2.244721e+001 -1.281718e+001  4.960845e+000
    endloop
  endfacet
  facet normal -4.495368e-001 -1.397359e-001  8.822644e-001
    outer loop
      vertex -2.244721e+001 -1.281718e+001  4.960845e+000
      vertex -2.267023e+001 -1.301718e+001  4.815536e+000
      vertex -2.244721e+001 -1.305229e+001  4.923607e+000
    endloop
  endfacet
  facet normal -2.615190e-001 -1.509891e-001  9.533153e-001
    outer loop
      vertex -2.244721e+001 -1.281718e+001  4.960845e+000
      vertex -2.244721e+001 -1.305229e+001  4.923607e+000
      vertex -2.232361e+001 -1.303127e+001  4.960845e+000
    endloop
  endfacet
  facet normal -8.887114e-001 -4.084962e-001  2.081416e-001
    outer loop
      vertex -2.296085e+001 -1.301718e+001  4.345308e+000
      vertex -2.296085e+001 -1.305229e+001  4.276393e+000
      vertex -2.284721e+001 -1.319760e+001  4.476393e+000
    endloop
  endfacet
  facet normal -8.887112e-001 -4.084969e-001  2.081409e-001
    outer loop
      vertex -2.284721e+001 -1.319760e+001  4.476393e+000
      vertex -2.296085e+001 -1.305229e+001  4.276393e+000
      vertex -2.284721e+001 -1.326439e+001  4.345308e+000
    endloop
  endfacet
  facet normal -7.027155e-001 -6.339244e-001  3.230027e-001
    outer loop
      vertex -2.284721e+001 -1.319760e+001  4.476393e+000
      vertex -2.284721e+001 -1.326439e+001  4.345308e+000
      vertex -2.267023e+001 -1.334078e+001  4.580422e+000
    endloop
  endfacet
  facet normal -7.027141e-001 -6.339270e-001  3.230008e-001
    outer loop
      vertex -2.267023e+001 -1.334078e+001  4.580422e+000
      vertex -2.284721e+001 -1.326439e+001  4.345308e+000
      vertex -2.267023e+001 -1.343271e+001  4.400000e+000
    endloop
  endfacet
  facet normal -5.560546e-001 -7.405568e-001  3.773313e-001
    outer loop
      vertex -2.267023e+001 -1.334078e+001  4.580422e+000
      vertex -2.267023e+001 -1.343271e+001  4.400000e+000
      vertex -2.258042e+001 -1.347609e+001  4.447214e+000
    endloop
  endfacet
  facet normal -8.887106e-001 -3.241877e-001  3.241849e-001
    outer loop
      vertex -2.296085e+001 -1.296248e+001  4.400000e+000
      vertex -2.296085e+001 -1.301718e+001  4.345308e+000
      vertex -2.284721e+001 -1.309357e+001  4.580422e+000
    endloop
  endfacet
  facet normal -8.887112e-001 -3.241847e-001  3.241861e-001
    outer loop
      vertex -2.284721e+001 -1.309357e+001  4.580422e+000
      vertex -2.296085e+001 -1.301718e+001  4.345308e+000
      vertex -2.284721e+001 -1.319760e+001  4.476393e+000
    endloop
  endfacet
  facet normal -7.027152e-001 -5.030850e-001  5.030873e-001
    outer loop
      vertex -2.284721e+001 -1.309357e+001  4.580422e+000
      vertex -2.284721e+001 -1.319760e+001  4.476393e+000
      vertex -2.267023e+001 -1.319760e+001  4.723607e+000
    endloop
  endfacet
  facet normal -7.027149e-001 -5.030854e-001  5.030871e-001
    outer loop
      vertex -2.267023e+001 -1.319760e+001  4.723607e+000
      vertex -2.284721e+001 -1.319760e+001  4.476393e+000
      vertex -2.267023e+001 -1.334078e+001  4.580422e+000
    endloop
  endfacet
  facet normal -5.214075e-001 -6.033787e-001  6.033807e-001
    outer loop
      vertex -2.267023e+001 -1.319760e+001  4.723607e+000
      vertex -2.267023e+001 -1.334078e+001  4.580422e+000
      vertex -2.252361e+001 -1.337768e+001  4.670228e+000
    endloop
  endfacet
  facet normal -8.887113e-001 -2.081383e-001  4.084983e-001
    outer loop
      vertex -2.296085e+001 -1.289357e+001  4.435114e+000
      vertex -2.296085e+001 -1.296248e+001  4.400000e+000
      vertex -2.284721e+001 -1.296248e+001  4.647213e+000
    endloop
  endfacet
  facet normal -8.887107e-001 -2.081407e-001  4.084980e-001
    outer loop
      vertex -2.284721e+001 -1.296248e+001  4.647213e+000
      vertex -2.296085e+001 -1.296248e+001  4.400000e+000
      vertex -2.284721e+001 -1.309357e+001  4.580422e+000
    endloop
  endfacet
  facet normal -7.027144e-001 -3.230023e-001  6.339259e-001
    outer loop
      vertex -2.284721e+001 -1.296248e+001  4.647213e+000
      vertex -2.284721e+001 -1.309357e+001  4.580422e+000
      vertex -2.267023e+001 -1.301718e+001  4.815536e+000
    endloop
  endfacet
  facet normal -7.027149e-001 -3.230010e-001  6.339259e-001
    outer loop
      vertex -2.267023e+001 -1.301718e+001  4.815536e+000
      vertex -2.284721e+001 -1.309357e+001  4.580422e+000
      vertex -2.267023e+001 -1.319760e+001  4.723607e+000
    endloop
  endfacet
  facet normal -4.495370e-001 -4.055320e-001  7.959022e-001
    outer loop
      vertex -2.267023e+001 -1.301718e+001  4.815536e+000
      vertex -2.267023e+001 -1.319760e+001  4.723607e+000
      vertex -2.244721e+001 -1.305229e+001  4.923607e+000
    endloop
  endfacet
  facet normal -9.876888e-001  0.000000e+000  1.564315e-001
    outer loop
      vertex -2.300000e+001  1.281718e+001  4.200000e+000
      vertex -2.300000e+001 -1.281718e+001  4.200000e+000
      vertex -2.296085e+001  1.281718e+001  4.447214e+000
    endloop
  endfacet
  facet normal -9.876888e-001  0.000000e+000  1.564315e-001
    outer loop
      vertex -2.296085e+001  1.281718e+001  4.447214e+000
      vertex -2.300000e+001 -1.281718e+001  4.200000e+000
      vertex -2.296085e+001 -1.281718e+001  4.447214e+000
    endloop
  endfacet
  facet normal -8.910054e-001  0.000000e+000  4.539928e-001
    outer loop
      vertex -2.296085e+001  1.281718e+001  4.447214e+000
      vertex -2.296085e+001 -1.281718e+001  4.447214e+000
      vertex -2.284721e+001  1.281718e+001  4.670228e+000
    endloop
  endfacet
  facet normal -8.910054e-001  0.000000e+000  4.539928e-001
    outer loop
      vertex -2.284721e+001  1.281718e+001  4.670228e+000
      vertex -2.296085e+001 -1.281718e+001  4.447214e+000
      vertex -2.284721e+001 -1.281718e+001  4.670228e+000
    endloop
  endfacet
  facet normal -7.071086e-001  0.000000e+000  7.071049e-001
    outer loop
      vertex -2.284721e+001  1.281718e+001  4.670228e+000
      vertex -2.284721e+001 -1.281718e+001  4.670228e+000
      vertex -2.267023e+001  1.281718e+001  4.847214e+000
    endloop
  endfacet
  facet normal -7.071086e-001  0.000000e+000  7.071049e-001
    outer loop
      vertex -2.267023e+001  1.281718e+001  4.847214e+000
      vertex -2.284721e+001 -1.281718e+001  4.670228e+000
      vertex -2.267023e+001 -1.281718e+001  4.847214e+000
    endloop
  endfacet
  facet normal -4.539890e-001  0.000000e+000  8.910073e-001
    outer loop
      vertex -2.267023e+001  1.281718e+001  4.847214e+000
      vertex -2.267023e+001 -1.281718e+001  4.847214e+000
      vertex -2.244721e+001  1.281718e+001  4.960845e+000
    endloop
  endfacet
  facet normal -4.539890e-001  0.000000e+000  8.910073e-001
    outer loop
      vertex -2.244721e+001  1.281718e+001  4.960845e+000
      vertex -2.267023e+001 -1.281718e+001  4.847214e+000
      vertex -2.244721e+001 -1.281718e+001  4.960845e+000
    endloop
  endfacet
  facet normal -1.564355e-001  0.000000e+000  9.876882e-001
    outer loop
      vertex -2.244721e+001  1.281718e+001  4.960845e+000
      vertex -2.244721e+001 -1.281718e+001  4.960845e+000
      vertex -2.220000e+001  1.281718e+001  5.000000e+000
    endloop
  endfacet
  facet normal -1.564355e-001  0.000000e+000  9.876882e-001
    outer loop
      vertex -2.220000e+001  1.281718e+001  5.000000e+000
      vertex -2.244721e+001 -1.281718e+001  4.960845e+000
      vertex -2.220000e+001 -1.281718e+001  5.000000e+000
    endloop
  endfacet
  facet normal -4.950382e-001  8.546730e-001  1.564328e-001
    outer loop
      vertex -2.260000e+001  1.351000e+001  4.200000e+000
      vertex -2.267023e+001  1.343271e+001  4.400000e+000
      vertex -2.258042e+001  1.347609e+001  4.447214e+000
    endloop
  endfacet
  facet normal -6.061573e-001  7.899584e-001  9.240718e-002
    outer loop
      vertex -2.260000e+001  1.351000e+001  4.200000e+000
      vertex -2.276569e+001  1.338286e+001  4.200000e+000
      vertex -2.267023e+001  1.343271e+001  4.400000e+000
    endloop
  endfacet
  facet normal -1.986888e-001  4.092311e-001  8.905351e-001
    outer loop
      vertex -2.232361e+001  1.303127e+001  4.960845e+000
      vertex -2.243511e+001  1.322441e+001  4.847214e+000
      vertex -2.244721e+001  1.305229e+001  4.923607e+000
    endloop
  endfacet
  facet normal -4.341629e-001  5.621442e-001  7.039151e-001
    outer loop
      vertex -2.252361e+001  1.337768e+001  4.670228e+000
      vertex -2.267023e+001  1.319760e+001  4.723607e+000
      vertex -2.243511e+001  1.322441e+001  4.847214e+000
    endloop
  endfacet
  facet normal -4.633171e-001  3.865226e-001  7.974569e-001
    outer loop
      vertex -2.267023e+001  1.319760e+001  4.723607e+000
      vertex -2.244721e+001  1.305229e+001  4.923607e+000
      vertex -2.243511e+001  1.322441e+001  4.847214e+000
    endloop
  endfacet
  facet normal -4.686842e-001  7.578766e-001  4.538261e-001
    outer loop
      vertex -2.258042e+001  1.347609e+001  4.447214e+000
      vertex -2.267023e+001  1.334078e+001  4.580422e+000
      vertex -2.252361e+001  1.337768e+001  4.670228e+000
    endloop
  endfacet
  facet normal -9.238759e-001  3.826780e-001  3.288555e-003
    outer loop
      vertex -2.289282e+001  1.321718e+001  4.200000e+000
      vertex -2.297274e+001  1.302423e+001  4.200000e+000
      vertex -2.296085e+001  1.305229e+001  4.276393e+000
    endloop
  endfacet
  facet normal -8.910054e-001  4.321096e-001  1.392507e-001
    outer loop
      vertex -2.296085e+001  1.305229e+001  4.276393e+000
      vertex -2.284721e+001  1.326439e+001  4.345308e+000
      vertex -2.289282e+001  1.321718e+001  4.200000e+000
    endloop
  endfacet
  facet normal -7.923154e-001  6.079649e-001  5.113699e-002
    outer loop
      vertex -2.276569e+001  1.338286e+001  4.200000e+000
      vertex -2.289282e+001  1.321718e+001  4.200000e+000
      vertex -2.284721e+001  1.326439e+001  4.345308e+000
    endloop
  endfacet
  facet normal -7.060146e-001  6.886300e-001  1.653243e-001
    outer loop
      vertex -2.284721e+001  1.326439e+001  4.345308e+000
      vertex -2.267023e+001  1.343271e+001  4.400000e+000
      vertex -2.276569e+001  1.338286e+001  4.200000e+000
    endloop
  endfacet
  facet normal -9.873858e-001  2.476924e-002  1.563835e-001
    outer loop
      vertex -2.300000e+001  1.281718e+001  4.200000e+000
      vertex -2.296085e+001  1.281718e+001  4.447214e+000
      vertex -2.296085e+001  1.289357e+001  4.435114e+000
    endloop
  endfacet
  facet normal -9.873857e-001  7.188111e-002  1.410759e-001
    outer loop
      vertex -2.300000e+001  1.281718e+001  4.200000e+000
      vertex -2.296085e+001  1.289357e+001  4.435114e+000
      vertex -2.296085e+001  1.296248e+001  4.400000e+000
    endloop
  endfacet
  facet normal -9.873857e-001  1.119588e-001  1.119578e-001
    outer loop
      vertex -2.300000e+001  1.281718e+001  4.200000e+000
      vertex -2.296085e+001  1.296248e+001  4.400000e+000
      vertex -2.296085e+001  1.301718e+001  4.345308e+000
    endloop
  endfacet
  facet normal -9.873857e-001  1.410754e-001  7.188230e-002
    outer loop
      vertex -2.300000e+001  1.281718e+001  4.200000e+000
      vertex -2.296085e+001  1.301718e+001  4.345308e+000
      vertex -2.296085e+001  1.305229e+001  4.276393e+000
    endloop
  endfacet
  facet normal -9.858773e-001  1.297956e-001  1.058245e-001
    outer loop
      vertex -2.300000e+001  1.281718e+001  4.200000e+000
      vertex -2.296085e+001  1.305229e+001  4.276393e+000
      vertex -2.297274e+001  1.302423e+001  4.200000e+000
    endloop
  endfacet
  facet normal -8.887112e-001  7.172161e-002  4.528227e-001
    outer loop
      vertex -2.296085e+001  1.289357e+001  4.435114e+000
      vertex -2.296085e+001  1.281718e+001  4.447214e+000
      vertex -2.284721e+001  1.296248e+001  4.647213e+000
    endloop
  endfacet
  facet normal -8.887109e-001  7.172003e-002  4.528236e-001
    outer loop
      vertex -2.284721e+001  1.296248e+001  4.647213e+000
      vertex -2.296085e+001  1.281718e+001  4.447214e+000
      vertex -2.284721e+001  1.281718e+001  4.670228e+000
    endloop
  endfacet
  facet normal -7.027145e-001  1.112985e-001  7.027125e-001
    outer loop
      vertex -2.284721e+001  1.296248e+001  4.647213e+000
      vertex -2.284721e+001  1.281718e+001  4.670228e+000
      vertex -2.267023e+001  1.301718e+001  4.815536e+000
    endloop
  endfacet
  facet normal -7.027153e-001  1.112999e-001  7.027115e-001
    outer loop
      vertex -2.267023e+001  1.301718e+001  4.815536e+000
      vertex -2.284721e+001  1.281718e+001  4.670228e+000
      vertex -2.267023e+001  1.281718e+001  4.847214e+000
    endloop
  endfacet
  facet normal -4.495369e-001  1.397386e-001  8.822639e-001
    outer loop
      vertex -2.267023e+001  1.301718e+001  4.815536e+000
      vertex -2.267023e+001  1.281718e+001  4.847214e+000
      vertex -2.244721e+001  1.305229e+001  4.923607e+000
    endloop
  endfacet
  facet normal -4.495348e-001  1.397360e-001  8.822654e-001
    outer loop
      vertex -2.244721e+001  1.305229e+001  4.923607e+000
      vertex -2.267023e+001  1.281718e+001  4.847214e+000
      vertex -2.244721e+001  1.281718e+001  4.960845e+000
    endloop
  endfacet
  facet normal -2.615190e-001  1.509891e-001  9.533153e-001
    outer loop
      vertex -2.244721e+001  1.305229e+001  4.923607e+000
      vertex -2.244721e+001  1.281718e+001  4.960845e+000
      vertex -2.232361e+001  1.303127e+001  4.960845e+000
    endloop
  endfacet
  facet normal -1.558013e-001  8.995254e-002  9.836842e-001
    outer loop
      vertex -2.232361e+001  1.303127e+001  4.960845e+000
      vertex -2.244721e+001  1.281718e+001  4.960845e+000
      vertex -2.220000e+001  1.281718e+001  5.000000e+000
    endloop
  endfacet
  facet normal -8.887106e-001  2.081389e-001  4.084993e-001
    outer loop
      vertex -2.296085e+001  1.296248e+001  4.400000e+000
      vertex -2.296085e+001  1.289357e+001  4.435114e+000
      vertex -2.284721e+001  1.309357e+001  4.580422e+000
    endloop
  endfacet
  facet normal -8.887111e-001  2.081404e-001  4.084974e-001
    outer loop
      vertex -2.284721e+001  1.309357e+001  4.580422e+000
      vertex -2.296085e+001  1.289357e+001  4.435114e+000
      vertex -2.284721e+001  1.296248e+001  4.647213e+000
    endloop
  endfacet
  facet normal -7.027150e-001  3.230020e-001  6.339253e-001
    outer loop
      vertex -2.284721e+001  1.309357e+001  4.580422e+000
      vertex -2.284721e+001  1.296248e+001  4.647213e+000
      vertex -2.267023e+001  1.319760e+001  4.723607e+000
    endloop
  endfacet
  facet normal -7.027144e-001  3.230013e-001  6.339263e-001
    outer loop
      vertex -2.267023e+001  1.319760e+001  4.723607e+000
      vertex -2.284721e+001  1.296248e+001  4.647213e+000
      vertex -2.267023e+001  1.301718e+001  4.815536e+000
    endloop
  endfacet
  facet normal -4.495370e-001  4.055320e-001  7.959022e-001
    outer loop
      vertex -2.267023e+001  1.319760e+001  4.723607e+000
      vertex -2.267023e+001  1.301718e+001  4.815536e+000
      vertex -2.244721e+001  1.305229e+001  4.923607e+000
    endloop
  endfacet
  facet normal -8.887115e-001  3.241866e-001  3.241837e-001
    outer loop
      vertex -2.296085e+001  1.301718e+001  4.345308e+000
      vertex -2.296085e+001  1.296248e+001  4.400000e+000
      vertex -2.284721e+001  1.319760e+001  4.476393e+000
    endloop
  endfacet
  facet normal -8.887108e-001  3.241853e-001  3.241868e-001
    outer loop
      vertex -2.284721e+001  1.319760e+001  4.476393e+000
      vertex -2.296085e+001  1.296248e+001  4.400000e+000
      vertex -2.284721e+001  1.309357e+001  4.580422e+000
    endloop
  endfacet
  facet normal -7.027150e-001  5.030852e-001  5.030875e-001
    outer loop
      vertex -2.284721e+001  1.319760e+001  4.476393e+000
      vertex -2.284721e+001  1.309357e+001  4.580422e+000
      vertex -2.267023e+001  1.334078e+001  4.580422e+000
    endloop
  endfacet
  facet normal -7.027152e-001  5.030854e-001  5.030870e-001
    outer loop
      vertex -2.267023e+001  1.334078e+001  4.580422e+000
      vertex -2.284721e+001  1.309357e+001  4.580422e+000
      vertex -2.267023e+001  1.319760e+001  4.723607e+000
    endloop
  endfacet
  facet normal -5.214075e-001  6.033787e-001  6.033807e-001
    outer loop
      vertex -2.267023e+001  1.334078e+001  4.580422e+000
      vertex -2.267023e+001  1.319760e+001  4.723607e+000
      vertex -2.252361e+001  1.337768e+001  4.670228e+000
    endloop
  endfacet
  facet normal -8.887112e-001  4.084966e-001  2.081418e-001
    outer loop
      vertex -2.296085e+001  1.305229e+001  4.276393e+000
      vertex -2.296085e+001  1.301718e+001  4.345308e+000
      vertex -2.284721e+001  1.326439e+001  4.345308e+000
    endloop
  endfacet
  facet normal -8.887114e-001  4.084967e-001  2.081408e-001
    outer loop
      vertex -2.284721e+001  1.326439e+001  4.345308e+000
      vertex -2.296085e+001  1.301718e+001  4.345308e+000
      vertex -2.284721e+001  1.319760e+001  4.476393e+000
    endloop
  endfacet
  facet normal -7.027139e-001  6.339259e-001  3.230035e-001
    outer loop
      vertex -2.284721e+001  1.326439e+001  4.345308e+000
      vertex -2.284721e+001  1.319760e+001  4.476393e+000
      vertex -2.267023e+001  1.343271e+001  4.400000e+000
    endloop
  endfacet
  facet normal -7.027153e-001  6.339259e-001  3.230003e-001
    outer loop
      vertex -2.267023e+001  1.343271e+001  4.400000e+000
      vertex -2.284721e+001  1.319760e+001  4.476393e+000
      vertex -2.267023e+001  1.334078e+001  4.580422e+000
    endloop
  endfacet
  facet normal -5.560546e-001  7.405568e-001  3.773313e-001
    outer loop
      vertex -2.267023e+001  1.343271e+001  4.400000e+000
      vertex -2.267023e+001  1.334078e+001  4.580422e+000
      vertex -2.258042e+001  1.347609e+001  4.447214e+000
    endloop
  endfacet
  facet normal  9.876888e-001  0.000000e+000  1.564315e-001
    outer loop
      vertex  2.300000e+001 -1.281718e+001  4.200000e+000
      vertex  2.300000e+001  1.281718e+001  4.200000e+000
      vertex  2.296085e+001 -1.281718e+001  4.447214e+000
    endloop
  endfacet
  facet normal  9.876888e-001  -0.000000e+000  1.564315e-001
    outer loop
      vertex  2.296085e+001 -1.281718e+001  4.447214e+000
      vertex  2.300000e+001  1.281718e+001  4.200000e+000
      vertex  2.296085e+001  1.281718e+001  4.447214e+000
    endloop
  endfacet
  facet normal  8.910054e-001  0.000000e+000  4.539928e-001
    outer loop
      vertex  2.296085e+001 -1.281718e+001  4.447214e+000
      vertex  2.296085e+001  1.281718e+001  4.447214e+000
      vertex  2.284721e+001 -1.281718e+001  4.670228e+000
    endloop
  endfacet
  facet normal  8.910054e-001  -0.000000e+000  4.539928e-001
    outer loop
      vertex  2.284721e+001 -1.281718e+001  4.670228e+000
      vertex  2.296085e+001  1.281718e+001  4.447214e+000
      vertex  2.284721e+001  1.281718e+001  4.670228e+000
    endloop
  endfacet
  facet normal  7.071086e-001  0.000000e+000  7.071049e-001
    outer loop
      vertex  2.284721e+001 -1.281718e+001  4.670228e+000
      vertex  2.284721e+001  1.281718e+001  4.670228e+000
      vertex  2.267023e+001 -1.281718e+001  4.847214e+000
    endloop
  endfacet
  facet normal  7.071086e-001  -0.000000e+000  7.071049e-001
    outer loop
      vertex  2.267023e+001 -1.281718e+001  4.847214e+000
      vertex  2.284721e+001  1.281718e+001  4.670228e+000
      vertex  2.267023e+001  1.281718e+001  4.847214e+000
    endloop
  endfacet
  facet normal  4.539890e-001  0.000000e+000  8.910073e-001
    outer loop
      vertex  2.267023e+001 -1.281718e+001  4.847214e+000
      vertex  2.267023e+001  1.281718e+001  4.847214e+000
      vertex  2.244721e+001 -1.281718e+001  4.960845e+000
    endloop
  endfacet
  facet normal  4.539890e-001  -0.000000e+000  8.910073e-001
    outer loop
      vertex  2.244721e+001 -1.281718e+001  4.960845e+000
      vertex  2.267023e+001  1.281718e+001  4.847214e+000
      vertex  2.244721e+001  1.281718e+001  4.960845e+000
    endloop
  endfacet
  facet normal  1.564355e-001  0.000000e+000  9.876882e-001
    outer loop
      vertex  2.244721e+001 -1.281718e+001  4.960845e+000
      vertex  2.244721e+001  1.281718e+001  4.960845e+000
      vertex  2.220000e+001 -1.281718e+001  5.000000e+000
    endloop
  endfacet
  facet normal  1.564355e-001  -0.000000e+000  9.876882e-001
    outer loop
      vertex  2.220000e+001 -1.281718e+001  5.000000e+000
      vertex  2.244721e+001  1.281718e+001  4.960845e+000
      vertex  2.220000e+001  1.281718e+001  5.000000e+000
    endloop
  endfacet
  facet normal  1.000000e+000  0.000000e+000  0.000000e+000
    outer loop
      vertex  2.300000e+001 -1.281718e+001  4.200000e+000
      vertex  2.300000e+001 -1.281718e+001  0.000000e+000
      vertex  2.300000e+001  1.281718e+001  4.200000e+000
    endloop
  endfacet
  facet normal  1.000000e+000  0.000000e+000  0.000000e+000
    outer loop
      vertex  2.300000e+001  1.281718e+001  4.200000e+000
      vertex  2.300000e+001 -1.281718e+001  0.000000e+000
      vertex  2.300000e+001  1.281718e+001  0.000000e+000
    endloop
  endfacet
  facet normal  4.999999e-001 -8.660254e-001  0.000000e+000
    outer loop
      vertex  4.000000e-001 -2.632717e+001  4.200000e+000
      vertex  4.000000e-001 -2.632717e+001  0.000000e+000
      vertex  2.260000e+001 -1.351000e+001  4.200000e+000
    endloop
  endfacet
  facet normal  4.999999e-001 -8.660254e-001  0.000000e+000
    outer loop
      vertex  2.260000e+001 -1.351000e+001  4.200000e+000
      vertex  4.000000e-001 -2.632717e+001  0.000000e+000
      vertex  2.260000e+001 -1.351000e+001  0.000000e+000
    endloop
  endfacet
  facet normal  3.826891e-001 -9.238772e-001  0.000000e+000
    outer loop
      vertex  4.000000e-001 -2.632717e+001  0.000000e+000
      vertex  4.000000e-001 -2.632717e+001  4.200000e+000
      vertex  2.070552e-001 -2.640709e+001  0.000000e+000
    endloop
  endfacet
  facet normal  3.826891e-001 -9.238772e-001  0.000000e+000
    outer loop
      vertex  2.070552e-001 -2.640709e+001  0.000000e+000
      vertex  4.000000e-001 -2.632717e+001  4.200000e+000
      vertex  2.070552e-001 -2.640709e+001  4.200000e+000
    endloop
  endfacet
  facet normal  1.305285e-001 -9.914446e-001  0.000000e+000
    outer loop
      vertex  2.070552e-001 -2.640709e+001  0.000000e+000
      vertex  2.070552e-001 -2.640709e+001  4.200000e+000
      vertex -7.788988e-015 -2.643435e+001  0.000000e+000
    endloop
  endfacet
  facet normal  1.305285e-001 -9.914446e-001  2.188584e-017
    outer loop
      vertex -7.788988e-015 -2.643435e+001  0.000000e+000
      vertex  2.070552e-001 -2.640709e+001  4.200000e+000
      vertex -8.493206e-015 -2.643435e+001  4.200000e+000
    endloop
  endfacet
  facet normal -1.305285e-001 -9.914446e-001 -2.188584e-017
    outer loop
      vertex -7.788988e-015 -2.643435e+001  0.000000e+000
      vertex -8.493206e-015 -2.643435e+001  4.200000e+000
      vertex -2.070552e-001 -2.640709e+001  0.000000e+000
    endloop
  endfacet
  facet normal -1.305285e-001 -9.914446e-001  0.000000e+000
    outer loop
      vertex -2.070552e-001 -2.640709e+001  0.000000e+000
      vertex -8.493206e-015 -2.643435e+001  4.200000e+000
      vertex -2.070552e-001 -2.640709e+001  4.200000e+000
    endloop
  endfacet
  facet normal -3.826891e-001 -9.238772e-001  -0.000000e+000
    outer loop
      vertex -2.070552e-001 -2.640709e+001  0.000000e+000
      vertex -2.070552e-001 -2.640709e+001  4.200000e+000
      vertex -4.000000e-001 -2.632717e+001  0.000000e+000
    endloop
  endfacet
  facet normal -3.826891e-001 -9.238772e-001  0.000000e+000
    outer loop
      vertex -4.000000e-001 -2.632717e+001  0.000000e+000
      vertex -2.070552e-001 -2.640709e+001  4.200000e+000
      vertex -4.000000e-001 -2.632717e+001  4.200000e+000
    endloop
  endfacet
  facet normal  9.914445e-001 -1.305286e-001  0.000000e+000
    outer loop
      vertex  2.300000e+001 -1.281718e+001  0.000000e+000
      vertex  2.300000e+001 -1.281718e+001  4.200000e+000
      vertex  2.297274e+001 -1.302423e+001  0.000000e+000
    endloop
  endfacet
  facet normal  9.914445e-001 -1.305286e-001  0.000000e+000
    outer loop
      vertex  2.297274e+001 -1.302423e+001  0.000000e+000
      vertex  2.300000e+001 -1.281718e+001  4.200000e+000
      vertex  2.297274e+001 -1.302423e+001  4.200000e+000
    endloop
  endfacet
  facet normal  9.238810e-001 -3.826801e-001  0.000000e+000
    outer loop
      vertex  2.297274e+001 -1.302423e+001  0.000000e+000
      vertex  2.297274e+001 -1.302423e+001  4.200000e+000
      vertex  2.289282e+001 -1.321718e+001  0.000000e+000
    endloop
  endfacet
  facet normal  9.238810e-001 -3.826801e-001  0.000000e+000
    outer loop
      vertex  2.289282e+001 -1.321718e+001  0.000000e+000
      vertex  2.297274e+001 -1.302423e+001  4.200000e+000
      vertex  2.289282e+001 -1.321718e+001  4.200000e+000
    endloop
  endfacet
  facet normal  7.933534e-001 -6.087614e-001  0.000000e+000
    outer loop
      vertex  2.289282e+001 -1.321718e+001  0.000000e+000
      vertex  2.289282e+001 -1.321718e+001  4.200000e+000
      vertex  2.276569e+001 -1.338286e+001  0.000000e+000
    endloop
  endfacet
  facet normal  7.933534e-001 -6.087614e-001  0.000000e+000
    outer loop
      vertex  2.276569e+001 -1.338286e+001  0.000000e+000
      vertex  2.289282e+001 -1.321718e+001  4.200000e+000
      vertex  2.276569e+001 -1.338286e+001  4.200000e+000
    endloop
  endfacet
  facet normal  6.087621e-001 -7.933528e-001  0.000000e+000
    outer loop
      vertex  2.276569e+001 -1.338286e+001  0.000000e+000
      vertex  2.276569e+001 -1.338286e+001  4.200000e+000
      vertex  2.260000e+001 -1.351000e+001  0.000000e+000
    endloop
  endfacet
  facet normal  6.087621e-001 -7.933528e-001  0.000000e+000
    outer loop
      vertex  2.260000e+001 -1.351000e+001  0.000000e+000
      vertex  2.276569e+001 -1.338286e+001  4.200000e+000
      vertex  2.260000e+001 -1.351000e+001  4.200000e+000
    endloop
  endfacet
  facet normal  9.872029e-001 -1.299701e-001  9.240191e-002
    outer loop
      vertex  2.300000e+001 -1.281718e+001  4.200000e+000
      vertex  2.296819e+001 -1.291664e+001  4.400000e+000
      vertex  2.297274e+001 -1.302423e+001  4.200000e+000
    endloop
  endfacet
  facet normal  9.876878e-001 -1.373041e-003  1.564313e-001
    outer loop
      vertex  2.300000e+001 -1.281718e+001  4.200000e+000
      vertex  2.296085e+001 -1.281718e+001  4.447214e+000
      vertex  2.296819e+001 -1.291664e+001  4.400000e+000
    endloop
  endfacet
  facet normal  8.906816e-001 -2.695737e-002  4.538278e-001
    outer loop
      vertex  2.284721e+001 -1.281718e+001  4.670228e+000
      vertex  2.288857e+001 -1.296260e+001  4.580422e+000
      vertex  2.296085e+001 -1.281718e+001  4.447214e+000
    endloop
  endfacet
  facet normal  5.663951e-001 -2.079871e-001  7.974572e-001
    outer loop
      vertex  2.267023e+001 -1.281718e+001  4.847214e+000
      vertex  2.252722e+001 -1.291371e+001  4.923607e+000
      vertex  2.276457e+001 -1.303419e+001  4.723607e+000
    endloop
  endfacet
  facet normal  7.039158e-001 -9.492408e-002  7.039120e-001
    outer loop
      vertex  2.267023e+001 -1.281718e+001  4.847214e+000
      vertex  2.276457e+001 -1.303419e+001  4.723607e+000
      vertex  2.284721e+001 -1.281718e+001  4.670228e+000
    endloop
  endfacet
  facet normal  4.537485e-001  3.254147e-002  8.905354e-001
    outer loop
      vertex  2.244721e+001 -1.281718e+001  4.960845e+000
      vertex  2.252722e+001 -1.291371e+001  4.923607e+000
      vertex  2.267023e+001 -1.281718e+001  4.847214e+000
    endloop
  endfacet
  facet normal  1.558013e-001 -8.995254e-002  9.836842e-001
    outer loop
      vertex  2.220000e+001 -1.281718e+001  5.000000e+000
      vertex  2.232361e+001 -1.303127e+001  4.960845e+000
      vertex  2.244721e+001 -1.281718e+001  4.960845e+000
    endloop
  endfacet
  facet normal  7.933490e-001 -6.087580e-001  3.315939e-003
    outer loop
      vertex  2.278404e+001 -1.335853e+001  4.276393e+000
      vertex  2.276569e+001 -1.338286e+001  4.200000e+000
      vertex  2.289282e+001 -1.321718e+001  4.200000e+000
    endloop
  endfacet
  facet normal  8.197164e-001 -5.555844e-001  1.392517e-001
    outer loop
      vertex  2.278404e+001 -1.335853e+001  4.276393e+000
      vertex  2.289282e+001 -1.321718e+001  4.200000e+000
      vertex  2.291091e+001 -1.315407e+001  4.345308e+000
    endloop
  endfacet
  facet normal  9.226725e-001 -3.821795e-001  5.113231e-002
    outer loop
      vertex  2.291091e+001 -1.315407e+001  4.345308e+000
      vertex  2.289282e+001 -1.321718e+001  4.200000e+000
      vertex  2.297274e+001 -1.302423e+001  4.200000e+000
    endloop
  endfacet
  facet normal  9.493797e-001 -2.671110e-001  1.653178e-001
    outer loop
      vertex  2.291091e+001 -1.315407e+001  4.345308e+000
      vertex  2.297274e+001 -1.302423e+001  4.200000e+000
      vertex  2.296819e+001 -1.291664e+001  4.400000e+000
    endloop
  endfacet
  facet normal  6.053420e-001 -7.888958e-001  1.058506e-001
    outer loop
      vertex  2.260000e+001 -1.351000e+001  4.200000e+000
      vertex  2.276569e+001 -1.338286e+001  4.200000e+000
      vertex  2.278404e+001 -1.335853e+001  4.276393e+000
    endloop
  endfacet
  facet normal  6.158746e-001 -7.845585e-001  7.187758e-002
    outer loop
      vertex  2.260000e+001 -1.351000e+001  4.200000e+000
      vertex  2.278404e+001 -1.335853e+001  4.276393e+000
      vertex  2.275363e+001 -1.337609e+001  4.345308e+000
    endloop
  endfacet
  facet normal  5.906497e-001 -7.991222e-001  1.119677e-001
    outer loop
      vertex  2.260000e+001 -1.351000e+001  4.200000e+000
      vertex  2.275363e+001 -1.337609e+001  4.345308e+000
      vertex  2.270626e+001 -1.340343e+001  4.400000e+000
    endloop
  endfacet
  facet normal  5.559574e-001 -8.191521e-001  1.410723e-001
    outer loop
      vertex  2.260000e+001 -1.351000e+001  4.200000e+000
      vertex  2.270626e+001 -1.340343e+001  4.400000e+000
      vertex  2.264658e+001 -1.343789e+001  4.435114e+000
    endloop
  endfacet
  facet normal  5.151443e-001 -8.427159e-001  1.563849e-001
    outer loop
      vertex  2.260000e+001 -1.351000e+001  4.200000e+000
      vertex  2.264658e+001 -1.343789e+001  4.435114e+000
      vertex  2.258042e+001 -1.347609e+001  4.447214e+000
    endloop
  endfacet
  facet normal  5.064689e-001 -7.337857e-001  4.528219e-001
    outer loop
      vertex  2.258042e+001 -1.347609e+001  4.447214e+000
      vertex  2.264658e+001 -1.343789e+001  4.435114e+000
      vertex  2.252361e+001 -1.337768e+001  4.670228e+000
    endloop
  endfacet
  facet normal  5.064682e-001 -7.337864e-001  4.528217e-001
    outer loop
      vertex  2.252361e+001 -1.337768e+001  4.670228e+000
      vertex  2.264658e+001 -1.343789e+001  4.435114e+000
      vertex  2.264945e+001 -1.330503e+001  4.647213e+000
    endloop
  endfacet
  facet normal  4.477445e-001 -5.529168e-001  7.027146e-001
    outer loop
      vertex  2.252361e+001 -1.337768e+001  4.670228e+000
      vertex  2.264945e+001 -1.330503e+001  4.647213e+000
      vertex  2.243511e+001 -1.322441e+001  4.847214e+000
    endloop
  endfacet
  facet normal  4.477448e-001 -5.529163e-001  7.027149e-001
    outer loop
      vertex  2.243511e+001 -1.322441e+001  4.847214e+000
      vertex  2.264945e+001 -1.330503e+001  4.647213e+000
      vertex  2.260832e+001 -1.312441e+001  4.815536e+000
    endloop
  endfacet
  facet normal  3.457848e-001 -3.194393e-001  8.822649e-001
    outer loop
      vertex  2.243511e+001 -1.322441e+001  4.847214e+000
      vertex  2.260832e+001 -1.312441e+001  4.815536e+000
      vertex  2.232361e+001 -1.303127e+001  4.960845e+000
    endloop
  endfacet
  facet normal  3.457828e-001 -3.194442e-001  8.822639e-001
    outer loop
      vertex  2.232361e+001 -1.303127e+001  4.960845e+000
      vertex  2.260832e+001 -1.312441e+001  4.815536e+000
      vertex  2.252722e+001 -1.291371e+001  4.923607e+000
    endloop
  endfacet
  facet normal  2.615203e-001 -1.509899e-001  9.533148e-001
    outer loop
      vertex  2.232361e+001 -1.303127e+001  4.960845e+000
      vertex  2.252722e+001 -1.291371e+001  4.923607e+000
      vertex  2.244721e+001 -1.281718e+001  4.960845e+000
    endloop
  endfacet
  facet normal  7.981284e-001 -5.653953e-001  2.081328e-001
    outer loop
      vertex  2.275363e+001 -1.337609e+001  4.345308e+000
      vertex  2.278404e+001 -1.335853e+001  4.276393e+000
      vertex  2.285306e+001 -1.318747e+001  4.476393e+000
    endloop
  endfacet
  facet normal  7.981195e-001 -5.654039e-001  2.081433e-001
    outer loop
      vertex  2.285306e+001 -1.318747e+001  4.476393e+000
      vertex  2.278404e+001 -1.335853e+001  4.276393e+000
      vertex  2.291091e+001 -1.315407e+001  4.345308e+000
    endloop
  endfacet
  facet normal  9.003499e-001 -2.916088e-001  3.230081e-001
    outer loop
      vertex  2.285306e+001 -1.318747e+001  4.476393e+000
      vertex  2.291091e+001 -1.315407e+001  4.345308e+000
      vertex  2.288857e+001 -1.296260e+001  4.580422e+000
    endloop
  endfacet
  facet normal  9.003517e-001 -2.916059e-001  3.230058e-001
    outer loop
      vertex  2.288857e+001 -1.296260e+001  4.580422e+000
      vertex  2.291091e+001 -1.315407e+001  4.345308e+000
      vertex  2.296819e+001 -1.291664e+001  4.400000e+000
    endloop
  endfacet
  facet normal  9.193659e-001 -1.112770e-001  3.773376e-001
    outer loop
      vertex  2.288857e+001 -1.296260e+001  4.580422e+000
      vertex  2.296819e+001 -1.291664e+001  4.400000e+000
      vertex  2.296085e+001 -1.281718e+001  4.447214e+000
    endloop
  endfacet
  facet normal  7.251018e-001 -6.075602e-001  3.241885e-001
    outer loop
      vertex  2.270626e+001 -1.340343e+001  4.400000e+000
      vertex  2.275363e+001 -1.337609e+001  4.345308e+000
      vertex  2.276297e+001 -1.323948e+001  4.580422e+000
    endloop
  endfacet
  facet normal  7.251082e-001 -6.075543e-001  3.241849e-001
    outer loop
      vertex  2.276297e+001 -1.323948e+001  4.580422e+000
      vertex  2.275363e+001 -1.337609e+001  4.345308e+000
      vertex  2.285306e+001 -1.318747e+001  4.476393e+000
    endloop
  endfacet
  facet normal  7.870433e-001 -3.570258e-001  5.030859e-001
    outer loop
      vertex  2.276297e+001 -1.323948e+001  4.580422e+000
      vertex  2.285306e+001 -1.318747e+001  4.476393e+000
      vertex  2.276457e+001 -1.303419e+001  4.723607e+000
    endloop
  endfacet
  facet normal  7.870436e-001 -3.570253e-001  5.030857e-001
    outer loop
      vertex  2.276457e+001 -1.303419e+001  4.723607e+000
      vertex  2.285306e+001 -1.318747e+001  4.476393e+000
      vertex  2.288857e+001 -1.296260e+001  4.580422e+000
    endloop
  endfacet
  facet normal  7.832471e-001 -1.498622e-001  6.033783e-001
    outer loop
      vertex  2.276457e+001 -1.303419e+001  4.723607e+000
      vertex  2.288857e+001 -1.296260e+001  4.580422e+000
      vertex  2.284721e+001 -1.281718e+001  4.670228e+000
    endloop
  endfacet
  facet normal  6.246215e-001 -6.655695e-001  4.084915e-001
    outer loop
      vertex  2.264658e+001 -1.343789e+001  4.435114e+000
      vertex  2.270626e+001 -1.340343e+001  4.400000e+000
      vertex  2.264945e+001 -1.330503e+001  4.647213e+000
    endloop
  endfacet
  facet normal  6.246129e-001 -6.655769e-001  4.084925e-001
    outer loop
      vertex  2.264945e+001 -1.330503e+001  4.647213e+000
      vertex  2.270626e+001 -1.340343e+001  4.400000e+000
      vertex  2.276297e+001 -1.323948e+001  4.580422e+000
    endloop
  endfacet
  facet normal  6.310880e-001 -4.470616e-001  6.339275e-001
    outer loop
      vertex  2.264945e+001 -1.330503e+001  4.647213e+000
      vertex  2.276297e+001 -1.323948e+001  4.580422e+000
      vertex  2.260832e+001 -1.312441e+001  4.815536e+000
    endloop
  endfacet
  facet normal  6.310825e-001 -4.470690e-001  6.339276e-001
    outer loop
      vertex  2.260832e+001 -1.312441e+001  4.815536e+000
      vertex  2.276297e+001 -1.323948e+001  4.580422e+000
      vertex  2.276457e+001 -1.303419e+001  4.723607e+000
    endloop
  endfacet
  facet normal  5.759680e-001 -1.865479e-001  7.959026e-001
    outer loop
      vertex  2.260832e+001 -1.312441e+001  4.815536e+000
      vertex  2.276457e+001 -1.303419e+001  4.723607e+000
      vertex  2.252722e+001 -1.291371e+001  4.923607e+000
    endloop
  endfacet
  facet normal  4.938443e-001 -8.553634e-001  1.564330e-001
    outer loop
      vertex  4.000000e-001 -2.632717e+001  4.200000e+000
      vertex  2.260000e+001 -1.351000e+001  4.200000e+000
      vertex  3.804226e-001 -2.629326e+001  4.447214e+000
    endloop
  endfacet
  facet normal  4.938443e-001 -8.553634e-001  1.564330e-001
    outer loop
      vertex  3.804226e-001 -2.629326e+001  4.447214e+000
      vertex  2.260000e+001 -1.351000e+001  4.200000e+000
      vertex  2.258042e+001 -1.347609e+001  4.447214e+000
    endloop
  endfacet
  facet normal  4.455031e-001 -7.716340e-001  4.539911e-001
    outer loop
      vertex  3.804226e-001 -2.629326e+001  4.447214e+000
      vertex  2.258042e+001 -1.347609e+001  4.447214e+000
      vertex  3.236068e-001 -2.619485e+001  4.670228e+000
    endloop
  endfacet
  facet normal  4.455031e-001 -7.716340e-001  4.539911e-001
    outer loop
      vertex  3.236068e-001 -2.619485e+001  4.670228e+000
      vertex  2.258042e+001 -1.347609e+001  4.447214e+000
      vertex  2.252361e+001 -1.337768e+001  4.670228e+000
    endloop
  endfacet
  facet normal  3.535544e-001 -6.123743e-001  7.071046e-001
    outer loop
      vertex  3.236068e-001 -2.619485e+001  4.670228e+000
      vertex  2.252361e+001 -1.337768e+001  4.670228e+000
      vertex  2.351141e-001 -2.604158e+001  4.847214e+000
    endloop
  endfacet
  facet normal  3.535528e-001 -6.123714e-001  7.071079e-001
    outer loop
      vertex  2.351141e-001 -2.604158e+001  4.847214e+000
      vertex  2.252361e+001 -1.337768e+001  4.670228e+000
      vertex  2.243511e+001 -1.322441e+001  4.847214e+000
    endloop
  endfacet
  facet normal  2.269955e-001 -3.931677e-001  8.910064e-001
    outer loop
      vertex  2.351141e-001 -2.604158e+001  4.847214e+000
      vertex  2.243511e+001 -1.322441e+001  4.847214e+000
      vertex  1.236068e-001 -2.584845e+001  4.960845e+000
    endloop
  endfacet
  facet normal  2.269947e-001 -3.931663e-001  8.910071e-001
    outer loop
      vertex  1.236068e-001 -2.584845e+001  4.960845e+000
      vertex  2.243511e+001 -1.322441e+001  4.847214e+000
      vertex  2.232361e+001 -1.303127e+001  4.960845e+000
    endloop
  endfacet
  facet normal  7.821730e-002 -1.354763e-001  9.876884e-001
    outer loop
      vertex  1.236068e-001 -2.584845e+001  4.960845e+000
      vertex  2.232361e+001 -1.303127e+001  4.960845e+000
      vertex -1.243450e-014 -2.563435e+001  5.000000e+000
    endloop
  endfacet
  facet normal  7.821783e-002 -1.354773e-001  9.876881e-001
    outer loop
      vertex -1.243450e-014 -2.563435e+001  5.000000e+000
      vertex  2.232361e+001 -1.303127e+001  4.960845e+000
      vertex  2.220000e+001 -1.281718e+001  5.000000e+000
    endloop
  endfacet
  facet normal -4.926588e-001 -8.560467e-001  1.564336e-001
    outer loop
      vertex -4.000000e-001 -2.632717e+001  4.200000e+000
      vertex -2.979563e-001 -2.634935e+001  4.400000e+000
      vertex -3.804226e-001 -2.629326e+001  4.447214e+000
    endloop
  endfacet
  facet normal -3.810517e-001 -9.199243e-001  9.240609e-002
    outer loop
      vertex -4.000000e-001 -2.632717e+001  4.200000e+000
      vertex -2.070552e-001 -2.640709e+001  4.200000e+000
      vertex -2.979563e-001 -2.634935e+001  4.400000e+000
    endloop
  endfacet
  facet normal -2.550538e-001 -3.766889e-001  8.905352e-001
    outer loop
      vertex -1.236068e-001 -2.584845e+001  4.960845e+000
      vertex -2.351141e-001 -2.604158e+001  4.847214e+000
      vertex -8.000799e-002 -2.596600e+001  4.923607e+000
    endloop
  endfacet
  facet normal -2.697509e-001 -6.570723e-001  7.039108e-001
    outer loop
      vertex -3.236068e-001 -2.619485e+001  4.670228e+000
      vertex -9.434154e-002 -2.623179e+001  4.723607e+000
      vertex -2.351141e-001 -2.604158e+001  4.847214e+000
    endloop
  endfacet
  facet normal -1.030723e-001 -5.945061e-001  7.974576e-001
    outer loop
      vertex -9.434154e-002 -2.623179e+001  4.723607e+000
      vertex -8.000799e-002 -2.596600e+001  4.923607e+000
      vertex -2.351141e-001 -2.604158e+001  4.847214e+000
    endloop
  endfacet
  facet normal -4.220007e-001 -7.848297e-001  4.538257e-001
    outer loop
      vertex -3.804226e-001 -2.629326e+001  4.447214e+000
      vertex -2.183427e-001 -2.630338e+001  4.580422e+000
      vertex -3.236068e-001 -2.619485e+001  4.670228e+000
    endloop
  endfacet
  facet normal  1.305278e-001 -9.914392e-001  3.312778e-003
    outer loop
      vertex -8.493206e-015 -2.643435e+001  4.200000e+000
      vertex  2.070552e-001 -2.640709e+001  4.200000e+000
      vertex  1.768078e-001 -2.641082e+001  4.276393e+000
    endloop
  endfacet
  facet normal  7.129110e-002 -9.876869e-001  1.392562e-001
    outer loop
      vertex  1.768078e-001 -2.641082e+001  4.276393e+000
      vertex -6.369153e-002 -2.641846e+001  4.345308e+000
      vertex -8.493206e-015 -2.643435e+001  4.200000e+000
    endloop
  endfacet
  facet normal -1.303577e-001 -9.901472e-001  5.113864e-002
    outer loop
      vertex -2.070552e-001 -2.640709e+001  4.200000e+000
      vertex -8.493206e-015 -2.643435e+001  4.200000e+000
      vertex -6.369153e-002 -2.641846e+001  4.345308e+000
    endloop
  endfacet
  facet normal -2.433654e-001 -9.557409e-001  1.653260e-001
    outer loop
      vertex -6.369153e-002 -2.641846e+001  4.345308e+000
      vertex -2.979563e-001 -2.634935e+001  4.400000e+000
      vertex -2.070552e-001 -2.640709e+001  4.200000e+000
    endloop
  endfacet
  facet normal  4.722413e-001 -8.674858e-001  1.563857e-001
    outer loop
      vertex  4.000000e-001 -2.632717e+001  4.200000e+000
      vertex  3.804226e-001 -2.629326e+001  4.447214e+000
      vertex  3.142641e-001 -2.633146e+001  4.435114e+000
    endloop
  endfacet
  facet normal  4.314459e-001 -8.910392e-001  1.410798e-001
    outer loop
      vertex  4.000000e-001 -2.632717e+001  4.200000e+000
      vertex  3.142641e-001 -2.633146e+001  4.435114e+000
      vertex  2.545817e-001 -2.636592e+001  4.400000e+000
    endloop
  endfacet
  facet normal  3.967329e-001 -9.110810e-001  1.119577e-001
    outer loop
      vertex  4.000000e-001 -2.632717e+001  4.200000e+000
      vertex  2.545817e-001 -2.636592e+001  4.400000e+000
      vertex  2.072175e-001 -2.639326e+001  4.345308e+000
    endloop
  endfacet
  facet normal  3.715179e-001 -9.256388e-001  7.188322e-002
    outer loop
      vertex  4.000000e-001 -2.632717e+001  4.200000e+000
      vertex  2.072175e-001 -2.639326e+001  4.345308e+000
      vertex  1.768078e-001 -2.641082e+001  4.276393e+000
    endloop
  endfacet
  facet normal  3.805391e-001 -9.186868e-001  1.058520e-001
    outer loop
      vertex  4.000000e-001 -2.632717e+001  4.200000e+000
      vertex  1.768078e-001 -2.641082e+001  4.276393e+000
      vertex  2.070552e-001 -2.640709e+001  4.200000e+000
    endloop
  endfacet
  facet normal  3.822441e-001 -8.055088e-001  4.528190e-001
    outer loop
      vertex  3.142641e-001 -2.633146e+001  4.435114e+000
      vertex  3.804226e-001 -2.629326e+001  4.447214e+000
      vertex  1.977659e-001 -2.626751e+001  4.647213e+000
    endloop
  endfacet
  facet normal  3.822473e-001 -8.055059e-001  4.528216e-001
    outer loop
      vertex  1.977659e-001 -2.626751e+001  4.647213e+000
      vertex  3.804226e-001 -2.629326e+001  4.447214e+000
      vertex  3.236068e-001 -2.619485e+001  4.670228e+000
    endloop
  endfacet
  facet normal  2.549700e-001 -6.642145e-001  7.027156e-001
    outer loop
      vertex  1.977659e-001 -2.626751e+001  4.647213e+000
      vertex  3.236068e-001 -2.619485e+001  4.670228e+000
      vertex  6.190902e-002 -2.614158e+001  4.815536e+000
    endloop
  endfacet
  facet normal  2.549653e-001 -6.642223e-001  7.027101e-001
    outer loop
      vertex  6.190902e-002 -2.614158e+001  4.815536e+000
      vertex  3.236068e-001 -2.619485e+001  4.670228e+000
      vertex  2.351141e-001 -2.604158e+001  4.847214e+000
    endloop
  endfacet
  facet normal  1.037489e-001 -4.591821e-001  8.822631e-001
    outer loop
      vertex  6.190902e-002 -2.614158e+001  4.815536e+000
      vertex  2.351141e-001 -2.604158e+001  4.847214e+000
      vertex -8.000799e-002 -2.596600e+001  4.923607e+000
    endloop
  endfacet
  facet normal  1.037503e-001 -4.591782e-001  8.822649e-001
    outer loop
      vertex -8.000799e-002 -2.596600e+001  4.923607e+000
      vertex  2.351141e-001 -2.604158e+001  4.847214e+000
      vertex  1.236068e-001 -2.584845e+001  4.960845e+000
    endloop
  endfacet
  facet normal  0.000000e+000 -3.019814e-001  9.533138e-001
    outer loop
      vertex -8.000799e-002 -2.596600e+001  4.923607e+000
      vertex  1.236068e-001 -2.584845e+001  4.960845e+000
      vertex -1.236068e-001 -2.584845e+001  4.960845e+000
    endloop
  endfacet
  facet normal  0.000000e+000 -1.799029e-001  9.836844e-001
    outer loop
      vertex -1.236068e-001 -2.584845e+001  4.960845e+000
      vertex  1.236068e-001 -2.584845e+001  4.960845e+000
      vertex -1.243450e-014 -2.563435e+001  5.000000e+000
    endloop
  endfacet
  facet normal  2.641069e-001 -8.737132e-001  4.085006e-001
    outer loop
      vertex  2.545817e-001 -2.636592e+001  4.400000e+000
      vertex  3.142641e-001 -2.633146e+001  4.435114e+000
      vertex  8.424326e-002 -2.633305e+001  4.580422e+000
    endloop
  endfacet
  facet normal  2.641027e-001 -8.737175e-001  4.084939e-001
    outer loop
      vertex  8.424326e-002 -2.633305e+001  4.580422e+000
      vertex  3.142641e-001 -2.633146e+001  4.435114e+000
      vertex  1.977659e-001 -2.626751e+001  4.647213e+000
    endloop
  endfacet
  facet normal  7.162800e-002 -7.700691e-001  6.339267e-001
    outer loop
      vertex  8.424326e-002 -2.633305e+001  4.580422e+000
      vertex  1.977659e-001 -2.626751e+001  4.647213e+000
      vertex -9.434154e-002 -2.623179e+001  4.723607e+000
    endloop
  endfacet
  facet normal  7.162902e-002 -7.700667e-001  6.339294e-001
    outer loop
      vertex -9.434154e-002 -2.623179e+001  4.723607e+000
      vertex  1.977659e-001 -2.626751e+001  4.647213e+000
      vertex  6.190902e-002 -2.614158e+001  4.815536e+000
    endloop
  endfacet
  facet normal -1.264311e-001 -5.920763e-001  7.959025e-001
    outer loop
      vertex -9.434154e-002 -2.623179e+001  4.723607e+000
      vertex  6.190902e-002 -2.614158e+001  4.815536e+000
      vertex -8.000799e-002 -2.596600e+001  4.923607e+000
    endloop
  endfacet
  facet normal  1.636052e-001 -9.317405e-001  3.241807e-001
    outer loop
      vertex  2.072175e-001 -2.639326e+001  4.345308e+000
      vertex  2.545817e-001 -2.636592e+001  4.400000e+000
      vertex -5.848844e-003 -2.638507e+001  4.476393e+000
    endloop
  endfacet
  facet normal  1.636069e-001 -9.317378e-001  3.241872e-001
    outer loop
      vertex -5.848844e-003 -2.638507e+001  4.476393e+000
      vertex  2.545817e-001 -2.636592e+001  4.400000e+000
      vertex  8.424326e-002 -2.633305e+001  4.580422e+000
    endloop
  endfacet
  facet normal -8.432899e-002 -8.601090e-001  5.030916e-001
    outer loop
      vertex -5.848844e-003 -2.638507e+001  4.476393e+000
      vertex  8.424326e-002 -2.633305e+001  4.580422e+000
      vertex -2.183427e-001 -2.630338e+001  4.580422e+000
    endloop
  endfacet
  facet normal -8.432918e-002 -8.601109e-001  5.030881e-001
    outer loop
      vertex -2.183427e-001 -2.630338e+001  4.580422e+000
      vertex  8.424326e-002 -2.633305e+001  4.580422e+000
      vertex -9.434154e-002 -2.623179e+001  4.723607e+000
    endloop
  endfacet
  facet normal -2.618392e-001 -7.532408e-001  6.033810e-001
    outer loop
      vertex -2.183427e-001 -2.630338e+001  4.580422e+000
      vertex -9.434154e-002 -2.623179e+001  4.723607e+000
      vertex -3.236068e-001 -2.619485e+001  4.670228e+000
    endloop
  endfacet
  facet normal  9.059143e-002 -9.738947e-001  2.081401e-001
    outer loop
      vertex  1.768078e-001 -2.641082e+001  4.276393e+000
      vertex  2.072175e-001 -2.639326e+001  4.345308e+000
      vertex -6.369153e-002 -2.641846e+001  4.345308e+000
    endloop
  endfacet
  facet normal  9.059145e-002 -9.738949e-001  2.081392e-001
    outer loop
      vertex -6.369153e-002 -2.641846e+001  4.345308e+000
      vertex  2.072175e-001 -2.639326e+001  4.345308e+000
      vertex -5.848844e-003 -2.638507e+001  4.476393e+000
    endloop
  endfacet
  facet normal -1.976411e-001 -9.255306e-001  3.230036e-001
    outer loop
      vertex -6.369153e-002 -2.641846e+001  4.345308e+000
      vertex -5.848844e-003 -2.638507e+001  4.476393e+000
      vertex -2.979563e-001 -2.634935e+001  4.400000e+000
    endloop
  endfacet
  facet normal -1.976412e-001 -9.255304e-001  3.230039e-001
    outer loop
      vertex -2.979563e-001 -2.634935e+001  4.400000e+000
      vertex -5.848844e-003 -2.638507e+001  4.476393e+000
      vertex -2.183427e-001 -2.630338e+001  4.580422e+000
    endloop
  endfacet
  facet normal -3.633204e-001 -8.518308e-001  3.773360e-001
    outer loop
      vertex -2.979563e-001 -2.634935e+001  4.400000e+000
      vertex -2.183427e-001 -2.630338e+001  4.580422e+000
      vertex -3.804226e-001 -2.629326e+001  4.447214e+000
    endloop
  endfacet
  facet normal  4.999999e-001  8.660254e-001  -0.000000e+000
    outer loop
      vertex  2.260000e+001  1.351000e+001  4.200000e+000
      vertex  2.260000e+001  1.351000e+001  0.000000e+000
      vertex  4.000000e-001  2.632717e+001  4.200000e+000
    endloop
  endfacet
  facet normal  4.999999e-001  8.660254e-001  0.000000e+000
    outer loop
      vertex  4.000000e-001  2.632717e+001  4.200000e+000
      vertex  2.260000e+001  1.351000e+001  0.000000e+000
      vertex  4.000000e-001  2.632717e+001  0.000000e+000
    endloop
  endfacet
  facet normal  6.087621e-001  7.933528e-001  0.000000e+000
    outer loop
      vertex  2.260000e+001  1.351000e+001  0.000000e+000
      vertex  2.260000e+001  1.351000e+001  4.200000e+000
      vertex  2.276569e+001  1.338286e+001  0.000000e+000
    endloop
  endfacet
  facet normal  6.087621e-001  7.933528e-001  -0.000000e+000
    outer loop
      vertex  2.276569e+001  1.338286e+001  0.000000e+000
      vertex  2.260000e+001  1.351000e+001  4.200000e+000
      vertex  2.276569e+001  1.338286e+001  4.200000e+000
    endloop
  endfacet
  facet normal  7.933534e-001  6.087614e-001  0.000000e+000
    outer loop
      vertex  2.276569e+001  1.338286e+001  0.000000e+000
      vertex  2.276569e+001  1.338286e+001  4.200000e+000
      vertex  2.289282e+001  1.321718e+001  0.000000e+000
    endloop
  endfacet
  facet normal  7.933534e-001  6.087614e-001  -0.000000e+000
    outer loop
      vertex  2.289282e+001  1.321718e+001  0.000000e+000
      vertex  2.276569e+001  1.338286e+001  4.200000e+000
      vertex  2.289282e+001  1.321718e+001  4.200000e+000
    endloop
  endfacet
  facet normal  9.238810e-001  3.826801e-001  0.000000e+000
    outer loop
      vertex  2.289282e+001  1.321718e+001  0.000000e+000
      vertex  2.289282e+001  1.321718e+001  4.200000e+000
      vertex  2.297274e+001  1.302423e+001  0.000000e+000
    endloop
  endfacet
  facet normal  9.238810e-001  3.826801e-001  -0.000000e+000
    outer loop
      vertex  2.297274e+001  1.302423e+001  0.000000e+000
      vertex  2.289282e+001  1.321718e+001  4.200000e+000
      vertex  2.297274e+001  1.302423e+001  4.200000e+000
    endloop
  endfacet
  facet normal  9.914445e-001  1.305286e-001  0.000000e+000
    outer loop
      vertex  2.297274e+001  1.302423e+001  0.000000e+000
      vertex  2.297274e+001  1.302423e+001  4.200000e+000
      vertex  2.300000e+001  1.281718e+001  0.000000e+000
    endloop
  endfacet
  facet normal  9.914445e-001  1.305286e-001  -0.000000e+000
    outer loop
      vertex  2.300000e+001  1.281718e+001  0.000000e+000
      vertex  2.297274e+001  1.302423e+001  4.200000e+000
      vertex  2.300000e+001  1.281718e+001  4.200000e+000
    endloop
  endfacet
  facet normal -3.826891e-001  9.238772e-001  0.000000e+000
    outer loop
      vertex -4.000000e-001  2.632717e+001  0.000000e+000
      vertex -4.000000e-001  2.632717e+001  4.200000e+000
      vertex -2.070552e-001  2.640709e+001  0.000000e+000
    endloop
  endfacet
  facet normal -3.826891e-001  9.238772e-001  0.000000e+000
    outer loop
      vertex -2.070552e-001  2.640709e+001  0.000000e+000
      vertex -4.000000e-001  2.632717e+001  4.200000e+000
      vertex -2.070552e-001  2.640709e+001  4.200000e+000
    endloop
  endfacet
  facet normal -1.305285e-001  9.914446e-001  0.000000e+000
    outer loop
      vertex -2.070552e-001  2.640709e+001  0.000000e+000
      vertex -2.070552e-001  2.640709e+001  4.200000e+000
      vertex  2.591395e-015  2.643435e+001  0.000000e+000
    endloop
  endfacet
  facet normal -1.305285e-001  9.914446e-001 -1.340167e-016
    outer loop
      vertex  2.591395e-015  2.643435e+001  0.000000e+000
      vertex -2.070552e-001  2.640709e+001  4.200000e+000
      vertex -1.720846e-015  2.643435e+001  4.200000e+000
    endloop
  endfacet
  facet normal  1.305285e-001  9.914446e-001  1.340167e-016
    outer loop
      vertex  2.591395e-015  2.643435e+001  0.000000e+000
      vertex -1.720846e-015  2.643435e+001  4.200000e+000
      vertex  2.070552e-001  2.640709e+001  0.000000e+000
    endloop
  endfacet
  facet normal  1.305285e-001  9.914446e-001  -0.000000e+000
    outer loop
      vertex  2.070552e-001  2.640709e+001  0.000000e+000
      vertex -1.720846e-015  2.643435e+001  4.200000e+000
      vertex  2.070552e-001  2.640709e+001  4.200000e+000
    endloop
  endfacet
  facet normal  3.826891e-001  9.238772e-001  0.000000e+000
    outer loop
      vertex  2.070552e-001  2.640709e+001  0.000000e+000
      vertex  2.070552e-001  2.640709e+001  4.200000e+000
      vertex  4.000000e-001  2.632717e+001  0.000000e+000
    endloop
  endfacet
  facet normal  3.826891e-001  9.238772e-001  -0.000000e+000
    outer loop
      vertex  4.000000e-001  2.632717e+001  0.000000e+000
      vertex  2.070552e-001  2.640709e+001  4.200000e+000
      vertex  4.000000e-001  2.632717e+001  4.200000e+000
    endloop
  endfacet
  facet normal -3.810517e-001  9.199243e-001  9.240609e-002
    outer loop
      vertex -4.000000e-001  2.632717e+001  4.200000e+000
      vertex -2.979563e-001  2.634935e+001  4.400000e+000
      vertex -2.070552e-001  2.640709e+001  4.200000e+000
    endloop
  endfacet
  facet normal -4.926588e-001  8.560467e-001  1.564336e-001
    outer loop
      vertex -4.000000e-001  2.632717e+001  4.200000e+000
      vertex -3.804226e-001  2.629326e+001  4.447214e+000
      vertex -2.979563e-001  2.634935e+001  4.400000e+000
    endloop
  endfacet
  facet normal -4.220007e-001  7.848297e-001  4.538257e-001
    outer loop
      vertex -3.236068e-001  2.619485e+001  4.670228e+000
      vertex -2.183427e-001  2.630338e+001  4.580422e+000
      vertex -3.804226e-001  2.629326e+001  4.447214e+000
    endloop
  endfacet
  facet normal -1.030723e-001  5.945061e-001  7.974576e-001
    outer loop
      vertex -2.351141e-001  2.604158e+001  4.847214e+000
      vertex -8.000799e-002  2.596600e+001  4.923607e+000
      vertex -9.434154e-002  2.623179e+001  4.723607e+000
    endloop
  endfacet
  facet normal -2.697509e-001  6.570723e-001  7.039108e-001
    outer loop
      vertex -2.351141e-001  2.604158e+001  4.847214e+000
      vertex -9.434154e-002  2.623179e+001  4.723607e+000
      vertex -3.236068e-001  2.619485e+001  4.670228e+000
    endloop
  endfacet
  facet normal -2.550538e-001  3.766889e-001  8.905352e-001
    outer loop
      vertex -1.236068e-001  2.584845e+001  4.960845e+000
      vertex -8.000799e-002  2.596600e+001  4.923607e+000
      vertex -2.351141e-001  2.604158e+001  4.847214e+000
    endloop
  endfacet
  facet normal  0.000000e+000  1.799029e-001  9.836844e-001
    outer loop
      vertex  2.664535e-015  2.563435e+001  5.000000e+000
      vertex  1.236068e-001  2.584845e+001  4.960845e+000
      vertex -1.236068e-001  2.584845e+001  4.960845e+000
    endloop
  endfacet
  facet normal  1.305278e-001  9.914392e-001  3.312778e-003
    outer loop
      vertex  1.768078e-001  2.641082e+001  4.276393e+000
      vertex  2.070552e-001  2.640709e+001  4.200000e+000
      vertex -1.720846e-015  2.643435e+001  4.200000e+000
    endloop
  endfacet
  facet normal  7.129110e-002  9.876868e-001  1.392561e-001
    outer loop
      vertex  1.768078e-001  2.641082e+001  4.276393e+000
      vertex -1.720846e-015  2.643435e+001  4.200000e+000
      vertex -6.369153e-002  2.641846e+001  4.345308e+000
    endloop
  endfacet
  facet normal -1.303577e-001  9.901472e-001  5.113864e-002
    outer loop
      vertex -6.369153e-002  2.641846e+001  4.345308e+000
      vertex -1.720846e-015  2.643435e+001  4.200000e+000
      vertex -2.070552e-001  2.640709e+001  4.200000e+000
    endloop
  endfacet
  facet normal -2.433654e-001  9.557409e-001  1.653260e-001
    outer loop
      vertex -6.369153e-002  2.641846e+001  4.345308e+000
      vertex -2.070552e-001  2.640709e+001  4.200000e+000
      vertex -2.979563e-001  2.634935e+001  4.400000e+000
    endloop
  endfacet
  facet normal  3.805391e-001  9.186868e-001  1.058520e-001
    outer loop
      vertex  4.000000e-001  2.632717e+001  4.200000e+000
      vertex  2.070552e-001  2.640709e+001  4.200000e+000
      vertex  1.768078e-001  2.641082e+001  4.276393e+000
    endloop
  endfacet
  facet normal  3.715179e-001  9.256388e-001  7.188322e-002
    outer loop
      vertex  4.000000e-001  2.632717e+001  4.200000e+000
      vertex  1.768078e-001  2.641082e+001  4.276393e+000
      vertex  2.072175e-001  2.639326e+001  4.345308e+000
    endloop
  endfacet
  facet normal  3.967329e-001  9.110810e-001  1.119577e-001
    outer loop
      vertex  4.000000e-001  2.632717e+001  4.200000e+000
      vertex  2.072175e-001  2.639326e+001  4.345308e+000
      vertex  2.545817e-001  2.636592e+001  4.400000e+000
    endloop
  endfacet
  facet normal  4.314459e-001  8.910392e-001  1.410798e-001
    outer loop
      vertex  4.000000e-001  2.632717e+001  4.200000e+000
      vertex  2.545817e-001  2.636592e+001  4.400000e+000
      vertex  3.142641e-001  2.633146e+001  4.435114e+000
    endloop
  endfacet
  facet normal  4.722413e-001  8.674858e-001  1.563857e-001
    outer loop
      vertex  4.000000e-001  2.632717e+001  4.200000e+000
      vertex  3.142641e-001  2.633146e+001  4.435114e+000
      vertex  3.804226e-001  2.629326e+001  4.447214e+000
    endloop
  endfacet
  facet normal  3.822432e-001  8.055079e-001  4.528214e-001
    outer loop
      vertex  3.804226e-001  2.629326e+001  4.447214e+000
      vertex  3.142641e-001  2.633146e+001  4.435114e+000
      vertex  3.236068e-001  2.619485e+001  4.670228e+000
    endloop
  endfacet
  facet normal  3.822478e-001  8.055063e-001  4.528202e-001
    outer loop
      vertex  3.236068e-001  2.619485e+001  4.670228e+000
      vertex  3.142641e-001  2.633146e+001  4.435114e+000
      vertex  1.977659e-001  2.626751e+001  4.647213e+000
    endloop
  endfacet
  facet normal  2.549732e-001  6.642185e-001  7.027107e-001
    outer loop
      vertex  3.236068e-001  2.619485e+001  4.670228e+000
      vertex  1.977659e-001  2.626751e+001  4.647213e+000
      vertex  2.351141e-001  2.604158e+001  4.847214e+000
    endloop
  endfacet
  facet normal  2.549630e-001  6.642194e-001  7.027137e-001
    outer loop
      vertex  2.351141e-001  2.604158e+001  4.847214e+000
      vertex  1.977659e-001  2.626751e+001  4.647213e+000
      vertex  6.190902e-002  2.614158e+001  4.815536e+000
    endloop
  endfacet
  facet normal  1.037473e-001  4.591797e-001  8.822644e-001
    outer loop
      vertex  2.351141e-001  2.604158e+001  4.847214e+000
      vertex  6.190902e-002  2.614158e+001  4.815536e+000
      vertex  1.236068e-001  2.584845e+001  4.960845e+000
    endloop
  endfacet
  facet normal  1.037517e-001  4.591802e-001  8.822636e-001
    outer loop
      vertex  1.236068e-001  2.584845e+001  4.960845e+000
      vertex  6.190902e-002  2.614158e+001  4.815536e+000
      vertex -8.000799e-002  2.596600e+001  4.923607e+000
    endloop
  endfacet
  facet normal  0.000000e+000  3.019814e-001  9.533138e-001
    outer loop
      vertex  1.236068e-001  2.584845e+001  4.960845e+000
      vertex -8.000799e-002  2.596600e+001  4.923607e+000
      vertex -1.236068e-001  2.584845e+001  4.960845e+000
    endloop
  endfacet
  facet normal  9.059186e-002  9.738947e-001  2.081399e-001
    outer loop
      vertex  2.072175e-001  2.639326e+001  4.345308e+000
      vertex  1.768078e-001  2.641082e+001  4.276393e+000
      vertex -5.848844e-003  2.638507e+001  4.476393e+000
    endloop
  endfacet
  facet normal  9.059122e-002  9.738949e-001  2.081393e-001
    outer loop
      vertex -5.848844e-003  2.638507e+001  4.476393e+000
      vertex  1.768078e-001  2.641082e+001  4.276393e+000
      vertex -6.369153e-002  2.641846e+001  4.345308e+000
    endloop
  endfacet
  facet normal -1.976413e-001  9.255304e-001  3.230036e-001
    outer loop
      vertex -5.848844e-003  2.638507e+001  4.476393e+000
      vertex -6.369153e-002  2.641846e+001  4.345308e+000
      vertex -2.183427e-001  2.630338e+001  4.580422e+000
    endloop
  endfacet
  facet normal -1.976410e-001  9.255304e-001  3.230039e-001
    outer loop
      vertex -2.183427e-001  2.630338e+001  4.580422e+000
      vertex -6.369153e-002  2.641846e+001  4.345308e+000
      vertex -2.979563e-001  2.634935e+001  4.400000e+000
    endloop
  endfacet
  facet normal -3.633204e-001  8.518308e-001  3.773360e-001
    outer loop
      vertex -2.183427e-001  2.630338e+001  4.580422e+000
      vertex -2.979563e-001  2.634935e+001  4.400000e+000
      vertex -3.804226e-001  2.629326e+001  4.447214e+000
    endloop
  endfacet
  facet normal  1.636021e-001  9.317400e-001  3.241831e-001
    outer loop
      vertex  2.545817e-001  2.636592e+001  4.400000e+000
      vertex  2.072175e-001  2.639326e+001  4.345308e+000
      vertex  8.424326e-002  2.633305e+001  4.580422e+000
    endloop
  endfacet
  facet normal  1.636085e-001  9.317380e-001  3.241859e-001
    outer loop
      vertex  8.424326e-002  2.633305e+001  4.580422e+000
      vertex  2.072175e-001  2.639326e+001  4.345308e+000
      vertex -5.848844e-003  2.638507e+001  4.476393e+000
    endloop
  endfacet
  facet normal -8.432690e-002  8.601100e-001  5.030903e-001
    outer loop
      vertex  8.424326e-002  2.633305e+001  4.580422e+000
      vertex -5.848844e-003  2.638507e+001  4.476393e+000
      vertex -9.434154e-002  2.623179e+001  4.723607e+000
    endloop
  endfacet
  facet normal -8.433071e-002  8.601103e-001  5.030891e-001
    outer loop
      vertex -9.434154e-002  2.623179e+001  4.723607e+000
      vertex -5.848844e-003  2.638507e+001  4.476393e+000
      vertex -2.183427e-001  2.630338e+001  4.580422e+000
    endloop
  endfacet
  facet normal -2.618392e-001  7.532408e-001  6.033810e-001
    outer loop
      vertex -9.434154e-002  2.623179e+001  4.723607e+000
      vertex -2.183427e-001  2.630338e+001  4.580422e+000
      vertex -3.236068e-001  2.619485e+001  4.670228e+000
    endloop
  endfacet
  facet normal  2.641098e-001  8.737141e-001  4.084967e-001
    outer loop
      vertex  3.142641e-001  2.633146e+001  4.435114e+000
      vertex  2.545817e-001  2.636592e+001  4.400000e+000
      vertex  1.977659e-001  2.626751e+001  4.647213e+000
    endloop
  endfacet
  facet normal  2.641013e-001  8.737171e-001  4.084959e-001
    outer loop
      vertex  1.977659e-001  2.626751e+001  4.647213e+000
      vertex  2.545817e-001  2.636592e+001  4.400000e+000
      vertex  8.424326e-002  2.633305e+001  4.580422e+000
    endloop
  endfacet
  facet normal  7.162640e-002  7.700679e-001  6.339282e-001
    outer loop
      vertex  1.977659e-001  2.626751e+001  4.647213e+000
      vertex  8.424326e-002  2.633305e+001  4.580422e+000
      vertex  6.190902e-002  2.614158e+001  4.815536e+000
    endloop
  endfacet
  facet normal  7.163019e-002  7.700675e-001  6.339283e-001
    outer loop
      vertex  6.190902e-002  2.614158e+001  4.815536e+000
      vertex  8.424326e-002  2.633305e+001  4.580422e+000
      vertex -9.434154e-002  2.623179e+001  4.723607e+000
    endloop
  endfacet
  facet normal -1.264311e-001  5.920763e-001  7.959025e-001
    outer loop
      vertex  6.190902e-002  2.614158e+001  4.815536e+000
      vertex -9.434154e-002  2.623179e+001  4.723607e+000
      vertex -8.000799e-002  2.596600e+001  4.923607e+000
    endloop
  endfacet
  facet normal  4.938443e-001  8.553634e-001  1.564330e-001
    outer loop
      vertex  2.260000e+001  1.351000e+001  4.200000e+000
      vertex  4.000000e-001  2.632717e+001  4.200000e+000
      vertex  2.258042e+001  1.347609e+001  4.447214e+000
    endloop
  endfacet
  facet normal  4.938443e-001  8.553634e-001  1.564330e-001
    outer loop
      vertex  2.258042e+001  1.347609e+001  4.447214e+000
      vertex  4.000000e-001  2.632717e+001  4.200000e+000
      vertex  3.804226e-001  2.629326e+001  4.447214e+000
    endloop
  endfacet
  facet normal  4.455031e-001  7.716340e-001  4.539911e-001
    outer loop
      vertex  2.258042e+001  1.347609e+001  4.447214e+000
      vertex  3.804226e-001  2.629326e+001  4.447214e+000
      vertex  2.252361e+001  1.337768e+001  4.670228e+000
    endloop
  endfacet
  facet normal  4.455031e-001  7.716340e-001  4.539911e-001
    outer loop
      vertex  2.252361e+001  1.337768e+001  4.670228e+000
      vertex  3.804226e-001  2.629326e+001  4.447214e+000
      vertex  3.236068e-001  2.619485e+001  4.670228e+000
    endloop
  endfacet
  facet normal  3.535528e-001  6.123714e-001  7.071079e-001
    outer loop
      vertex  2.252361e+001  1.337768e+001  4.670228e+000
      vertex  3.236068e-001  2.619485e+001  4.670228e+000
      vertex  2.243511e+001  1.322441e+001  4.847214e+000
    endloop
  endfacet
  facet normal  3.535545e-001  6.123743e-001  7.071046e-001
    outer loop
      vertex  2.243511e+001  1.322441e+001  4.847214e+000
      vertex  3.236068e-001  2.619485e+001  4.670228e+000
      vertex  2.351141e-001  2.604158e+001  4.847214e+000
    endloop
  endfacet
  facet normal  2.269947e-001  3.931663e-001  8.910071e-001
    outer loop
      vertex  2.243511e+001  1.322441e+001  4.847214e+000
      vertex  2.351141e-001  2.604158e+001  4.847214e+000
      vertex  2.232361e+001  1.303127e+001  4.960845e+000
    endloop
  endfacet
  facet normal  2.269955e-001  3.931676e-001  8.910064e-001
    outer loop
      vertex  2.232361e+001  1.303127e+001  4.960845e+000
      vertex  2.351141e-001  2.604158e+001  4.847214e+000
      vertex  1.236068e-001  2.584845e+001  4.960845e+000
    endloop
  endfacet
  facet normal  7.821784e-002  1.354773e-001  9.876882e-001
    outer loop
      vertex  2.232361e+001  1.303127e+001  4.960845e+000
      vertex  1.236068e-001  2.584845e+001  4.960845e+000
      vertex  2.220000e+001  1.281718e+001  5.000000e+000
    endloop
  endfacet
  facet normal  7.821728e-002  1.354763e-001  9.876883e-001
    outer loop
      vertex  2.220000e+001  1.281718e+001  5.000000e+000
      vertex  1.236068e-001  2.584845e+001  4.960845e+000
      vertex  2.664535e-015  2.563435e+001  5.000000e+000
    endloop
  endfacet
  facet normal  9.876878e-001  1.373041e-003  1.564313e-001
    outer loop
      vertex  2.300000e+001  1.281718e+001  4.200000e+000
      vertex  2.296819e+001  1.291664e+001  4.400000e+000
      vertex  2.296085e+001  1.281718e+001  4.447214e+000
    endloop
  endfacet
  facet normal  9.872029e-001  1.299701e-001  9.240191e-002
    outer loop
      vertex  2.300000e+001  1.281718e+001  4.200000e+000
      vertex  2.297274e+001  1.302423e+001  4.200000e+000
      vertex  2.296819e+001  1.291664e+001  4.400000e+000
    endloop
  endfacet
  facet normal  4.537485e-001 -3.254147e-002  8.905354e-001
    outer loop
      vertex  2.244721e+001  1.281718e+001  4.960845e+000
      vertex  2.267023e+001  1.281718e+001  4.847214e+000
      vertex  2.252722e+001  1.291371e+001  4.923607e+000
    endloop
  endfacet
  facet normal  7.039158e-001  9.492408e-002  7.039120e-001
    outer loop
      vertex  2.284721e+001  1.281718e+001  4.670228e+000
      vertex  2.276457e+001  1.303419e+001  4.723607e+000
      vertex  2.267023e+001  1.281718e+001  4.847214e+000
    endloop
  endfacet
  facet normal  5.663951e-001  2.079871e-001  7.974572e-001
    outer loop
      vertex  2.276457e+001  1.303419e+001  4.723607e+000
      vertex  2.252722e+001  1.291371e+001  4.923607e+000
      vertex  2.267023e+001  1.281718e+001  4.847214e+000
    endloop
  endfacet
  facet normal  8.906816e-001  2.695737e-002  4.538278e-001
    outer loop
      vertex  2.296085e+001  1.281718e+001  4.447214e+000
      vertex  2.288857e+001  1.296260e+001  4.580422e+000
      vertex  2.284721e+001  1.281718e+001  4.670228e+000
    endloop
  endfacet
  facet normal  7.933490e-001  6.087580e-001  3.315939e-003
    outer loop
      vertex  2.289282e+001  1.321718e+001  4.200000e+000
      vertex  2.276569e+001  1.338286e+001  4.200000e+000
      vertex  2.278404e+001  1.335853e+001  4.276393e+000
    endloop
  endfacet
  facet normal  8.197164e-001  5.555844e-001  1.392517e-001
    outer loop
      vertex  2.278404e+001  1.335853e+001  4.276393e+000
      vertex  2.291091e+001  1.315407e+001  4.345308e+000
      vertex  2.289282e+001  1.321718e+001  4.200000e+000
    endloop
  endfacet
  facet normal  9.226725e-001  3.821795e-001  5.113231e-002
    outer loop
      vertex  2.297274e+001  1.302423e+001  4.200000e+000
      vertex  2.289282e+001  1.321718e+001  4.200000e+000
      vertex  2.291091e+001  1.315407e+001  4.345308e+000
    endloop
  endfacet
  facet normal  9.493797e-001  2.671110e-001  1.653178e-001
    outer loop
      vertex  2.291091e+001  1.315407e+001  4.345308e+000
      vertex  2.296819e+001  1.291664e+001  4.400000e+000
      vertex  2.297274e+001  1.302423e+001  4.200000e+000
    endloop
  endfacet
  facet normal  5.151443e-001  8.427159e-001  1.563849e-001
    outer loop
      vertex  2.260000e+001  1.351000e+001  4.200000e+000
      vertex  2.258042e+001  1.347609e+001  4.447214e+000
      vertex  2.264658e+001  1.343789e+001  4.435114e+000
    endloop
  endfacet
  facet normal  5.559574e-001  8.191521e-001  1.410723e-001
    outer loop
      vertex  2.260000e+001  1.351000e+001  4.200000e+000
      vertex  2.264658e+001  1.343789e+001  4.435114e+000
      vertex  2.270626e+001  1.340343e+001  4.400000e+000
    endloop
  endfacet
  facet normal  5.906497e-001  7.991222e-001  1.119677e-001
    outer loop
      vertex  2.260000e+001  1.351000e+001  4.200000e+000
      vertex  2.270626e+001  1.340343e+001  4.400000e+000
      vertex  2.275363e+001  1.337609e+001  4.345308e+000
    endloop
  endfacet
  facet normal  6.158746e-001  7.845585e-001  7.187758e-002
    outer loop
      vertex  2.260000e+001  1.351000e+001  4.200000e+000
      vertex  2.275363e+001  1.337609e+001  4.345308e+000
      vertex  2.278404e+001  1.335853e+001  4.276393e+000
    endloop
  endfacet
  facet normal  6.053420e-001  7.888958e-001  1.058506e-001
    outer loop
      vertex  2.260000e+001  1.351000e+001  4.200000e+000
      vertex  2.278404e+001  1.335853e+001  4.276393e+000
      vertex  2.276569e+001  1.338286e+001  4.200000e+000
    endloop
  endfacet
  facet normal  5.064690e-001  7.337860e-001  4.528214e-001
    outer loop
      vertex  2.264658e+001  1.343789e+001  4.435114e+000
      vertex  2.258042e+001  1.347609e+001  4.447214e+000
      vertex  2.264945e+001  1.330503e+001  4.647213e+000
    endloop
  endfacet
  facet normal  5.064682e-001  7.337862e-001  4.528220e-001
    outer loop
      vertex  2.264945e+001  1.330503e+001  4.647213e+000
      vertex  2.258042e+001  1.347609e+001  4.447214e+000
      vertex  2.252361e+001  1.337768e+001  4.670228e+000
    endloop
  endfacet
  facet normal  4.477444e-001  5.529165e-001  7.027150e-001
    outer loop
      vertex  2.264945e+001  1.330503e+001  4.647213e+000
      vertex  2.252361e+001  1.337768e+001  4.670228e+000
      vertex  2.260832e+001  1.312441e+001  4.815536e+000
    endloop
  endfacet
  facet normal  4.477449e-001  5.529165e-001  7.027146e-001
    outer loop
      vertex  2.260832e+001  1.312441e+001  4.815536e+000
      vertex  2.252361e+001  1.337768e+001  4.670228e+000
      vertex  2.243511e+001  1.322441e+001  4.847214e+000
    endloop
  endfacet
  facet normal  3.457864e-001  3.194424e-001  8.822632e-001
    outer loop
      vertex  2.260832e+001  1.312441e+001  4.815536e+000
      vertex  2.243511e+001  1.322441e+001  4.847214e+000
      vertex  2.252722e+001  1.291371e+001  4.923607e+000
    endloop
  endfacet
  facet normal  3.457814e-001  3.194415e-001  8.822654e-001
    outer loop
      vertex  2.252722e+001  1.291371e+001  4.923607e+000
      vertex  2.243511e+001  1.322441e+001  4.847214e+000
      vertex  2.232361e+001  1.303127e+001  4.960845e+000
    endloop
  endfacet
  facet normal  2.615203e-001  1.509899e-001  9.533148e-001
    outer loop
      vertex  2.252722e+001  1.291371e+001  4.923607e+000
      vertex  2.232361e+001  1.303127e+001  4.960845e+000
      vertex  2.244721e+001  1.281718e+001  4.960845e+000
    endloop
  endfacet
  facet normal  1.558013e-001  8.995254e-002  9.836842e-001
    outer loop
      vertex  2.244721e+001  1.281718e+001  4.960845e+000
      vertex  2.232361e+001  1.303127e+001  4.960845e+000
      vertex  2.220000e+001  1.281718e+001  5.000000e+000
    endloop
  endfacet
  facet normal  6.246206e-001  6.655732e-001  4.084866e-001
    outer loop
      vertex  2.270626e+001  1.340343e+001  4.400000e+000
      vertex  2.264658e+001  1.343789e+001  4.435114e+000
      vertex  2.276297e+001  1.323948e+001  4.580422e+000
    endloop
  endfacet
  facet normal  6.246133e-001  6.655750e-001  4.084951e-001
    outer loop
      vertex  2.276297e+001  1.323948e+001  4.580422e+000
      vertex  2.264658e+001  1.343789e+001  4.435114e+000
      vertex  2.264945e+001  1.330503e+001  4.647213e+000
    endloop
  endfacet
  facet normal  6.310884e-001  4.470663e-001  6.339236e-001
    outer loop
      vertex  2.276297e+001  1.323948e+001  4.580422e+000
      vertex  2.264945e+001  1.330503e+001  4.647213e+000
      vertex  2.276457e+001  1.303419e+001  4.723607e+000
    endloop
  endfacet
  facet normal  6.310821e-001  4.470655e-001  6.339304e-001
    outer loop
      vertex  2.276457e+001  1.303419e+001  4.723607e+000
      vertex  2.264945e+001  1.330503e+001  4.647213e+000
      vertex  2.260832e+001  1.312441e+001  4.815536e+000
    endloop
  endfacet
  facet normal  5.759680e-001  1.865479e-001  7.959026e-001
    outer loop
      vertex  2.276457e+001  1.303419e+001  4.723607e+000
      vertex  2.260832e+001  1.312441e+001  4.815536e+000
      vertex  2.252722e+001  1.291371e+001  4.923607e+000
    endloop
  endfacet
  facet normal  7.251033e-001  6.075565e-001  3.241917e-001
    outer loop
      vertex  2.275363e+001  1.337609e+001  4.345308e+000
      vertex  2.270626e+001  1.340343e+001  4.400000e+000
      vertex  2.285306e+001  1.318747e+001  4.476393e+000
    endloop
  endfacet
  facet normal  7.251074e-001  6.075563e-001  3.241833e-001
    outer loop
      vertex  2.285306e+001  1.318747e+001  4.476393e+000
      vertex  2.270626e+001  1.340343e+001  4.400000e+000
      vertex  2.276297e+001  1.323948e+001  4.580422e+000
    endloop
  endfacet
  facet normal  7.870433e-001  3.570254e-001  5.030861e-001
    outer loop
      vertex  2.285306e+001  1.318747e+001  4.476393e+000
      vertex  2.276297e+001  1.323948e+001  4.580422e+000
      vertex  2.288857e+001  1.296260e+001  4.580422e+000
    endloop
  endfacet
  facet normal  7.870436e-001  3.570255e-001  5.030856e-001
    outer loop
      vertex  2.288857e+001  1.296260e+001  4.580422e+000
      vertex  2.276297e+001  1.323948e+001  4.580422e+000
      vertex  2.276457e+001  1.303419e+001  4.723607e+000
    endloop
  endfacet
  facet normal  7.832471e-001  1.498622e-001  6.033783e-001
    outer loop
      vertex  2.288857e+001  1.296260e+001  4.580422e+000
      vertex  2.276457e+001  1.303419e+001  4.723607e+000
      vertex  2.284721e+001  1.281718e+001  4.670228e+000
    endloop
  endfacet
  facet normal  7.981244e-001  5.654022e-001  2.081292e-001
    outer loop
      vertex  2.278404e+001  1.335853e+001  4.276393e+000
      vertex  2.275363e+001  1.337609e+001  4.345308e+000
      vertex  2.291091e+001  1.315407e+001  4.345308e+000
    endloop
  endfacet
  facet normal  7.981216e-001  5.654002e-001  2.081452e-001
    outer loop
      vertex  2.291091e+001  1.315407e+001  4.345308e+000
      vertex  2.275363e+001  1.337609e+001  4.345308e+000
      vertex  2.285306e+001  1.318747e+001  4.476393e+000
    endloop
  endfacet
  facet normal  9.003505e-001  2.916063e-001  3.230090e-001
    outer loop
      vertex  2.291091e+001  1.315407e+001  4.345308e+000
      vertex  2.285306e+001  1.318747e+001  4.476393e+000
      vertex  2.296819e+001  1.291664e+001  4.400000e+000
    endloop
  endfacet
  facet normal  9.003514e-001  2.916077e-001  3.230052e-001
    outer loop
      vertex  2.296819e+001  1.291664e+001  4.400000e+000
      vertex  2.285306e+001  1.318747e+001  4.476393e+000
      vertex  2.288857e+001  1.296260e+001  4.580422e+000
    endloop
  endfacet
  facet normal  9.193659e-001  1.112770e-001  3.773376e-001
    outer loop
      vertex  2.296819e+001  1.291664e+001  4.400000e+000
      vertex  2.288857e+001  1.296260e+001  4.580422e+000
      vertex  2.296085e+001  1.281718e+001  4.447214e+000
    endloop
  endfacet
  facet normal  1.114320e-003  1.930059e-003  9.999975e-001
    outer loop
      vertex -1.564000e+001 -9.029758e+000  5.000000e+000
      vertex -6.661338e-016 -1.805952e+001  5.000000e+000
      vertex -4.364998e-016 -1.805532e+001  4.999992e+000
    endloop
  endfacet
  facet normal  4.985044e-001  8.634350e-001  7.728765e-002
    outer loop
      vertex -8.881784e-016 -1.713576e+001  4.200000e+000
      vertex -1.484000e+001 -8.567878e+000  4.200000e+000
      vertex  2.338941e-007 -1.714679e+001  4.323290e+000
    endloop
  endfacet
  facet normal  4.985045e-001  8.634351e-001  7.728516e-002
    outer loop
      vertex  2.338941e-007 -1.714679e+001  4.323290e+000
      vertex -1.484000e+001 -8.567878e+000  4.200000e+000
      vertex -1.484956e+001 -8.573396e+000  4.323290e+000
    endloop
  endfacet
  facet normal  4.866625e-001  8.429241e-001  2.294309e-001
    outer loop
      vertex  2.338941e-007 -1.714679e+001  4.323290e+000
      vertex -1.484956e+001 -8.573396e+000  4.323290e+000
      vertex  2.741602e-007 -1.717929e+001  4.442706e+000
    endloop
  endfacet
  facet normal  4.866629e-001  8.429248e-001  2.294277e-001
    outer loop
      vertex  2.741602e-007 -1.717929e+001  4.442706e+000
      vertex -1.484956e+001 -8.573396e+000  4.323290e+000
      vertex -1.487770e+001 -8.589647e+000  4.442706e+000
    endloop
  endfacet
  facet normal  4.632083e-001  8.023002e-001  3.765003e-001
    outer loop
      vertex  2.741602e-007 -1.717929e+001  4.442706e+000
      vertex -1.487770e+001 -8.589647e+000  4.442706e+000
      vertex  1.628408e-008 -1.723334e+001  4.557880e+000
    endloop
  endfacet
  facet normal  4.632077e-001  8.022992e-001  3.765032e-001
    outer loop
      vertex  1.628408e-008 -1.723334e+001  4.557880e+000
      vertex -1.487770e+001 -8.589647e+000  4.442706e+000
      vertex -1.492451e+001 -8.616672e+000  4.557880e+000
    endloop
  endfacet
  facet normal  4.288206e-001  7.427390e-001  5.142487e-001
    outer loop
      vertex  1.628408e-008 -1.723334e+001  4.557880e+000
      vertex -1.492451e+001 -8.616672e+000  4.557880e+000
      vertex -6.106227e-016 -1.730579e+001  4.662519e+000
    endloop
  endfacet
  facet normal  4.288207e-001  7.427393e-001  5.142480e-001
    outer loop
      vertex -6.106227e-016 -1.730579e+001  4.662519e+000
      vertex -1.492451e+001 -8.616672e+000  4.557880e+000
      vertex -1.498726e+001 -8.652896e+000  4.662519e+000
    endloop
  endfacet
  facet normal  3.830385e-001  6.634421e-001  6.427489e-001
    outer loop
      vertex -6.106227e-016 -1.730579e+001  4.662519e+000
      vertex -1.498726e+001 -8.652896e+000  4.662519e+000
      vertex  1.526063e-006 -1.740262e+001  4.762460e+000
    endloop
  endfacet
  facet normal  3.830349e-001  6.634362e-001  6.427572e-001
    outer loop
      vertex  1.526063e-006 -1.740262e+001  4.762460e+000
      vertex -1.498726e+001 -8.652896e+000  4.662519e+000
      vertex -1.507111e+001 -8.701309e+000  4.762460e+000
    endloop
  endfacet
  facet normal  3.263385e-001  5.652350e-001  7.576362e-001
    outer loop
      vertex  1.526063e-006 -1.740262e+001  4.762460e+000
      vertex -1.507111e+001 -8.701309e+000  4.762460e+000
      vertex  3.170251e-006 -1.751444e+001  4.845883e+000
    endloop
  endfacet
  facet normal  3.263355e-001  5.652299e-001  7.576414e-001
    outer loop
      vertex  3.170251e-006 -1.751444e+001  4.845883e+000
      vertex -1.507111e+001 -8.701309e+000  4.762460e+000
      vertex -1.516795e+001 -8.757221e+000  4.845883e+000
    endloop
  endfacet
  facet normal  2.616034e-001  4.531105e-001  8.522057e-001
    outer loop
      vertex  3.170251e-006 -1.751444e+001  4.845883e+000
      vertex -1.516795e+001 -8.757221e+000  4.845883e+000
      vertex  7.822227e-008 -1.764110e+001  4.913229e+000
    endloop
  endfacet
  facet normal  2.616089e-001  4.531198e-001  8.521991e-001
    outer loop
      vertex  7.822227e-008 -1.764110e+001  4.913229e+000
      vertex -1.516795e+001 -8.757221e+000  4.845883e+000
      vertex -1.527764e+001 -8.820549e+000  4.913229e+000
    endloop
  endfacet
  facet normal  1.905037e-001  3.299621e-001  9.245721e-001
    outer loop
      vertex  7.822227e-008 -1.764110e+001  4.913229e+000
      vertex -1.527764e+001 -8.820549e+000  4.913229e+000
      vertex -3.067446e-006 -1.777621e+001  4.961450e+000
    endloop
  endfacet
  facet normal  1.905082e-001  3.299697e-001  9.245684e-001
    outer loop
      vertex -3.067446e-006 -1.777621e+001  4.961450e+000
      vertex -1.527764e+001 -8.820549e+000  4.913229e+000
      vertex -1.539466e+001 -8.888104e+000  4.961450e+000
    endloop
  endfacet
  facet normal  7.873423e-002  1.363716e-001  9.875240e-001
    outer loop
      vertex -3.067446e-006 -1.777621e+001  4.961450e+000
      vertex -1.539466e+001 -8.888104e+000  4.961450e+000
      vertex -4.364998e-016 -1.805532e+001  4.999992e+000
    endloop
  endfacet
  facet normal  7.873327e-002  1.363700e-001  9.875243e-001
    outer loop
      vertex -4.364998e-016 -1.805532e+001  4.999992e+000
      vertex -1.539466e+001 -8.888104e+000  4.961450e+000
      vertex -1.563636e+001 -9.027658e+000  4.999992e+000
    endloop
  endfacet
  facet normal  1.114317e-003  1.930053e-003  9.999975e-001
    outer loop
      vertex -4.364998e-016 -1.805532e+001  4.999992e+000
      vertex -1.563636e+001 -9.027658e+000  4.999992e+000
      vertex -1.564000e+001 -9.029758e+000  5.000000e+000
    endloop
  endfacet
  facet normal  2.228626e-003  -0.000000e+000  9.999975e-001
    outer loop
      vertex -1.564000e+001  9.029758e+000  5.000000e+000
      vertex -1.564000e+001 -9.029758e+000  5.000000e+000
      vertex -1.563636e+001 -9.027658e+000  4.999992e+000
    endloop
  endfacet
  facet normal  9.970092e-001  0.000000e+000  7.728270e-002
    outer loop
      vertex -1.484000e+001 -8.567878e+000  4.200000e+000
      vertex -1.484000e+001  8.567878e+000  4.200000e+000
      vertex -1.484956e+001 -8.573396e+000  4.323290e+000
    endloop
  endfacet
  facet normal  9.970086e-001  5.545186e-008  7.729036e-002
    outer loop
      vertex -1.484956e+001 -8.573396e+000  4.323290e+000
      vertex -1.484000e+001  8.567878e+000  4.200000e+000
      vertex -1.484956e+001  8.573396e+000  4.323290e+000
    endloop
  endfacet
  facet normal  9.733264e-001  5.413470e-008  2.294245e-001
    outer loop
      vertex -1.484956e+001 -8.573396e+000  4.323290e+000
      vertex -1.484956e+001  8.573396e+000  4.323290e+000
      vertex -1.487770e+001 -8.589647e+000  4.442706e+000
    endloop
  endfacet
  facet normal  9.733264e-001  5.403228e-008  2.294245e-001
    outer loop
      vertex -1.487770e+001 -8.589647e+000  4.442706e+000
      vertex -1.484956e+001  8.573396e+000  4.323290e+000
      vertex -1.487771e+001  8.589646e+000  4.442706e+000
    endloop
  endfacet
  facet normal  9.264141e-001  5.142804e-008  3.765061e-001
    outer loop
      vertex -1.487770e+001 -8.589647e+000  4.442706e+000
      vertex -1.487771e+001  8.589646e+000  4.442706e+000
      vertex -1.492451e+001 -8.616672e+000  4.557880e+000
    endloop
  endfacet
  facet normal  9.264169e-001  -0.000000e+000  3.764995e-001
    outer loop
      vertex -1.492451e+001 -8.616672e+000  4.557880e+000
      vertex -1.487771e+001  8.589646e+000  4.442706e+000
      vertex -1.492451e+001  8.616672e+000  4.557880e+000
    endloop
  endfacet
  facet normal  8.576419e-001  0.000000e+000  5.142474e-001
    outer loop
      vertex -1.492451e+001 -8.616672e+000  4.557880e+000
      vertex -1.492451e+001  8.616672e+000  4.557880e+000
      vertex -1.498726e+001 -8.652896e+000  4.662519e+000
    endloop
  endfacet
  facet normal  8.576419e-001  -0.000000e+000  5.142474e-001
    outer loop
      vertex -1.498726e+001 -8.652896e+000  4.662519e+000
      vertex -1.492451e+001  8.616672e+000  4.557880e+000
      vertex -1.498726e+001  8.652896e+000  4.662519e+000
    endloop
  endfacet
  facet normal  7.660728e-001  0.000000e+000  6.427539e-001
    outer loop
      vertex -1.498726e+001 -8.652896e+000  4.662519e+000
      vertex -1.498726e+001  8.652896e+000  4.662519e+000
      vertex -1.507111e+001 -8.701309e+000  4.762460e+000
    endloop
  endfacet
  facet normal  7.660691e-001  4.198107e-008  6.427581e-001
    outer loop
      vertex -1.507111e+001 -8.701309e+000  4.762460e+000
      vertex -1.498726e+001  8.652896e+000  4.662519e+000
      vertex -1.507111e+001  8.701307e+000  4.762460e+000
    endloop
  endfacet
  facet normal  6.526798e-001  3.576726e-008  7.576340e-001
    outer loop
      vertex -1.507111e+001 -8.701309e+000  4.762460e+000
      vertex -1.507111e+001  8.701307e+000  4.762460e+000
      vertex -1.516795e+001 -8.757221e+000  4.845883e+000
    endloop
  endfacet
  facet normal  6.526724e-001  1.066155e-007  7.576402e-001
    outer loop
      vertex -1.516795e+001 -8.757221e+000  4.845883e+000
      vertex -1.507111e+001  8.701307e+000  4.762460e+000
      vertex -1.516795e+001  8.757215e+000  4.845883e+000
    endloop
  endfacet
  facet normal  5.232063e-001  8.546693e-008  8.522061e-001
    outer loop
      vertex -1.516795e+001 -8.757221e+000  4.845883e+000
      vertex -1.516795e+001  8.757215e+000  4.845883e+000
      vertex -1.527764e+001 -8.820549e+000  4.913229e+000
    endloop
  endfacet
  facet normal  5.232162e-001  -0.000000e+000  8.522000e-001
    outer loop
      vertex -1.527764e+001 -8.820549e+000  4.913229e+000
      vertex -1.516795e+001  8.757215e+000  4.845883e+000
      vertex -1.527764e+001  8.820549e+000  4.913229e+000
    endloop
  endfacet
  facet normal  3.810073e-001  0.000000e+000  9.245721e-001
    outer loop
      vertex -1.527764e+001 -8.820549e+000  4.913229e+000
      vertex -1.527764e+001  8.820549e+000  4.913229e+000
      vertex -1.539466e+001 -8.888104e+000  4.961450e+000
    endloop
  endfacet
  facet normal  3.810179e-001 -8.176476e-008  9.245677e-001
    outer loop
      vertex -1.539466e+001 -8.888104e+000  4.961450e+000
      vertex -1.527764e+001  8.820549e+000  4.913229e+000
      vertex -1.539465e+001  8.888110e+000  4.961450e+000
    endloop
  endfacet
  facet normal  1.574687e-001 -3.379209e-008  9.875240e-001
    outer loop
      vertex -1.539466e+001 -8.888104e+000  4.961450e+000
      vertex -1.539465e+001  8.888110e+000  4.961450e+000
      vertex -1.563636e+001 -9.027658e+000  4.999992e+000
    endloop
  endfacet
  facet normal  1.574663e-001  -0.000000e+000  9.875244e-001
    outer loop
      vertex -1.563636e+001 -9.027658e+000  4.999992e+000
      vertex -1.539465e+001  8.888110e+000  4.961450e+000
      vertex -1.563636e+001  9.027658e+000  4.999992e+000
    endloop
  endfacet
  facet normal  2.228626e-003  0.000000e+000  9.999976e-001
    outer loop
      vertex -1.563636e+001 -9.027658e+000  4.999992e+000
      vertex -1.563636e+001  9.027658e+000  4.999992e+000
      vertex -1.564000e+001  9.029758e+000  5.000000e+000
    endloop
  endfacet
  facet normal  1.114316e-003 -1.930053e-003  9.999975e-001
    outer loop
      vertex -3.219647e-015  1.805952e+001  5.000000e+000
      vertex -1.564000e+001  9.029758e+000  5.000000e+000
      vertex -1.563636e+001  9.027658e+000  4.999992e+000
    endloop
  endfacet
  facet normal  4.985043e-001 -8.634349e-001  7.728901e-002
    outer loop
      vertex -1.484000e+001  8.567878e+000  4.200000e+000
      vertex  1.776357e-015  1.713576e+001  4.200000e+000
      vertex -1.484956e+001  8.573396e+000  4.323290e+000
    endloop
  endfacet
  facet normal  4.985044e-001 -8.634350e-001  7.728764e-002
    outer loop
      vertex -1.484956e+001  8.573396e+000  4.323290e+000
      vertex  1.776357e-015  1.713576e+001  4.200000e+000
      vertex -2.338941e-007  1.714679e+001  4.323290e+000
    endloop
  endfacet
  facet normal  4.866636e-001 -8.429261e-001  2.294213e-001
    outer loop
      vertex -1.484956e+001  8.573396e+000  4.323290e+000
      vertex -2.338941e-007  1.714679e+001  4.323290e+000
      vertex -1.487771e+001  8.589646e+000  4.442706e+000
    endloop
  endfacet
  facet normal  4.866625e-001 -8.429241e-001  2.294309e-001
    outer loop
      vertex -1.487771e+001  8.589646e+000  4.442706e+000
      vertex -2.338941e-007  1.714679e+001  4.323290e+000
      vertex -2.741602e-007  1.717929e+001  4.442706e+000
    endloop
  endfacet
  facet normal  4.632072e-001 -8.022983e-001  3.765056e-001
    outer loop
      vertex -1.487771e+001  8.589646e+000  4.442706e+000
      vertex -2.741602e-007  1.717929e+001  4.442706e+000
      vertex -1.492451e+001  8.616672e+000  4.557880e+000
    endloop
  endfacet
  facet normal  4.632083e-001 -8.023003e-001  3.765003e-001
    outer loop
      vertex -1.492451e+001  8.616672e+000  4.557880e+000
      vertex -2.741602e-007  1.717929e+001  4.442706e+000
      vertex -1.628409e-008  1.723334e+001  4.557880e+000
    endloop
  endfacet
  facet normal  4.288208e-001 -7.427394e-001  5.142481e-001
    outer loop
      vertex -1.492451e+001  8.616672e+000  4.557880e+000
      vertex -1.628409e-008  1.723334e+001  4.557880e+000
      vertex -1.498726e+001  8.652896e+000  4.662519e+000
    endloop
  endfacet
  facet normal  4.288206e-001 -7.427390e-001  5.142487e-001
    outer loop
      vertex -1.498726e+001  8.652896e+000  4.662519e+000
      vertex -1.628409e-008  1.723334e+001  4.557880e+000
      vertex -2.553513e-015  1.730579e+001  4.662519e+000
    endloop
  endfacet
  facet normal  3.830372e-001 -6.634399e-001  6.427519e-001
    outer loop
      vertex -1.498726e+001  8.652896e+000  4.662519e+000
      vertex -2.553513e-015  1.730579e+001  4.662519e+000
      vertex -1.507111e+001  8.701307e+000  4.762460e+000
    endloop
  endfacet
  facet normal  3.830349e-001 -6.634358e-001  6.427574e-001
    outer loop
      vertex -1.507111e+001  8.701307e+000  4.762460e+000
      vertex -2.553513e-015  1.730579e+001  4.662519e+000
      vertex -1.526063e-006  1.740262e+001  4.762460e+000
    endloop
  endfacet
  facet normal  3.263401e-001 -5.652376e-001  7.576335e-001
    outer loop
      vertex -1.507111e+001  8.701307e+000  4.762460e+000
      vertex -1.526063e-006  1.740262e+001  4.762460e+000
      vertex -1.516795e+001  8.757215e+000  4.845883e+000
    endloop
  endfacet
  facet normal  3.263368e-001 -5.652317e-001  7.576393e-001
    outer loop
      vertex -1.516795e+001  8.757215e+000  4.845883e+000
      vertex -1.526063e-006  1.740262e+001  4.762460e+000
      vertex -3.170251e-006  1.751444e+001  4.845883e+000
    endloop
  endfacet
  facet normal  2.616028e-001 -4.531092e-001  8.522066e-001
    outer loop
      vertex -1.516795e+001  8.757215e+000  4.845883e+000
      vertex -3.170251e-006  1.751444e+001  4.845883e+000
      vertex -1.527764e+001  8.820549e+000  4.913229e+000
    endloop
  endfacet
  facet normal  2.616085e-001 -4.531191e-001  8.521996e-001
    outer loop
      vertex -1.527764e+001  8.820549e+000  4.913229e+000
      vertex -3.170251e-006  1.751444e+001  4.845883e+000
      vertex -7.822230e-008  1.764110e+001  4.913229e+000
    endloop
  endfacet
  facet normal  1.905039e-001 -3.299624e-001  9.245718e-001
    outer loop
      vertex -1.527764e+001  8.820549e+000  4.913229e+000
      vertex -7.822230e-008  1.764110e+001  4.913229e+000
      vertex -1.539465e+001  8.888110e+000  4.961450e+000
    endloop
  endfacet
  facet normal  1.905076e-001 -3.299690e-001  9.245688e-001
    outer loop
      vertex -1.539465e+001  8.888110e+000  4.961450e+000
      vertex -7.822230e-008  1.764110e+001  4.913229e+000
      vertex  3.067446e-006  1.777621e+001  4.961450e+000
    endloop
  endfacet
  facet normal  7.873421e-002 -1.363717e-001  9.875240e-001
    outer loop
      vertex -1.539465e+001  8.888110e+000  4.961450e+000
      vertex  3.067446e-006  1.777621e+001  4.961450e+000
      vertex -1.563636e+001  9.027658e+000  4.999992e+000
    endloop
  endfacet
  facet normal  7.873330e-002 -1.363701e-001  9.875243e-001
    outer loop
      vertex -1.563636e+001  9.027658e+000  4.999992e+000
      vertex  3.067446e-006  1.777621e+001  4.961450e+000
      vertex -2.317374e-015  1.805532e+001  4.999992e+000
    endloop
  endfacet
  facet normal  1.114320e-003 -1.930059e-003  9.999975e-001
    outer loop
      vertex -1.563636e+001  9.027658e+000  4.999992e+000
      vertex -2.317374e-015  1.805532e+001  4.999992e+000
      vertex -3.219647e-015  1.805952e+001  5.000000e+000
    endloop
  endfacet
  facet normal -1.114320e-003 -1.930059e-003  9.999975e-001
    outer loop
      vertex  1.564000e+001  9.029758e+000  5.000000e+000
      vertex -3.219647e-015  1.805952e+001  5.000000e+000
      vertex -2.317374e-015  1.805532e+001  4.999992e+000
    endloop
  endfacet
  facet normal -4.985044e-001 -8.634350e-001  7.728765e-002
    outer loop
      vertex  1.776357e-015  1.713576e+001  4.200000e+000
      vertex  1.484000e+001  8.567878e+000  4.200000e+000
      vertex -2.338941e-007  1.714679e+001  4.323290e+000
    endloop
  endfacet
  facet normal -4.985045e-001 -8.634351e-001  7.728516e-002
    outer loop
      vertex -2.338941e-007  1.714679e+001  4.323290e+000
      vertex  1.484000e+001  8.567878e+000  4.200000e+000
      vertex  1.484956e+001  8.573396e+000  4.323290e+000
    endloop
  endfacet
  facet normal -4.866625e-001 -8.429241e-001  2.294309e-001
    outer loop
      vertex -2.338941e-007  1.714679e+001  4.323290e+000
      vertex  1.484956e+001  8.573396e+000  4.323290e+000
      vertex -2.741602e-007  1.717929e+001  4.442706e+000
    endloop
  endfacet
  facet normal -4.866629e-001 -8.429248e-001  2.294277e-001
    outer loop
      vertex -2.741602e-007  1.717929e+001  4.442706e+000
      vertex  1.484956e+001  8.573396e+000  4.323290e+000
      vertex  1.487770e+001  8.589647e+000  4.442706e+000
    endloop
  endfacet
  facet normal -4.632083e-001 -8.023002e-001  3.765003e-001
    outer loop
      vertex -2.741602e-007  1.717929e+001  4.442706e+000
      vertex  1.487770e+001  8.589647e+000  4.442706e+000
      vertex -1.628409e-008  1.723334e+001  4.557880e+000
    endloop
  endfacet
  facet normal -4.632077e-001 -8.022992e-001  3.765032e-001
    outer loop
      vertex -1.628409e-008  1.723334e+001  4.557880e+000
      vertex  1.487770e+001  8.589647e+000  4.442706e+000
      vertex  1.492451e+001  8.616672e+000  4.557880e+000
    endloop
  endfacet
  facet normal -4.288206e-001 -7.427390e-001  5.142487e-001
    outer loop
      vertex -1.628409e-008  1.723334e+001  4.557880e+000
      vertex  1.492451e+001  8.616672e+000  4.557880e+000
      vertex -2.553513e-015  1.730579e+001  4.662519e+000
    endloop
  endfacet
  facet normal -4.288207e-001 -7.427393e-001  5.142480e-001
    outer loop
      vertex -2.553513e-015  1.730579e+001  4.662519e+000
      vertex  1.492451e+001  8.616672e+000  4.557880e+000
      vertex  1.498726e+001  8.652896e+000  4.662519e+000
    endloop
  endfacet
  facet normal -3.830385e-001 -6.634421e-001  6.427489e-001
    outer loop
      vertex -2.553513e-015  1.730579e+001  4.662519e+000
      vertex  1.498726e+001  8.652896e+000  4.662519e+000
      vertex -1.526063e-006  1.740262e+001  4.762460e+000
    endloop
  endfacet
  facet normal -3.830349e-001 -6.634362e-001  6.427572e-001
    outer loop
      vertex -1.526063e-006  1.740262e+001  4.762460e+000
      vertex  1.498726e+001  8.652896e+000  4.662519e+000
      vertex  1.507111e+001  8.701309e+000  4.762460e+000
    endloop
  endfacet
  facet normal -3.263385e-001 -5.652350e-001  7.576362e-001
    outer loop
      vertex -1.526063e-006  1.740262e+001  4.762460e+000
      vertex  1.507111e+001  8.701309e+000  4.762460e+000
      vertex -3.170251e-006  1.751444e+001  4.845883e+000
    endloop
  endfacet
  facet normal -3.263355e-001 -5.652299e-001  7.576414e-001
    outer loop
      vertex -3.170251e-006  1.751444e+001  4.845883e+000
      vertex  1.507111e+001  8.701309e+000  4.762460e+000
      vertex  1.516795e+001  8.757221e+000  4.845883e+000
    endloop
  endfacet
  facet normal -2.616034e-001 -4.531105e-001  8.522057e-001
    outer loop
      vertex -3.170251e-006  1.751444e+001  4.845883e+000
      vertex  1.516795e+001  8.757221e+000  4.845883e+000
      vertex -7.822230e-008  1.764110e+001  4.913229e+000
    endloop
  endfacet
  facet normal -2.616089e-001 -4.531198e-001  8.521991e-001
    outer loop
      vertex -7.822230e-008  1.764110e+001  4.913229e+000
      vertex  1.516795e+001  8.757221e+000  4.845883e+000
      vertex  1.527764e+001  8.820549e+000  4.913229e+000
    endloop
  endfacet
  facet normal -1.905037e-001 -3.299621e-001  9.245721e-001
    outer loop
      vertex -7.822230e-008  1.764110e+001  4.913229e+000
      vertex  1.527764e+001  8.820549e+000  4.913229e+000
      vertex  3.067446e-006  1.777621e+001  4.961450e+000
    endloop
  endfacet
  facet normal -1.905082e-001 -3.299697e-001  9.245684e-001
    outer loop
      vertex  3.067446e-006  1.777621e+001  4.961450e+000
      vertex  1.527764e+001  8.820549e+000  4.913229e+000
      vertex  1.539466e+001  8.888104e+000  4.961450e+000
    endloop
  endfacet
  facet normal -7.873423e-002 -1.363716e-001  9.875240e-001
    outer loop
      vertex  3.067446e-006  1.777621e+001  4.961450e+000
      vertex  1.539466e+001  8.888104e+000  4.961450e+000
      vertex -2.317374e-015  1.805532e+001  4.999992e+000
    endloop
  endfacet
  facet normal -7.873327e-002 -1.363700e-001  9.875243e-001
    outer loop
      vertex -2.317374e-015  1.805532e+001  4.999992e+000
      vertex  1.539466e+001  8.888104e+000  4.961450e+000
      vertex  1.563636e+001  9.027658e+000  4.999992e+000
    endloop
  endfacet
  facet normal -1.114317e-003 -1.930053e-003  9.999975e-001
    outer loop
      vertex -2.317374e-015  1.805532e+001  4.999992e+000
      vertex  1.563636e+001  9.027658e+000  4.999992e+000
      vertex  1.564000e+001  9.029758e+000  5.000000e+000
    endloop
  endfacet
  facet normal -2.228626e-003  0.000000e+000  9.999975e-001
    outer loop
      vertex  1.564000e+001 -9.029758e+000  5.000000e+000
      vertex  1.564000e+001  9.029758e+000  5.000000e+000
      vertex  1.563636e+001  9.027658e+000  4.999992e+000
    endloop
  endfacet
  facet normal -9.970092e-001  0.000000e+000  7.728270e-002
    outer loop
      vertex  1.484000e+001  8.567878e+000  4.200000e+000
      vertex  1.484000e+001 -8.567878e+000  4.200000e+000
      vertex  1.484956e+001  8.573396e+000  4.323290e+000
    endloop
  endfacet
  facet normal -9.970086e-001 -5.545186e-008  7.729036e-002
    outer loop
      vertex  1.484956e+001  8.573396e+000  4.323290e+000
      vertex  1.484000e+001 -8.567878e+000  4.200000e+000
      vertex  1.484956e+001 -8.573396e+000  4.323290e+000
    endloop
  endfacet
  facet normal -9.733264e-001 -5.413470e-008  2.294245e-001
    outer loop
      vertex  1.484956e+001  8.573396e+000  4.323290e+000
      vertex  1.484956e+001 -8.573396e+000  4.323290e+000
      vertex  1.487770e+001  8.589647e+000  4.442706e+000
    endloop
  endfacet
  facet normal -9.733264e-001 -5.403228e-008  2.294245e-001
    outer loop
      vertex  1.487770e+001  8.589647e+000  4.442706e+000
      vertex  1.484956e+001 -8.573396e+000  4.323290e+000
      vertex  1.487771e+001 -8.589646e+000  4.442706e+000
    endloop
  endfacet
  facet normal -9.264141e-001 -5.142804e-008  3.765061e-001
    outer loop
      vertex  1.487770e+001  8.589647e+000  4.442706e+000
      vertex  1.487771e+001 -8.589646e+000  4.442706e+000
      vertex  1.492451e+001  8.616672e+000  4.557880e+000
    endloop
  endfacet
  facet normal -9.264169e-001  0.000000e+000  3.764995e-001
    outer loop
      vertex  1.492451e+001  8.616672e+000  4.557880e+000
      vertex  1.487771e+001 -8.589646e+000  4.442706e+000
      vertex  1.492451e+001 -8.616672e+000  4.557880e+000
    endloop
  endfacet
  facet normal -8.576419e-001  0.000000e+000  5.142474e-001
    outer loop
      vertex  1.492451e+001  8.616672e+000  4.557880e+000
      vertex  1.492451e+001 -8.616672e+000  4.557880e+000
      vertex  1.498726e+001  8.652896e+000  4.662519e+000
    endloop
  endfacet
  facet normal -8.576419e-001  0.000000e+000  5.142474e-001
    outer loop
      vertex  1.498726e+001  8.652896e+000  4.662519e+000
      vertex  1.492451e+001 -8.616672e+000  4.557880e+000
      vertex  1.498726e+001 -8.652896e+000  4.662519e+000
    endloop
  endfacet
  facet normal -7.660728e-001  0.000000e+000  6.427539e-001
    outer loop
      vertex  1.498726e+001  8.652896e+000  4.662519e+000
      vertex  1.498726e+001 -8.652896e+000  4.662519e+000
      vertex  1.507111e+001  8.701309e+000  4.762460e+000
    endloop
  endfacet
  facet normal -7.660691e-001 -4.198107e-008  6.427581e-001
    outer loop
      vertex  1.507111e+001  8.701309e+000  4.762460e+000
      vertex  1.498726e+001 -8.652896e+000  4.662519e+000
      vertex  1.507111e+001 -8.701307e+000  4.762460e+000
    endloop
  endfacet
  facet normal -6.526798e-001 -3.576726e-008  7.576340e-001
    outer loop
      vertex  1.507111e+001  8.701309e+000  4.762460e+000
      vertex  1.507111e+001 -8.701307e+000  4.762460e+000
      vertex  1.516795e+001  8.757221e+000  4.845883e+000
    endloop
  endfacet
  facet normal -6.526724e-001 -1.066155e-007  7.576402e-001
    outer loop
      vertex  1.516795e+001  8.757221e+000  4.845883e+000
      vertex  1.507111e+001 -8.701307e+000  4.762460e+000
      vertex  1.516795e+001 -8.757215e+000  4.845883e+000
    endloop
  endfacet
  facet normal -5.232063e-001 -8.546693e-008  8.522061e-001
    outer loop
      vertex  1.516795e+001  8.757221e+000  4.845883e+000
      vertex  1.516795e+001 -8.757215e+000  4.845883e+000
      vertex  1.527764e+001  8.820549e+000  4.913229e+000
    endloop
  endfacet
  facet normal -5.232162e-001  0.000000e+000  8.522000e-001
    outer loop
      vertex  1.527764e+001  8.820549e+000  4.913229e+000
      vertex  1.516795e+001 -8.757215e+000  4.845883e+000
      vertex  1.527764e+001 -8.820549e+000  4.913229e+000
    endloop
  endfacet
  facet normal -3.810073e-001  0.000000e+000  9.245721e-001
    outer loop
      vertex  1.527764e+001  8.820549e+000  4.913229e+000
      vertex  1.527764e+001 -8.820549e+000  4.913229e+000
      vertex  1.539466e+001  8.888104e+000  4.961450e+000
    endloop
  endfacet
  facet normal -3.810179e-001  8.176476e-008  9.245677e-001
    outer loop
      vertex  1.539466e+001  8.888104e+000  4.961450e+000
      vertex  1.527764e+001 -8.820549e+000  4.913229e+000
      vertex  1.539465e+001 -8.888110e+000  4.961450e+000
    endloop
  endfacet
  facet normal -1.574687e-001  3.379209e-008  9.875240e-001
    outer loop
      vertex  1.539466e+001  8.888104e+000  4.961450e+000
      vertex  1.539465e+001 -8.888110e+000  4.961450e+000
      vertex  1.563636e+001  9.027658e+000  4.999992e+000
    endloop
  endfacet
  facet normal -1.574663e-001  0.000000e+000  9.875244e-001
    outer loop
      vertex  1.563636e+001  9.027658e+000  4.999992e+000
      vertex  1.539465e+001 -8.888110e+000  4.961450e+000
      vertex  1.563636e+001 -9.027658e+000  4.999992e+000
    endloop
  endfacet
  facet normal -2.228626e-003  0.000000e+000  9.999976e-001
    outer loop
      vertex  1.563636e+001  9.027658e+000  4.999992e+000
      vertex  1.563636e+001 -9.027658e+000  4.999992e+000
      vertex  1.564000e+001 -9.029758e+000  5.000000e+000
    endloop
  endfacet
  facet normal -1.114316e-003  1.930053e-003  9.999975e-001
    outer loop
      vertex -6.661338e-016 -1.805952e+001  5.000000e+000
      vertex  1.564000e+001 -9.029758e+000  5.000000e+000
      vertex  1.563636e+001 -9.027658e+000  4.999992e+000
    endloop
  endfacet
  facet normal -4.985043e-001  8.634349e-001  7.728901e-002
    outer loop
      vertex  1.484000e+001 -8.567878e+000  4.200000e+000
      vertex -8.881784e-016 -1.713576e+001  4.200000e+000
      vertex  1.484956e+001 -8.573396e+000  4.323290e+000
    endloop
  endfacet
  facet normal -4.985044e-001  8.634350e-001  7.728764e-002
    outer loop
      vertex  1.484956e+001 -8.573396e+000  4.323290e+000
      vertex -8.881784e-016 -1.713576e+001  4.200000e+000
      vertex  2.338941e-007 -1.714679e+001  4.323290e+000
    endloop
  endfacet
  facet normal -4.866636e-001  8.429261e-001  2.294213e-001
    outer loop
      vertex  1.484956e+001 -8.573396e+000  4.323290e+000
      vertex  2.338941e-007 -1.714679e+001  4.323290e+000
      vertex  1.487771e+001 -8.589646e+000  4.442706e+000
    endloop
  endfacet
  facet normal -4.866625e-001  8.429241e-001  2.294309e-001
    outer loop
      vertex  1.487771e+001 -8.589646e+000  4.442706e+000
      vertex  2.338941e-007 -1.714679e+001  4.323290e+000
      vertex  2.741602e-007 -1.717929e+001  4.442706e+000
    endloop
  endfacet
  facet normal -4.632072e-001  8.022983e-001  3.765056e-001
    outer loop
      vertex  1.487771e+001 -8.589646e+000  4.442706e+000
      vertex  2.741602e-007 -1.717929e+001  4.442706e+000
      vertex  1.492451e+001 -8.616672e+000  4.557880e+000
    endloop
  endfacet
  facet normal -4.632083e-001  8.023003e-001  3.765003e-001
    outer loop
      vertex  1.492451e+001 -8.616672e+000  4.557880e+000
      vertex  2.741602e-007 -1.717929e+001  4.442706e+000
      vertex  1.628408e-008 -1.723334e+001  4.557880e+000
    endloop
  endfacet
  facet normal -4.288208e-001  7.427394e-001  5.142481e-001
    outer loop
      vertex  1.492451e+001 -8.616672e+000  4.557880e+000
      vertex  1.628408e-008 -1.723334e+001  4.557880e+000
      vertex  1.498726e+001 -8.652896e+000  4.662519e+000
    endloop
  endfacet
  facet normal -4.288206e-001  7.427390e-001  5.142487e-001
    outer loop
      vertex  1.498726e+001 -8.652896e+000  4.662519e+000
      vertex  1.628408e-008 -1.723334e+001  4.557880e+000
      vertex -6.106227e-016 -1.730579e+001  4.662519e+000
    endloop
  endfacet
  facet normal -3.830372e-001  6.634399e-001  6.427519e-001
    outer loop
      vertex  1.498726e+001 -8.652896e+000  4.662519e+000
      vertex -6.106227e-016 -1.730579e+001  4.662519e+000
      vertex  1.507111e+001 -8.701307e+000  4.762460e+000
    endloop
  endfacet
  facet normal -3.830349e-001  6.634358e-001  6.427574e-001
    outer loop
      vertex  1.507111e+001 -8.701307e+000  4.762460e+000
      vertex -6.106227e-016 -1.730579e+001  4.662519e+000
      vertex  1.526063e-006 -1.740262e+001  4.762460e+000
    endloop
  endfacet
  facet normal -3.263401e-001  5.652376e-001  7.576335e-001
    outer loop
      vertex  1.507111e+001 -8.701307e+000  4.762460e+000
      vertex  1.526063e-006 -1.740262e+001  4.762460e+000
      vertex  1.516795e+001 -8.757215e+000  4.845883e+000
    endloop
  endfacet
  facet normal -3.263368e-001  5.652317e-001  7.576393e-001
    outer loop
      vertex  1.516795e+001 -8.757215e+000  4.845883e+000
      vertex  1.526063e-006 -1.740262e+001  4.762460e+000
      vertex  3.170251e-006 -1.751444e+001  4.845883e+000
    endloop
  endfacet
  facet normal -2.616028e-001  4.531092e-001  8.522066e-001
    outer loop
      vertex  1.516795e+001 -8.757215e+000  4.845883e+000
      vertex  3.170251e-006 -1.751444e+001  4.845883e+000
      vertex  1.527764e+001 -8.820549e+000  4.913229e+000
    endloop
  endfacet
  facet normal -2.616085e-001  4.531191e-001  8.521996e-001
    outer loop
      vertex  1.527764e+001 -8.820549e+000  4.913229e+000
      vertex  3.170251e-006 -1.751444e+001  4.845883e+000
      vertex  7.822227e-008 -1.764110e+001  4.913229e+000
    endloop
  endfacet
  facet normal -1.905039e-001  3.299624e-001  9.245718e-001
    outer loop
      vertex  1.527764e+001 -8.820549e+000  4.913229e+000
      vertex  7.822227e-008 -1.764110e+001  4.913229e+000
      vertex  1.539465e+001 -8.888110e+000  4.961450e+000
    endloop
  endfacet
  facet normal -1.905076e-001  3.299690e-001  9.245688e-001
    outer loop
      vertex  1.539465e+001 -8.888110e+000  4.961450e+000
      vertex  7.822227e-008 -1.764110e+001  4.913229e+000
      vertex -3.067446e-006 -1.777621e+001  4.961450e+000
    endloop
  endfacet
  facet normal -7.873421e-002  1.363717e-001  9.875240e-001
    outer loop
      vertex  1.539465e+001 -8.888110e+000  4.961450e+000
      vertex -3.067446e-006 -1.777621e+001  4.961450e+000
      vertex  1.563636e+001 -9.027658e+000  4.999992e+000
    endloop
  endfacet
  facet normal -7.873330e-002  1.363701e-001  9.875243e-001
    outer loop
      vertex  1.563636e+001 -9.027658e+000  4.999992e+000
      vertex -3.067446e-006 -1.777621e+001  4.961450e+000
      vertex -4.364998e-016 -1.805532e+001  4.999992e+000
    endloop
  endfacet
  facet normal -1.114320e-003  1.930059e-003  9.999975e-001
    outer loop
      vertex  1.563636e+001 -9.027658e+000  4.999992e+000
      vertex -4.364998e-016 -1.805532e+001  4.999992e+000
      vertex -6.661338e-016 -1.805952e+001  5.000000e+000
    endloop
  endfacet
endsolid CATIA STL
