solid CATIA STL
  facet normal  1.000000e+000  0.000000e+000  -0.000000e+000
    outer loop
      vertex -1.355500e+001  6.498077e+000  0.000000e+000
      vertex -1.355500e+001  7.825983e+000  0.000000e+000
      vertex -1.355500e+001  7.825983e+000  5.215000e+000
    endloop
  endfacet
  facet normal  1.000000e+000  0.000000e+000  0.000000e+000
    outer loop
      vertex -1.355500e+001  6.498077e+000  0.000000e+000
      vertex -1.355500e+001  7.825983e+000  5.215000e+000
      vertex -1.355500e+001 -6.498077e+000  0.000000e+000
    endloop
  endfacet
  facet normal  1.000000e+000  -0.000000e+000  0.000000e+000
    outer loop
      vertex -1.355500e+001  6.498077e+000  0.000000e+000
      vertex -1.355500e+001 -6.498077e+000  0.000000e+000
      vertex -1.355500e+001 -6.498077e+000 -3.000000e+000
    endloop
  endfacet
  facet normal  1.000000e+000  0.000000e+000  0.000000e+000
    outer loop
      vertex -1.355500e+001  6.498077e+000  0.000000e+000
      vertex -1.355500e+001 -6.498077e+000 -3.000000e+000
      vertex -1.355500e+001  6.498077e+000 -3.000000e+000
    endloop
  endfacet
  facet normal  1.000000e+000  0.000000e+000  0.000000e+000
    outer loop
      vertex -1.355500e+001 -6.498077e+000  0.000000e+000
      vertex -1.355500e+001  7.825983e+000  5.215000e+000
      vertex -1.355500e+001 -7.825983e+000  0.000000e+000
    endloop
  endfacet
  facet normal  1.000000e+000  0.000000e+000  0.000000e+000
    outer loop
      vertex -1.355500e+001 -7.825983e+000  0.000000e+000
      vertex -1.355500e+001  7.825983e+000  5.215000e+000
      vertex -1.355500e+001 -7.825983e+000  5.215000e+000
    endloop
  endfacet
  facet normal  3.535534e-001 -6.123725e-001  7.071067e-001
    outer loop
      vertex -1.355500e+001  7.825983e+000  5.215000e+000
      vertex  8.881784e-015  1.565197e+001  5.215000e+000
      vertex -1.484000e+001  8.567878e+000  6.500000e+000
    endloop
  endfacet
  facet normal  3.535534e-001 -6.123726e-001  7.071066e-001
    outer loop
      vertex -1.484000e+001  8.567878e+000  6.500000e+000
      vertex  8.881784e-015  1.565197e+001  5.215000e+000
      vertex  1.776357e-015  1.713576e+001  6.500000e+000
    endloop
  endfacet
  facet normal  3.535534e-001  6.123725e-001  7.071067e-001
    outer loop
      vertex -1.355500e+001 -7.825983e+000  5.215000e+000
      vertex -1.484000e+001 -8.567878e+000  6.500000e+000
      vertex -3.552714e-015 -1.565197e+001  5.215000e+000
    endloop
  endfacet
  facet normal  3.535534e-001  6.123726e-001  7.071066e-001
    outer loop
      vertex -3.552714e-015 -1.565197e+001  5.215000e+000
      vertex -1.484000e+001 -8.567878e+000  6.500000e+000
      vertex  1.065814e-014 -1.713576e+001  6.500000e+000
    endloop
  endfacet
  facet normal  7.071068e-001  0.000000e+000  7.071068e-001
    outer loop
      vertex -1.355500e+001  7.825983e+000  5.215000e+000
      vertex -1.484000e+001  8.567878e+000  6.500000e+000
      vertex -1.355500e+001 -7.825983e+000  5.215000e+000
    endloop
  endfacet
  facet normal  7.071068e-001  0.000000e+000  7.071068e-001
    outer loop
      vertex -1.355500e+001 -7.825983e+000  5.215000e+000
      vertex -1.484000e+001  8.567878e+000  6.500000e+000
      vertex -1.484000e+001 -8.567878e+000  6.500000e+000
    endloop
  endfacet
  facet normal  4.999999e-001  8.660255e-001  -0.000000e+000
    outer loop
      vertex -1.240500e+001 -8.489936e+000  0.000000e+000
      vertex -1.355500e+001 -7.825983e+000  0.000000e+000
      vertex -1.355500e+001 -7.825983e+000  5.215000e+000
    endloop
  endfacet
  facet normal  5.000000e-001  8.660254e-001  5.268496e-008
    outer loop
      vertex -1.240500e+001 -8.489936e+000  0.000000e+000
      vertex -1.355500e+001 -7.825983e+000  5.215000e+000
      vertex -1.150000e+000 -1.498801e+001  0.000000e+000
    endloop
  endfacet
  facet normal  5.000000e-001  8.660254e-001  0.000000e+000
    outer loop
      vertex -1.240500e+001 -8.489936e+000  0.000000e+000
      vertex -1.150000e+000 -1.498801e+001  0.000000e+000
      vertex -1.150000e+000 -1.498801e+001 -3.000000e+000
    endloop
  endfacet
  facet normal  5.000000e-001  8.660254e-001  0.000000e+000
    outer loop
      vertex -1.240500e+001 -8.489936e+000  0.000000e+000
      vertex -1.150000e+000 -1.498801e+001 -3.000000e+000
      vertex -1.240500e+001 -8.489936e+000 -3.000000e+000
    endloop
  endfacet
  facet normal  5.000002e-001  8.660253e-001  4.706875e-007
    outer loop
      vertex -1.150000e+000 -1.498801e+001  0.000000e+000
      vertex -1.355500e+001 -7.825983e+000  5.215000e+000
      vertex -3.552714e-015 -1.565197e+001  0.000000e+000
    endloop
  endfacet
  facet normal  5.000000e-001  8.660254e-001  -0.000000e+000
    outer loop
      vertex -3.552714e-015 -1.565197e+001  0.000000e+000
      vertex -1.355500e+001 -7.825983e+000  5.215000e+000
      vertex -3.552714e-015 -1.565197e+001  5.215000e+000
    endloop
  endfacet
  facet normal -3.535534e-001  6.123725e-001  7.071067e-001
    outer loop
      vertex  1.355500e+001 -7.825983e+000  5.215000e+000
      vertex -3.552714e-015 -1.565197e+001  5.215000e+000
      vertex  1.484000e+001 -8.567878e+000  6.500000e+000
    endloop
  endfacet
  facet normal -3.535534e-001  6.123726e-001  7.071066e-001
    outer loop
      vertex  1.484000e+001 -8.567878e+000  6.500000e+000
      vertex -3.552714e-015 -1.565197e+001  5.215000e+000
      vertex  1.065814e-014 -1.713576e+001  6.500000e+000
    endloop
  endfacet
  facet normal -5.000001e-001  8.660254e-001  0.000000e+000
    outer loop
      vertex  1.150000e+000 -1.498801e+001  0.000000e+000
      vertex -3.552714e-015 -1.565197e+001  0.000000e+000
      vertex -3.552714e-015 -1.565197e+001  5.215000e+000
    endloop
  endfacet
  facet normal -5.000000e-001  8.660254e-001  9.588668e-010
    outer loop
      vertex  1.150000e+000 -1.498801e+001  0.000000e+000
      vertex -3.552714e-015 -1.565197e+001  5.215000e+000
      vertex  1.240500e+001 -8.489936e+000  0.000000e+000
    endloop
  endfacet
  facet normal -5.000000e-001  8.660254e-001  0.000000e+000
    outer loop
      vertex  1.150000e+000 -1.498801e+001  0.000000e+000
      vertex  1.240500e+001 -8.489936e+000  0.000000e+000
      vertex  1.240500e+001 -8.489936e+000 -3.000000e+000
    endloop
  endfacet
  facet normal -5.000000e-001  8.660254e-001  0.000000e+000
    outer loop
      vertex  1.150000e+000 -1.498801e+001  0.000000e+000
      vertex  1.240500e+001 -8.489936e+000 -3.000000e+000
      vertex  1.150000e+000 -1.498801e+001 -3.000000e+000
    endloop
  endfacet
  facet normal -4.999999e-001  8.660255e-001  6.070609e-007
    outer loop
      vertex  1.240500e+001 -8.489936e+000  0.000000e+000
      vertex -3.552714e-015 -1.565197e+001  5.215000e+000
      vertex  1.355500e+001 -7.825983e+000  0.000000e+000
    endloop
  endfacet
  facet normal -5.000000e-001  8.660254e-001  0.000000e+000
    outer loop
      vertex  1.355500e+001 -7.825983e+000  0.000000e+000
      vertex -3.552714e-015 -1.565197e+001  5.215000e+000
      vertex  1.355500e+001 -7.825983e+000  5.215000e+000
    endloop
  endfacet
  facet normal -7.071068e-001  0.000000e+000  7.071068e-001
    outer loop
      vertex  1.355500e+001  7.825983e+000  5.215000e+000
      vertex  1.355500e+001 -7.825983e+000  5.215000e+000
      vertex  1.484000e+001  8.567878e+000  6.500000e+000
    endloop
  endfacet
  facet normal -7.071068e-001  0.000000e+000  7.071068e-001
    outer loop
      vertex  1.484000e+001  8.567878e+000  6.500000e+000
      vertex  1.355500e+001 -7.825983e+000  5.215000e+000
      vertex  1.484000e+001 -8.567878e+000  6.500000e+000
    endloop
  endfacet
  facet normal  5.000000e-001  8.660254e-001  0.000000e+000
    outer loop
      vertex -1.484000e+001 -8.567878e+000  6.500000e+000
      vertex -1.484000e+001 -8.567878e+000  9.200000e+000
      vertex  1.065814e-014 -1.713576e+001  6.500000e+000
    endloop
  endfacet
  facet normal  5.000000e-001  8.660254e-001  2.138207e-015
    outer loop
      vertex  1.065814e-014 -1.713576e+001  6.500000e+000
      vertex -1.484000e+001 -8.567878e+000  9.200000e+000
      vertex -8.881784e-016 -1.713576e+001  9.200000e+000
    endloop
  endfacet
  facet normal -1.000000e+000  0.000000e+000  0.000000e+000
    outer loop
      vertex  1.355500e+001 -6.498077e+000  0.000000e+000
      vertex  1.355500e+001 -7.825983e+000  0.000000e+000
      vertex  1.355500e+001 -7.825983e+000  5.215000e+000
    endloop
  endfacet
  facet normal -1.000000e+000  0.000000e+000  0.000000e+000
    outer loop
      vertex  1.355500e+001 -6.498077e+000  0.000000e+000
      vertex  1.355500e+001 -7.825983e+000  5.215000e+000
      vertex  1.355500e+001  6.498077e+000  0.000000e+000
    endloop
  endfacet
  facet normal -1.000000e+000  -0.000000e+000  -0.000000e+000
    outer loop
      vertex  1.355500e+001 -6.498077e+000  0.000000e+000
      vertex  1.355500e+001  6.498077e+000  0.000000e+000
      vertex  1.355500e+001  6.498077e+000 -3.000000e+000
    endloop
  endfacet
  facet normal -1.000000e+000  0.000000e+000  0.000000e+000
    outer loop
      vertex  1.355500e+001 -6.498077e+000  0.000000e+000
      vertex  1.355500e+001  6.498077e+000 -3.000000e+000
      vertex  1.355500e+001 -6.498077e+000 -3.000000e+000
    endloop
  endfacet
  facet normal -1.000000e+000  0.000000e+000  0.000000e+000
    outer loop
      vertex  1.355500e+001  6.498077e+000  0.000000e+000
      vertex  1.355500e+001 -7.825983e+000  5.215000e+000
      vertex  1.355500e+001  7.825983e+000  0.000000e+000
    endloop
  endfacet
  facet normal -1.000000e+000  0.000000e+000  0.000000e+000
    outer loop
      vertex  1.355500e+001  7.825983e+000  0.000000e+000
      vertex  1.355500e+001 -7.825983e+000  5.215000e+000
      vertex  1.355500e+001  7.825983e+000  5.215000e+000
    endloop
  endfacet
  facet normal -3.535535e-001 -6.123726e-001  7.071066e-001
    outer loop
      vertex  8.881784e-015  1.565197e+001  5.215000e+000
      vertex  1.355500e+001  7.825983e+000  5.215000e+000
      vertex  1.776357e-015  1.713576e+001  6.500000e+000
    endloop
  endfacet
  facet normal -3.535534e-001 -6.123725e-001  7.071066e-001
    outer loop
      vertex  1.776357e-015  1.713576e+001  6.500000e+000
      vertex  1.355500e+001  7.825983e+000  5.215000e+000
      vertex  1.484000e+001  8.567878e+000  6.500000e+000
    endloop
  endfacet
  facet normal -5.000000e-001  8.660254e-001 -2.138207e-015
    outer loop
      vertex  1.065814e-014 -1.713576e+001  6.500000e+000
      vertex -8.881784e-016 -1.713576e+001  9.200000e+000
      vertex  1.484000e+001 -8.567878e+000  6.500000e+000
    endloop
  endfacet
  facet normal -5.000000e-001  8.660254e-001  0.000000e+000
    outer loop
      vertex  1.484000e+001 -8.567878e+000  6.500000e+000
      vertex -8.881784e-016 -1.713576e+001  9.200000e+000
      vertex  1.484000e+001 -8.567878e+000  9.200000e+000
    endloop
  endfacet
  facet normal  5.000001e-001 -8.660254e-001 -8.515613e-016
    outer loop
      vertex -1.150000e+000  1.498801e+001  0.000000e+000
      vertex  0.000000e+000  1.565197e+001  0.000000e+000
      vertex  8.881784e-015  1.565197e+001  5.215000e+000
    endloop
  endfacet
  facet normal  5.000000e-001 -8.660254e-001  9.588668e-010
    outer loop
      vertex -1.150000e+000  1.498801e+001  0.000000e+000
      vertex  8.881784e-015  1.565197e+001  5.215000e+000
      vertex -1.240500e+001  8.489936e+000  0.000000e+000
    endloop
  endfacet
  facet normal  5.000000e-001 -8.660254e-001  0.000000e+000
    outer loop
      vertex -1.150000e+000  1.498801e+001  0.000000e+000
      vertex -1.240500e+001  8.489936e+000  0.000000e+000
      vertex -1.240500e+001  8.489936e+000 -3.000000e+000
    endloop
  endfacet
  facet normal  5.000000e-001 -8.660254e-001  0.000000e+000
    outer loop
      vertex -1.150000e+000  1.498801e+001  0.000000e+000
      vertex -1.240500e+001  8.489936e+000 -3.000000e+000
      vertex -1.150000e+000  1.498801e+001 -3.000000e+000
    endloop
  endfacet
  facet normal  4.999999e-001 -8.660255e-001  6.070609e-007
    outer loop
      vertex -1.240500e+001  8.489936e+000  0.000000e+000
      vertex  8.881784e-015  1.565197e+001  5.215000e+000
      vertex -1.355500e+001  7.825983e+000  0.000000e+000
    endloop
  endfacet
  facet normal  5.000000e-001 -8.660254e-001  0.000000e+000
    outer loop
      vertex -1.355500e+001  7.825983e+000  0.000000e+000
      vertex  8.881784e-015  1.565197e+001  5.215000e+000
      vertex -1.355500e+001  7.825983e+000  5.215000e+000
    endloop
  endfacet
  facet normal  1.000000e+000  0.000000e+000  0.000000e+000
    outer loop
      vertex -1.484000e+001  8.567878e+000  6.500000e+000
      vertex -1.484000e+001  8.567878e+000  9.200000e+000
      vertex -1.484000e+001 -8.567878e+000  6.500000e+000
    endloop
  endfacet
  facet normal  1.000000e+000  0.000000e+000  0.000000e+000
    outer loop
      vertex -1.484000e+001 -8.567878e+000  6.500000e+000
      vertex -1.484000e+001  8.567878e+000  9.200000e+000
      vertex -1.484000e+001 -8.567878e+000  9.200000e+000
    endloop
  endfacet
  facet normal -4.999999e-001 -8.660255e-001  0.000000e+000
    outer loop
      vertex  1.240500e+001  8.489936e+000  0.000000e+000
      vertex  1.355500e+001  7.825983e+000  0.000000e+000
      vertex  1.355500e+001  7.825983e+000  5.215000e+000
    endloop
  endfacet
  facet normal -5.000000e-001 -8.660254e-001  5.268496e-008
    outer loop
      vertex  1.240500e+001  8.489936e+000  0.000000e+000
      vertex  1.355500e+001  7.825983e+000  5.215000e+000
      vertex  1.150000e+000  1.498801e+001  0.000000e+000
    endloop
  endfacet
  facet normal -5.000000e-001 -8.660254e-001  -0.000000e+000
    outer loop
      vertex  1.240500e+001  8.489936e+000  0.000000e+000
      vertex  1.150000e+000  1.498801e+001  0.000000e+000
      vertex  1.150000e+000  1.498801e+001 -3.000000e+000
    endloop
  endfacet
  facet normal -5.000000e-001 -8.660254e-001  0.000000e+000
    outer loop
      vertex  1.240500e+001  8.489936e+000  0.000000e+000
      vertex  1.150000e+000  1.498801e+001 -3.000000e+000
      vertex  1.240500e+001  8.489936e+000 -3.000000e+000
    endloop
  endfacet
  facet normal -5.000002e-001 -8.660253e-001  4.706875e-007
    outer loop
      vertex  1.150000e+000  1.498801e+001  0.000000e+000
      vertex  1.355500e+001  7.825983e+000  5.215000e+000
      vertex  0.000000e+000  1.565197e+001  0.000000e+000
    endloop
  endfacet
  facet normal -5.000000e-001 -8.660254e-001  8.515612e-016
    outer loop
      vertex  0.000000e+000  1.565197e+001  0.000000e+000
      vertex  1.355500e+001  7.825983e+000  5.215000e+000
      vertex  8.881784e-015  1.565197e+001  5.215000e+000
    endloop
  endfacet
  facet normal -1.000000e+000  0.000000e+000  0.000000e+000
    outer loop
      vertex  1.484000e+001 -8.567878e+000  6.500000e+000
      vertex  1.484000e+001 -8.567878e+000  9.200000e+000
      vertex  1.484000e+001  8.567878e+000  6.500000e+000
    endloop
  endfacet
  facet normal -1.000000e+000  0.000000e+000  0.000000e+000
    outer loop
      vertex  1.484000e+001  8.567878e+000  6.500000e+000
      vertex  1.484000e+001 -8.567878e+000  9.200000e+000
      vertex  1.484000e+001  8.567878e+000  9.200000e+000
    endloop
  endfacet
  facet normal -5.000000e-001 -8.660254e-001  -0.000000e+000
    outer loop
      vertex  1.484000e+001  8.567878e+000  6.500000e+000
      vertex  1.484000e+001  8.567878e+000  9.200000e+000
      vertex  1.776357e-015  1.713576e+001  6.500000e+000
    endloop
  endfacet
  facet normal -5.000000e-001 -8.660254e-001  0.000000e+000
    outer loop
      vertex  1.776357e-015  1.713576e+001  6.500000e+000
      vertex  1.484000e+001  8.567878e+000  9.200000e+000
      vertex  1.776357e-015  1.713576e+001  9.200000e+000
    endloop
  endfacet
  facet normal  5.000000e-001 -8.660254e-001  0.000000e+000
    outer loop
      vertex  1.776357e-015  1.713576e+001  6.500000e+000
      vertex  1.776357e-015  1.713576e+001  9.200000e+000
      vertex -1.484000e+001  8.567878e+000  6.500000e+000
    endloop
  endfacet
  facet normal  5.000000e-001 -8.660254e-001  0.000000e+000
    outer loop
      vertex -1.484000e+001  8.567878e+000  6.500000e+000
      vertex  1.776357e-015  1.713576e+001  9.200000e+000
      vertex -1.484000e+001  8.567878e+000  9.200000e+000
    endloop
  endfacet
  facet normal  0.000000e+000  0.000000e+000 -1.000000e+000
    outer loop
      vertex  1.240500e+001  8.489936e+000  0.000000e+000
      vertex  1.484500e+001  7.242859e+000  0.000000e+000
      vertex  1.355500e+001  7.825983e+000  0.000000e+000
    endloop
  endfacet
  facet normal  0.000000e+000  0.000000e+000 -1.000000e+000
    outer loop
      vertex  1.484500e+001  7.242859e+000  0.000000e+000
      vertex  1.355500e+001  6.498077e+000  0.000000e+000
      vertex  1.355500e+001  7.825983e+000  0.000000e+000
    endloop
  endfacet
  facet normal  0.000000e+000  0.000000e+000 -1.000000e+000
    outer loop
      vertex -1.355500e+001 -6.498077e+000  0.000000e+000
      vertex -1.355500e+001 -7.825983e+000  0.000000e+000
      vertex -1.484500e+001 -7.242859e+000  0.000000e+000
    endloop
  endfacet
  facet normal  0.000000e+000  0.000000e+000 -1.000000e+000
    outer loop
      vertex  4.000000e-001  2.632717e+001  0.000000e+000
      vertex  2.260000e+001  1.351000e+001  0.000000e+000
      vertex  1.150000e+000  1.647758e+001  0.000000e+000
    endloop
  endfacet
  facet normal  -0.000000e+000  0.000000e+000 -1.000000e+000
    outer loop
      vertex  1.355500e+001 -6.498077e+000  0.000000e+000
      vertex  1.484500e+001 -7.242859e+000  0.000000e+000
      vertex  1.355500e+001 -7.825983e+000  0.000000e+000
    endloop
  endfacet
  facet normal  0.000000e+000  0.000000e+000 -1.000000e+000
    outer loop
      vertex  2.300000e+001 -1.281718e+001  0.000000e+000
      vertex  1.150000e+000 -1.647758e+001  0.000000e+000
      vertex  1.369500e+001 -9.234717e+000  0.000000e+000
    endloop
  endfacet
  facet normal  0.000000e+000  0.000000e+000 -9.999999e-001
    outer loop
      vertex  2.300000e+001 -1.281718e+001  0.000000e+000
      vertex  1.369500e+001 -9.234717e+000  0.000000e+000
      vertex  1.240500e+001 -8.489936e+000  0.000000e+000
    endloop
  endfacet
  facet normal  0.000000e+000  0.000000e+000 -1.000000e+000
    outer loop
      vertex  2.300000e+001 -1.281718e+001  0.000000e+000
      vertex  1.240500e+001 -8.489936e+000  0.000000e+000
      vertex  1.355500e+001 -7.825983e+000  0.000000e+000
    endloop
  endfacet
  facet normal  0.000000e+000  0.000000e+000 -1.000000e+000
    outer loop
      vertex  2.300000e+001 -1.281718e+001  0.000000e+000
      vertex  1.355500e+001 -7.825983e+000  0.000000e+000
      vertex  1.484500e+001 -7.242859e+000  0.000000e+000
    endloop
  endfacet
  facet normal  0.000000e+000  0.000000e+000 -1.000000e+000
    outer loop
      vertex  2.300000e+001 -1.281718e+001  0.000000e+000
      vertex  1.484500e+001 -7.242859e+000  0.000000e+000
      vertex  1.484500e+001  7.242859e+000  0.000000e+000
    endloop
  endfacet
  facet normal  0.000000e+000  0.000000e+000 -1.000000e+000
    outer loop
      vertex  2.300000e+001 -1.281718e+001  0.000000e+000
      vertex  1.484500e+001  7.242859e+000  0.000000e+000
      vertex  2.300000e+001  1.281718e+001  0.000000e+000
    endloop
  endfacet
  facet normal  0.000000e+000  0.000000e+000 -1.000000e+000
    outer loop
      vertex -1.369500e+001  9.234717e+000  0.000000e+000
      vertex -2.300000e+001  1.281718e+001  0.000000e+000
      vertex -2.297274e+001  1.302423e+001  0.000000e+000
    endloop
  endfacet
  facet normal  0.000000e+000  0.000000e+000 -1.000000e+000
    outer loop
      vertex -1.369500e+001  9.234717e+000  0.000000e+000
      vertex -2.297274e+001  1.302423e+001  0.000000e+000
      vertex -2.289282e+001  1.321718e+001  0.000000e+000
    endloop
  endfacet
  facet normal  0.000000e+000  0.000000e+000 -1.000000e+000
    outer loop
      vertex -1.369500e+001  9.234717e+000  0.000000e+000
      vertex -2.289282e+001  1.321718e+001  0.000000e+000
      vertex -2.276569e+001  1.338286e+001  0.000000e+000
    endloop
  endfacet
  facet normal  0.000000e+000  0.000000e+000 -1.000000e+000
    outer loop
      vertex -1.369500e+001  9.234717e+000  0.000000e+000
      vertex -2.276569e+001  1.338286e+001  0.000000e+000
      vertex -2.260000e+001  1.351000e+001  0.000000e+000
    endloop
  endfacet
  facet normal  0.000000e+000  0.000000e+000 -9.999999e-001
    outer loop
      vertex -1.369500e+001  9.234717e+000  0.000000e+000
      vertex -2.260000e+001  1.351000e+001  0.000000e+000
      vertex -4.000000e-001  2.632717e+001  0.000000e+000
    endloop
  endfacet
  facet normal  0.000000e+000  0.000000e+000 -1.000000e+000
    outer loop
      vertex -1.369500e+001  9.234717e+000  0.000000e+000
      vertex -4.000000e-001  2.632717e+001  0.000000e+000
      vertex -1.150000e+000  1.647758e+001  0.000000e+000
    endloop
  endfacet
  facet normal  -0.000000e+000  0.000000e+000 -1.000000e+000
    outer loop
      vertex -1.484500e+001  7.242859e+000  0.000000e+000
      vertex -1.484500e+001 -7.242859e+000  0.000000e+000
      vertex -2.300000e+001 -1.281718e+001  0.000000e+000
    endloop
  endfacet
  facet normal  0.000000e+000  0.000000e+000 -1.000000e+000
    outer loop
      vertex -1.484500e+001  7.242859e+000  0.000000e+000
      vertex -2.300000e+001 -1.281718e+001  0.000000e+000
      vertex -2.300000e+001  1.281718e+001  0.000000e+000
    endloop
  endfacet
  facet normal  0.000000e+000  0.000000e+000 -1.000000e+000
    outer loop
      vertex -1.484500e+001  7.242859e+000  0.000000e+000
      vertex -2.300000e+001  1.281718e+001  0.000000e+000
      vertex -1.369500e+001  9.234717e+000  0.000000e+000
    endloop
  endfacet
  facet normal  0.000000e+000  -0.000000e+000 -1.000000e+000
    outer loop
      vertex -1.484500e+001  7.242859e+000  0.000000e+000
      vertex -1.369500e+001  9.234717e+000  0.000000e+000
      vertex -1.240500e+001  8.489936e+000  0.000000e+000
    endloop
  endfacet
  facet normal  0.000000e+000  0.000000e+000 -1.000000e+000
    outer loop
      vertex -1.484500e+001  7.242859e+000  0.000000e+000
      vertex -1.240500e+001  8.489936e+000  0.000000e+000
      vertex -1.355500e+001  7.825983e+000  0.000000e+000
    endloop
  endfacet
  facet normal  0.000000e+000  -0.000000e+000 -1.000000e+000
    outer loop
      vertex -1.484500e+001  7.242859e+000  0.000000e+000
      vertex -1.355500e+001  7.825983e+000  0.000000e+000
      vertex -1.355500e+001  6.498077e+000  0.000000e+000
    endloop
  endfacet
  facet normal  0.000000e+000  0.000000e+000 -1.000000e+000
    outer loop
      vertex -1.150000e+000 -1.647758e+001  0.000000e+000
      vertex -4.000000e-001 -2.632717e+001  0.000000e+000
      vertex -2.260000e+001 -1.351000e+001  0.000000e+000
    endloop
  endfacet
  facet normal  0.000000e+000  0.000000e+000 -1.000000e+000
    outer loop
      vertex -1.150000e+000 -1.647758e+001  0.000000e+000
      vertex -2.260000e+001 -1.351000e+001  0.000000e+000
      vertex -2.276569e+001 -1.338286e+001  0.000000e+000
    endloop
  endfacet
  facet normal  0.000000e+000  0.000000e+000 -1.000000e+000
    outer loop
      vertex -1.150000e+000 -1.647758e+001  0.000000e+000
      vertex -2.276569e+001 -1.338286e+001  0.000000e+000
      vertex -2.289282e+001 -1.321718e+001  0.000000e+000
    endloop
  endfacet
  facet normal  0.000000e+000  0.000000e+000 -1.000000e+000
    outer loop
      vertex -1.150000e+000 -1.647758e+001  0.000000e+000
      vertex -2.289282e+001 -1.321718e+001  0.000000e+000
      vertex -2.297274e+001 -1.302423e+001  0.000000e+000
    endloop
  endfacet
  facet normal  0.000000e+000  0.000000e+000 -1.000000e+000
    outer loop
      vertex -1.150000e+000 -1.647758e+001  0.000000e+000
      vertex -2.297274e+001 -1.302423e+001  0.000000e+000
      vertex -2.300000e+001 -1.281718e+001  0.000000e+000
    endloop
  endfacet
  facet normal  0.000000e+000  0.000000e+000 -1.000000e+000
    outer loop
      vertex -1.150000e+000 -1.647758e+001  0.000000e+000
      vertex -2.300000e+001 -1.281718e+001  0.000000e+000
      vertex -1.369500e+001 -9.234717e+000  0.000000e+000
    endloop
  endfacet
  facet normal  0.000000e+000  -0.000000e+000 -1.000000e+000
    outer loop
      vertex -2.300000e+001 -1.281718e+001  0.000000e+000
      vertex -1.484500e+001 -7.242859e+000  0.000000e+000
      vertex -1.355500e+001 -7.825983e+000  0.000000e+000
    endloop
  endfacet
  facet normal  0.000000e+000  -0.000000e+000 -1.000000e+000
    outer loop
      vertex -2.300000e+001 -1.281718e+001  0.000000e+000
      vertex -1.355500e+001 -7.825983e+000  0.000000e+000
      vertex -1.240500e+001 -8.489936e+000  0.000000e+000
    endloop
  endfacet
  facet normal  0.000000e+000  0.000000e+000 -9.999999e-001
    outer loop
      vertex -2.300000e+001 -1.281718e+001  0.000000e+000
      vertex -1.240500e+001 -8.489936e+000  0.000000e+000
      vertex -1.369500e+001 -9.234717e+000  0.000000e+000
    endloop
  endfacet
  facet normal  0.000000e+000  0.000000e+000 -9.999999e-001
    outer loop
      vertex  1.369500e+001  9.234717e+000  0.000000e+000
      vertex  1.150000e+000  1.647758e+001  0.000000e+000
      vertex  2.260000e+001  1.351000e+001  0.000000e+000
    endloop
  endfacet
  facet normal  0.000000e+000  -0.000000e+000 -1.000000e+000
    outer loop
      vertex  1.369500e+001  9.234717e+000  0.000000e+000
      vertex  2.260000e+001  1.351000e+001  0.000000e+000
      vertex  2.276569e+001  1.338286e+001  0.000000e+000
    endloop
  endfacet
  facet normal  0.000000e+000  -0.000000e+000 -1.000000e+000
    outer loop
      vertex  1.369500e+001  9.234717e+000  0.000000e+000
      vertex  2.276569e+001  1.338286e+001  0.000000e+000
      vertex  2.289282e+001  1.321718e+001  0.000000e+000
    endloop
  endfacet
  facet normal  0.000000e+000  -0.000000e+000 -1.000000e+000
    outer loop
      vertex  1.369500e+001  9.234717e+000  0.000000e+000
      vertex  2.289282e+001  1.321718e+001  0.000000e+000
      vertex  2.297274e+001  1.302423e+001  0.000000e+000
    endloop
  endfacet
  facet normal  0.000000e+000  -0.000000e+000 -1.000000e+000
    outer loop
      vertex  1.369500e+001  9.234717e+000  0.000000e+000
      vertex  2.297274e+001  1.302423e+001  0.000000e+000
      vertex  2.300000e+001  1.281718e+001  0.000000e+000
    endloop
  endfacet
  facet normal  0.000000e+000  0.000000e+000 -1.000000e+000
    outer loop
      vertex  1.369500e+001  9.234717e+000  0.000000e+000
      vertex  2.300000e+001  1.281718e+001  0.000000e+000
      vertex  1.484500e+001  7.242859e+000  0.000000e+000
    endloop
  endfacet
  facet normal  0.000000e+000  0.000000e+000 -1.000000e+000
    outer loop
      vertex  1.369500e+001  9.234717e+000  0.000000e+000
      vertex  1.484500e+001  7.242859e+000  0.000000e+000
      vertex  1.240500e+001  8.489936e+000  0.000000e+000
    endloop
  endfacet
  facet normal  0.000000e+000  0.000000e+000 -1.000000e+000
    outer loop
      vertex  1.150000e+000 -1.647758e+001  0.000000e+000
      vertex  2.300000e+001 -1.281718e+001  0.000000e+000
      vertex  2.297274e+001 -1.302423e+001  0.000000e+000
    endloop
  endfacet
  facet normal  0.000000e+000  0.000000e+000 -1.000000e+000
    outer loop
      vertex  1.150000e+000 -1.647758e+001  0.000000e+000
      vertex  2.297274e+001 -1.302423e+001  0.000000e+000
      vertex  2.289282e+001 -1.321718e+001  0.000000e+000
    endloop
  endfacet
  facet normal  0.000000e+000  0.000000e+000 -1.000000e+000
    outer loop
      vertex  1.150000e+000 -1.647758e+001  0.000000e+000
      vertex  2.289282e+001 -1.321718e+001  0.000000e+000
      vertex  2.276569e+001 -1.338286e+001  0.000000e+000
    endloop
  endfacet
  facet normal  0.000000e+000  0.000000e+000 -1.000000e+000
    outer loop
      vertex  1.150000e+000 -1.647758e+001  0.000000e+000
      vertex  2.276569e+001 -1.338286e+001  0.000000e+000
      vertex  2.260000e+001 -1.351000e+001  0.000000e+000
    endloop
  endfacet
  facet normal  0.000000e+000  0.000000e+000 -1.000000e+000
    outer loop
      vertex  1.150000e+000 -1.647758e+001  0.000000e+000
      vertex  2.260000e+001 -1.351000e+001  0.000000e+000
      vertex  4.000000e-001 -2.632717e+001  0.000000e+000
    endloop
  endfacet
  facet normal  0.000000e+000  0.000000e+000 -1.000000e+000
    outer loop
      vertex -3.552714e-015 -1.565197e+001  0.000000e+000
      vertex -5.094847e-015 -2.643435e+001  0.000000e+000
      vertex -1.150000e+000 -1.498801e+001  0.000000e+000
    endloop
  endfacet
  facet normal  0.000000e+000  0.000000e+000 -9.999999e-001
    outer loop
      vertex -1.150000e+000 -1.498801e+001  0.000000e+000
      vertex -5.094847e-015 -2.643435e+001  0.000000e+000
      vertex -1.150000e+000 -1.647758e+001  0.000000e+000
    endloop
  endfacet
  facet normal  0.000000e+000  0.000000e+000 -1.000000e+000
    outer loop
      vertex -5.094847e-015 -2.643435e+001  0.000000e+000
      vertex -2.070552e-001 -2.640709e+001  0.000000e+000
      vertex -1.150000e+000 -1.647758e+001  0.000000e+000
    endloop
  endfacet
  facet normal  0.000000e+000  0.000000e+000 -1.000000e+000
    outer loop
      vertex -1.150000e+000 -1.647758e+001  0.000000e+000
      vertex -2.070552e-001 -2.640709e+001  0.000000e+000
      vertex -4.000000e-001 -2.632717e+001  0.000000e+000
    endloop
  endfacet
  facet normal  0.000000e+000  0.000000e+000 -9.999999e-001
    outer loop
      vertex -1.150000e+000  1.498801e+001  0.000000e+000
      vertex -1.150000e+000  1.647758e+001  0.000000e+000
      vertex  0.000000e+000  1.565197e+001  0.000000e+000
    endloop
  endfacet
  facet normal  0.000000e+000  0.000000e+000 -1.000000e+000
    outer loop
      vertex  0.000000e+000  1.565197e+001  0.000000e+000
      vertex -1.150000e+000  1.647758e+001  0.000000e+000
      vertex  2.591395e-015  2.643435e+001  0.000000e+000
    endloop
  endfacet
  facet normal  0.000000e+000  -0.000000e+000 -9.999999e-001
    outer loop
      vertex -1.150000e+000  1.647758e+001  0.000000e+000
      vertex -4.000000e-001  2.632717e+001  0.000000e+000
      vertex  2.591395e-015  2.643435e+001  0.000000e+000
    endloop
  endfacet
  facet normal  0.000000e+000  0.000000e+000 -9.999999e-001
    outer loop
      vertex  2.591395e-015  2.643435e+001  0.000000e+000
      vertex -4.000000e-001  2.632717e+001  0.000000e+000
      vertex -2.070552e-001  2.640709e+001  0.000000e+000
    endloop
  endfacet
  facet normal  0.000000e+000  -0.000000e+000 -1.000000e+000
    outer loop
      vertex  0.000000e+000  1.565197e+001  0.000000e+000
      vertex  2.591395e-015  2.643435e+001  0.000000e+000
      vertex  1.150000e+000  1.498801e+001  0.000000e+000
    endloop
  endfacet
  facet normal  0.000000e+000  0.000000e+000 -9.999999e-001
    outer loop
      vertex  1.150000e+000  1.498801e+001  0.000000e+000
      vertex  2.591395e-015  2.643435e+001  0.000000e+000
      vertex  1.150000e+000  1.647758e+001  0.000000e+000
    endloop
  endfacet
  facet normal  -0.000000e+000  -0.000000e+000 -1.000000e+000
    outer loop
      vertex  2.591395e-015  2.643435e+001  0.000000e+000
      vertex  2.070552e-001  2.640709e+001  0.000000e+000
      vertex  1.150000e+000  1.647758e+001  0.000000e+000
    endloop
  endfacet
  facet normal  0.000000e+000  0.000000e+000 -1.000000e+000
    outer loop
      vertex  1.150000e+000  1.647758e+001  0.000000e+000
      vertex  2.070552e-001  2.640709e+001  0.000000e+000
      vertex  4.000000e-001  2.632717e+001  0.000000e+000
    endloop
  endfacet
  facet normal  0.000000e+000  0.000000e+000 -9.999999e-001
    outer loop
      vertex  1.150000e+000 -1.498801e+001  0.000000e+000
      vertex  1.150000e+000 -1.647758e+001  0.000000e+000
      vertex -3.552714e-015 -1.565197e+001  0.000000e+000
    endloop
  endfacet
  facet normal  0.000000e+000  -0.000000e+000 -1.000000e+000
    outer loop
      vertex -3.552714e-015 -1.565197e+001  0.000000e+000
      vertex  1.150000e+000 -1.647758e+001  0.000000e+000
      vertex -5.094847e-015 -2.643435e+001  0.000000e+000
    endloop
  endfacet
  facet normal  -0.000000e+000  0.000000e+000 -9.999999e-001
    outer loop
      vertex  1.150000e+000 -1.647758e+001  0.000000e+000
      vertex  4.000000e-001 -2.632717e+001  0.000000e+000
      vertex -5.094847e-015 -2.643435e+001  0.000000e+000
    endloop
  endfacet
  facet normal  0.000000e+000  0.000000e+000 -9.999999e-001
    outer loop
      vertex -5.094847e-015 -2.643435e+001  0.000000e+000
      vertex  4.000000e-001 -2.632717e+001  0.000000e+000
      vertex  2.070552e-001 -2.640709e+001  0.000000e+000
    endloop
  endfacet
  facet normal  4.999998e-001  8.660255e-001  -0.000000e+000
    outer loop
      vertex  1.369500e+001 -9.234717e+000  0.000000e+000
      vertex  1.369500e+001 -9.234717e+000 -3.000000e+000
      vertex  1.240500e+001 -8.489936e+000  0.000000e+000
    endloop
  endfacet
  facet normal  4.999998e-001  8.660255e-001  0.000000e+000
    outer loop
      vertex  1.240500e+001 -8.489936e+000  0.000000e+000
      vertex  1.369500e+001 -9.234717e+000 -3.000000e+000
      vertex  1.240500e+001 -8.489936e+000 -3.000000e+000
    endloop
  endfacet
  facet normal -4.999998e-001 -8.660255e-001  0.000000e+000
    outer loop
      vertex  1.355500e+001 -6.498077e+000  0.000000e+000
      vertex  1.355500e+001 -6.498077e+000 -3.000000e+000
      vertex  1.484500e+001 -7.242859e+000  0.000000e+000
    endloop
  endfacet
  facet normal -4.999998e-001 -8.660255e-001  -0.000000e+000
    outer loop
      vertex  1.484500e+001 -7.242859e+000  0.000000e+000
      vertex  1.355500e+001 -6.498077e+000 -3.000000e+000
      vertex  1.484500e+001 -7.242859e+000 -3.000000e+000
    endloop
  endfacet
  facet normal -1.000000e+000  0.000000e+000  0.000000e+000
    outer loop
      vertex  1.150000e+000 -1.498801e+001  0.000000e+000
      vertex  1.150000e+000 -1.498801e+001 -3.000000e+000
      vertex  1.150000e+000 -1.647758e+001  0.000000e+000
    endloop
  endfacet
  facet normal -1.000000e+000  0.000000e+000  0.000000e+000
    outer loop
      vertex  1.150000e+000 -1.647758e+001  0.000000e+000
      vertex  1.150000e+000 -1.498801e+001 -3.000000e+000
      vertex  1.150000e+000 -1.647758e+001 -3.000000e+000
    endloop
  endfacet
  facet normal  1.000000e+000  0.000000e+000  0.000000e+000
    outer loop
      vertex -1.150000e+000 -1.647758e+001  0.000000e+000
      vertex -1.150000e+000 -1.647758e+001 -3.000000e+000
      vertex -1.150000e+000 -1.498801e+001  0.000000e+000
    endloop
  endfacet
  facet normal  1.000000e+000  0.000000e+000  0.000000e+000
    outer loop
      vertex -1.150000e+000 -1.498801e+001  0.000000e+000
      vertex -1.150000e+000 -1.647758e+001 -3.000000e+000
      vertex -1.150000e+000 -1.498801e+001 -3.000000e+000
    endloop
  endfacet
  facet normal -1.000000e+000  0.000000e+000  0.000000e+000
    outer loop
      vertex  1.150000e+000  1.647758e+001  0.000000e+000
      vertex  1.150000e+000  1.647758e+001 -3.000000e+000
      vertex  1.150000e+000  1.498801e+001  0.000000e+000
    endloop
  endfacet
  facet normal -1.000000e+000  0.000000e+000  0.000000e+000
    outer loop
      vertex  1.150000e+000  1.498801e+001  0.000000e+000
      vertex  1.150000e+000  1.647758e+001 -3.000000e+000
      vertex  1.150000e+000  1.498801e+001 -3.000000e+000
    endloop
  endfacet
  facet normal  1.000000e+000  0.000000e+000  0.000000e+000
    outer loop
      vertex -1.150000e+000  1.498801e+001  0.000000e+000
      vertex -1.150000e+000  1.498801e+001 -3.000000e+000
      vertex -1.150000e+000  1.647758e+001  0.000000e+000
    endloop
  endfacet
  facet normal  1.000000e+000  0.000000e+000  0.000000e+000
    outer loop
      vertex -1.150000e+000  1.647758e+001  0.000000e+000
      vertex -1.150000e+000  1.498801e+001 -3.000000e+000
      vertex -1.150000e+000  1.647758e+001 -3.000000e+000
    endloop
  endfacet
  facet normal -4.999998e-001  8.660255e-001  0.000000e+000
    outer loop
      vertex -1.240500e+001 -8.489936e+000  0.000000e+000
      vertex -1.240500e+001 -8.489936e+000 -3.000000e+000
      vertex -1.369500e+001 -9.234717e+000  0.000000e+000
    endloop
  endfacet
  facet normal -4.999998e-001  8.660255e-001  0.000000e+000
    outer loop
      vertex -1.369500e+001 -9.234717e+000  0.000000e+000
      vertex -1.240500e+001 -8.489936e+000 -3.000000e+000
      vertex -1.369500e+001 -9.234717e+000 -3.000000e+000
    endloop
  endfacet
  facet normal  5.000001e-001 -8.660254e-001  0.000000e+000
    outer loop
      vertex -1.484500e+001 -7.242859e+000  0.000000e+000
      vertex -1.484500e+001 -7.242859e+000 -3.000000e+000
      vertex -1.355500e+001 -6.498077e+000  0.000000e+000
    endloop
  endfacet
  facet normal  5.000001e-001 -8.660254e-001  0.000000e+000
    outer loop
      vertex -1.355500e+001 -6.498077e+000  0.000000e+000
      vertex -1.484500e+001 -7.242859e+000 -3.000000e+000
      vertex -1.355500e+001 -6.498077e+000 -3.000000e+000
    endloop
  endfacet
  facet normal  4.999998e-001 -8.660255e-001  0.000000e+000
    outer loop
      vertex  1.240500e+001  8.489936e+000  0.000000e+000
      vertex  1.240500e+001  8.489936e+000 -3.000000e+000
      vertex  1.369500e+001  9.234717e+000  0.000000e+000
    endloop
  endfacet
  facet normal  4.999998e-001 -8.660255e-001  0.000000e+000
    outer loop
      vertex  1.369500e+001  9.234717e+000  0.000000e+000
      vertex  1.240500e+001  8.489936e+000 -3.000000e+000
      vertex  1.369500e+001  9.234717e+000 -3.000000e+000
    endloop
  endfacet
  facet normal -5.000001e-001  8.660254e-001  0.000000e+000
    outer loop
      vertex  1.484500e+001  7.242859e+000  0.000000e+000
      vertex  1.484500e+001  7.242859e+000 -3.000000e+000
      vertex  1.355500e+001  6.498077e+000  0.000000e+000
    endloop
  endfacet
  facet normal -5.000001e-001  8.660254e-001  0.000000e+000
    outer loop
      vertex  1.355500e+001  6.498077e+000  0.000000e+000
      vertex  1.484500e+001  7.242859e+000 -3.000000e+000
      vertex  1.355500e+001  6.498077e+000 -3.000000e+000
    endloop
  endfacet
  facet normal -4.999998e-001 -8.660255e-001  0.000000e+000
    outer loop
      vertex -1.369500e+001  9.234717e+000  0.000000e+000
      vertex -1.369500e+001  9.234717e+000 -3.000000e+000
      vertex -1.240500e+001  8.489936e+000  0.000000e+000
    endloop
  endfacet
  facet normal -4.999998e-001 -8.660255e-001  -0.000000e+000
    outer loop
      vertex -1.240500e+001  8.489936e+000  0.000000e+000
      vertex -1.369500e+001  9.234717e+000 -3.000000e+000
      vertex -1.240500e+001  8.489936e+000 -3.000000e+000
    endloop
  endfacet
  facet normal  5.000001e-001  8.660254e-001  -0.000000e+000
    outer loop
      vertex -1.355500e+001  6.498077e+000  0.000000e+000
      vertex -1.355500e+001  6.498077e+000 -3.000000e+000
      vertex -1.484500e+001  7.242859e+000  0.000000e+000
    endloop
  endfacet
  facet normal  5.000001e-001  8.660254e-001  0.000000e+000
    outer loop
      vertex -1.484500e+001  7.242859e+000  0.000000e+000
      vertex -1.355500e+001  6.498077e+000 -3.000000e+000
      vertex -1.484500e+001  7.242859e+000 -3.000000e+000
    endloop
  endfacet
  facet normal  1.000000e+000  0.000000e+000  0.000000e+000
    outer loop
      vertex  1.484500e+001  7.242859e+000 -3.000000e+000
      vertex  1.484500e+001  7.242859e+000  0.000000e+000
      vertex  1.484500e+001 -7.242859e+000 -3.000000e+000
    endloop
  endfacet
  facet normal  1.000000e+000  0.000000e+000  0.000000e+000
    outer loop
      vertex  1.484500e+001 -7.242859e+000 -3.000000e+000
      vertex  1.484500e+001  7.242859e+000  0.000000e+000
      vertex  1.484500e+001 -7.242859e+000  0.000000e+000
    endloop
  endfacet
  facet normal  5.000000e-001  8.660254e-001  0.000000e+000
    outer loop
      vertex  1.150000e+000  1.647758e+001 -3.000000e+000
      vertex  1.150000e+000  1.647758e+001  0.000000e+000
      vertex  1.369500e+001  9.234717e+000 -3.000000e+000
    endloop
  endfacet
  facet normal  5.000000e-001  8.660254e-001  -0.000000e+000
    outer loop
      vertex  1.369500e+001  9.234717e+000 -3.000000e+000
      vertex  1.150000e+000  1.647758e+001  0.000000e+000
      vertex  1.369500e+001  9.234717e+000  0.000000e+000
    endloop
  endfacet
  facet normal  5.000000e-001 -8.660254e-001  0.000000e+000
    outer loop
      vertex  1.369500e+001 -9.234717e+000 -3.000000e+000
      vertex  1.369500e+001 -9.234717e+000  0.000000e+000
      vertex  1.150000e+000 -1.647758e+001 -3.000000e+000
    endloop
  endfacet
  facet normal  5.000000e-001 -8.660254e-001  0.000000e+000
    outer loop
      vertex  1.150000e+000 -1.647758e+001 -3.000000e+000
      vertex  1.369500e+001 -9.234717e+000  0.000000e+000
      vertex  1.150000e+000 -1.647758e+001  0.000000e+000
    endloop
  endfacet
  facet normal  0.000000e+000  0.000000e+000 -1.000000e+000
    outer loop
      vertex  1.355500e+001  6.498077e+000 -3.000000e+000
      vertex  1.484500e+001  7.242859e+000 -3.000000e+000
      vertex  1.355500e+001 -6.498077e+000 -3.000000e+000
    endloop
  endfacet
  facet normal  0.000000e+000  0.000000e+000 -1.000000e+000
    outer loop
      vertex  1.355500e+001 -6.498077e+000 -3.000000e+000
      vertex  1.484500e+001  7.242859e+000 -3.000000e+000
      vertex  1.484500e+001 -7.242859e+000 -3.000000e+000
    endloop
  endfacet
  facet normal  0.000000e+000  0.000000e+000 -1.000000e+000
    outer loop
      vertex  1.150000e+000  1.498801e+001 -3.000000e+000
      vertex  1.150000e+000  1.647758e+001 -3.000000e+000
      vertex  1.240500e+001  8.489936e+000 -3.000000e+000
    endloop
  endfacet
  facet normal  0.000000e+000  0.000000e+000 -1.000000e+000
    outer loop
      vertex  1.240500e+001  8.489936e+000 -3.000000e+000
      vertex  1.150000e+000  1.647758e+001 -3.000000e+000
      vertex  1.369500e+001  9.234717e+000 -3.000000e+000
    endloop
  endfacet
  facet normal  0.000000e+000  0.000000e+000 -1.000000e+000
    outer loop
      vertex -1.369500e+001  9.234717e+000 -3.000000e+000
      vertex -1.150000e+000  1.647758e+001 -3.000000e+000
      vertex -1.240500e+001  8.489936e+000 -3.000000e+000
    endloop
  endfacet
  facet normal  0.000000e+000  0.000000e+000 -1.000000e+000
    outer loop
      vertex -1.240500e+001  8.489936e+000 -3.000000e+000
      vertex -1.150000e+000  1.647758e+001 -3.000000e+000
      vertex -1.150000e+000  1.498801e+001 -3.000000e+000
    endloop
  endfacet
  facet normal  -0.000000e+000  0.000000e+000 -1.000000e+000
    outer loop
      vertex -1.484500e+001  7.242859e+000 -3.000000e+000
      vertex -1.355500e+001  6.498077e+000 -3.000000e+000
      vertex -1.484500e+001 -7.242859e+000 -3.000000e+000
    endloop
  endfacet
  facet normal  0.000000e+000  0.000000e+000 -1.000000e+000
    outer loop
      vertex -1.484500e+001 -7.242859e+000 -3.000000e+000
      vertex -1.355500e+001  6.498077e+000 -3.000000e+000
      vertex -1.355500e+001 -6.498077e+000 -3.000000e+000
    endloop
  endfacet
  facet normal  0.000000e+000  -0.000000e+000 -1.000000e+000
    outer loop
      vertex -1.369500e+001 -9.234717e+000 -3.000000e+000
      vertex -1.240500e+001 -8.489936e+000 -3.000000e+000
      vertex -1.150000e+000 -1.647758e+001 -3.000000e+000
    endloop
  endfacet
  facet normal  0.000000e+000  0.000000e+000 -1.000000e+000
    outer loop
      vertex -1.150000e+000 -1.647758e+001 -3.000000e+000
      vertex -1.240500e+001 -8.489936e+000 -3.000000e+000
      vertex -1.150000e+000 -1.498801e+001 -3.000000e+000
    endloop
  endfacet
  facet normal  0.000000e+000  0.000000e+000 -1.000000e+000
    outer loop
      vertex  1.150000e+000 -1.498801e+001 -3.000000e+000
      vertex  1.240500e+001 -8.489936e+000 -3.000000e+000
      vertex  1.150000e+000 -1.647758e+001 -3.000000e+000
    endloop
  endfacet
  facet normal  0.000000e+000  0.000000e+000 -1.000000e+000
    outer loop
      vertex  1.150000e+000 -1.647758e+001 -3.000000e+000
      vertex  1.240500e+001 -8.489936e+000 -3.000000e+000
      vertex  1.369500e+001 -9.234717e+000 -3.000000e+000
    endloop
  endfacet
  facet normal -5.000000e-001  8.660254e-001  0.000000e+000
    outer loop
      vertex -1.369500e+001  9.234717e+000 -3.000000e+000
      vertex -1.369500e+001  9.234717e+000  0.000000e+000
      vertex -1.150000e+000  1.647758e+001 -3.000000e+000
    endloop
  endfacet
  facet normal -5.000000e-001  8.660254e-001  0.000000e+000
    outer loop
      vertex -1.150000e+000  1.647758e+001 -3.000000e+000
      vertex -1.369500e+001  9.234717e+000  0.000000e+000
      vertex -1.150000e+000  1.647758e+001  0.000000e+000
    endloop
  endfacet
  facet normal -5.000000e-001 -8.660254e-001  -0.000000e+000
    outer loop
      vertex -1.150000e+000 -1.647758e+001 -3.000000e+000
      vertex -1.150000e+000 -1.647758e+001  0.000000e+000
      vertex -1.369500e+001 -9.234717e+000 -3.000000e+000
    endloop
  endfacet
  facet normal -5.000000e-001 -8.660254e-001  0.000000e+000
    outer loop
      vertex -1.369500e+001 -9.234717e+000 -3.000000e+000
      vertex -1.150000e+000 -1.647758e+001  0.000000e+000
      vertex -1.369500e+001 -9.234717e+000  0.000000e+000
    endloop
  endfacet
  facet normal -9.999999e-001  0.000000e+000  0.000000e+000
    outer loop
      vertex -1.484500e+001 -7.242859e+000 -3.000000e+000
      vertex -1.484500e+001 -7.242859e+000  0.000000e+000
      vertex -1.484500e+001  7.242859e+000 -3.000000e+000
    endloop
  endfacet
  facet normal -9.999999e-001  0.000000e+000  0.000000e+000
    outer loop
      vertex -1.484500e+001  7.242859e+000 -3.000000e+000
      vertex -1.484500e+001 -7.242859e+000  0.000000e+000
      vertex -1.484500e+001  7.242859e+000  0.000000e+000
    endloop
  endfacet
  facet normal  0.000000e+000  0.000000e+000  1.000000e+000
    outer loop
      vertex -2.164935e-015  1.805952e+001  1.000000e+001
      vertex  2.664535e-015  2.563435e+001  1.000000e+001
      vertex -1.564000e+001  9.029758e+000  1.000000e+001
    endloop
  endfacet
  facet normal  0.000000e+000  -0.000000e+000  1.000000e+000
    outer loop
      vertex -1.564000e+001  9.029758e+000  1.000000e+001
      vertex  2.664535e-015  2.563435e+001  1.000000e+001
      vertex -2.220000e+001  1.281718e+001  1.000000e+001
    endloop
  endfacet
  facet normal  0.000000e+000  0.000000e+000  1.000000e+000
    outer loop
      vertex -1.564000e+001  9.029758e+000  1.000000e+001
      vertex -2.220000e+001  1.281718e+001  1.000000e+001
      vertex -1.564000e+001 -9.029758e+000  1.000000e+001
    endloop
  endfacet
  facet normal  0.000000e+000  0.000000e+000  1.000000e+000
    outer loop
      vertex -1.564000e+001 -9.029758e+000  1.000000e+001
      vertex -2.220000e+001  1.281718e+001  1.000000e+001
      vertex -2.220000e+001 -1.281718e+001  1.000000e+001
    endloop
  endfacet
  facet normal  -0.000000e+000  0.000000e+000  1.000000e+000
    outer loop
      vertex -1.564000e+001 -9.029758e+000  1.000000e+001
      vertex -2.220000e+001 -1.281718e+001  1.000000e+001
      vertex  2.775558e-016 -1.805952e+001  1.000000e+001
    endloop
  endfacet
  facet normal  0.000000e+000  0.000000e+000  1.000000e+000
    outer loop
      vertex  2.775558e-016 -1.805952e+001  1.000000e+001
      vertex -2.220000e+001 -1.281718e+001  1.000000e+001
      vertex -7.105427e-015 -2.563435e+001  1.000000e+001
    endloop
  endfacet
  facet normal  0.000000e+000  0.000000e+000  1.000000e+000
    outer loop
      vertex  2.775558e-016 -1.805952e+001  1.000000e+001
      vertex -7.105427e-015 -2.563435e+001  1.000000e+001
      vertex  1.564000e+001 -9.029758e+000  1.000000e+001
    endloop
  endfacet
  facet normal  0.000000e+000  0.000000e+000  1.000000e+000
    outer loop
      vertex  1.564000e+001 -9.029758e+000  1.000000e+001
      vertex -7.105427e-015 -2.563435e+001  1.000000e+001
      vertex  2.220000e+001 -1.281718e+001  1.000000e+001
    endloop
  endfacet
  facet normal  0.000000e+000  0.000000e+000  1.000000e+000
    outer loop
      vertex  1.564000e+001 -9.029758e+000  1.000000e+001
      vertex  2.220000e+001 -1.281718e+001  1.000000e+001
      vertex  1.564000e+001  9.029758e+000  1.000000e+001
    endloop
  endfacet
  facet normal  -0.000000e+000  0.000000e+000  1.000000e+000
    outer loop
      vertex  1.564000e+001  9.029758e+000  1.000000e+001
      vertex  2.220000e+001 -1.281718e+001  1.000000e+001
      vertex  2.220000e+001  1.281718e+001  1.000000e+001
    endloop
  endfacet
  facet normal  0.000000e+000  0.000000e+000  1.000000e+000
    outer loop
      vertex  1.564000e+001  9.029758e+000  1.000000e+001
      vertex  2.220000e+001  1.281718e+001  1.000000e+001
      vertex -2.164935e-015  1.805952e+001  1.000000e+001
    endloop
  endfacet
  facet normal  -0.000000e+000  0.000000e+000  1.000000e+000
    outer loop
      vertex -2.164935e-015  1.805952e+001  1.000000e+001
      vertex  2.220000e+001  1.281718e+001  1.000000e+001
      vertex  2.664535e-015  2.563435e+001  1.000000e+001
    endloop
  endfacet
  facet normal -4.938443e-001 -8.553634e-001  1.564333e-001
    outer loop
      vertex -2.260000e+001 -1.351000e+001  9.200000e+000
      vertex -4.000000e-001 -2.632717e+001  9.200000e+000
      vertex -2.258042e+001 -1.347609e+001  9.447213e+000
    endloop
  endfacet
  facet normal -4.938443e-001 -8.553634e-001  1.564333e-001
    outer loop
      vertex -2.258042e+001 -1.347609e+001  9.447213e+000
      vertex -4.000000e-001 -2.632717e+001  9.200000e+000
      vertex -3.804226e-001 -2.629326e+001  9.447213e+000
    endloop
  endfacet
  facet normal -4.455033e-001 -7.716345e-001  4.539903e-001
    outer loop
      vertex -2.258042e+001 -1.347609e+001  9.447213e+000
      vertex -3.804226e-001 -2.629326e+001  9.447213e+000
      vertex -2.252361e+001 -1.337768e+001  9.670228e+000
    endloop
  endfacet
  facet normal -4.455033e-001 -7.716345e-001  4.539903e-001
    outer loop
      vertex -2.252361e+001 -1.337768e+001  9.670228e+000
      vertex -3.804226e-001 -2.629326e+001  9.447213e+000
      vertex -3.236068e-001 -2.619485e+001  9.670228e+000
    endloop
  endfacet
  facet normal -3.535528e-001 -6.123714e-001  7.071079e-001
    outer loop
      vertex -2.252361e+001 -1.337768e+001  9.670228e+000
      vertex -3.236068e-001 -2.619485e+001  9.670228e+000
      vertex -2.243511e+001 -1.322441e+001  9.847214e+000
    endloop
  endfacet
  facet normal -3.535545e-001 -6.123743e-001  7.071046e-001
    outer loop
      vertex -2.243511e+001 -1.322441e+001  9.847214e+000
      vertex -3.236068e-001 -2.619485e+001  9.670228e+000
      vertex -2.351141e-001 -2.604158e+001  9.847214e+000
    endloop
  endfacet
  facet normal -2.269947e-001 -3.931663e-001  8.910071e-001
    outer loop
      vertex -2.243511e+001 -1.322441e+001  9.847214e+000
      vertex -2.351141e-001 -2.604158e+001  9.847214e+000
      vertex -2.232361e+001 -1.303127e+001  9.960845e+000
    endloop
  endfacet
  facet normal -2.269955e-001 -3.931676e-001  8.910064e-001
    outer loop
      vertex -2.232361e+001 -1.303127e+001  9.960845e+000
      vertex -2.351141e-001 -2.604158e+001  9.847214e+000
      vertex -1.236068e-001 -2.584845e+001  9.960845e+000
    endloop
  endfacet
  facet normal -7.821784e-002 -1.354773e-001  9.876882e-001
    outer loop
      vertex -2.232361e+001 -1.303127e+001  9.960845e+000
      vertex -1.236068e-001 -2.584845e+001  9.960845e+000
      vertex -2.220000e+001 -1.281718e+001  1.000000e+001
    endloop
  endfacet
  facet normal -7.821728e-002 -1.354763e-001  9.876883e-001
    outer loop
      vertex -2.220000e+001 -1.281718e+001  1.000000e+001
      vertex -1.236068e-001 -2.584845e+001  9.960845e+000
      vertex -7.105427e-015 -2.563435e+001  1.000000e+001
    endloop
  endfacet
  facet normal -4.999999e-001 -8.660254e-001  0.000000e+000
    outer loop
      vertex -2.260000e+001 -1.351000e+001  9.200000e+000
      vertex -2.260000e+001 -1.351000e+001  0.000000e+000
      vertex -4.000000e-001 -2.632717e+001  9.200000e+000
    endloop
  endfacet
  facet normal -4.999999e-001 -8.660254e-001  -0.000000e+000
    outer loop
      vertex -4.000000e-001 -2.632717e+001  9.200000e+000
      vertex -2.260000e+001 -1.351000e+001  0.000000e+000
      vertex -4.000000e-001 -2.632717e+001  0.000000e+000
    endloop
  endfacet
  facet normal -4.938443e-001  8.553634e-001  1.564333e-001
    outer loop
      vertex -4.000000e-001  2.632717e+001  9.200000e+000
      vertex -2.260000e+001  1.351000e+001  9.200000e+000
      vertex -3.804226e-001  2.629326e+001  9.447213e+000
    endloop
  endfacet
  facet normal -4.938443e-001  8.553634e-001  1.564333e-001
    outer loop
      vertex -3.804226e-001  2.629326e+001  9.447213e+000
      vertex -2.260000e+001  1.351000e+001  9.200000e+000
      vertex -2.258042e+001  1.347609e+001  9.447213e+000
    endloop
  endfacet
  facet normal -4.455033e-001  7.716345e-001  4.539903e-001
    outer loop
      vertex -3.804226e-001  2.629326e+001  9.447213e+000
      vertex -2.258042e+001  1.347609e+001  9.447213e+000
      vertex -3.236068e-001  2.619485e+001  9.670228e+000
    endloop
  endfacet
  facet normal -4.455033e-001  7.716345e-001  4.539903e-001
    outer loop
      vertex -3.236068e-001  2.619485e+001  9.670228e+000
      vertex -2.258042e+001  1.347609e+001  9.447213e+000
      vertex -2.252361e+001  1.337768e+001  9.670228e+000
    endloop
  endfacet
  facet normal -3.535544e-001  6.123743e-001  7.071046e-001
    outer loop
      vertex -3.236068e-001  2.619485e+001  9.670228e+000
      vertex -2.252361e+001  1.337768e+001  9.670228e+000
      vertex -2.351141e-001  2.604158e+001  9.847214e+000
    endloop
  endfacet
  facet normal -3.535528e-001  6.123714e-001  7.071079e-001
    outer loop
      vertex -2.351141e-001  2.604158e+001  9.847214e+000
      vertex -2.252361e+001  1.337768e+001  9.670228e+000
      vertex -2.243511e+001  1.322441e+001  9.847214e+000
    endloop
  endfacet
  facet normal -2.269955e-001  3.931677e-001  8.910064e-001
    outer loop
      vertex -2.351141e-001  2.604158e+001  9.847214e+000
      vertex -2.243511e+001  1.322441e+001  9.847214e+000
      vertex -1.236068e-001  2.584845e+001  9.960845e+000
    endloop
  endfacet
  facet normal -2.269947e-001  3.931663e-001  8.910071e-001
    outer loop
      vertex -1.236068e-001  2.584845e+001  9.960845e+000
      vertex -2.243511e+001  1.322441e+001  9.847214e+000
      vertex -2.232361e+001  1.303127e+001  9.960845e+000
    endloop
  endfacet
  facet normal -7.821730e-002  1.354763e-001  9.876884e-001
    outer loop
      vertex -1.236068e-001  2.584845e+001  9.960845e+000
      vertex -2.232361e+001  1.303127e+001  9.960845e+000
      vertex  2.664535e-015  2.563435e+001  1.000000e+001
    endloop
  endfacet
  facet normal -7.821783e-002  1.354773e-001  9.876881e-001
    outer loop
      vertex  2.664535e-015  2.563435e+001  1.000000e+001
      vertex -2.232361e+001  1.303127e+001  9.960845e+000
      vertex -2.220000e+001  1.281718e+001  1.000000e+001
    endloop
  endfacet
  facet normal -4.999999e-001  8.660254e-001  0.000000e+000
    outer loop
      vertex -4.000000e-001  2.632717e+001  9.200000e+000
      vertex -4.000000e-001  2.632717e+001  0.000000e+000
      vertex -2.260000e+001  1.351000e+001  9.200000e+000
    endloop
  endfacet
  facet normal -4.999999e-001  8.660254e-001  0.000000e+000
    outer loop
      vertex -2.260000e+001  1.351000e+001  9.200000e+000
      vertex -4.000000e-001  2.632717e+001  0.000000e+000
      vertex -2.260000e+001  1.351000e+001  0.000000e+000
    endloop
  endfacet
  facet normal -1.000000e+000  0.000000e+000  0.000000e+000
    outer loop
      vertex -2.300000e+001  1.281718e+001  9.200000e+000
      vertex -2.300000e+001  1.281718e+001  0.000000e+000
      vertex -2.300000e+001 -1.281718e+001  9.200000e+000
    endloop
  endfacet
  facet normal -1.000000e+000  0.000000e+000  0.000000e+000
    outer loop
      vertex -2.300000e+001 -1.281718e+001  9.200000e+000
      vertex -2.300000e+001  1.281718e+001  0.000000e+000
      vertex -2.300000e+001 -1.281718e+001  0.000000e+000
    endloop
  endfacet
  facet normal -9.914445e-001  1.305286e-001  0.000000e+000
    outer loop
      vertex -2.300000e+001  1.281718e+001  0.000000e+000
      vertex -2.300000e+001  1.281718e+001  9.200000e+000
      vertex -2.297274e+001  1.302423e+001  0.000000e+000
    endloop
  endfacet
  facet normal -9.914445e-001  1.305286e-001  0.000000e+000
    outer loop
      vertex -2.297274e+001  1.302423e+001  0.000000e+000
      vertex -2.300000e+001  1.281718e+001  9.200000e+000
      vertex -2.297274e+001  1.302423e+001  9.200000e+000
    endloop
  endfacet
  facet normal -9.238809e-001  3.826801e-001  0.000000e+000
    outer loop
      vertex -2.297274e+001  1.302423e+001  0.000000e+000
      vertex -2.297274e+001  1.302423e+001  9.200000e+000
      vertex -2.289282e+001  1.321718e+001  0.000000e+000
    endloop
  endfacet
  facet normal -9.238809e-001  3.826801e-001  0.000000e+000
    outer loop
      vertex -2.289282e+001  1.321718e+001  0.000000e+000
      vertex -2.297274e+001  1.302423e+001  9.200000e+000
      vertex -2.289282e+001  1.321718e+001  9.200000e+000
    endloop
  endfacet
  facet normal -7.933533e-001  6.087613e-001  0.000000e+000
    outer loop
      vertex -2.289282e+001  1.321718e+001  0.000000e+000
      vertex -2.289282e+001  1.321718e+001  9.200000e+000
      vertex -2.276569e+001  1.338286e+001  0.000000e+000
    endloop
  endfacet
  facet normal -7.933533e-001  6.087613e-001  0.000000e+000
    outer loop
      vertex -2.276569e+001  1.338286e+001  0.000000e+000
      vertex -2.289282e+001  1.321718e+001  9.200000e+000
      vertex -2.276569e+001  1.338286e+001  9.200000e+000
    endloop
  endfacet
  facet normal -6.087620e-001  7.933529e-001  0.000000e+000
    outer loop
      vertex -2.276569e+001  1.338286e+001  0.000000e+000
      vertex -2.276569e+001  1.338286e+001  9.200000e+000
      vertex -2.260000e+001  1.351000e+001  0.000000e+000
    endloop
  endfacet
  facet normal -6.087620e-001  7.933529e-001  0.000000e+000
    outer loop
      vertex -2.260000e+001  1.351000e+001  0.000000e+000
      vertex -2.276569e+001  1.338286e+001  9.200000e+000
      vertex -2.260000e+001  1.351000e+001  9.200000e+000
    endloop
  endfacet
  facet normal -6.087620e-001 -7.933529e-001  -0.000000e+000
    outer loop
      vertex -2.260000e+001 -1.351000e+001  0.000000e+000
      vertex -2.260000e+001 -1.351000e+001  9.200000e+000
      vertex -2.276569e+001 -1.338286e+001  0.000000e+000
    endloop
  endfacet
  facet normal -6.087620e-001 -7.933529e-001  0.000000e+000
    outer loop
      vertex -2.276569e+001 -1.338286e+001  0.000000e+000
      vertex -2.260000e+001 -1.351000e+001  9.200000e+000
      vertex -2.276569e+001 -1.338286e+001  9.200000e+000
    endloop
  endfacet
  facet normal -7.933533e-001 -6.087613e-001  -0.000000e+000
    outer loop
      vertex -2.276569e+001 -1.338286e+001  0.000000e+000
      vertex -2.276569e+001 -1.338286e+001  9.200000e+000
      vertex -2.289282e+001 -1.321718e+001  0.000000e+000
    endloop
  endfacet
  facet normal -7.933533e-001 -6.087613e-001  0.000000e+000
    outer loop
      vertex -2.289282e+001 -1.321718e+001  0.000000e+000
      vertex -2.276569e+001 -1.338286e+001  9.200000e+000
      vertex -2.289282e+001 -1.321718e+001  9.200000e+000
    endloop
  endfacet
  facet normal -9.238809e-001 -3.826801e-001  -0.000000e+000
    outer loop
      vertex -2.289282e+001 -1.321718e+001  0.000000e+000
      vertex -2.289282e+001 -1.321718e+001  9.200000e+000
      vertex -2.297274e+001 -1.302423e+001  0.000000e+000
    endloop
  endfacet
  facet normal -9.238809e-001 -3.826801e-001  0.000000e+000
    outer loop
      vertex -2.297274e+001 -1.302423e+001  0.000000e+000
      vertex -2.289282e+001 -1.321718e+001  9.200000e+000
      vertex -2.297274e+001 -1.302423e+001  9.200000e+000
    endloop
  endfacet
  facet normal -9.914445e-001 -1.305286e-001  -0.000000e+000
    outer loop
      vertex -2.297274e+001 -1.302423e+001  0.000000e+000
      vertex -2.297274e+001 -1.302423e+001  9.200000e+000
      vertex -2.300000e+001 -1.281718e+001  0.000000e+000
    endloop
  endfacet
  facet normal -9.914445e-001 -1.305286e-001  0.000000e+000
    outer loop
      vertex -2.300000e+001 -1.281718e+001  0.000000e+000
      vertex -2.297274e+001 -1.302423e+001  9.200000e+000
      vertex -2.300000e+001 -1.281718e+001  9.200000e+000
    endloop
  endfacet
  facet normal -6.061573e-001 -7.899584e-001  9.240741e-002
    outer loop
      vertex -2.260000e+001 -1.351000e+001  9.200000e+000
      vertex -2.267023e+001 -1.343271e+001  9.400000e+000
      vertex -2.276569e+001 -1.338286e+001  9.200000e+000
    endloop
  endfacet
  facet normal -4.950383e-001 -8.546730e-001  1.564331e-001
    outer loop
      vertex -2.260000e+001 -1.351000e+001  9.200000e+000
      vertex -2.258042e+001 -1.347609e+001  9.447213e+000
      vertex -2.267023e+001 -1.343271e+001  9.400000e+000
    endloop
  endfacet
  facet normal -4.686839e-001 -7.578772e-001  4.538253e-001
    outer loop
      vertex -2.252361e+001 -1.337768e+001  9.670228e+000
      vertex -2.267023e+001 -1.334078e+001  9.580422e+000
      vertex -2.258042e+001 -1.347609e+001  9.447213e+000
    endloop
  endfacet
  facet normal -4.633158e-001 -3.865228e-001  7.974575e-001
    outer loop
      vertex -2.243511e+001 -1.322441e+001  9.847214e+000
      vertex -2.244721e+001 -1.305229e+001  9.923607e+000
      vertex -2.267023e+001 -1.319760e+001  9.723607e+000
    endloop
  endfacet
  facet normal -4.341617e-001 -5.621451e-001  7.039152e-001
    outer loop
      vertex -2.243511e+001 -1.322441e+001  9.847214e+000
      vertex -2.267023e+001 -1.319760e+001  9.723607e+000
      vertex -2.252361e+001 -1.337768e+001  9.670228e+000
    endloop
  endfacet
  facet normal -1.986888e-001 -4.092311e-001  8.905351e-001
    outer loop
      vertex -2.232361e+001 -1.303127e+001  9.960845e+000
      vertex -2.244721e+001 -1.305229e+001  9.923607e+000
      vertex -2.243511e+001 -1.322441e+001  9.847214e+000
    endloop
  endfacet
  facet normal -1.558013e-001 -8.995254e-002  9.836842e-001
    outer loop
      vertex -2.220000e+001 -1.281718e+001  1.000000e+001
      vertex -2.244721e+001 -1.281718e+001  9.960845e+000
      vertex -2.232361e+001 -1.303127e+001  9.960845e+000
    endloop
  endfacet
  facet normal -9.238759e-001 -3.826780e-001  3.288575e-003
    outer loop
      vertex -2.296085e+001 -1.305229e+001  9.276393e+000
      vertex -2.297274e+001 -1.302423e+001  9.200000e+000
      vertex -2.289282e+001 -1.321718e+001  9.200000e+000
    endloop
  endfacet
  facet normal -8.910055e-001 -4.321093e-001  1.392508e-001
    outer loop
      vertex -2.296085e+001 -1.305229e+001  9.276393e+000
      vertex -2.289282e+001 -1.321718e+001  9.200000e+000
      vertex -2.284721e+001 -1.326439e+001  9.345308e+000
    endloop
  endfacet
  facet normal -7.923154e-001 -6.079649e-001  5.113699e-002
    outer loop
      vertex -2.284721e+001 -1.326439e+001  9.345308e+000
      vertex -2.289282e+001 -1.321718e+001  9.200000e+000
      vertex -2.276569e+001 -1.338286e+001  9.200000e+000
    endloop
  endfacet
  facet normal -7.060144e-001 -6.886302e-001  1.653246e-001
    outer loop
      vertex -2.284721e+001 -1.326439e+001  9.345308e+000
      vertex -2.276569e+001 -1.338286e+001  9.200000e+000
      vertex -2.267023e+001 -1.343271e+001  9.400000e+000
    endloop
  endfacet
  facet normal -9.858774e-001 -1.297956e-001  1.058251e-001
    outer loop
      vertex -2.300000e+001 -1.281718e+001  9.200000e+000
      vertex -2.297274e+001 -1.302423e+001  9.200000e+000
      vertex -2.296085e+001 -1.305229e+001  9.276393e+000
    endloop
  endfacet
  facet normal -9.873857e-001 -1.410756e-001  7.188194e-002
    outer loop
      vertex -2.300000e+001 -1.281718e+001  9.200000e+000
      vertex -2.296085e+001 -1.305229e+001  9.276393e+000
      vertex -2.296085e+001 -1.301718e+001  9.345308e+000
    endloop
  endfacet
  facet normal -9.873857e-001 -1.119584e-001  1.119584e-001
    outer loop
      vertex -2.300000e+001 -1.281718e+001  9.200000e+000
      vertex -2.296085e+001 -1.301718e+001  9.345308e+000
      vertex -2.296085e+001 -1.296248e+001  9.400000e+000
    endloop
  endfacet
  facet normal -9.873857e-001 -7.188194e-002  1.410756e-001
    outer loop
      vertex -2.300000e+001 -1.281718e+001  9.200000e+000
      vertex -2.296085e+001 -1.296248e+001  9.400000e+000
      vertex -2.296085e+001 -1.289357e+001  9.435114e+000
    endloop
  endfacet
  facet normal -9.873857e-001 -2.476831e-002  1.563838e-001
    outer loop
      vertex -2.300000e+001 -1.281718e+001  9.200000e+000
      vertex -2.296085e+001 -1.289357e+001  9.435114e+000
      vertex -2.296085e+001 -1.281718e+001  9.447213e+000
    endloop
  endfacet
  facet normal -8.887113e-001 -7.171882e-002  4.528229e-001
    outer loop
      vertex -2.296085e+001 -1.281718e+001  9.447213e+000
      vertex -2.296085e+001 -1.289357e+001  9.435114e+000
      vertex -2.284721e+001 -1.281718e+001  9.670228e+000
    endloop
  endfacet
  facet normal -8.887114e-001 -7.171842e-002  4.528228e-001
    outer loop
      vertex -2.284721e+001 -1.281718e+001  9.670228e+000
      vertex -2.296085e+001 -1.289357e+001  9.435114e+000
      vertex -2.284721e+001 -1.296248e+001  9.647214e+000
    endloop
  endfacet
  facet normal -7.027156e-001 -1.112960e-001  7.027118e-001
    outer loop
      vertex -2.284721e+001 -1.281718e+001  9.670228e+000
      vertex -2.284721e+001 -1.296248e+001  9.647214e+000
      vertex -2.267023e+001 -1.281718e+001  9.847214e+000
    endloop
  endfacet
  facet normal -7.027136e-001 -1.113002e-001  7.027131e-001
    outer loop
      vertex -2.267023e+001 -1.281718e+001  9.847214e+000
      vertex -2.284721e+001 -1.296248e+001  9.647214e+000
      vertex -2.267023e+001 -1.301718e+001  9.815536e+000
    endloop
  endfacet
  facet normal -4.495346e-001 -1.397388e-001  8.822651e-001
    outer loop
      vertex -2.267023e+001 -1.281718e+001  9.847214e+000
      vertex -2.267023e+001 -1.301718e+001  9.815536e+000
      vertex -2.244721e+001 -1.281718e+001  9.960845e+000
    endloop
  endfacet
  facet normal -4.495368e-001 -1.397359e-001  8.822644e-001
    outer loop
      vertex -2.244721e+001 -1.281718e+001  9.960845e+000
      vertex -2.267023e+001 -1.301718e+001  9.815536e+000
      vertex -2.244721e+001 -1.305229e+001  9.923607e+000
    endloop
  endfacet
  facet normal -2.615190e-001 -1.509891e-001  9.533153e-001
    outer loop
      vertex -2.244721e+001 -1.281718e+001  9.960845e+000
      vertex -2.244721e+001 -1.305229e+001  9.923607e+000
      vertex -2.232361e+001 -1.303127e+001  9.960845e+000
    endloop
  endfacet
  facet normal -8.887112e-001 -4.084973e-001  2.081406e-001
    outer loop
      vertex -2.296085e+001 -1.301718e+001  9.345308e+000
      vertex -2.296085e+001 -1.305229e+001  9.276393e+000
      vertex -2.284721e+001 -1.319760e+001  9.476393e+000
    endloop
  endfacet
  facet normal -8.887114e-001 -4.084964e-001  2.081414e-001
    outer loop
      vertex -2.284721e+001 -1.319760e+001  9.476393e+000
      vertex -2.296085e+001 -1.305229e+001  9.276393e+000
      vertex -2.284721e+001 -1.326439e+001  9.345308e+000
    endloop
  endfacet
  facet normal -7.027161e-001 -6.339235e-001  3.230034e-001
    outer loop
      vertex -2.284721e+001 -1.319760e+001  9.476393e+000
      vertex -2.284721e+001 -1.326439e+001  9.345308e+000
      vertex -2.267023e+001 -1.334078e+001  9.580422e+000
    endloop
  endfacet
  facet normal -7.027137e-001 -6.339277e-001  3.230003e-001
    outer loop
      vertex -2.267023e+001 -1.334078e+001  9.580422e+000
      vertex -2.284721e+001 -1.326439e+001  9.345308e+000
      vertex -2.267023e+001 -1.343271e+001  9.400000e+000
    endloop
  endfacet
  facet normal -5.560544e-001 -7.405573e-001  3.773305e-001
    outer loop
      vertex -2.267023e+001 -1.334078e+001  9.580422e+000
      vertex -2.267023e+001 -1.343271e+001  9.400000e+000
      vertex -2.258042e+001 -1.347609e+001  9.447213e+000
    endloop
  endfacet
  facet normal -8.887110e-001 -3.241857e-001  3.241857e-001
    outer loop
      vertex -2.296085e+001 -1.296248e+001  9.400000e+000
      vertex -2.296085e+001 -1.301718e+001  9.345308e+000
      vertex -2.284721e+001 -1.309357e+001  9.580422e+000
    endloop
  endfacet
  facet normal -8.887110e-001 -3.241857e-001  3.241857e-001
    outer loop
      vertex -2.284721e+001 -1.309357e+001  9.580422e+000
      vertex -2.296085e+001 -1.301718e+001  9.345308e+000
      vertex -2.284721e+001 -1.319760e+001  9.476393e+000
    endloop
  endfacet
  facet normal -7.027158e-001 -5.030857e-001  5.030857e-001
    outer loop
      vertex -2.284721e+001 -1.309357e+001  9.580422e+000
      vertex -2.284721e+001 -1.319760e+001  9.476393e+000
      vertex -2.267023e+001 -1.319760e+001  9.723607e+000
    endloop
  endfacet
  facet normal -7.027158e-001 -5.030858e-001  5.030858e-001
    outer loop
      vertex -2.267023e+001 -1.319760e+001  9.723607e+000
      vertex -2.284721e+001 -1.319760e+001  9.476393e+000
      vertex -2.267023e+001 -1.334078e+001  9.580422e+000
    endloop
  endfacet
  facet normal -5.214072e-001 -6.033798e-001  6.033798e-001
    outer loop
      vertex -2.267023e+001 -1.319760e+001  9.723607e+000
      vertex -2.267023e+001 -1.334078e+001  9.580422e+000
      vertex -2.252361e+001 -1.337768e+001  9.670228e+000
    endloop
  endfacet
  facet normal -8.887113e-001 -2.081404e-001  4.084967e-001
    outer loop
      vertex -2.296085e+001 -1.289357e+001  9.435114e+000
      vertex -2.296085e+001 -1.296248e+001  9.400000e+000
      vertex -2.284721e+001 -1.296248e+001  9.647214e+000
    endloop
  endfacet
  facet normal -8.887112e-001 -2.081415e-001  4.084966e-001
    outer loop
      vertex -2.284721e+001 -1.296248e+001  9.647214e+000
      vertex -2.296085e+001 -1.296248e+001  9.400000e+000
      vertex -2.284721e+001 -1.309357e+001  9.580422e+000
    endloop
  endfacet
  facet normal -7.027134e-001 -3.230046e-001  6.339259e-001
    outer loop
      vertex -2.284721e+001 -1.296248e+001  9.647214e+000
      vertex -2.284721e+001 -1.309357e+001  9.580422e+000
      vertex -2.267023e+001 -1.301718e+001  9.815536e+000
    endloop
  endfacet
  facet normal -7.027157e-001 -3.229994e-001  6.339259e-001
    outer loop
      vertex -2.267023e+001 -1.301718e+001  9.815536e+000
      vertex -2.284721e+001 -1.309357e+001  9.580422e+000
      vertex -2.267023e+001 -1.319760e+001  9.723607e+000
    endloop
  endfacet
  facet normal -4.495371e-001 -4.055304e-001  7.959030e-001
    outer loop
      vertex -2.267023e+001 -1.301718e+001  9.815536e+000
      vertex -2.267023e+001 -1.319760e+001  9.723607e+000
      vertex -2.244721e+001 -1.305229e+001  9.923607e+000
    endloop
  endfacet
  facet normal -9.876888e-001  0.000000e+000  1.564318e-001
    outer loop
      vertex -2.300000e+001  1.281718e+001  9.200000e+000
      vertex -2.300000e+001 -1.281718e+001  9.200000e+000
      vertex -2.296085e+001  1.281718e+001  9.447213e+000
    endloop
  endfacet
  facet normal -9.876888e-001  0.000000e+000  1.564318e-001
    outer loop
      vertex -2.296085e+001  1.281718e+001  9.447213e+000
      vertex -2.300000e+001 -1.281718e+001  9.200000e+000
      vertex -2.296085e+001 -1.281718e+001  9.447213e+000
    endloop
  endfacet
  facet normal -8.910058e-001  0.000000e+000  4.539920e-001
    outer loop
      vertex -2.296085e+001  1.281718e+001  9.447213e+000
      vertex -2.296085e+001 -1.281718e+001  9.447213e+000
      vertex -2.284721e+001  1.281718e+001  9.670228e+000
    endloop
  endfacet
  facet normal -8.910058e-001  0.000000e+000  4.539920e-001
    outer loop
      vertex -2.284721e+001  1.281718e+001  9.670228e+000
      vertex -2.296085e+001 -1.281718e+001  9.447213e+000
      vertex -2.284721e+001 -1.281718e+001  9.670228e+000
    endloop
  endfacet
  facet normal -7.071086e-001  0.000000e+000  7.071049e-001
    outer loop
      vertex -2.284721e+001  1.281718e+001  9.670228e+000
      vertex -2.284721e+001 -1.281718e+001  9.670228e+000
      vertex -2.267023e+001  1.281718e+001  9.847214e+000
    endloop
  endfacet
  facet normal -7.071086e-001  0.000000e+000  7.071049e-001
    outer loop
      vertex -2.267023e+001  1.281718e+001  9.847214e+000
      vertex -2.284721e+001 -1.281718e+001  9.670228e+000
      vertex -2.267023e+001 -1.281718e+001  9.847214e+000
    endloop
  endfacet
  facet normal -4.539890e-001  0.000000e+000  8.910073e-001
    outer loop
      vertex -2.267023e+001  1.281718e+001  9.847214e+000
      vertex -2.267023e+001 -1.281718e+001  9.847214e+000
      vertex -2.244721e+001  1.281718e+001  9.960845e+000
    endloop
  endfacet
  facet normal -4.539890e-001  0.000000e+000  8.910073e-001
    outer loop
      vertex -2.244721e+001  1.281718e+001  9.960845e+000
      vertex -2.267023e+001 -1.281718e+001  9.847214e+000
      vertex -2.244721e+001 -1.281718e+001  9.960845e+000
    endloop
  endfacet
  facet normal -1.564355e-001  0.000000e+000  9.876882e-001
    outer loop
      vertex -2.244721e+001  1.281718e+001  9.960845e+000
      vertex -2.244721e+001 -1.281718e+001  9.960845e+000
      vertex -2.220000e+001  1.281718e+001  1.000000e+001
    endloop
  endfacet
  facet normal -1.564355e-001  0.000000e+000  9.876882e-001
    outer loop
      vertex -2.220000e+001  1.281718e+001  1.000000e+001
      vertex -2.244721e+001 -1.281718e+001  9.960845e+000
      vertex -2.220000e+001 -1.281718e+001  1.000000e+001
    endloop
  endfacet
  facet normal -4.950383e-001  8.546730e-001  1.564331e-001
    outer loop
      vertex -2.260000e+001  1.351000e+001  9.200000e+000
      vertex -2.267023e+001  1.343271e+001  9.400000e+000
      vertex -2.258042e+001  1.347609e+001  9.447213e+000
    endloop
  endfacet
  facet normal -6.061573e-001  7.899584e-001  9.240741e-002
    outer loop
      vertex -2.260000e+001  1.351000e+001  9.200000e+000
      vertex -2.276569e+001  1.338286e+001  9.200000e+000
      vertex -2.267023e+001  1.343271e+001  9.400000e+000
    endloop
  endfacet
  facet normal -1.986888e-001  4.092311e-001  8.905351e-001
    outer loop
      vertex -2.232361e+001  1.303127e+001  9.960845e+000
      vertex -2.243511e+001  1.322441e+001  9.847214e+000
      vertex -2.244721e+001  1.305229e+001  9.923607e+000
    endloop
  endfacet
  facet normal -4.341617e-001  5.621451e-001  7.039152e-001
    outer loop
      vertex -2.252361e+001  1.337768e+001  9.670228e+000
      vertex -2.267023e+001  1.319760e+001  9.723607e+000
      vertex -2.243511e+001  1.322441e+001  9.847214e+000
    endloop
  endfacet
  facet normal -4.633158e-001  3.865228e-001  7.974575e-001
    outer loop
      vertex -2.267023e+001  1.319760e+001  9.723607e+000
      vertex -2.244721e+001  1.305229e+001  9.923607e+000
      vertex -2.243511e+001  1.322441e+001  9.847214e+000
    endloop
  endfacet
  facet normal -4.686839e-001  7.578772e-001  4.538253e-001
    outer loop
      vertex -2.258042e+001  1.347609e+001  9.447213e+000
      vertex -2.267023e+001  1.334078e+001  9.580422e+000
      vertex -2.252361e+001  1.337768e+001  9.670228e+000
    endloop
  endfacet
  facet normal -9.238759e-001  3.826780e-001  3.288575e-003
    outer loop
      vertex -2.289282e+001  1.321718e+001  9.200000e+000
      vertex -2.297274e+001  1.302423e+001  9.200000e+000
      vertex -2.296085e+001  1.305229e+001  9.276393e+000
    endloop
  endfacet
  facet normal -8.910055e-001  4.321093e-001  1.392508e-001
    outer loop
      vertex -2.296085e+001  1.305229e+001  9.276393e+000
      vertex -2.284721e+001  1.326439e+001  9.345308e+000
      vertex -2.289282e+001  1.321718e+001  9.200000e+000
    endloop
  endfacet
  facet normal -7.923154e-001  6.079649e-001  5.113699e-002
    outer loop
      vertex -2.276569e+001  1.338286e+001  9.200000e+000
      vertex -2.289282e+001  1.321718e+001  9.200000e+000
      vertex -2.284721e+001  1.326439e+001  9.345308e+000
    endloop
  endfacet
  facet normal -7.060144e-001  6.886302e-001  1.653246e-001
    outer loop
      vertex -2.284721e+001  1.326439e+001  9.345308e+000
      vertex -2.267023e+001  1.343271e+001  9.400000e+000
      vertex -2.276569e+001  1.338286e+001  9.200000e+000
    endloop
  endfacet
  facet normal -9.873857e-001  2.476831e-002  1.563838e-001
    outer loop
      vertex -2.300000e+001  1.281718e+001  9.200000e+000
      vertex -2.296085e+001  1.281718e+001  9.447213e+000
      vertex -2.296085e+001  1.289357e+001  9.435114e+000
    endloop
  endfacet
  facet normal -9.873857e-001  7.188194e-002  1.410756e-001
    outer loop
      vertex -2.300000e+001  1.281718e+001  9.200000e+000
      vertex -2.296085e+001  1.289357e+001  9.435114e+000
      vertex -2.296085e+001  1.296248e+001  9.400000e+000
    endloop
  endfacet
  facet normal -9.873857e-001  1.119584e-001  1.119584e-001
    outer loop
      vertex -2.300000e+001  1.281718e+001  9.200000e+000
      vertex -2.296085e+001  1.296248e+001  9.400000e+000
      vertex -2.296085e+001  1.301718e+001  9.345308e+000
    endloop
  endfacet
  facet normal -9.873857e-001  1.410756e-001  7.188194e-002
    outer loop
      vertex -2.300000e+001  1.281718e+001  9.200000e+000
      vertex -2.296085e+001  1.301718e+001  9.345308e+000
      vertex -2.296085e+001  1.305229e+001  9.276393e+000
    endloop
  endfacet
  facet normal -9.858774e-001  1.297956e-001  1.058251e-001
    outer loop
      vertex -2.300000e+001  1.281718e+001  9.200000e+000
      vertex -2.296085e+001  1.305229e+001  9.276393e+000
      vertex -2.297274e+001  1.302423e+001  9.200000e+000
    endloop
  endfacet
  facet normal -8.887114e-001  7.171878e-002  4.528227e-001
    outer loop
      vertex -2.296085e+001  1.289357e+001  9.435114e+000
      vertex -2.296085e+001  1.281718e+001  9.447213e+000
      vertex -2.284721e+001  1.296248e+001  9.647214e+000
    endloop
  endfacet
  facet normal -8.887114e-001  7.171844e-002  4.528229e-001
    outer loop
      vertex -2.284721e+001  1.296248e+001  9.647214e+000
      vertex -2.296085e+001  1.281718e+001  9.447213e+000
      vertex -2.284721e+001  1.281718e+001  9.670228e+000
    endloop
  endfacet
  facet normal -7.027134e-001  1.112964e-001  7.027140e-001
    outer loop
      vertex -2.284721e+001  1.296248e+001  9.647214e+000
      vertex -2.284721e+001  1.281718e+001  9.670228e+000
      vertex -2.267023e+001  1.301718e+001  9.815536e+000
    endloop
  endfacet
  facet normal -7.027153e-001  1.112999e-001  7.027115e-001
    outer loop
      vertex -2.267023e+001  1.301718e+001  9.815536e+000
      vertex -2.284721e+001  1.281718e+001  9.670228e+000
      vertex -2.267023e+001  1.281718e+001  9.847214e+000
    endloop
  endfacet
  facet normal -4.495369e-001  1.397386e-001  8.822639e-001
    outer loop
      vertex -2.267023e+001  1.301718e+001  9.815536e+000
      vertex -2.267023e+001  1.281718e+001  9.847214e+000
      vertex -2.244721e+001  1.305229e+001  9.923607e+000
    endloop
  endfacet
  facet normal -4.495348e-001  1.397360e-001  8.822654e-001
    outer loop
      vertex -2.244721e+001  1.305229e+001  9.923607e+000
      vertex -2.267023e+001  1.281718e+001  9.847214e+000
      vertex -2.244721e+001  1.281718e+001  9.960845e+000
    endloop
  endfacet
  facet normal -2.615190e-001  1.509891e-001  9.533153e-001
    outer loop
      vertex -2.244721e+001  1.305229e+001  9.923607e+000
      vertex -2.244721e+001  1.281718e+001  9.960845e+000
      vertex -2.232361e+001  1.303127e+001  9.960845e+000
    endloop
  endfacet
  facet normal -1.558013e-001  8.995254e-002  9.836842e-001
    outer loop
      vertex -2.232361e+001  1.303127e+001  9.960845e+000
      vertex -2.244721e+001  1.281718e+001  9.960845e+000
      vertex -2.220000e+001  1.281718e+001  1.000000e+001
    endloop
  endfacet
  facet normal -8.887112e-001  2.081406e-001  4.084973e-001
    outer loop
      vertex -2.296085e+001  1.296248e+001  9.400000e+000
      vertex -2.296085e+001  1.289357e+001  9.435114e+000
      vertex -2.284721e+001  1.309357e+001  9.580422e+000
    endloop
  endfacet
  facet normal -8.887114e-001  2.081414e-001  4.084964e-001
    outer loop
      vertex -2.284721e+001  1.309357e+001  9.580422e+000
      vertex -2.296085e+001  1.289357e+001  9.435114e+000
      vertex -2.284721e+001  1.296248e+001  9.647214e+000
    endloop
  endfacet
  facet normal -7.027161e-001  3.230034e-001  6.339235e-001
    outer loop
      vertex -2.284721e+001  1.309357e+001  9.580422e+000
      vertex -2.284721e+001  1.296248e+001  9.647214e+000
      vertex -2.267023e+001  1.319760e+001  9.723607e+000
    endloop
  endfacet
  facet normal -7.027137e-001  3.230003e-001  6.339277e-001
    outer loop
      vertex -2.267023e+001  1.319760e+001  9.723607e+000
      vertex -2.284721e+001  1.296248e+001  9.647214e+000
      vertex -2.267023e+001  1.301718e+001  9.815536e+000
    endloop
  endfacet
  facet normal -4.495371e-001  4.055304e-001  7.959030e-001
    outer loop
      vertex -2.267023e+001  1.319760e+001  9.723607e+000
      vertex -2.267023e+001  1.301718e+001  9.815536e+000
      vertex -2.244721e+001  1.305229e+001  9.923607e+000
    endloop
  endfacet
  facet normal -8.887110e-001  3.241857e-001  3.241857e-001
    outer loop
      vertex -2.296085e+001  1.301718e+001  9.345308e+000
      vertex -2.296085e+001  1.296248e+001  9.400000e+000
      vertex -2.284721e+001  1.319760e+001  9.476393e+000
    endloop
  endfacet
  facet normal -8.887110e-001  3.241857e-001  3.241857e-001
    outer loop
      vertex -2.284721e+001  1.319760e+001  9.476393e+000
      vertex -2.296085e+001  1.296248e+001  9.400000e+000
      vertex -2.284721e+001  1.309357e+001  9.580422e+000
    endloop
  endfacet
  facet normal -7.027158e-001  5.030857e-001  5.030857e-001
    outer loop
      vertex -2.284721e+001  1.319760e+001  9.476393e+000
      vertex -2.284721e+001  1.309357e+001  9.580422e+000
      vertex -2.267023e+001  1.334078e+001  9.580422e+000
    endloop
  endfacet
  facet normal -7.027158e-001  5.030858e-001  5.030858e-001
    outer loop
      vertex -2.267023e+001  1.334078e+001  9.580422e+000
      vertex -2.284721e+001  1.309357e+001  9.580422e+000
      vertex -2.267023e+001  1.319760e+001  9.723607e+000
    endloop
  endfacet
  facet normal -5.214072e-001  6.033798e-001  6.033798e-001
    outer loop
      vertex -2.267023e+001  1.334078e+001  9.580422e+000
      vertex -2.267023e+001  1.319760e+001  9.723607e+000
      vertex -2.252361e+001  1.337768e+001  9.670228e+000
    endloop
  endfacet
  facet normal -8.887113e-001  4.084967e-001  2.081404e-001
    outer loop
      vertex -2.296085e+001  1.305229e+001  9.276393e+000
      vertex -2.296085e+001  1.301718e+001  9.345308e+000
      vertex -2.284721e+001  1.326439e+001  9.345308e+000
    endloop
  endfacet
  facet normal -8.887112e-001  4.084966e-001  2.081415e-001
    outer loop
      vertex -2.284721e+001  1.326439e+001  9.345308e+000
      vertex -2.296085e+001  1.301718e+001  9.345308e+000
      vertex -2.284721e+001  1.319760e+001  9.476393e+000
    endloop
  endfacet
  facet normal -7.027134e-001  6.339259e-001  3.230046e-001
    outer loop
      vertex -2.284721e+001  1.326439e+001  9.345308e+000
      vertex -2.284721e+001  1.319760e+001  9.476393e+000
      vertex -2.267023e+001  1.343271e+001  9.400000e+000
    endloop
  endfacet
  facet normal -7.027157e-001  6.339259e-001  3.229994e-001
    outer loop
      vertex -2.267023e+001  1.343271e+001  9.400000e+000
      vertex -2.284721e+001  1.319760e+001  9.476393e+000
      vertex -2.267023e+001  1.334078e+001  9.580422e+000
    endloop
  endfacet
  facet normal -5.560544e-001  7.405573e-001  3.773305e-001
    outer loop
      vertex -2.267023e+001  1.343271e+001  9.400000e+000
      vertex -2.267023e+001  1.334078e+001  9.580422e+000
      vertex -2.258042e+001  1.347609e+001  9.447213e+000
    endloop
  endfacet
  facet normal  9.876888e-001  0.000000e+000  1.564318e-001
    outer loop
      vertex  2.300000e+001 -1.281718e+001  9.200000e+000
      vertex  2.300000e+001  1.281718e+001  9.200000e+000
      vertex  2.296085e+001 -1.281718e+001  9.447213e+000
    endloop
  endfacet
  facet normal  9.876888e-001  -0.000000e+000  1.564318e-001
    outer loop
      vertex  2.296085e+001 -1.281718e+001  9.447213e+000
      vertex  2.300000e+001  1.281718e+001  9.200000e+000
      vertex  2.296085e+001  1.281718e+001  9.447213e+000
    endloop
  endfacet
  facet normal  8.910058e-001  0.000000e+000  4.539920e-001
    outer loop
      vertex  2.296085e+001 -1.281718e+001  9.447213e+000
      vertex  2.296085e+001  1.281718e+001  9.447213e+000
      vertex  2.284721e+001 -1.281718e+001  9.670228e+000
    endloop
  endfacet
  facet normal  8.910058e-001  -0.000000e+000  4.539920e-001
    outer loop
      vertex  2.284721e+001 -1.281718e+001  9.670228e+000
      vertex  2.296085e+001  1.281718e+001  9.447213e+000
      vertex  2.284721e+001  1.281718e+001  9.670228e+000
    endloop
  endfacet
  facet normal  7.071086e-001  0.000000e+000  7.071049e-001
    outer loop
      vertex  2.284721e+001 -1.281718e+001  9.670228e+000
      vertex  2.284721e+001  1.281718e+001  9.670228e+000
      vertex  2.267023e+001 -1.281718e+001  9.847214e+000
    endloop
  endfacet
  facet normal  7.071086e-001  -0.000000e+000  7.071049e-001
    outer loop
      vertex  2.267023e+001 -1.281718e+001  9.847214e+000
      vertex  2.284721e+001  1.281718e+001  9.670228e+000
      vertex  2.267023e+001  1.281718e+001  9.847214e+000
    endloop
  endfacet
  facet normal  4.539890e-001  0.000000e+000  8.910073e-001
    outer loop
      vertex  2.267023e+001 -1.281718e+001  9.847214e+000
      vertex  2.267023e+001  1.281718e+001  9.847214e+000
      vertex  2.244721e+001 -1.281718e+001  9.960845e+000
    endloop
  endfacet
  facet normal  4.539890e-001  -0.000000e+000  8.910073e-001
    outer loop
      vertex  2.244721e+001 -1.281718e+001  9.960845e+000
      vertex  2.267023e+001  1.281718e+001  9.847214e+000
      vertex  2.244721e+001  1.281718e+001  9.960845e+000
    endloop
  endfacet
  facet normal  1.564355e-001  0.000000e+000  9.876882e-001
    outer loop
      vertex  2.244721e+001 -1.281718e+001  9.960845e+000
      vertex  2.244721e+001  1.281718e+001  9.960845e+000
      vertex  2.220000e+001 -1.281718e+001  1.000000e+001
    endloop
  endfacet
  facet normal  1.564355e-001  -0.000000e+000  9.876882e-001
    outer loop
      vertex  2.220000e+001 -1.281718e+001  1.000000e+001
      vertex  2.244721e+001  1.281718e+001  9.960845e+000
      vertex  2.220000e+001  1.281718e+001  1.000000e+001
    endloop
  endfacet
  facet normal  1.000000e+000  0.000000e+000  0.000000e+000
    outer loop
      vertex  2.300000e+001 -1.281718e+001  9.200000e+000
      vertex  2.300000e+001 -1.281718e+001  0.000000e+000
      vertex  2.300000e+001  1.281718e+001  9.200000e+000
    endloop
  endfacet
  facet normal  1.000000e+000  0.000000e+000  0.000000e+000
    outer loop
      vertex  2.300000e+001  1.281718e+001  9.200000e+000
      vertex  2.300000e+001 -1.281718e+001  0.000000e+000
      vertex  2.300000e+001  1.281718e+001  0.000000e+000
    endloop
  endfacet
  facet normal  4.999999e-001 -8.660254e-001  0.000000e+000
    outer loop
      vertex  4.000000e-001 -2.632717e+001  9.200000e+000
      vertex  4.000000e-001 -2.632717e+001  0.000000e+000
      vertex  2.260000e+001 -1.351000e+001  9.200000e+000
    endloop
  endfacet
  facet normal  4.999999e-001 -8.660254e-001  0.000000e+000
    outer loop
      vertex  2.260000e+001 -1.351000e+001  9.200000e+000
      vertex  4.000000e-001 -2.632717e+001  0.000000e+000
      vertex  2.260000e+001 -1.351000e+001  0.000000e+000
    endloop
  endfacet
  facet normal  3.826891e-001 -9.238772e-001  0.000000e+000
    outer loop
      vertex  4.000000e-001 -2.632717e+001  0.000000e+000
      vertex  4.000000e-001 -2.632717e+001  9.200000e+000
      vertex  2.070552e-001 -2.640709e+001  0.000000e+000
    endloop
  endfacet
  facet normal  3.826891e-001 -9.238772e-001  0.000000e+000
    outer loop
      vertex  2.070552e-001 -2.640709e+001  0.000000e+000
      vertex  4.000000e-001 -2.632717e+001  9.200000e+000
      vertex  2.070552e-001 -2.640709e+001  9.200000e+000
    endloop
  endfacet
  facet normal  1.305285e-001 -9.914445e-001  0.000000e+000
    outer loop
      vertex  2.070552e-001 -2.640709e+001  0.000000e+000
      vertex  2.070552e-001 -2.640709e+001  9.200000e+000
      vertex -5.094847e-015 -2.643435e+001  0.000000e+000
    endloop
  endfacet
  facet normal  1.305285e-001 -9.914445e-001  1.041141e-017
    outer loop
      vertex -5.094847e-015 -2.643435e+001  0.000000e+000
      vertex  2.070552e-001 -2.640709e+001  9.200000e+000
      vertex -5.828671e-015 -2.643435e+001  9.200000e+000
    endloop
  endfacet
  facet normal -1.305285e-001 -9.914445e-001 -1.041141e-017
    outer loop
      vertex -5.094847e-015 -2.643435e+001  0.000000e+000
      vertex -5.828671e-015 -2.643435e+001  9.200000e+000
      vertex -2.070552e-001 -2.640709e+001  0.000000e+000
    endloop
  endfacet
  facet normal -1.305285e-001 -9.914445e-001  0.000000e+000
    outer loop
      vertex -2.070552e-001 -2.640709e+001  0.000000e+000
      vertex -5.828671e-015 -2.643435e+001  9.200000e+000
      vertex -2.070552e-001 -2.640709e+001  9.200000e+000
    endloop
  endfacet
  facet normal -3.826891e-001 -9.238772e-001  -0.000000e+000
    outer loop
      vertex -2.070552e-001 -2.640709e+001  0.000000e+000
      vertex -2.070552e-001 -2.640709e+001  9.200000e+000
      vertex -4.000000e-001 -2.632717e+001  0.000000e+000
    endloop
  endfacet
  facet normal -3.826891e-001 -9.238772e-001  0.000000e+000
    outer loop
      vertex -4.000000e-001 -2.632717e+001  0.000000e+000
      vertex -2.070552e-001 -2.640709e+001  9.200000e+000
      vertex -4.000000e-001 -2.632717e+001  9.200000e+000
    endloop
  endfacet
  facet normal  9.914445e-001 -1.305286e-001  0.000000e+000
    outer loop
      vertex  2.300000e+001 -1.281718e+001  0.000000e+000
      vertex  2.300000e+001 -1.281718e+001  9.200000e+000
      vertex  2.297274e+001 -1.302423e+001  0.000000e+000
    endloop
  endfacet
  facet normal  9.914445e-001 -1.305286e-001  0.000000e+000
    outer loop
      vertex  2.297274e+001 -1.302423e+001  0.000000e+000
      vertex  2.300000e+001 -1.281718e+001  9.200000e+000
      vertex  2.297274e+001 -1.302423e+001  9.200000e+000
    endloop
  endfacet
  facet normal  9.238809e-001 -3.826801e-001  0.000000e+000
    outer loop
      vertex  2.297274e+001 -1.302423e+001  0.000000e+000
      vertex  2.297274e+001 -1.302423e+001  9.200000e+000
      vertex  2.289282e+001 -1.321718e+001  0.000000e+000
    endloop
  endfacet
  facet normal  9.238809e-001 -3.826801e-001  0.000000e+000
    outer loop
      vertex  2.289282e+001 -1.321718e+001  0.000000e+000
      vertex  2.297274e+001 -1.302423e+001  9.200000e+000
      vertex  2.289282e+001 -1.321718e+001  9.200000e+000
    endloop
  endfacet
  facet normal  7.933533e-001 -6.087613e-001  0.000000e+000
    outer loop
      vertex  2.289282e+001 -1.321718e+001  0.000000e+000
      vertex  2.289282e+001 -1.321718e+001  9.200000e+000
      vertex  2.276569e+001 -1.338286e+001  0.000000e+000
    endloop
  endfacet
  facet normal  7.933533e-001 -6.087613e-001  0.000000e+000
    outer loop
      vertex  2.276569e+001 -1.338286e+001  0.000000e+000
      vertex  2.289282e+001 -1.321718e+001  9.200000e+000
      vertex  2.276569e+001 -1.338286e+001  9.200000e+000
    endloop
  endfacet
  facet normal  6.087620e-001 -7.933529e-001  0.000000e+000
    outer loop
      vertex  2.276569e+001 -1.338286e+001  0.000000e+000
      vertex  2.276569e+001 -1.338286e+001  9.200000e+000
      vertex  2.260000e+001 -1.351000e+001  0.000000e+000
    endloop
  endfacet
  facet normal  6.087620e-001 -7.933529e-001  0.000000e+000
    outer loop
      vertex  2.260000e+001 -1.351000e+001  0.000000e+000
      vertex  2.276569e+001 -1.338286e+001  9.200000e+000
      vertex  2.260000e+001 -1.351000e+001  9.200000e+000
    endloop
  endfacet
  facet normal  9.872029e-001 -1.299701e-001  9.240213e-002
    outer loop
      vertex  2.300000e+001 -1.281718e+001  9.200000e+000
      vertex  2.296819e+001 -1.291664e+001  9.400000e+000
      vertex  2.297274e+001 -1.302423e+001  9.200000e+000
    endloop
  endfacet
  facet normal  9.876879e-001 -1.373185e-003  1.564316e-001
    outer loop
      vertex  2.300000e+001 -1.281718e+001  9.200000e+000
      vertex  2.296085e+001 -1.281718e+001  9.447213e+000
      vertex  2.296819e+001 -1.291664e+001  9.400000e+000
    endloop
  endfacet
  facet normal  8.906820e-001 -2.695679e-002  4.538270e-001
    outer loop
      vertex  2.284721e+001 -1.281718e+001  9.670228e+000
      vertex  2.288857e+001 -1.296260e+001  9.580422e+000
      vertex  2.296085e+001 -1.281718e+001  9.447213e+000
    endloop
  endfacet
  facet normal  5.663946e-001 -2.079859e-001  7.974578e-001
    outer loop
      vertex  2.267023e+001 -1.281718e+001  9.847214e+000
      vertex  2.252722e+001 -1.291371e+001  9.923607e+000
      vertex  2.276457e+001 -1.303419e+001  9.723607e+000
    endloop
  endfacet
  facet normal  7.039158e-001 -9.492254e-002  7.039120e-001
    outer loop
      vertex  2.267023e+001 -1.281718e+001  9.847214e+000
      vertex  2.276457e+001 -1.303419e+001  9.723607e+000
      vertex  2.284721e+001 -1.281718e+001  9.670228e+000
    endloop
  endfacet
  facet normal  4.537485e-001  3.254147e-002  8.905354e-001
    outer loop
      vertex  2.244721e+001 -1.281718e+001  9.960845e+000
      vertex  2.252722e+001 -1.291371e+001  9.923607e+000
      vertex  2.267023e+001 -1.281718e+001  9.847214e+000
    endloop
  endfacet
  facet normal  1.558013e-001 -8.995254e-002  9.836842e-001
    outer loop
      vertex  2.220000e+001 -1.281718e+001  1.000000e+001
      vertex  2.232361e+001 -1.303127e+001  9.960845e+000
      vertex  2.244721e+001 -1.281718e+001  9.960845e+000
    endloop
  endfacet
  facet normal  7.933490e-001 -6.087580e-001  3.315960e-003
    outer loop
      vertex  2.278404e+001 -1.335853e+001  9.276393e+000
      vertex  2.276569e+001 -1.338286e+001  9.200000e+000
      vertex  2.289282e+001 -1.321718e+001  9.200000e+000
    endloop
  endfacet
  facet normal  8.197162e-001 -5.555846e-001  1.392518e-001
    outer loop
      vertex  2.278404e+001 -1.335853e+001  9.276393e+000
      vertex  2.289282e+001 -1.321718e+001  9.200000e+000
      vertex  2.291091e+001 -1.315407e+001  9.345308e+000
    endloop
  endfacet
  facet normal  9.226725e-001 -3.821795e-001  5.113231e-002
    outer loop
      vertex  2.291091e+001 -1.315407e+001  9.345308e+000
      vertex  2.289282e+001 -1.321718e+001  9.200000e+000
      vertex  2.297274e+001 -1.302423e+001  9.200000e+000
    endloop
  endfacet
  facet normal  9.493796e-001 -2.671108e-001  1.653181e-001
    outer loop
      vertex  2.291091e+001 -1.315407e+001  9.345308e+000
      vertex  2.297274e+001 -1.302423e+001  9.200000e+000
      vertex  2.296819e+001 -1.291664e+001  9.400000e+000
    endloop
  endfacet
  facet normal  6.053420e-001 -7.888958e-001  1.058512e-001
    outer loop
      vertex  2.260000e+001 -1.351000e+001  9.200000e+000
      vertex  2.276569e+001 -1.338286e+001  9.200000e+000
      vertex  2.278404e+001 -1.335853e+001  9.276393e+000
    endloop
  endfacet
  facet normal  6.158748e-001 -7.845584e-001  7.187721e-002
    outer loop
      vertex  2.260000e+001 -1.351000e+001  9.200000e+000
      vertex  2.278404e+001 -1.335853e+001  9.276393e+000
      vertex  2.275363e+001 -1.337609e+001  9.345308e+000
    endloop
  endfacet
  facet normal  5.906494e-001 -7.991224e-001  1.119682e-001
    outer loop
      vertex  2.260000e+001 -1.351000e+001  9.200000e+000
      vertex  2.275363e+001 -1.337609e+001  9.345308e+000
      vertex  2.270626e+001 -1.340343e+001  9.400000e+000
    endloop
  endfacet
  facet normal  5.559580e-001 -8.191515e-001  1.410720e-001
    outer loop
      vertex  2.260000e+001 -1.351000e+001  9.200000e+000
      vertex  2.270626e+001 -1.340343e+001  9.400000e+000
      vertex  2.264658e+001 -1.343789e+001  9.435114e+000
    endloop
  endfacet
  facet normal  5.151435e-001 -8.427164e-001  1.563852e-001
    outer loop
      vertex  2.260000e+001 -1.351000e+001  9.200000e+000
      vertex  2.264658e+001 -1.343789e+001  9.435114e+000
      vertex  2.258042e+001 -1.347609e+001  9.447213e+000
    endloop
  endfacet
  facet normal  5.064667e-001 -7.337877e-001  4.528213e-001
    outer loop
      vertex  2.258042e+001 -1.347609e+001  9.447213e+000
      vertex  2.264658e+001 -1.343789e+001  9.435114e+000
      vertex  2.252361e+001 -1.337768e+001  9.670228e+000
    endloop
  endfacet
  facet normal  5.064670e-001 -7.337874e-001  4.528213e-001
    outer loop
      vertex  2.252361e+001 -1.337768e+001  9.670228e+000
      vertex  2.264658e+001 -1.343789e+001  9.435114e+000
      vertex  2.264945e+001 -1.330503e+001  9.647214e+000
    endloop
  endfacet
  facet normal  4.477426e-001 -5.529181e-001  7.027149e-001
    outer loop
      vertex  2.252361e+001 -1.337768e+001  9.670228e+000
      vertex  2.264945e+001 -1.330503e+001  9.647214e+000
      vertex  2.243511e+001 -1.322441e+001  9.847214e+000
    endloop
  endfacet
  facet normal  4.477445e-001 -5.529154e-001  7.027158e-001
    outer loop
      vertex  2.243511e+001 -1.322441e+001  9.847214e+000
      vertex  2.264945e+001 -1.330503e+001  9.647214e+000
      vertex  2.260832e+001 -1.312441e+001  9.815536e+000
    endloop
  endfacet
  facet normal  3.457848e-001 -3.194393e-001  8.822649e-001
    outer loop
      vertex  2.243511e+001 -1.322441e+001  9.847214e+000
      vertex  2.260832e+001 -1.312441e+001  9.815536e+000
      vertex  2.232361e+001 -1.303127e+001  9.960845e+000
    endloop
  endfacet
  facet normal  3.457828e-001 -3.194442e-001  8.822639e-001
    outer loop
      vertex  2.232361e+001 -1.303127e+001  9.960845e+000
      vertex  2.260832e+001 -1.312441e+001  9.815536e+000
      vertex  2.252722e+001 -1.291371e+001  9.923607e+000
    endloop
  endfacet
  facet normal  2.615203e-001 -1.509899e-001  9.533148e-001
    outer loop
      vertex  2.232361e+001 -1.303127e+001  9.960845e+000
      vertex  2.252722e+001 -1.291371e+001  9.923607e+000
      vertex  2.244721e+001 -1.281718e+001  9.960845e+000
    endloop
  endfacet
  facet normal  7.981292e-001 -5.653945e-001  2.081319e-001
    outer loop
      vertex  2.275363e+001 -1.337609e+001  9.345308e+000
      vertex  2.278404e+001 -1.335853e+001  9.276393e+000
      vertex  2.285306e+001 -1.318747e+001  9.476393e+000
    endloop
  endfacet
  facet normal  7.981191e-001 -5.654044e-001  2.081438e-001
    outer loop
      vertex  2.285306e+001 -1.318747e+001  9.476393e+000
      vertex  2.278404e+001 -1.335853e+001  9.276393e+000
      vertex  2.291091e+001 -1.315407e+001  9.345308e+000
    endloop
  endfacet
  facet normal  9.003494e-001 -2.916098e-001  3.230088e-001
    outer loop
      vertex  2.285306e+001 -1.318747e+001  9.476393e+000
      vertex  2.291091e+001 -1.315407e+001  9.345308e+000
      vertex  2.288857e+001 -1.296260e+001  9.580422e+000
    endloop
  endfacet
  facet normal  9.003521e-001 -2.916052e-001  3.230053e-001
    outer loop
      vertex  2.288857e+001 -1.296260e+001  9.580422e+000
      vertex  2.291091e+001 -1.315407e+001  9.345308e+000
      vertex  2.296819e+001 -1.291664e+001  9.400000e+000
    endloop
  endfacet
  facet normal  9.193663e-001 -1.112766e-001  3.773369e-001
    outer loop
      vertex  2.288857e+001 -1.296260e+001  9.580422e+000
      vertex  2.296819e+001 -1.291664e+001  9.400000e+000
      vertex  2.296085e+001 -1.281718e+001  9.447213e+000
    endloop
  endfacet
  facet normal  7.251002e-001 -6.075614e-001  3.241893e-001
    outer loop
      vertex  2.270626e+001 -1.340343e+001  9.400000e+000
      vertex  2.275363e+001 -1.337609e+001  9.345308e+000
      vertex  2.276297e+001 -1.323948e+001  9.580422e+000
    endloop
  endfacet
  facet normal  7.251089e-001 -6.075536e-001  3.241844e-001
    outer loop
      vertex  2.276297e+001 -1.323948e+001  9.580422e+000
      vertex  2.275363e+001 -1.337609e+001  9.345308e+000
      vertex  2.285306e+001 -1.318747e+001  9.476393e+000
    endloop
  endfacet
  facet normal  7.870443e-001 -3.570259e-001  5.030844e-001
    outer loop
      vertex  2.276297e+001 -1.323948e+001  9.580422e+000
      vertex  2.285306e+001 -1.318747e+001  9.476393e+000
      vertex  2.276457e+001 -1.303419e+001  9.723607e+000
    endloop
  endfacet
  facet normal  7.870443e-001 -3.570258e-001  5.030843e-001
    outer loop
      vertex  2.276457e+001 -1.303419e+001  9.723607e+000
      vertex  2.285306e+001 -1.318747e+001  9.476393e+000
      vertex  2.288857e+001 -1.296260e+001  9.580422e+000
    endloop
  endfacet
  facet normal  7.832479e-001 -1.498614e-001  6.033774e-001
    outer loop
      vertex  2.276457e+001 -1.303419e+001  9.723607e+000
      vertex  2.288857e+001 -1.296260e+001  9.580422e+000
      vertex  2.284721e+001 -1.281718e+001  9.670228e+000
    endloop
  endfacet
  facet normal  6.246233e-001 -6.655686e-001  4.084900e-001
    outer loop
      vertex  2.264658e+001 -1.343789e+001  9.435114e+000
      vertex  2.270626e+001 -1.340343e+001  9.400000e+000
      vertex  2.264945e+001 -1.330503e+001  9.647214e+000
    endloop
  endfacet
  facet normal  6.246138e-001 -6.655769e-001  4.084911e-001
    outer loop
      vertex  2.264945e+001 -1.330503e+001  9.647214e+000
      vertex  2.270626e+001 -1.340343e+001  9.400000e+000
      vertex  2.276297e+001 -1.323948e+001  9.580422e+000
    endloop
  endfacet
  facet normal  6.310894e-001 -4.470595e-001  6.339275e-001
    outer loop
      vertex  2.264945e+001 -1.330503e+001  9.647214e+000
      vertex  2.276297e+001 -1.323948e+001  9.580422e+000
      vertex  2.260832e+001 -1.312441e+001  9.815536e+000
    endloop
  endfacet
  facet normal  6.310814e-001 -4.470705e-001  6.339276e-001
    outer loop
      vertex  2.260832e+001 -1.312441e+001  9.815536e+000
      vertex  2.276297e+001 -1.323948e+001  9.580422e+000
      vertex  2.276457e+001 -1.303419e+001  9.723607e+000
    endloop
  endfacet
  facet normal  5.759665e-001 -1.865489e-001  7.959033e-001
    outer loop
      vertex  2.260832e+001 -1.312441e+001  9.815536e+000
      vertex  2.276457e+001 -1.303419e+001  9.723607e+000
      vertex  2.252722e+001 -1.291371e+001  9.923607e+000
    endloop
  endfacet
  facet normal  4.938443e-001 -8.553634e-001  1.564333e-001
    outer loop
      vertex  4.000000e-001 -2.632717e+001  9.200000e+000
      vertex  2.260000e+001 -1.351000e+001  9.200000e+000
      vertex  3.804226e-001 -2.629326e+001  9.447213e+000
    endloop
  endfacet
  facet normal  4.938443e-001 -8.553634e-001  1.564333e-001
    outer loop
      vertex  3.804226e-001 -2.629326e+001  9.447213e+000
      vertex  2.260000e+001 -1.351000e+001  9.200000e+000
      vertex  2.258042e+001 -1.347609e+001  9.447213e+000
    endloop
  endfacet
  facet normal  4.455033e-001 -7.716345e-001  4.539903e-001
    outer loop
      vertex  3.804226e-001 -2.629326e+001  9.447213e+000
      vertex  2.258042e+001 -1.347609e+001  9.447213e+000
      vertex  3.236068e-001 -2.619485e+001  9.670228e+000
    endloop
  endfacet
  facet normal  4.455033e-001 -7.716345e-001  4.539903e-001
    outer loop
      vertex  3.236068e-001 -2.619485e+001  9.670228e+000
      vertex  2.258042e+001 -1.347609e+001  9.447213e+000
      vertex  2.252361e+001 -1.337768e+001  9.670228e+000
    endloop
  endfacet
  facet normal  3.535544e-001 -6.123743e-001  7.071046e-001
    outer loop
      vertex  3.236068e-001 -2.619485e+001  9.670228e+000
      vertex  2.252361e+001 -1.337768e+001  9.670228e+000
      vertex  2.351141e-001 -2.604158e+001  9.847214e+000
    endloop
  endfacet
  facet normal  3.535528e-001 -6.123714e-001  7.071079e-001
    outer loop
      vertex  2.351141e-001 -2.604158e+001  9.847214e+000
      vertex  2.252361e+001 -1.337768e+001  9.670228e+000
      vertex  2.243511e+001 -1.322441e+001  9.847214e+000
    endloop
  endfacet
  facet normal  2.269955e-001 -3.931677e-001  8.910064e-001
    outer loop
      vertex  2.351141e-001 -2.604158e+001  9.847214e+000
      vertex  2.243511e+001 -1.322441e+001  9.847214e+000
      vertex  1.236068e-001 -2.584845e+001  9.960845e+000
    endloop
  endfacet
  facet normal  2.269947e-001 -3.931663e-001  8.910071e-001
    outer loop
      vertex  1.236068e-001 -2.584845e+001  9.960845e+000
      vertex  2.243511e+001 -1.322441e+001  9.847214e+000
      vertex  2.232361e+001 -1.303127e+001  9.960845e+000
    endloop
  endfacet
  facet normal  7.821730e-002 -1.354763e-001  9.876884e-001
    outer loop
      vertex  1.236068e-001 -2.584845e+001  9.960845e+000
      vertex  2.232361e+001 -1.303127e+001  9.960845e+000
      vertex -7.105427e-015 -2.563435e+001  1.000000e+001
    endloop
  endfacet
  facet normal  7.821783e-002 -1.354773e-001  9.876881e-001
    outer loop
      vertex -7.105427e-015 -2.563435e+001  1.000000e+001
      vertex  2.232361e+001 -1.303127e+001  9.960845e+000
      vertex  2.220000e+001 -1.281718e+001  1.000000e+001
    endloop
  endfacet
  facet normal -4.926586e-001 -8.560468e-001  1.564339e-001
    outer loop
      vertex -4.000000e-001 -2.632717e+001  9.200000e+000
      vertex -2.979563e-001 -2.634935e+001  9.400000e+000
      vertex -3.804226e-001 -2.629326e+001  9.447213e+000
    endloop
  endfacet
  facet normal -3.810517e-001 -9.199243e-001  9.240632e-002
    outer loop
      vertex -4.000000e-001 -2.632717e+001  9.200000e+000
      vertex -2.070552e-001 -2.640709e+001  9.200000e+000
      vertex -2.979563e-001 -2.634935e+001  9.400000e+000
    endloop
  endfacet
  facet normal -2.550538e-001 -3.766889e-001  8.905352e-001
    outer loop
      vertex -1.236068e-001 -2.584845e+001  9.960845e+000
      vertex -2.351141e-001 -2.604158e+001  9.847214e+000
      vertex -8.000799e-002 -2.596600e+001  9.923607e+000
    endloop
  endfacet
  facet normal -2.697523e-001 -6.570716e-001  7.039109e-001
    outer loop
      vertex -3.236068e-001 -2.619485e+001  9.670228e+000
      vertex -9.434154e-002 -2.623179e+001  9.723607e+000
      vertex -2.351141e-001 -2.604158e+001  9.847214e+000
    endloop
  endfacet
  facet normal -1.030731e-001 -5.945051e-001  7.974582e-001
    outer loop
      vertex -9.434154e-002 -2.623179e+001  9.723607e+000
      vertex -8.000799e-002 -2.596600e+001  9.923607e+000
      vertex -2.351141e-001 -2.604158e+001  9.847214e+000
    endloop
  endfacet
  facet normal -4.220014e-001 -7.848299e-001  4.538249e-001
    outer loop
      vertex -3.804226e-001 -2.629326e+001  9.447213e+000
      vertex -2.183427e-001 -2.630338e+001  9.580422e+000
      vertex -3.236068e-001 -2.619485e+001  9.670228e+000
    endloop
  endfacet
  facet normal  1.305278e-001 -9.914391e-001  3.312799e-003
    outer loop
      vertex -5.828671e-015 -2.643435e+001  9.200000e+000
      vertex  2.070552e-001 -2.640709e+001  9.200000e+000
      vertex  1.768078e-001 -2.641082e+001  9.276393e+000
    endloop
  endfacet
  facet normal  7.129141e-002 -9.876868e-001  1.392563e-001
    outer loop
      vertex  1.768078e-001 -2.641082e+001  9.276393e+000
      vertex -6.369153e-002 -2.641846e+001  9.345308e+000
      vertex -5.828671e-015 -2.643435e+001  9.200000e+000
    endloop
  endfacet
  facet normal -1.303577e-001 -9.901472e-001  5.113864e-002
    outer loop
      vertex -2.070552e-001 -2.640709e+001  9.200000e+000
      vertex -5.828671e-015 -2.643435e+001  9.200000e+000
      vertex -6.369153e-002 -2.641846e+001  9.345308e+000
    endloop
  endfacet
  facet normal -2.433656e-001 -9.557407e-001  1.653262e-001
    outer loop
      vertex -6.369153e-002 -2.641846e+001  9.345308e+000
      vertex -2.979563e-001 -2.634935e+001  9.400000e+000
      vertex -2.070552e-001 -2.640709e+001  9.200000e+000
    endloop
  endfacet
  facet normal  4.722421e-001 -8.674853e-001  1.563860e-001
    outer loop
      vertex  4.000000e-001 -2.632717e+001  9.200000e+000
      vertex  3.804226e-001 -2.629326e+001  9.447213e+000
      vertex  3.142641e-001 -2.633146e+001  9.435114e+000
    endloop
  endfacet
  facet normal  4.314452e-001 -8.910397e-001  1.410795e-001
    outer loop
      vertex  4.000000e-001 -2.632717e+001  9.200000e+000
      vertex  3.142641e-001 -2.633146e+001  9.435114e+000
      vertex  2.545817e-001 -2.636592e+001  9.400000e+000
    endloop
  endfacet
  facet normal  3.967332e-001 -9.110807e-001  1.119582e-001
    outer loop
      vertex  4.000000e-001 -2.632717e+001  9.200000e+000
      vertex  2.545817e-001 -2.636592e+001  9.400000e+000
      vertex  2.072175e-001 -2.639326e+001  9.345308e+000
    endloop
  endfacet
  facet normal  3.715177e-001 -9.256390e-001  7.188286e-002
    outer loop
      vertex  4.000000e-001 -2.632717e+001  9.200000e+000
      vertex  2.072175e-001 -2.639326e+001  9.345308e+000
      vertex  1.768078e-001 -2.641082e+001  9.276393e+000
    endloop
  endfacet
  facet normal  3.805391e-001 -9.186867e-001  1.058527e-001
    outer loop
      vertex  4.000000e-001 -2.632717e+001  9.200000e+000
      vertex  1.768078e-001 -2.641082e+001  9.276393e+000
      vertex  2.070552e-001 -2.640709e+001  9.200000e+000
    endloop
  endfacet
  facet normal  3.822467e-001 -8.055075e-001  4.528190e-001
    outer loop
      vertex  3.142641e-001 -2.633146e+001  9.435114e+000
      vertex  3.804226e-001 -2.629326e+001  9.447213e+000
      vertex  1.977659e-001 -2.626751e+001  9.647214e+000
    endloop
  endfacet
  facet normal  3.822489e-001 -8.055055e-001  4.528208e-001
    outer loop
      vertex  1.977659e-001 -2.626751e+001  9.647214e+000
      vertex  3.804226e-001 -2.629326e+001  9.447213e+000
      vertex  3.236068e-001 -2.619485e+001  9.670228e+000
    endloop
  endfacet
  facet normal  2.549712e-001 -6.642125e-001  7.027171e-001
    outer loop
      vertex  1.977659e-001 -2.626751e+001  9.647214e+000
      vertex  3.236068e-001 -2.619485e+001  9.670228e+000
      vertex  6.190902e-002 -2.614158e+001  9.815536e+000
    endloop
  endfacet
  facet normal  2.549653e-001 -6.642223e-001  7.027101e-001
    outer loop
      vertex  6.190902e-002 -2.614158e+001  9.815536e+000
      vertex  3.236068e-001 -2.619485e+001  9.670228e+000
      vertex  2.351141e-001 -2.604158e+001  9.847214e+000
    endloop
  endfacet
  facet normal  1.037489e-001 -4.591821e-001  8.822631e-001
    outer loop
      vertex  6.190902e-002 -2.614158e+001  9.815536e+000
      vertex  2.351141e-001 -2.604158e+001  9.847214e+000
      vertex -8.000799e-002 -2.596600e+001  9.923607e+000
    endloop
  endfacet
  facet normal  1.037503e-001 -4.591782e-001  8.822649e-001
    outer loop
      vertex -8.000799e-002 -2.596600e+001  9.923607e+000
      vertex  2.351141e-001 -2.604158e+001  9.847214e+000
      vertex  1.236068e-001 -2.584845e+001  9.960845e+000
    endloop
  endfacet
  facet normal  0.000000e+000 -3.019814e-001  9.533138e-001
    outer loop
      vertex -8.000799e-002 -2.596600e+001  9.923607e+000
      vertex  1.236068e-001 -2.584845e+001  9.960845e+000
      vertex -1.236068e-001 -2.584845e+001  9.960845e+000
    endloop
  endfacet
  facet normal  0.000000e+000 -1.799029e-001  9.836844e-001
    outer loop
      vertex -1.236068e-001 -2.584845e+001  9.960845e+000
      vertex  1.236068e-001 -2.584845e+001  9.960845e+000
      vertex -7.105427e-015 -2.563435e+001  1.000000e+001
    endloop
  endfacet
  facet normal  2.641057e-001 -8.737146e-001  4.084986e-001
    outer loop
      vertex  2.545817e-001 -2.636592e+001  9.400000e+000
      vertex  3.142641e-001 -2.633146e+001  9.435114e+000
      vertex  8.424326e-002 -2.633305e+001  9.580422e+000
    endloop
  endfacet
  facet normal  2.641021e-001 -8.737183e-001  4.084928e-001
    outer loop
      vertex  8.424326e-002 -2.633305e+001  9.580422e+000
      vertex  3.142641e-001 -2.633146e+001  9.435114e+000
      vertex  1.977659e-001 -2.626751e+001  9.647214e+000
    endloop
  endfacet
  facet normal  7.162733e-002 -7.700707e-001  6.339248e-001
    outer loop
      vertex  8.424326e-002 -2.633305e+001  9.580422e+000
      vertex  1.977659e-001 -2.626751e+001  9.647214e+000
      vertex -9.434154e-002 -2.623179e+001  9.723607e+000
    endloop
  endfacet
  facet normal  7.162952e-002 -7.700655e-001  6.339308e-001
    outer loop
      vertex -9.434154e-002 -2.623179e+001  9.723607e+000
      vertex  1.977659e-001 -2.626751e+001  9.647214e+000
      vertex  6.190902e-002 -2.614158e+001  9.815536e+000
    endloop
  endfacet
  facet normal -1.264296e-001 -5.920755e-001  7.959033e-001
    outer loop
      vertex -9.434154e-002 -2.623179e+001  9.723607e+000
      vertex  6.190902e-002 -2.614158e+001  9.815536e+000
      vertex -8.000799e-002 -2.596600e+001  9.923607e+000
    endloop
  endfacet
  facet normal  1.636057e-001 -9.317396e-001  3.241826e-001
    outer loop
      vertex  2.072175e-001 -2.639326e+001  9.345308e+000
      vertex  2.545817e-001 -2.636592e+001  9.400000e+000
      vertex -5.848844e-003 -2.638507e+001  9.476393e+000
    endloop
  endfacet
  facet normal  1.636067e-001 -9.317383e-001  3.241862e-001
    outer loop
      vertex -5.848844e-003 -2.638507e+001  9.476393e+000
      vertex  2.545817e-001 -2.636592e+001  9.400000e+000
      vertex  8.424326e-002 -2.633305e+001  9.580422e+000
    endloop
  endfacet
  facet normal -8.432908e-002 -8.601099e-001  5.030898e-001
    outer loop
      vertex -5.848844e-003 -2.638507e+001  9.476393e+000
      vertex  8.424326e-002 -2.633305e+001  9.580422e+000
      vertex -2.183427e-001 -2.630338e+001  9.580422e+000
    endloop
  endfacet
  facet normal -8.432925e-002 -8.601118e-001  5.030869e-001
    outer loop
      vertex -2.183427e-001 -2.630338e+001  9.580422e+000
      vertex  8.424326e-002 -2.633305e+001  9.580422e+000
      vertex -9.434154e-002 -2.623179e+001  9.723607e+000
    endloop
  endfacet
  facet normal -2.618402e-001 -7.532411e-001  6.033801e-001
    outer loop
      vertex -2.183427e-001 -2.630338e+001  9.580422e+000
      vertex -9.434154e-002 -2.623179e+001  9.723607e+000
      vertex -3.236068e-001 -2.619485e+001  9.670228e+000
    endloop
  endfacet
  facet normal  9.059145e-002 -9.738950e-001  2.081387e-001
    outer loop
      vertex  1.768078e-001 -2.641082e+001  9.276393e+000
      vertex  2.072175e-001 -2.639326e+001  9.345308e+000
      vertex -6.369153e-002 -2.641846e+001  9.345308e+000
    endloop
  endfacet
  facet normal  9.059143e-002 -9.738947e-001  2.081400e-001
    outer loop
      vertex -6.369153e-002 -2.641846e+001  9.345308e+000
      vertex  2.072175e-001 -2.639326e+001  9.345308e+000
      vertex -5.848844e-003 -2.638507e+001  9.476393e+000
    endloop
  endfacet
  facet normal -1.976413e-001 -9.255301e-001  3.230047e-001
    outer loop
      vertex -6.369153e-002 -2.641846e+001  9.345308e+000
      vertex -5.848844e-003 -2.638507e+001  9.476393e+000
      vertex -2.979563e-001 -2.634935e+001  9.400000e+000
    endloop
  endfacet
  facet normal -1.976410e-001 -9.255307e-001  3.230031e-001
    outer loop
      vertex -2.979563e-001 -2.634935e+001  9.400000e+000
      vertex -5.848844e-003 -2.638507e+001  9.476393e+000
      vertex -2.183427e-001 -2.630338e+001  9.580422e+000
    endloop
  endfacet
  facet normal -3.633209e-001 -8.518310e-001  3.773353e-001
    outer loop
      vertex -2.979563e-001 -2.634935e+001  9.400000e+000
      vertex -2.183427e-001 -2.630338e+001  9.580422e+000
      vertex -3.804226e-001 -2.629326e+001  9.447213e+000
    endloop
  endfacet
  facet normal  4.999999e-001  8.660254e-001  -0.000000e+000
    outer loop
      vertex  2.260000e+001  1.351000e+001  9.200000e+000
      vertex  2.260000e+001  1.351000e+001  0.000000e+000
      vertex  4.000000e-001  2.632717e+001  9.200000e+000
    endloop
  endfacet
  facet normal  4.999999e-001  8.660254e-001  0.000000e+000
    outer loop
      vertex  4.000000e-001  2.632717e+001  9.200000e+000
      vertex  2.260000e+001  1.351000e+001  0.000000e+000
      vertex  4.000000e-001  2.632717e+001  0.000000e+000
    endloop
  endfacet
  facet normal  6.087620e-001  7.933529e-001  0.000000e+000
    outer loop
      vertex  2.260000e+001  1.351000e+001  0.000000e+000
      vertex  2.260000e+001  1.351000e+001  9.200000e+000
      vertex  2.276569e+001  1.338286e+001  0.000000e+000
    endloop
  endfacet
  facet normal  6.087620e-001  7.933529e-001  -0.000000e+000
    outer loop
      vertex  2.276569e+001  1.338286e+001  0.000000e+000
      vertex  2.260000e+001  1.351000e+001  9.200000e+000
      vertex  2.276569e+001  1.338286e+001  9.200000e+000
    endloop
  endfacet
  facet normal  7.933533e-001  6.087613e-001  0.000000e+000
    outer loop
      vertex  2.276569e+001  1.338286e+001  0.000000e+000
      vertex  2.276569e+001  1.338286e+001  9.200000e+000
      vertex  2.289282e+001  1.321718e+001  0.000000e+000
    endloop
  endfacet
  facet normal  7.933533e-001  6.087613e-001  -0.000000e+000
    outer loop
      vertex  2.289282e+001  1.321718e+001  0.000000e+000
      vertex  2.276569e+001  1.338286e+001  9.200000e+000
      vertex  2.289282e+001  1.321718e+001  9.200000e+000
    endloop
  endfacet
  facet normal  9.238809e-001  3.826801e-001  0.000000e+000
    outer loop
      vertex  2.289282e+001  1.321718e+001  0.000000e+000
      vertex  2.289282e+001  1.321718e+001  9.200000e+000
      vertex  2.297274e+001  1.302423e+001  0.000000e+000
    endloop
  endfacet
  facet normal  9.238809e-001  3.826801e-001  -0.000000e+000
    outer loop
      vertex  2.297274e+001  1.302423e+001  0.000000e+000
      vertex  2.289282e+001  1.321718e+001  9.200000e+000
      vertex  2.297274e+001  1.302423e+001  9.200000e+000
    endloop
  endfacet
  facet normal  9.914445e-001  1.305286e-001  0.000000e+000
    outer loop
      vertex  2.297274e+001  1.302423e+001  0.000000e+000
      vertex  2.297274e+001  1.302423e+001  9.200000e+000
      vertex  2.300000e+001  1.281718e+001  0.000000e+000
    endloop
  endfacet
  facet normal  9.914445e-001  1.305286e-001  -0.000000e+000
    outer loop
      vertex  2.300000e+001  1.281718e+001  0.000000e+000
      vertex  2.297274e+001  1.302423e+001  9.200000e+000
      vertex  2.300000e+001  1.281718e+001  9.200000e+000
    endloop
  endfacet
  facet normal -3.826891e-001  9.238772e-001  0.000000e+000
    outer loop
      vertex -4.000000e-001  2.632717e+001  0.000000e+000
      vertex -4.000000e-001  2.632717e+001  9.200000e+000
      vertex -2.070552e-001  2.640709e+001  0.000000e+000
    endloop
  endfacet
  facet normal -3.826891e-001  9.238772e-001  0.000000e+000
    outer loop
      vertex -2.070552e-001  2.640709e+001  0.000000e+000
      vertex -4.000000e-001  2.632717e+001  9.200000e+000
      vertex -2.070552e-001  2.640709e+001  9.200000e+000
    endloop
  endfacet
  facet normal -1.305285e-001  9.914445e-001  0.000000e+000
    outer loop
      vertex -2.070552e-001  2.640709e+001  0.000000e+000
      vertex -2.070552e-001  2.640709e+001  9.200000e+000
      vertex  2.591395e-015  2.643435e+001  0.000000e+000
    endloop
  endfacet
  facet normal -1.305285e-001  9.914445e-001 -6.039396e-017
    outer loop
      vertex  2.591395e-015  2.643435e+001  0.000000e+000
      vertex -2.070552e-001  2.640709e+001  9.200000e+000
      vertex -1.665335e-015  2.643435e+001  9.200000e+000
    endloop
  endfacet
  facet normal  1.305285e-001  9.914445e-001  6.039396e-017
    outer loop
      vertex  2.591395e-015  2.643435e+001  0.000000e+000
      vertex -1.665335e-015  2.643435e+001  9.200000e+000
      vertex  2.070552e-001  2.640709e+001  0.000000e+000
    endloop
  endfacet
  facet normal  1.305285e-001  9.914445e-001  -0.000000e+000
    outer loop
      vertex  2.070552e-001  2.640709e+001  0.000000e+000
      vertex -1.665335e-015  2.643435e+001  9.200000e+000
      vertex  2.070552e-001  2.640709e+001  9.200000e+000
    endloop
  endfacet
  facet normal  3.826891e-001  9.238772e-001  0.000000e+000
    outer loop
      vertex  2.070552e-001  2.640709e+001  0.000000e+000
      vertex  2.070552e-001  2.640709e+001  9.200000e+000
      vertex  4.000000e-001  2.632717e+001  0.000000e+000
    endloop
  endfacet
  facet normal  3.826891e-001  9.238772e-001  -0.000000e+000
    outer loop
      vertex  4.000000e-001  2.632717e+001  0.000000e+000
      vertex  2.070552e-001  2.640709e+001  9.200000e+000
      vertex  4.000000e-001  2.632717e+001  9.200000e+000
    endloop
  endfacet
  facet normal -3.810517e-001  9.199243e-001  9.240632e-002
    outer loop
      vertex -4.000000e-001  2.632717e+001  9.200000e+000
      vertex -2.979563e-001  2.634935e+001  9.400000e+000
      vertex -2.070552e-001  2.640709e+001  9.200000e+000
    endloop
  endfacet
  facet normal -4.926586e-001  8.560468e-001  1.564339e-001
    outer loop
      vertex -4.000000e-001  2.632717e+001  9.200000e+000
      vertex -3.804226e-001  2.629326e+001  9.447213e+000
      vertex -2.979563e-001  2.634935e+001  9.400000e+000
    endloop
  endfacet
  facet normal -4.220014e-001  7.848299e-001  4.538249e-001
    outer loop
      vertex -3.236068e-001  2.619485e+001  9.670228e+000
      vertex -2.183427e-001  2.630338e+001  9.580422e+000
      vertex -3.804226e-001  2.629326e+001  9.447213e+000
    endloop
  endfacet
  facet normal -1.030731e-001  5.945051e-001  7.974582e-001
    outer loop
      vertex -2.351141e-001  2.604158e+001  9.847214e+000
      vertex -8.000799e-002  2.596600e+001  9.923607e+000
      vertex -9.434154e-002  2.623179e+001  9.723607e+000
    endloop
  endfacet
  facet normal -2.697523e-001  6.570716e-001  7.039109e-001
    outer loop
      vertex -2.351141e-001  2.604158e+001  9.847214e+000
      vertex -9.434154e-002  2.623179e+001  9.723607e+000
      vertex -3.236068e-001  2.619485e+001  9.670228e+000
    endloop
  endfacet
  facet normal -2.550538e-001  3.766889e-001  8.905352e-001
    outer loop
      vertex -1.236068e-001  2.584845e+001  9.960845e+000
      vertex -8.000799e-002  2.596600e+001  9.923607e+000
      vertex -2.351141e-001  2.604158e+001  9.847214e+000
    endloop
  endfacet
  facet normal  0.000000e+000  1.799029e-001  9.836844e-001
    outer loop
      vertex  2.664535e-015  2.563435e+001  1.000000e+001
      vertex  1.236068e-001  2.584845e+001  9.960845e+000
      vertex -1.236068e-001  2.584845e+001  9.960845e+000
    endloop
  endfacet
  facet normal  1.305278e-001  9.914391e-001  3.312799e-003
    outer loop
      vertex  1.768078e-001  2.641082e+001  9.276393e+000
      vertex  2.070552e-001  2.640709e+001  9.200000e+000
      vertex -1.665335e-015  2.643435e+001  9.200000e+000
    endloop
  endfacet
  facet normal  7.129141e-002  9.876868e-001  1.392563e-001
    outer loop
      vertex  1.768078e-001  2.641082e+001  9.276393e+000
      vertex -1.665335e-015  2.643435e+001  9.200000e+000
      vertex -6.369153e-002  2.641846e+001  9.345308e+000
    endloop
  endfacet
  facet normal -1.303577e-001  9.901472e-001  5.113864e-002
    outer loop
      vertex -6.369153e-002  2.641846e+001  9.345308e+000
      vertex -1.665335e-015  2.643435e+001  9.200000e+000
      vertex -2.070552e-001  2.640709e+001  9.200000e+000
    endloop
  endfacet
  facet normal -2.433656e-001  9.557407e-001  1.653262e-001
    outer loop
      vertex -6.369153e-002  2.641846e+001  9.345308e+000
      vertex -2.070552e-001  2.640709e+001  9.200000e+000
      vertex -2.979563e-001  2.634935e+001  9.400000e+000
    endloop
  endfacet
  facet normal  3.805391e-001  9.186867e-001  1.058527e-001
    outer loop
      vertex  4.000000e-001  2.632717e+001  9.200000e+000
      vertex  2.070552e-001  2.640709e+001  9.200000e+000
      vertex  1.768078e-001  2.641082e+001  9.276393e+000
    endloop
  endfacet
  facet normal  3.715177e-001  9.256390e-001  7.188286e-002
    outer loop
      vertex  4.000000e-001  2.632717e+001  9.200000e+000
      vertex  1.768078e-001  2.641082e+001  9.276393e+000
      vertex  2.072175e-001  2.639326e+001  9.345308e+000
    endloop
  endfacet
  facet normal  3.967332e-001  9.110807e-001  1.119582e-001
    outer loop
      vertex  4.000000e-001  2.632717e+001  9.200000e+000
      vertex  2.072175e-001  2.639326e+001  9.345308e+000
      vertex  2.545817e-001  2.636592e+001  9.400000e+000
    endloop
  endfacet
  facet normal  4.314452e-001  8.910397e-001  1.410795e-001
    outer loop
      vertex  4.000000e-001  2.632717e+001  9.200000e+000
      vertex  2.545817e-001  2.636592e+001  9.400000e+000
      vertex  3.142641e-001  2.633146e+001  9.435114e+000
    endloop
  endfacet
  facet normal  4.722421e-001  8.674853e-001  1.563860e-001
    outer loop
      vertex  4.000000e-001  2.632717e+001  9.200000e+000
      vertex  3.142641e-001  2.633146e+001  9.435114e+000
      vertex  3.804226e-001  2.629326e+001  9.447213e+000
    endloop
  endfacet
  facet normal  3.822460e-001  8.055069e-001  4.528207e-001
    outer loop
      vertex  3.804226e-001  2.629326e+001  9.447213e+000
      vertex  3.142641e-001  2.633146e+001  9.435114e+000
      vertex  3.236068e-001  2.619485e+001  9.670228e+000
    endloop
  endfacet
  facet normal  3.822493e-001  8.055058e-001  4.528199e-001
    outer loop
      vertex  3.236068e-001  2.619485e+001  9.670228e+000
      vertex  3.142641e-001  2.633146e+001  9.435114e+000
      vertex  1.977659e-001  2.626751e+001  9.647214e+000
    endloop
  endfacet
  facet normal  2.549753e-001  6.642175e-001  7.027110e-001
    outer loop
      vertex  3.236068e-001  2.619485e+001  9.670228e+000
      vertex  1.977659e-001  2.626751e+001  9.647214e+000
      vertex  2.351141e-001  2.604158e+001  9.847214e+000
    endloop
  endfacet
  facet normal  2.549624e-001  6.642186e-001  7.027146e-001
    outer loop
      vertex  2.351141e-001  2.604158e+001  9.847214e+000
      vertex  1.977659e-001  2.626751e+001  9.647214e+000
      vertex  6.190902e-002  2.614158e+001  9.815536e+000
    endloop
  endfacet
  facet normal  1.037473e-001  4.591797e-001  8.822644e-001
    outer loop
      vertex  2.351141e-001  2.604158e+001  9.847214e+000
      vertex  6.190902e-002  2.614158e+001  9.815536e+000
      vertex  1.236068e-001  2.584845e+001  9.960845e+000
    endloop
  endfacet
  facet normal  1.037517e-001  4.591802e-001  8.822636e-001
    outer loop
      vertex  1.236068e-001  2.584845e+001  9.960845e+000
      vertex  6.190902e-002  2.614158e+001  9.815536e+000
      vertex -8.000799e-002  2.596600e+001  9.923607e+000
    endloop
  endfacet
  facet normal  0.000000e+000  3.019814e-001  9.533138e-001
    outer loop
      vertex  1.236068e-001  2.584845e+001  9.960845e+000
      vertex -8.000799e-002  2.596600e+001  9.923607e+000
      vertex -1.236068e-001  2.584845e+001  9.960845e+000
    endloop
  endfacet
  facet normal  9.059083e-002  9.738950e-001  2.081390e-001
    outer loop
      vertex  2.072175e-001  2.639326e+001  9.345308e+000
      vertex  1.768078e-001  2.641082e+001  9.276393e+000
      vertex -5.848844e-003  2.638507e+001  9.476393e+000
    endloop
  endfacet
  facet normal  9.059176e-002  9.738947e-001  2.081398e-001
    outer loop
      vertex -5.848844e-003  2.638507e+001  9.476393e+000
      vertex  1.768078e-001  2.641082e+001  9.276393e+000
      vertex -6.369153e-002  2.641846e+001  9.345308e+000
    endloop
  endfacet
  facet normal -1.976402e-001  9.255304e-001  3.230043e-001
    outer loop
      vertex -5.848844e-003  2.638507e+001  9.476393e+000
      vertex -6.369153e-002  2.641846e+001  9.345308e+000
      vertex -2.183427e-001  2.630338e+001  9.580422e+000
    endloop
  endfacet
  facet normal -1.976417e-001  9.255304e-001  3.230033e-001
    outer loop
      vertex -2.183427e-001  2.630338e+001  9.580422e+000
      vertex -6.369153e-002  2.641846e+001  9.345308e+000
      vertex -2.979563e-001  2.634935e+001  9.400000e+000
    endloop
  endfacet
  facet normal -3.633209e-001  8.518310e-001  3.773353e-001
    outer loop
      vertex -2.183427e-001  2.630338e+001  9.580422e+000
      vertex -2.979563e-001  2.634935e+001  9.400000e+000
      vertex -3.804226e-001  2.629326e+001  9.447213e+000
    endloop
  endfacet
  facet normal  1.636041e-001  9.317394e-001  3.241840e-001
    outer loop
      vertex  2.545817e-001  2.636592e+001  9.400000e+000
      vertex  2.072175e-001  2.639326e+001  9.345308e+000
      vertex  8.424326e-002  2.633305e+001  9.580422e+000
    endloop
  endfacet
  facet normal  1.636075e-001  9.317383e-001  3.241855e-001
    outer loop
      vertex  8.424326e-002  2.633305e+001  9.580422e+000
      vertex  2.072175e-001  2.639326e+001  9.345308e+000
      vertex -5.848844e-003  2.638507e+001  9.476393e+000
    endloop
  endfacet
  facet normal -8.432727e-002  8.601108e-001  5.030887e-001
    outer loop
      vertex  8.424326e-002  2.633305e+001  9.580422e+000
      vertex -5.848844e-003  2.638507e+001  9.476393e+000
      vertex -9.434154e-002  2.623179e+001  9.723607e+000
    endloop
  endfacet
  facet normal -8.433057e-002  8.601111e-001  5.030877e-001
    outer loop
      vertex -9.434154e-002  2.623179e+001  9.723607e+000
      vertex -5.848844e-003  2.638507e+001  9.476393e+000
      vertex -2.183427e-001  2.630338e+001  9.580422e+000
    endloop
  endfacet
  facet normal -2.618402e-001  7.532411e-001  6.033801e-001
    outer loop
      vertex -9.434154e-002  2.623179e+001  9.723607e+000
      vertex -2.183427e-001  2.630338e+001  9.580422e+000
      vertex -3.236068e-001  2.619485e+001  9.670228e+000
    endloop
  endfacet
  facet normal  2.641081e-001  8.737153e-001  4.084952e-001
    outer loop
      vertex  3.142641e-001  2.633146e+001  9.435114e+000
      vertex  2.545817e-001  2.636592e+001  9.400000e+000
      vertex  1.977659e-001  2.626751e+001  9.647214e+000
    endloop
  endfacet
  facet normal  2.641008e-001  8.737180e-001  4.084946e-001
    outer loop
      vertex  1.977659e-001  2.626751e+001  9.647214e+000
      vertex  2.545817e-001  2.636592e+001  9.400000e+000
      vertex  8.424326e-002  2.633305e+001  9.580422e+000
    endloop
  endfacet
  facet normal  7.162391e-002  7.700681e-001  6.339282e-001
    outer loop
      vertex  1.977659e-001  2.626751e+001  9.647214e+000
      vertex  8.424326e-002  2.633305e+001  9.580422e+000
      vertex  6.190902e-002  2.614158e+001  9.815536e+000
    endloop
  endfacet
  facet normal  7.163200e-002  7.700673e-001  6.339283e-001
    outer loop
      vertex  6.190902e-002  2.614158e+001  9.815536e+000
      vertex  8.424326e-002  2.633305e+001  9.580422e+000
      vertex -9.434154e-002  2.623179e+001  9.723607e+000
    endloop
  endfacet
  facet normal -1.264296e-001  5.920755e-001  7.959033e-001
    outer loop
      vertex  6.190902e-002  2.614158e+001  9.815536e+000
      vertex -9.434154e-002  2.623179e+001  9.723607e+000
      vertex -8.000799e-002  2.596600e+001  9.923607e+000
    endloop
  endfacet
  facet normal  4.938443e-001  8.553634e-001  1.564333e-001
    outer loop
      vertex  2.260000e+001  1.351000e+001  9.200000e+000
      vertex  4.000000e-001  2.632717e+001  9.200000e+000
      vertex  2.258042e+001  1.347609e+001  9.447213e+000
    endloop
  endfacet
  facet normal  4.938443e-001  8.553634e-001  1.564333e-001
    outer loop
      vertex  2.258042e+001  1.347609e+001  9.447213e+000
      vertex  4.000000e-001  2.632717e+001  9.200000e+000
      vertex  3.804226e-001  2.629326e+001  9.447213e+000
    endloop
  endfacet
  facet normal  4.455033e-001  7.716345e-001  4.539903e-001
    outer loop
      vertex  2.258042e+001  1.347609e+001  9.447213e+000
      vertex  3.804226e-001  2.629326e+001  9.447213e+000
      vertex  2.252361e+001  1.337768e+001  9.670228e+000
    endloop
  endfacet
  facet normal  4.455033e-001  7.716345e-001  4.539903e-001
    outer loop
      vertex  2.252361e+001  1.337768e+001  9.670228e+000
      vertex  3.804226e-001  2.629326e+001  9.447213e+000
      vertex  3.236068e-001  2.619485e+001  9.670228e+000
    endloop
  endfacet
  facet normal  3.535528e-001  6.123714e-001  7.071079e-001
    outer loop
      vertex  2.252361e+001  1.337768e+001  9.670228e+000
      vertex  3.236068e-001  2.619485e+001  9.670228e+000
      vertex  2.243511e+001  1.322441e+001  9.847214e+000
    endloop
  endfacet
  facet normal  3.535545e-001  6.123743e-001  7.071046e-001
    outer loop
      vertex  2.243511e+001  1.322441e+001  9.847214e+000
      vertex  3.236068e-001  2.619485e+001  9.670228e+000
      vertex  2.351141e-001  2.604158e+001  9.847214e+000
    endloop
  endfacet
  facet normal  2.269947e-001  3.931663e-001  8.910071e-001
    outer loop
      vertex  2.243511e+001  1.322441e+001  9.847214e+000
      vertex  2.351141e-001  2.604158e+001  9.847214e+000
      vertex  2.232361e+001  1.303127e+001  9.960845e+000
    endloop
  endfacet
  facet normal  2.269955e-001  3.931676e-001  8.910064e-001
    outer loop
      vertex  2.232361e+001  1.303127e+001  9.960845e+000
      vertex  2.351141e-001  2.604158e+001  9.847214e+000
      vertex  1.236068e-001  2.584845e+001  9.960845e+000
    endloop
  endfacet
  facet normal  7.821784e-002  1.354773e-001  9.876882e-001
    outer loop
      vertex  2.232361e+001  1.303127e+001  9.960845e+000
      vertex  1.236068e-001  2.584845e+001  9.960845e+000
      vertex  2.220000e+001  1.281718e+001  1.000000e+001
    endloop
  endfacet
  facet normal  7.821728e-002  1.354763e-001  9.876883e-001
    outer loop
      vertex  2.220000e+001  1.281718e+001  1.000000e+001
      vertex  1.236068e-001  2.584845e+001  9.960845e+000
      vertex  2.664535e-015  2.563435e+001  1.000000e+001
    endloop
  endfacet
  facet normal  9.876879e-001  1.373185e-003  1.564316e-001
    outer loop
      vertex  2.300000e+001  1.281718e+001  9.200000e+000
      vertex  2.296819e+001  1.291664e+001  9.400000e+000
      vertex  2.296085e+001  1.281718e+001  9.447213e+000
    endloop
  endfacet
  facet normal  9.872029e-001  1.299701e-001  9.240213e-002
    outer loop
      vertex  2.300000e+001  1.281718e+001  9.200000e+000
      vertex  2.297274e+001  1.302423e+001  9.200000e+000
      vertex  2.296819e+001  1.291664e+001  9.400000e+000
    endloop
  endfacet
  facet normal  4.537485e-001 -3.254147e-002  8.905354e-001
    outer loop
      vertex  2.244721e+001  1.281718e+001  9.960845e+000
      vertex  2.267023e+001  1.281718e+001  9.847214e+000
      vertex  2.252722e+001  1.291371e+001  9.923607e+000
    endloop
  endfacet
  facet normal  7.039158e-001  9.492254e-002  7.039120e-001
    outer loop
      vertex  2.284721e+001  1.281718e+001  9.670228e+000
      vertex  2.276457e+001  1.303419e+001  9.723607e+000
      vertex  2.267023e+001  1.281718e+001  9.847214e+000
    endloop
  endfacet
  facet normal  5.663946e-001  2.079859e-001  7.974578e-001
    outer loop
      vertex  2.276457e+001  1.303419e+001  9.723607e+000
      vertex  2.252722e+001  1.291371e+001  9.923607e+000
      vertex  2.267023e+001  1.281718e+001  9.847214e+000
    endloop
  endfacet
  facet normal  8.906820e-001  2.695679e-002  4.538270e-001
    outer loop
      vertex  2.296085e+001  1.281718e+001  9.447213e+000
      vertex  2.288857e+001  1.296260e+001  9.580422e+000
      vertex  2.284721e+001  1.281718e+001  9.670228e+000
    endloop
  endfacet
  facet normal  7.933490e-001  6.087580e-001  3.315960e-003
    outer loop
      vertex  2.289282e+001  1.321718e+001  9.200000e+000
      vertex  2.276569e+001  1.338286e+001  9.200000e+000
      vertex  2.278404e+001  1.335853e+001  9.276393e+000
    endloop
  endfacet
  facet normal  8.197162e-001  5.555846e-001  1.392518e-001
    outer loop
      vertex  2.278404e+001  1.335853e+001  9.276393e+000
      vertex  2.291091e+001  1.315407e+001  9.345308e+000
      vertex  2.289282e+001  1.321718e+001  9.200000e+000
    endloop
  endfacet
  facet normal  9.226725e-001  3.821795e-001  5.113231e-002
    outer loop
      vertex  2.297274e+001  1.302423e+001  9.200000e+000
      vertex  2.289282e+001  1.321718e+001  9.200000e+000
      vertex  2.291091e+001  1.315407e+001  9.345308e+000
    endloop
  endfacet
  facet normal  9.493796e-001  2.671108e-001  1.653181e-001
    outer loop
      vertex  2.291091e+001  1.315407e+001  9.345308e+000
      vertex  2.296819e+001  1.291664e+001  9.400000e+000
      vertex  2.297274e+001  1.302423e+001  9.200000e+000
    endloop
  endfacet
  facet normal  5.151435e-001  8.427164e-001  1.563852e-001
    outer loop
      vertex  2.260000e+001  1.351000e+001  9.200000e+000
      vertex  2.258042e+001  1.347609e+001  9.447213e+000
      vertex  2.264658e+001  1.343789e+001  9.435114e+000
    endloop
  endfacet
  facet normal  5.559580e-001  8.191515e-001  1.410720e-001
    outer loop
      vertex  2.260000e+001  1.351000e+001  9.200000e+000
      vertex  2.264658e+001  1.343789e+001  9.435114e+000
      vertex  2.270626e+001  1.340343e+001  9.400000e+000
    endloop
  endfacet
  facet normal  5.906494e-001  7.991224e-001  1.119682e-001
    outer loop
      vertex  2.260000e+001  1.351000e+001  9.200000e+000
      vertex  2.270626e+001  1.340343e+001  9.400000e+000
      vertex  2.275363e+001  1.337609e+001  9.345308e+000
    endloop
  endfacet
  facet normal  6.158748e-001  7.845584e-001  7.187721e-002
    outer loop
      vertex  2.260000e+001  1.351000e+001  9.200000e+000
      vertex  2.275363e+001  1.337609e+001  9.345308e+000
      vertex  2.278404e+001  1.335853e+001  9.276393e+000
    endloop
  endfacet
  facet normal  6.053420e-001  7.888958e-001  1.058512e-001
    outer loop
      vertex  2.260000e+001  1.351000e+001  9.200000e+000
      vertex  2.278404e+001  1.335853e+001  9.276393e+000
      vertex  2.276569e+001  1.338286e+001  9.200000e+000
    endloop
  endfacet
  facet normal  5.064666e-001  7.337875e-001  4.528214e-001
    outer loop
      vertex  2.264658e+001  1.343789e+001  9.435114e+000
      vertex  2.258042e+001  1.347609e+001  9.447213e+000
      vertex  2.264945e+001  1.330503e+001  9.647214e+000
    endloop
  endfacet
  facet normal  5.064670e-001  7.337875e-001  4.528212e-001
    outer loop
      vertex  2.264945e+001  1.330503e+001  9.647214e+000
      vertex  2.258042e+001  1.347609e+001  9.447213e+000
      vertex  2.252361e+001  1.337768e+001  9.670228e+000
    endloop
  endfacet
  facet normal  4.477420e-001  5.529166e-001  7.027164e-001
    outer loop
      vertex  2.264945e+001  1.330503e+001  9.647214e+000
      vertex  2.252361e+001  1.337768e+001  9.670228e+000
      vertex  2.260832e+001  1.312441e+001  9.815536e+000
    endloop
  endfacet
  facet normal  4.477449e-001  5.529165e-001  7.027146e-001
    outer loop
      vertex  2.260832e+001  1.312441e+001  9.815536e+000
      vertex  2.252361e+001  1.337768e+001  9.670228e+000
      vertex  2.243511e+001  1.322441e+001  9.847214e+000
    endloop
  endfacet
  facet normal  3.457864e-001  3.194424e-001  8.822632e-001
    outer loop
      vertex  2.260832e+001  1.312441e+001  9.815536e+000
      vertex  2.243511e+001  1.322441e+001  9.847214e+000
      vertex  2.252722e+001  1.291371e+001  9.923607e+000
    endloop
  endfacet
  facet normal  3.457814e-001  3.194415e-001  8.822654e-001
    outer loop
      vertex  2.252722e+001  1.291371e+001  9.923607e+000
      vertex  2.243511e+001  1.322441e+001  9.847214e+000
      vertex  2.232361e+001  1.303127e+001  9.960845e+000
    endloop
  endfacet
  facet normal  2.615203e-001  1.509899e-001  9.533148e-001
    outer loop
      vertex  2.252722e+001  1.291371e+001  9.923607e+000
      vertex  2.232361e+001  1.303127e+001  9.960845e+000
      vertex  2.244721e+001  1.281718e+001  9.960845e+000
    endloop
  endfacet
  facet normal  1.558013e-001  8.995254e-002  9.836842e-001
    outer loop
      vertex  2.244721e+001  1.281718e+001  9.960845e+000
      vertex  2.232361e+001  1.303127e+001  9.960845e+000
      vertex  2.220000e+001  1.281718e+001  1.000000e+001
    endloop
  endfacet
  facet normal  6.246225e-001  6.655728e-001  4.084846e-001
    outer loop
      vertex  2.270626e+001  1.340343e+001  9.400000e+000
      vertex  2.264658e+001  1.343789e+001  9.435114e+000
      vertex  2.276297e+001  1.323948e+001  9.580422e+000
    endloop
  endfacet
  facet normal  6.246142e-001  6.655748e-001  4.084940e-001
    outer loop
      vertex  2.276297e+001  1.323948e+001  9.580422e+000
      vertex  2.264658e+001  1.343789e+001  9.435114e+000
      vertex  2.264945e+001  1.330503e+001  9.647214e+000
    endloop
  endfacet
  facet normal  6.310900e-001  4.470665e-001  6.339218e-001
    outer loop
      vertex  2.276297e+001  1.323948e+001  9.580422e+000
      vertex  2.264945e+001  1.330503e+001  9.647214e+000
      vertex  2.276457e+001  1.303419e+001  9.723607e+000
    endloop
  endfacet
  facet normal  6.310809e-001  4.470654e-001  6.339318e-001
    outer loop
      vertex  2.276457e+001  1.303419e+001  9.723607e+000
      vertex  2.264945e+001  1.330503e+001  9.647214e+000
      vertex  2.260832e+001  1.312441e+001  9.815536e+000
    endloop
  endfacet
  facet normal  5.759665e-001  1.865489e-001  7.959033e-001
    outer loop
      vertex  2.276457e+001  1.303419e+001  9.723607e+000
      vertex  2.260832e+001  1.312441e+001  9.815536e+000
      vertex  2.252722e+001  1.291371e+001  9.923607e+000
    endloop
  endfacet
  facet normal  7.251024e-001  6.075566e-001  3.241937e-001
    outer loop
      vertex  2.275363e+001  1.337609e+001  9.345308e+000
      vertex  2.270626e+001  1.340343e+001  9.400000e+000
      vertex  2.285306e+001  1.318747e+001  9.476393e+000
    endloop
  endfacet
  facet normal  7.251078e-001  6.075562e-001  3.241822e-001
    outer loop
      vertex  2.285306e+001  1.318747e+001  9.476393e+000
      vertex  2.270626e+001  1.340343e+001  9.400000e+000
      vertex  2.276297e+001  1.323948e+001  9.580422e+000
    endloop
  endfacet
  facet normal  7.870442e-001  3.570258e-001  5.030844e-001
    outer loop
      vertex  2.285306e+001  1.318747e+001  9.476393e+000
      vertex  2.276297e+001  1.323948e+001  9.580422e+000
      vertex  2.288857e+001  1.296260e+001  9.580422e+000
    endloop
  endfacet
  facet normal  7.870443e-001  3.570258e-001  5.030843e-001
    outer loop
      vertex  2.288857e+001  1.296260e+001  9.580422e+000
      vertex  2.276297e+001  1.323948e+001  9.580422e+000
      vertex  2.276457e+001  1.303419e+001  9.723607e+000
    endloop
  endfacet
  facet normal  7.832479e-001  1.498614e-001  6.033774e-001
    outer loop
      vertex  2.288857e+001  1.296260e+001  9.580422e+000
      vertex  2.276457e+001  1.303419e+001  9.723607e+000
      vertex  2.284721e+001  1.281718e+001  9.670228e+000
    endloop
  endfacet
  facet normal  7.981246e-001  5.654024e-001  2.081279e-001
    outer loop
      vertex  2.278404e+001  1.335853e+001  9.276393e+000
      vertex  2.275363e+001  1.337609e+001  9.345308e+000
      vertex  2.291091e+001  1.315407e+001  9.345308e+000
    endloop
  endfacet
  facet normal  7.981215e-001  5.654002e-001  2.081459e-001
    outer loop
      vertex  2.291091e+001  1.315407e+001  9.345308e+000
      vertex  2.275363e+001  1.337609e+001  9.345308e+000
      vertex  2.285306e+001  1.318747e+001  9.476393e+000
    endloop
  endfacet
  facet normal  9.003502e-001  2.916058e-001  3.230101e-001
    outer loop
      vertex  2.291091e+001  1.315407e+001  9.345308e+000
      vertex  2.285306e+001  1.318747e+001  9.476393e+000
      vertex  2.296819e+001  1.291664e+001  9.400000e+000
    endloop
  endfacet
  facet normal  9.003515e-001  2.916081e-001  3.230044e-001
    outer loop
      vertex  2.296819e+001  1.291664e+001  9.400000e+000
      vertex  2.285306e+001  1.318747e+001  9.476393e+000
      vertex  2.288857e+001  1.296260e+001  9.580422e+000
    endloop
  endfacet
  facet normal  9.193663e-001  1.112766e-001  3.773369e-001
    outer loop
      vertex  2.296819e+001  1.291664e+001  9.400000e+000
      vertex  2.288857e+001  1.296260e+001  9.580422e+000
      vertex  2.296085e+001  1.281718e+001  9.447213e+000
    endloop
  endfacet
  facet normal  1.179868e-003  2.043591e-003  9.999973e-001
    outer loop
      vertex -1.564000e+001 -9.029758e+000  1.000000e+001
      vertex  2.775558e-016 -1.805952e+001  1.000000e+001
      vertex -7.121040e-016 -1.805532e+001  9.999991e+000
    endloop
  endfacet
  facet normal  4.985044e-001  8.634350e-001  7.728765e-002
    outer loop
      vertex -8.881784e-016 -1.713576e+001  9.200000e+000
      vertex -1.484000e+001 -8.567878e+000  9.200000e+000
      vertex  2.338941e-007 -1.714679e+001  9.323290e+000
    endloop
  endfacet
  facet normal  4.985045e-001  8.634351e-001  7.728516e-002
    outer loop
      vertex  2.338941e-007 -1.714679e+001  9.323290e+000
      vertex -1.484000e+001 -8.567878e+000  9.200000e+000
      vertex -1.484956e+001 -8.573396e+000  9.323290e+000
    endloop
  endfacet
  facet normal  4.866626e-001  8.429243e-001  2.294301e-001
    outer loop
      vertex  2.338941e-007 -1.714679e+001  9.323290e+000
      vertex -1.484956e+001 -8.573396e+000  9.323290e+000
      vertex  2.741602e-007 -1.717929e+001  9.442706e+000
    endloop
  endfacet
  facet normal  4.866630e-001  8.429250e-001  2.294268e-001
    outer loop
      vertex  2.741602e-007 -1.717929e+001  9.442706e+000
      vertex -1.484956e+001 -8.573396e+000  9.323290e+000
      vertex -1.487770e+001 -8.589647e+000  9.442706e+000
    endloop
  endfacet
  facet normal  4.632083e-001  8.023002e-001  3.765003e-001
    outer loop
      vertex  2.741602e-007 -1.717929e+001  9.442706e+000
      vertex -1.487770e+001 -8.589647e+000  9.442706e+000
      vertex  1.628409e-008 -1.723334e+001  9.557880e+000
    endloop
  endfacet
  facet normal  4.632077e-001  8.022992e-001  3.765032e-001
    outer loop
      vertex  1.628409e-008 -1.723334e+001  9.557880e+000
      vertex -1.487770e+001 -8.589647e+000  9.442706e+000
      vertex -1.492451e+001 -8.616672e+000  9.557880e+000
    endloop
  endfacet
  facet normal  4.288206e-001  7.427390e-001  5.142487e-001
    outer loop
      vertex  1.628409e-008 -1.723334e+001  9.557880e+000
      vertex -1.492451e+001 -8.616672e+000  9.557880e+000
      vertex -1.665335e-016 -1.730579e+001  9.662519e+000
    endloop
  endfacet
  facet normal  4.288207e-001  7.427393e-001  5.142480e-001
    outer loop
      vertex -1.665335e-016 -1.730579e+001  9.662519e+000
      vertex -1.492451e+001 -8.616672e+000  9.557880e+000
      vertex -1.498726e+001 -8.652896e+000  9.662519e+000
    endloop
  endfacet
  facet normal  3.830377e-001  6.634408e-001  6.427506e-001
    outer loop
      vertex -1.665335e-016 -1.730579e+001  9.662519e+000
      vertex -1.498726e+001 -8.652896e+000  9.662519e+000
      vertex  1.526063e-006 -1.740262e+001  9.762460e+000
    endloop
  endfacet
  facet normal  3.830342e-001  6.634348e-001  6.427590e-001
    outer loop
      vertex  1.526063e-006 -1.740262e+001  9.762460e+000
      vertex -1.498726e+001 -8.652896e+000  9.662519e+000
      vertex -1.507111e+001 -8.701309e+000  9.762460e+000
    endloop
  endfacet
  facet normal  3.263396e-001  5.652368e-001  7.576343e-001
    outer loop
      vertex  1.526063e-006 -1.740262e+001  9.762460e+000
      vertex -1.507111e+001 -8.701309e+000  9.762460e+000
      vertex  3.170251e-006 -1.751444e+001  9.845883e+000
    endloop
  endfacet
  facet normal  3.263366e-001  5.652317e-001  7.576395e-001
    outer loop
      vertex  3.170251e-006 -1.751444e+001  9.845883e+000
      vertex -1.507111e+001 -8.701309e+000  9.762460e+000
      vertex -1.516795e+001 -8.757221e+000  9.845883e+000
    endloop
  endfacet
  facet normal  2.616007e-001  4.531059e-001  8.522090e-001
    outer loop
      vertex  3.170251e-006 -1.751444e+001  9.845883e+000
      vertex -1.516795e+001 -8.757221e+000  9.845883e+000
      vertex  7.822230e-008 -1.764110e+001  9.913228e+000
    endloop
  endfacet
  facet normal  2.616062e-001  4.531151e-001  8.522024e-001
    outer loop
      vertex  7.822230e-008 -1.764110e+001  9.913228e+000
      vertex -1.516795e+001 -8.757221e+000  9.845883e+000
      vertex -1.527764e+001 -8.820549e+000  9.913228e+000
    endloop
  endfacet
  facet normal  1.905053e-001  3.299648e-001  9.245706e-001
    outer loop
      vertex  7.822230e-008 -1.764110e+001  9.913228e+000
      vertex -1.527764e+001 -8.820549e+000  9.913228e+000
      vertex -3.067446e-006 -1.777621e+001  9.961450e+000
    endloop
  endfacet
  facet normal  1.905098e-001  3.299725e-001  9.245670e-001
    outer loop
      vertex -3.067446e-006 -1.777621e+001  9.961450e+000
      vertex -1.527764e+001 -8.820549e+000  9.913228e+000
      vertex -1.539466e+001 -8.888104e+000  9.961450e+000
    endloop
  endfacet
  facet normal  7.873329e-002  1.363700e-001  9.875243e-001
    outer loop
      vertex -3.067446e-006 -1.777621e+001  9.961450e+000
      vertex -1.539466e+001 -8.888104e+000  9.961450e+000
      vertex -7.121040e-016 -1.805532e+001  9.999991e+000
    endloop
  endfacet
  facet normal  7.873232e-002  1.363684e-001  9.875247e-001
    outer loop
      vertex -7.121040e-016 -1.805532e+001  9.999991e+000
      vertex -1.539466e+001 -8.888104e+000  9.961450e+000
      vertex -1.563636e+001 -9.027658e+000  9.999991e+000
    endloop
  endfacet
  facet normal  1.179864e-003  2.043585e-003  9.999973e-001
    outer loop
      vertex -7.121040e-016 -1.805532e+001  9.999991e+000
      vertex -1.563636e+001 -9.027658e+000  9.999991e+000
      vertex -1.564000e+001 -9.029758e+000  1.000000e+001
    endloop
  endfacet
  facet normal  2.359720e-003  -0.000000e+000  9.999972e-001
    outer loop
      vertex -1.564000e+001  9.029758e+000  1.000000e+001
      vertex -1.564000e+001 -9.029758e+000  1.000000e+001
      vertex -1.563636e+001 -9.027658e+000  9.999991e+000
    endloop
  endfacet
  facet normal  9.970092e-001  0.000000e+000  7.728270e-002
    outer loop
      vertex -1.484000e+001 -8.567878e+000  9.200000e+000
      vertex -1.484000e+001  8.567878e+000  9.200000e+000
      vertex -1.484956e+001 -8.573396e+000  9.323290e+000
    endloop
  endfacet
  facet normal  9.970086e-001  5.545186e-008  7.729036e-002
    outer loop
      vertex -1.484956e+001 -8.573396e+000  9.323290e+000
      vertex -1.484000e+001  8.567878e+000  9.200000e+000
      vertex -1.484956e+001  8.573396e+000  9.323290e+000
    endloop
  endfacet
  facet normal  9.733266e-001  5.413471e-008  2.294236e-001
    outer loop
      vertex -1.484956e+001 -8.573396e+000  9.323290e+000
      vertex -1.484956e+001  8.573396e+000  9.323290e+000
      vertex -1.487770e+001 -8.589647e+000  9.442706e+000
    endloop
  endfacet
  facet normal  9.733266e-001  5.403229e-008  2.294236e-001
    outer loop
      vertex -1.487770e+001 -8.589647e+000  9.442706e+000
      vertex -1.484956e+001  8.573396e+000  9.323290e+000
      vertex -1.487771e+001  8.589646e+000  9.442706e+000
    endloop
  endfacet
  facet normal  9.264141e-001  5.142804e-008  3.765061e-001
    outer loop
      vertex -1.487770e+001 -8.589647e+000  9.442706e+000
      vertex -1.487771e+001  8.589646e+000  9.442706e+000
      vertex -1.492451e+001 -8.616672e+000  9.557880e+000
    endloop
  endfacet
  facet normal  9.264169e-001  -0.000000e+000  3.764995e-001
    outer loop
      vertex -1.492451e+001 -8.616672e+000  9.557880e+000
      vertex -1.487771e+001  8.589646e+000  9.442706e+000
      vertex -1.492451e+001  8.616672e+000  9.557880e+000
    endloop
  endfacet
  facet normal  8.576419e-001  0.000000e+000  5.142474e-001
    outer loop
      vertex -1.492451e+001 -8.616672e+000  9.557880e+000
      vertex -1.492451e+001  8.616672e+000  9.557880e+000
      vertex -1.498726e+001 -8.652896e+000  9.662519e+000
    endloop
  endfacet
  facet normal  8.576419e-001  -0.000000e+000  5.142474e-001
    outer loop
      vertex -1.498726e+001 -8.652896e+000  9.662519e+000
      vertex -1.492451e+001  8.616672e+000  9.557880e+000
      vertex -1.498726e+001  8.652896e+000  9.662519e+000
    endloop
  endfacet
  facet normal  7.660713e-001  0.000000e+000  6.427556e-001
    outer loop
      vertex -1.498726e+001 -8.652896e+000  9.662519e+000
      vertex -1.498726e+001  8.652896e+000  9.662519e+000
      vertex -1.507111e+001 -8.701309e+000  9.762460e+000
    endloop
  endfacet
  facet normal  7.660676e-001  4.198098e-008  6.427599e-001
    outer loop
      vertex -1.507111e+001 -8.701309e+000  9.762460e+000
      vertex -1.498726e+001  8.652896e+000  9.662519e+000
      vertex -1.507111e+001  8.701307e+000  9.762460e+000
    endloop
  endfacet
  facet normal  6.526818e-001  3.576737e-008  7.576321e-001
    outer loop
      vertex -1.507111e+001 -8.701309e+000  9.762460e+000
      vertex -1.507111e+001  8.701307e+000  9.762460e+000
      vertex -1.516795e+001 -8.757221e+000  9.845883e+000
    endloop
  endfacet
  facet normal  6.526745e-001  1.066159e-007  7.576383e-001
    outer loop
      vertex -1.516795e+001 -8.757221e+000  9.845883e+000
      vertex -1.507111e+001  8.701307e+000  9.762460e+000
      vertex -1.516795e+001  8.757215e+000  9.845883e+000
    endloop
  endfacet
  facet normal  5.232009e-001  8.546605e-008  8.522093e-001
    outer loop
      vertex -1.516795e+001 -8.757221e+000  9.845883e+000
      vertex -1.516795e+001  8.757215e+000  9.845883e+000
      vertex -1.527764e+001 -8.820549e+000  9.913228e+000
    endloop
  endfacet
  facet normal  5.232108e-001  -0.000000e+000  8.522032e-001
    outer loop
      vertex -1.527764e+001 -8.820549e+000  9.913228e+000
      vertex -1.516795e+001  8.757215e+000  9.845883e+000
      vertex -1.527764e+001  8.820549e+000  9.913228e+000
    endloop
  endfacet
  facet normal  3.810106e-001  0.000000e+000  9.245707e-001
    outer loop
      vertex -1.527764e+001 -8.820549e+000  9.913228e+000
      vertex -1.527764e+001  8.820549e+000  9.913228e+000
      vertex -1.539466e+001 -8.888104e+000  9.961450e+000
    endloop
  endfacet
  facet normal  3.810211e-001 -8.176545e-008  9.245663e-001
    outer loop
      vertex -1.539466e+001 -8.888104e+000  9.961450e+000
      vertex -1.527764e+001  8.820549e+000  9.913228e+000
      vertex -1.539465e+001  8.888110e+000  9.961450e+000
    endloop
  endfacet
  facet normal  1.574668e-001 -3.379169e-008  9.875243e-001
    outer loop
      vertex -1.539466e+001 -8.888104e+000  9.961450e+000
      vertex -1.539465e+001  8.888110e+000  9.961450e+000
      vertex -1.563636e+001 -9.027658e+000  9.999991e+000
    endloop
  endfacet
  facet normal  1.574644e-001  -0.000000e+000  9.875247e-001
    outer loop
      vertex -1.563636e+001 -9.027658e+000  9.999991e+000
      vertex -1.539465e+001  8.888110e+000  9.961450e+000
      vertex -1.563636e+001  9.027658e+000  9.999991e+000
    endloop
  endfacet
  facet normal  2.359721e-003  0.000000e+000  9.999973e-001
    outer loop
      vertex -1.563636e+001 -9.027658e+000  9.999991e+000
      vertex -1.563636e+001  9.027658e+000  9.999991e+000
      vertex -1.564000e+001  9.029758e+000  1.000000e+001
    endloop
  endfacet
  facet normal  1.179864e-003 -2.043585e-003  9.999973e-001
    outer loop
      vertex -2.164935e-015  1.805952e+001  1.000000e+001
      vertex -1.564000e+001  9.029758e+000  1.000000e+001
      vertex -1.563636e+001  9.027658e+000  9.999991e+000
    endloop
  endfacet
  facet normal  4.985043e-001 -8.634349e-001  7.728901e-002
    outer loop
      vertex -1.484000e+001  8.567878e+000  9.200000e+000
      vertex  1.776357e-015  1.713576e+001  9.200000e+000
      vertex -1.484956e+001  8.573396e+000  9.323290e+000
    endloop
  endfacet
  facet normal  4.985044e-001 -8.634350e-001  7.728764e-002
    outer loop
      vertex -1.484956e+001  8.573396e+000  9.323290e+000
      vertex  1.776357e-015  1.713576e+001  9.200000e+000
      vertex -2.338941e-007  1.714679e+001  9.323290e+000
    endloop
  endfacet
  facet normal  4.866637e-001 -8.429263e-001  2.294205e-001
    outer loop
      vertex -1.484956e+001  8.573396e+000  9.323290e+000
      vertex -2.338941e-007  1.714679e+001  9.323290e+000
      vertex -1.487771e+001  8.589646e+000  9.442706e+000
    endloop
  endfacet
  facet normal  4.866626e-001 -8.429242e-001  2.294301e-001
    outer loop
      vertex -1.487771e+001  8.589646e+000  9.442706e+000
      vertex -2.338941e-007  1.714679e+001  9.323290e+000
      vertex -2.741602e-007  1.717929e+001  9.442706e+000
    endloop
  endfacet
  facet normal  4.632072e-001 -8.022983e-001  3.765056e-001
    outer loop
      vertex -1.487771e+001  8.589646e+000  9.442706e+000
      vertex -2.741602e-007  1.717929e+001  9.442706e+000
      vertex -1.492451e+001  8.616672e+000  9.557880e+000
    endloop
  endfacet
  facet normal  4.632083e-001 -8.023003e-001  3.765003e-001
    outer loop
      vertex -1.492451e+001  8.616672e+000  9.557880e+000
      vertex -2.741602e-007  1.717929e+001  9.442706e+000
      vertex -1.628409e-008  1.723334e+001  9.557880e+000
    endloop
  endfacet
  facet normal  4.288208e-001 -7.427394e-001  5.142481e-001
    outer loop
      vertex -1.492451e+001  8.616672e+000  9.557880e+000
      vertex -1.628409e-008  1.723334e+001  9.557880e+000
      vertex -1.498726e+001  8.652896e+000  9.662519e+000
    endloop
  endfacet
  facet normal  4.288206e-001 -7.427390e-001  5.142487e-001
    outer loop
      vertex -1.498726e+001  8.652896e+000  9.662519e+000
      vertex -1.628409e-008  1.723334e+001  9.557880e+000
      vertex -2.942091e-015  1.730579e+001  9.662519e+000
    endloop
  endfacet
  facet normal  3.830364e-001 -6.634385e-001  6.427537e-001
    outer loop
      vertex -1.498726e+001  8.652896e+000  9.662519e+000
      vertex -2.942091e-015  1.730579e+001  9.662519e+000
      vertex -1.507111e+001  8.701307e+000  9.762460e+000
    endloop
  endfacet
  facet normal  3.830342e-001 -6.634346e-001  6.427592e-001
    outer loop
      vertex -1.507111e+001  8.701307e+000  9.762460e+000
      vertex -2.942091e-015  1.730579e+001  9.662519e+000
      vertex -1.526063e-006  1.740262e+001  9.762460e+000
    endloop
  endfacet
  facet normal  3.263412e-001 -5.652394e-001  7.576317e-001
    outer loop
      vertex -1.507111e+001  8.701307e+000  9.762460e+000
      vertex -1.526063e-006  1.740262e+001  9.762460e+000
      vertex -1.516795e+001  8.757215e+000  9.845883e+000
    endloop
  endfacet
  facet normal  3.263379e-001 -5.652336e-001  7.576375e-001
    outer loop
      vertex -1.516795e+001  8.757215e+000  9.845883e+000
      vertex -1.526063e-006  1.740262e+001  9.762460e+000
      vertex -3.170251e-006  1.751444e+001  9.845883e+000
    endloop
  endfacet
  facet normal  2.616001e-001 -4.531045e-001  8.522099e-001
    outer loop
      vertex -1.516795e+001  8.757215e+000  9.845883e+000
      vertex -3.170251e-006  1.751444e+001  9.845883e+000
      vertex -1.527764e+001  8.820549e+000  9.913228e+000
    endloop
  endfacet
  facet normal  2.616058e-001 -4.531145e-001  8.522029e-001
    outer loop
      vertex -1.527764e+001  8.820549e+000  9.913228e+000
      vertex -3.170251e-006  1.751444e+001  9.845883e+000
      vertex -7.822229e-008  1.764110e+001  9.913228e+000
    endloop
  endfacet
  facet normal  1.905055e-001 -3.299651e-001  9.245705e-001
    outer loop
      vertex -1.527764e+001  8.820549e+000  9.913228e+000
      vertex -7.822229e-008  1.764110e+001  9.913228e+000
      vertex -1.539465e+001  8.888110e+000  9.961450e+000
    endloop
  endfacet
  facet normal  1.905092e-001 -3.299718e-001  9.245674e-001
    outer loop
      vertex -1.539465e+001  8.888110e+000  9.961450e+000
      vertex -7.822229e-008  1.764110e+001  9.913228e+000
      vertex  3.067446e-006  1.777621e+001  9.961450e+000
    endloop
  endfacet
  facet normal  7.873327e-002 -1.363701e-001  9.875243e-001
    outer loop
      vertex -1.539465e+001  8.888110e+000  9.961450e+000
      vertex  3.067446e-006  1.777621e+001  9.961450e+000
      vertex -1.563636e+001  9.027658e+000  9.999991e+000
    endloop
  endfacet
  facet normal  7.873235e-002 -1.363684e-001  9.875246e-001
    outer loop
      vertex -1.563636e+001  9.027658e+000  9.999991e+000
      vertex  3.067446e-006  1.777621e+001  9.961450e+000
      vertex -2.452465e-015  1.805532e+001  9.999991e+000
    endloop
  endfacet
  facet normal  1.179868e-003 -2.043591e-003  9.999972e-001
    outer loop
      vertex -1.563636e+001  9.027658e+000  9.999991e+000
      vertex -2.452465e-015  1.805532e+001  9.999991e+000
      vertex -2.164935e-015  1.805952e+001  1.000000e+001
    endloop
  endfacet
  facet normal -1.179868e-003 -2.043591e-003  9.999973e-001
    outer loop
      vertex  1.564000e+001  9.029758e+000  1.000000e+001
      vertex -2.164935e-015  1.805952e+001  1.000000e+001
      vertex -2.452465e-015  1.805532e+001  9.999991e+000
    endloop
  endfacet
  facet normal -4.985044e-001 -8.634350e-001  7.728765e-002
    outer loop
      vertex  1.776357e-015  1.713576e+001  9.200000e+000
      vertex  1.484000e+001  8.567878e+000  9.200000e+000
      vertex -2.338941e-007  1.714679e+001  9.323290e+000
    endloop
  endfacet
  facet normal -4.985045e-001 -8.634351e-001  7.728516e-002
    outer loop
      vertex -2.338941e-007  1.714679e+001  9.323290e+000
      vertex  1.484000e+001  8.567878e+000  9.200000e+000
      vertex  1.484956e+001  8.573396e+000  9.323290e+000
    endloop
  endfacet
  facet normal -4.866626e-001 -8.429243e-001  2.294301e-001
    outer loop
      vertex -2.338941e-007  1.714679e+001  9.323290e+000
      vertex  1.484956e+001  8.573396e+000  9.323290e+000
      vertex -2.741602e-007  1.717929e+001  9.442706e+000
    endloop
  endfacet
  facet normal -4.866630e-001 -8.429250e-001  2.294268e-001
    outer loop
      vertex -2.741602e-007  1.717929e+001  9.442706e+000
      vertex  1.484956e+001  8.573396e+000  9.323290e+000
      vertex  1.487770e+001  8.589647e+000  9.442706e+000
    endloop
  endfacet
  facet normal -4.632083e-001 -8.023002e-001  3.765003e-001
    outer loop
      vertex -2.741602e-007  1.717929e+001  9.442706e+000
      vertex  1.487770e+001  8.589647e+000  9.442706e+000
      vertex -1.628409e-008  1.723334e+001  9.557880e+000
    endloop
  endfacet
  facet normal -4.632077e-001 -8.022992e-001  3.765032e-001
    outer loop
      vertex -1.628409e-008  1.723334e+001  9.557880e+000
      vertex  1.487770e+001  8.589647e+000  9.442706e+000
      vertex  1.492451e+001  8.616672e+000  9.557880e+000
    endloop
  endfacet
  facet normal -4.288206e-001 -7.427390e-001  5.142487e-001
    outer loop
      vertex -1.628409e-008  1.723334e+001  9.557880e+000
      vertex  1.492451e+001  8.616672e+000  9.557880e+000
      vertex -2.942091e-015  1.730579e+001  9.662519e+000
    endloop
  endfacet
  facet normal -4.288207e-001 -7.427393e-001  5.142480e-001
    outer loop
      vertex -2.942091e-015  1.730579e+001  9.662519e+000
      vertex  1.492451e+001  8.616672e+000  9.557880e+000
      vertex  1.498726e+001  8.652896e+000  9.662519e+000
    endloop
  endfacet
  facet normal -3.830377e-001 -6.634408e-001  6.427506e-001
    outer loop
      vertex -2.942091e-015  1.730579e+001  9.662519e+000
      vertex  1.498726e+001  8.652896e+000  9.662519e+000
      vertex -1.526063e-006  1.740262e+001  9.762460e+000
    endloop
  endfacet
  facet normal -3.830342e-001 -6.634348e-001  6.427590e-001
    outer loop
      vertex -1.526063e-006  1.740262e+001  9.762460e+000
      vertex  1.498726e+001  8.652896e+000  9.662519e+000
      vertex  1.507111e+001  8.701309e+000  9.762460e+000
    endloop
  endfacet
  facet normal -3.263396e-001 -5.652368e-001  7.576343e-001
    outer loop
      vertex -1.526063e-006  1.740262e+001  9.762460e+000
      vertex  1.507111e+001  8.701309e+000  9.762460e+000
      vertex -3.170251e-006  1.751444e+001  9.845883e+000
    endloop
  endfacet
  facet normal -3.263366e-001 -5.652317e-001  7.576395e-001
    outer loop
      vertex -3.170251e-006  1.751444e+001  9.845883e+000
      vertex  1.507111e+001  8.701309e+000  9.762460e+000
      vertex  1.516795e+001  8.757221e+000  9.845883e+000
    endloop
  endfacet
  facet normal -2.616007e-001 -4.531059e-001  8.522090e-001
    outer loop
      vertex -3.170251e-006  1.751444e+001  9.845883e+000
      vertex  1.516795e+001  8.757221e+000  9.845883e+000
      vertex -7.822229e-008  1.764110e+001  9.913228e+000
    endloop
  endfacet
  facet normal -2.616062e-001 -4.531151e-001  8.522024e-001
    outer loop
      vertex -7.822229e-008  1.764110e+001  9.913228e+000
      vertex  1.516795e+001  8.757221e+000  9.845883e+000
      vertex  1.527764e+001  8.820549e+000  9.913228e+000
    endloop
  endfacet
  facet normal -1.905053e-001 -3.299648e-001  9.245706e-001
    outer loop
      vertex -7.822229e-008  1.764110e+001  9.913228e+000
      vertex  1.527764e+001  8.820549e+000  9.913228e+000
      vertex  3.067446e-006  1.777621e+001  9.961450e+000
    endloop
  endfacet
  facet normal -1.905098e-001 -3.299725e-001  9.245670e-001
    outer loop
      vertex  3.067446e-006  1.777621e+001  9.961450e+000
      vertex  1.527764e+001  8.820549e+000  9.913228e+000
      vertex  1.539466e+001  8.888104e+000  9.961450e+000
    endloop
  endfacet
  facet normal -7.873329e-002 -1.363700e-001  9.875243e-001
    outer loop
      vertex  3.067446e-006  1.777621e+001  9.961450e+000
      vertex  1.539466e+001  8.888104e+000  9.961450e+000
      vertex -2.452465e-015  1.805532e+001  9.999991e+000
    endloop
  endfacet
  facet normal -7.873232e-002 -1.363684e-001  9.875247e-001
    outer loop
      vertex -2.452465e-015  1.805532e+001  9.999991e+000
      vertex  1.539466e+001  8.888104e+000  9.961450e+000
      vertex  1.563636e+001  9.027658e+000  9.999991e+000
    endloop
  endfacet
  facet normal -1.179864e-003 -2.043585e-003  9.999973e-001
    outer loop
      vertex -2.452465e-015  1.805532e+001  9.999991e+000
      vertex  1.563636e+001  9.027658e+000  9.999991e+000
      vertex  1.564000e+001  9.029758e+000  1.000000e+001
    endloop
  endfacet
  facet normal -2.359720e-003  0.000000e+000  9.999972e-001
    outer loop
      vertex  1.564000e+001 -9.029758e+000  1.000000e+001
      vertex  1.564000e+001  9.029758e+000  1.000000e+001
      vertex  1.563636e+001  9.027658e+000  9.999991e+000
    endloop
  endfacet
  facet normal -9.970092e-001  0.000000e+000  7.728270e-002
    outer loop
      vertex  1.484000e+001  8.567878e+000  9.200000e+000
      vertex  1.484000e+001 -8.567878e+000  9.200000e+000
      vertex  1.484956e+001  8.573396e+000  9.323290e+000
    endloop
  endfacet
  facet normal -9.970086e-001 -5.545186e-008  7.729036e-002
    outer loop
      vertex  1.484956e+001  8.573396e+000  9.323290e+000
      vertex  1.484000e+001 -8.567878e+000  9.200000e+000
      vertex  1.484956e+001 -8.573396e+000  9.323290e+000
    endloop
  endfacet
  facet normal -9.733266e-001 -5.413471e-008  2.294236e-001
    outer loop
      vertex  1.484956e+001  8.573396e+000  9.323290e+000
      vertex  1.484956e+001 -8.573396e+000  9.323290e+000
      vertex  1.487770e+001  8.589647e+000  9.442706e+000
    endloop
  endfacet
  facet normal -9.733266e-001 -5.403229e-008  2.294236e-001
    outer loop
      vertex  1.487770e+001  8.589647e+000  9.442706e+000
      vertex  1.484956e+001 -8.573396e+000  9.323290e+000
      vertex  1.487771e+001 -8.589646e+000  9.442706e+000
    endloop
  endfacet
  facet normal -9.264141e-001 -5.142804e-008  3.765061e-001
    outer loop
      vertex  1.487770e+001  8.589647e+000  9.442706e+000
      vertex  1.487771e+001 -8.589646e+000  9.442706e+000
      vertex  1.492451e+001  8.616672e+000  9.557880e+000
    endloop
  endfacet
  facet normal -9.264169e-001  0.000000e+000  3.764995e-001
    outer loop
      vertex  1.492451e+001  8.616672e+000  9.557880e+000
      vertex  1.487771e+001 -8.589646e+000  9.442706e+000
      vertex  1.492451e+001 -8.616672e+000  9.557880e+000
    endloop
  endfacet
  facet normal -8.576419e-001  0.000000e+000  5.142474e-001
    outer loop
      vertex  1.492451e+001  8.616672e+000  9.557880e+000
      vertex  1.492451e+001 -8.616672e+000  9.557880e+000
      vertex  1.498726e+001  8.652896e+000  9.662519e+000
    endloop
  endfacet
  facet normal -8.576419e-001  0.000000e+000  5.142474e-001
    outer loop
      vertex  1.498726e+001  8.652896e+000  9.662519e+000
      vertex  1.492451e+001 -8.616672e+000  9.557880e+000
      vertex  1.498726e+001 -8.652896e+000  9.662519e+000
    endloop
  endfacet
  facet normal -7.660713e-001  0.000000e+000  6.427556e-001
    outer loop
      vertex  1.498726e+001  8.652896e+000  9.662519e+000
      vertex  1.498726e+001 -8.652896e+000  9.662519e+000
      vertex  1.507111e+001  8.701309e+000  9.762460e+000
    endloop
  endfacet
  facet normal -7.660676e-001 -4.198098e-008  6.427599e-001
    outer loop
      vertex  1.507111e+001  8.701309e+000  9.762460e+000
      vertex  1.498726e+001 -8.652896e+000  9.662519e+000
      vertex  1.507111e+001 -8.701307e+000  9.762460e+000
    endloop
  endfacet
  facet normal -6.526818e-001 -3.576737e-008  7.576321e-001
    outer loop
      vertex  1.507111e+001  8.701309e+000  9.762460e+000
      vertex  1.507111e+001 -8.701307e+000  9.762460e+000
      vertex  1.516795e+001  8.757221e+000  9.845883e+000
    endloop
  endfacet
  facet normal -6.526745e-001 -1.066159e-007  7.576383e-001
    outer loop
      vertex  1.516795e+001  8.757221e+000  9.845883e+000
      vertex  1.507111e+001 -8.701307e+000  9.762460e+000
      vertex  1.516795e+001 -8.757215e+000  9.845883e+000
    endloop
  endfacet
  facet normal -5.232009e-001 -8.546605e-008  8.522093e-001
    outer loop
      vertex  1.516795e+001  8.757221e+000  9.845883e+000
      vertex  1.516795e+001 -8.757215e+000  9.845883e+000
      vertex  1.527764e+001  8.820549e+000  9.913228e+000
    endloop
  endfacet
  facet normal -5.232108e-001  0.000000e+000  8.522032e-001
    outer loop
      vertex  1.527764e+001  8.820549e+000  9.913228e+000
      vertex  1.516795e+001 -8.757215e+000  9.845883e+000
      vertex  1.527764e+001 -8.820549e+000  9.913228e+000
    endloop
  endfacet
  facet normal -3.810106e-001  0.000000e+000  9.245707e-001
    outer loop
      vertex  1.527764e+001  8.820549e+000  9.913228e+000
      vertex  1.527764e+001 -8.820549e+000  9.913228e+000
      vertex  1.539466e+001  8.888104e+000  9.961450e+000
    endloop
  endfacet
  facet normal -3.810211e-001  8.176545e-008  9.245663e-001
    outer loop
      vertex  1.539466e+001  8.888104e+000  9.961450e+000
      vertex  1.527764e+001 -8.820549e+000  9.913228e+000
      vertex  1.539465e+001 -8.888110e+000  9.961450e+000
    endloop
  endfacet
  facet normal -1.574668e-001  3.379169e-008  9.875243e-001
    outer loop
      vertex  1.539466e+001  8.888104e+000  9.961450e+000
      vertex  1.539465e+001 -8.888110e+000  9.961450e+000
      vertex  1.563636e+001  9.027658e+000  9.999991e+000
    endloop
  endfacet
  facet normal -1.574644e-001  0.000000e+000  9.875247e-001
    outer loop
      vertex  1.563636e+001  9.027658e+000  9.999991e+000
      vertex  1.539465e+001 -8.888110e+000  9.961450e+000
      vertex  1.563636e+001 -9.027658e+000  9.999991e+000
    endloop
  endfacet
  facet normal -2.359721e-003  0.000000e+000  9.999973e-001
    outer loop
      vertex  1.563636e+001  9.027658e+000  9.999991e+000
      vertex  1.563636e+001 -9.027658e+000  9.999991e+000
      vertex  1.564000e+001 -9.029758e+000  1.000000e+001
    endloop
  endfacet
  facet normal -1.179864e-003  2.043585e-003  9.999973e-001
    outer loop
      vertex  2.775558e-016 -1.805952e+001  1.000000e+001
      vertex  1.564000e+001 -9.029758e+000  1.000000e+001
      vertex  1.563636e+001 -9.027658e+000  9.999991e+000
    endloop
  endfacet
  facet normal -4.985043e-001  8.634349e-001  7.728901e-002
    outer loop
      vertex  1.484000e+001 -8.567878e+000  9.200000e+000
      vertex -8.881784e-016 -1.713576e+001  9.200000e+000
      vertex  1.484956e+001 -8.573396e+000  9.323290e+000
    endloop
  endfacet
  facet normal -4.985044e-001  8.634350e-001  7.728764e-002
    outer loop
      vertex  1.484956e+001 -8.573396e+000  9.323290e+000
      vertex -8.881784e-016 -1.713576e+001  9.200000e+000
      vertex  2.338941e-007 -1.714679e+001  9.323290e+000
    endloop
  endfacet
  facet normal -4.866637e-001  8.429263e-001  2.294205e-001
    outer loop
      vertex  1.484956e+001 -8.573396e+000  9.323290e+000
      vertex  2.338941e-007 -1.714679e+001  9.323290e+000
      vertex  1.487771e+001 -8.589646e+000  9.442706e+000
    endloop
  endfacet
  facet normal -4.866626e-001  8.429242e-001  2.294301e-001
    outer loop
      vertex  1.487771e+001 -8.589646e+000  9.442706e+000
      vertex  2.338941e-007 -1.714679e+001  9.323290e+000
      vertex  2.741602e-007 -1.717929e+001  9.442706e+000
    endloop
  endfacet
  facet normal -4.632072e-001  8.022983e-001  3.765056e-001
    outer loop
      vertex  1.487771e+001 -8.589646e+000  9.442706e+000
      vertex  2.741602e-007 -1.717929e+001  9.442706e+000
      vertex  1.492451e+001 -8.616672e+000  9.557880e+000
    endloop
  endfacet
  facet normal -4.632083e-001  8.023003e-001  3.765003e-001
    outer loop
      vertex  1.492451e+001 -8.616672e+000  9.557880e+000
      vertex  2.741602e-007 -1.717929e+001  9.442706e+000
      vertex  1.628409e-008 -1.723334e+001  9.557880e+000
    endloop
  endfacet
  facet normal -4.288208e-001  7.427394e-001  5.142481e-001
    outer loop
      vertex  1.492451e+001 -8.616672e+000  9.557880e+000
      vertex  1.628409e-008 -1.723334e+001  9.557880e+000
      vertex  1.498726e+001 -8.652896e+000  9.662519e+000
    endloop
  endfacet
  facet normal -4.288206e-001  7.427390e-001  5.142487e-001
    outer loop
      vertex  1.498726e+001 -8.652896e+000  9.662519e+000
      vertex  1.628409e-008 -1.723334e+001  9.557880e+000
      vertex -1.665335e-016 -1.730579e+001  9.662519e+000
    endloop
  endfacet
  facet normal -3.830364e-001  6.634385e-001  6.427537e-001
    outer loop
      vertex  1.498726e+001 -8.652896e+000  9.662519e+000
      vertex -1.665335e-016 -1.730579e+001  9.662519e+000
      vertex  1.507111e+001 -8.701307e+000  9.762460e+000
    endloop
  endfacet
  facet normal -3.830342e-001  6.634346e-001  6.427592e-001
    outer loop
      vertex  1.507111e+001 -8.701307e+000  9.762460e+000
      vertex -1.665335e-016 -1.730579e+001  9.662519e+000
      vertex  1.526063e-006 -1.740262e+001  9.762460e+000
    endloop
  endfacet
  facet normal -3.263412e-001  5.652394e-001  7.576317e-001
    outer loop
      vertex  1.507111e+001 -8.701307e+000  9.762460e+000
      vertex  1.526063e-006 -1.740262e+001  9.762460e+000
      vertex  1.516795e+001 -8.757215e+000  9.845883e+000
    endloop
  endfacet
  facet normal -3.263379e-001  5.652336e-001  7.576375e-001
    outer loop
      vertex  1.516795e+001 -8.757215e+000  9.845883e+000
      vertex  1.526063e-006 -1.740262e+001  9.762460e+000
      vertex  3.170251e-006 -1.751444e+001  9.845883e+000
    endloop
  endfacet
  facet normal -2.616001e-001  4.531045e-001  8.522099e-001
    outer loop
      vertex  1.516795e+001 -8.757215e+000  9.845883e+000
      vertex  3.170251e-006 -1.751444e+001  9.845883e+000
      vertex  1.527764e+001 -8.820549e+000  9.913228e+000
    endloop
  endfacet
  facet normal -2.616058e-001  4.531145e-001  8.522029e-001
    outer loop
      vertex  1.527764e+001 -8.820549e+000  9.913228e+000
      vertex  3.170251e-006 -1.751444e+001  9.845883e+000
      vertex  7.822230e-008 -1.764110e+001  9.913228e+000
    endloop
  endfacet
  facet normal -1.905055e-001  3.299651e-001  9.245705e-001
    outer loop
      vertex  1.527764e+001 -8.820549e+000  9.913228e+000
      vertex  7.822230e-008 -1.764110e+001  9.913228e+000
      vertex  1.539465e+001 -8.888110e+000  9.961450e+000
    endloop
  endfacet
  facet normal -1.905092e-001  3.299718e-001  9.245674e-001
    outer loop
      vertex  1.539465e+001 -8.888110e+000  9.961450e+000
      vertex  7.822230e-008 -1.764110e+001  9.913228e+000
      vertex -3.067446e-006 -1.777621e+001  9.961450e+000
    endloop
  endfacet
  facet normal -7.873327e-002  1.363701e-001  9.875243e-001
    outer loop
      vertex  1.539465e+001 -8.888110e+000  9.961450e+000
      vertex -3.067446e-006 -1.777621e+001  9.961450e+000
      vertex  1.563636e+001 -9.027658e+000  9.999991e+000
    endloop
  endfacet
  facet normal -7.873235e-002  1.363684e-001  9.875246e-001
    outer loop
      vertex  1.563636e+001 -9.027658e+000  9.999991e+000
      vertex -3.067446e-006 -1.777621e+001  9.961450e+000
      vertex -7.121040e-016 -1.805532e+001  9.999991e+000
    endloop
  endfacet
  facet normal -1.179868e-003  2.043591e-003  9.999972e-001
    outer loop
      vertex  1.563636e+001 -9.027658e+000  9.999991e+000
      vertex -7.121040e-016 -1.805532e+001  9.999991e+000
      vertex  2.775558e-016 -1.805952e+001  1.000000e+001
    endloop
  endfacet
endsolid CATIA STL
