ISO-10303-21;
HEADER;
/* Generated by software containing ST-Developer
 * from STEP Tools, Inc. (www.steptools.com) 
 */

FILE_DESCRIPTION(
/* description */ (''),
/* implementation_level */ '2;1');

FILE_NAME(
/* name */ 'Gravitrax Duplo tower v4.step',
/* time_stamp */ '2023-03-26T22:36:40+02:00',
/* author */ (''),
/* organization */ (''),
/* preprocessor_version */ 'ST-DEVELOPER v19.2',
/* originating_system */ 'Autodesk Translation Framework v11.17.0.187',

/* authorisation */ '');

FILE_SCHEMA (('AUTOMOTIVE_DESIGN { 1 0 10303 214 3 1 1 }'));
ENDSEC;

DATA;
#10=MECHANICAL_DESIGN_GEOMETRIC_PRESENTATION_REPRESENTATION('',(#109,#110,
#111,#112,#113,#114,#115),#18933);
#11=SHAPE_REPRESENTATION_RELATIONSHIP('SRR','None',#18940,#12);
#12=ADVANCED_BREP_SHAPE_REPRESENTATION('',(#116,#117,#118,#119,#120,#121,
#122),#18932);
#13=CONICAL_SURFACE('',#11749,2.6,0.785398163397447);
#14=CONICAL_SURFACE('',#11752,2.6,0.785398163397448);
#15=CONICAL_SURFACE('',#11755,2.6,0.785398163397449);
#16=CONICAL_SURFACE('',#11758,2.6,0.785398163397448);
#17=CONICAL_SURFACE('',#11761,2.6,0.785398163397448);
#18=CONICAL_SURFACE('',#11764,2.6,0.785398163397449);
#19=CONICAL_SURFACE('',#11805,2.6,0.785398163397449);
#20=CONICAL_SURFACE('',#11808,2.6,0.785398163397451);
#21=CONICAL_SURFACE('',#11811,2.6,0.78539816339745);
#22=CONICAL_SURFACE('',#11814,2.6,0.785398163397449);
#23=CONICAL_SURFACE('',#11826,2.6,0.785398163397449);
#24=CONICAL_SURFACE('',#11830,2.6,0.785398163397448);
#25=CONICAL_SURFACE('',#11834,2.6,0.785398163397448);
#26=CONICAL_SURFACE('',#11838,2.6,0.785398163397449);
#27=CONICAL_SURFACE('',#11932,2.6,0.785398163397449);
#28=CONICAL_SURFACE('',#11935,2.6,0.78539816339745);
#29=CONICAL_SURFACE('',#11938,2.6,0.78539816339745);
#30=CONICAL_SURFACE('',#11941,2.6,0.785398163397449);
#31=CONICAL_SURFACE('',#11954,2.6,0.785398163397449);
#32=CONICAL_SURFACE('',#11959,2.6,0.785398163397449);
#33=CONICAL_SURFACE('',#11996,2.6,0.785398163397449);
#34=CONICAL_SURFACE('',#11999,2.6,0.785398163397451);
#35=CONICAL_SURFACE('',#12002,2.6,0.78539816339745);
#36=CONICAL_SURFACE('',#12005,2.6,0.785398163397449);
#37=CONICAL_SURFACE('',#12130,2.6,0.785398163397449);
#38=CONICAL_SURFACE('',#12133,2.6,0.785398163397451);
#39=CONICAL_SURFACE('',#12136,2.6,0.78539816339745);
#40=CONICAL_SURFACE('',#12139,2.6,0.785398163397449);
#41=CONICAL_SURFACE('',#12188,2.59999999999999,0.785398163397456);
#42=CONICAL_SURFACE('',#12191,2.6,0.78539816339745);
#43=CONICAL_SURFACE('',#12194,2.6,0.785398163397449);
#44=CONICAL_SURFACE('',#12197,2.6,0.785398163397448);
#45=CONICAL_SURFACE('',#12223,2.6,0.785398163397448);
#46=CONICAL_SURFACE('',#12226,2.6,0.785398163397449);
#47=CONICAL_SURFACE('',#12229,2.6,0.78539816339745);
#48=CONICAL_SURFACE('',#12232,2.6,0.78539816339745);
#49=ELLIPSE('',#11604,1.13137084989285,0.8);
#50=ELLIPSE('',#11605,1.1313708498919,0.8);
#51=ELLIPSE('',#11607,1.13137084989848,0.8);
#52=ELLIPSE('',#11609,1.13137084989921,0.8);
#53=ELLIPSE('',#11611,1.13137084989887,0.8);
#54=ELLIPSE('',#11613,1.13137084989823,0.8);
#55=ELLIPSE('',#11615,1.13137084989789,0.8);
#56=ELLIPSE('',#11617,1.13137084989769,0.8);
#57=ELLIPSE('',#11619,1.13137084989835,0.8);
#58=ELLIPSE('',#11621,1.13137084989697,0.8);
#59=ELLIPSE('',#11623,1.13137084989761,0.8);
#60=ELLIPSE('',#11625,1.13137084989848,0.8);
#61=ELLIPSE('',#11627,1.13137084989674,0.8);
#62=ELLIPSE('',#11629,1.13137084989632,0.8);
#63=ELLIPSE('',#11631,1.1313708498975,0.8);
#64=ELLIPSE('',#11633,1.13137084989708,0.8);
#65=ELLIPSE('',#11635,1.13137084989675,0.8);
#66=ELLIPSE('',#11637,1.13137084989793,0.8);
#67=ELLIPSE('',#11638,1.13137084989665,0.8);
#68=ELLIPSE('',#11641,1.13137084989571,0.8);
#69=ELLIPSE('',#11643,1.13137084989848,0.8);
#70=ELLIPSE('',#11645,1.13137084989937,0.8);
#71=ELLIPSE('',#11647,1.13137084989806,0.8);
#72=ELLIPSE('',#11649,1.13137084989907,0.8);
#73=ELLIPSE('',#11651,1.13137084989775,0.8);
#74=ELLIPSE('',#11653,1.13137084989967,0.8);
#75=ELLIPSE('',#11655,1.13137084989737,0.8);
#76=ELLIPSE('',#11657,1.1313708498976,0.8);
#77=ELLIPSE('',#11659,1.13137084989544,0.8);
#78=ELLIPSE('',#11661,1.13137084989848,0.8);
#79=ELLIPSE('',#11663,1.13137084989937,0.8);
#80=ELLIPSE('',#11665,1.13137084989859,0.8);
#81=ELLIPSE('',#11667,1.13137084989921,0.8);
#82=ELLIPSE('',#11669,1.13137084989843,0.8);
#83=ELLIPSE('',#11671,1.13137084990077,0.8);
#84=ELLIPSE('',#11673,1.1313708498988,0.8);
#85=ELLIPSE('',#11848,1.06666666666667,0.533333333333334);
#86=ELLIPSE('',#11886,1.06666666666667,0.533333333333334);
#87=ELLIPSE('',#11887,0.552147296218713,0.533333333333334);
#88=ELLIPSE('',#11894,0.552147296218713,0.533333333333333);
#89=ELLIPSE('',#11965,1.06666666666667,0.533333333333333);
#90=ELLIPSE('',#11969,1.06666666666667,0.533333333333334);
#91=ELLIPSE('',#12016,0.552147296218711,0.533333333333334);
#92=ELLIPSE('',#12040,0.552147296218711,0.533333333333333);
#93=ELLIPSE('',#12043,1.06666666666667,0.533333333333334);
#94=ELLIPSE('',#12055,1.06666666666667,0.533333333333334);
#95=ELLIPSE('',#12056,0.552147296218712,0.533333333333334);
#96=ELLIPSE('',#12076,0.552147296218711,0.533333333333333);
#97=ELLIPSE('',#12156,1.06666666666667,0.533333333333333);
#98=ELLIPSE('',#12157,1.06666666666667,0.533333333333334);
#99=ELLIPSE('',#12160,1.06666666666667,0.533333333333334);
#100=ELLIPSE('',#12161,1.06666666666667,0.533333333333333);
#101=ELLIPSE('',#12243,0.552147296218712,0.533333333333334);
#102=ELLIPSE('',#12267,0.552147296218712,0.533333333333333);
#103=ELLIPSE('',#12271,1.06666666666667,0.533333333333334);
#104=ELLIPSE('',#12283,1.06666666666667,0.533333333333334);
#105=ELLIPSE('',#12284,0.552147296218712,0.533333333333334);
#106=ELLIPSE('',#12304,0.552147296218711,0.533333333333334);
#107=ELLIPSE('',#12310,0.552147296218712,0.533333333333333);
#108=ELLIPSE('',#12330,0.552147296218714,0.533333333333334);
#109=STYLED_ITEM('',(#18950),#116);
#110=STYLED_ITEM('',(#18950),#117);
#111=STYLED_ITEM('',(#18950),#118);
#112=STYLED_ITEM('',(#18950),#119);
#113=STYLED_ITEM('',(#18950),#120);
#114=STYLED_ITEM('',(#18950),#121);
#115=STYLED_ITEM('',(#18950),#122);
#116=MANIFOLD_SOLID_BREP('Base-Gravitrax foot',#11286);
#117=MANIFOLD_SOLID_BREP('Base-Duplo peg',#11287);
#118=MANIFOLD_SOLID_BREP('Spacer-Duplo',#11288);
#119=MANIFOLD_SOLID_BREP('Spacer-solo-top',#11289);
#120=MANIFOLD_SOLID_BREP('Spacer-single-shelf',#11290);
#121=MANIFOLD_SOLID_BREP('Spacer-duo-shelf',#11291);
#122=MANIFOLD_SOLID_BREP('Spacer-tri-shelf',#11292);
#123=FACE_BOUND('',#3882,.T.);
#124=FACE_BOUND('',#3889,.T.);
#125=FACE_BOUND('',#3918,.T.);
#126=FACE_BOUND('',#3922,.T.);
#127=FACE_BOUND('',#3926,.T.);
#128=FACE_BOUND('',#3930,.T.);
#129=FACE_BOUND('',#3933,.T.);
#130=FACE_BOUND('',#3934,.T.);
#131=FACE_BOUND('',#3935,.T.);
#132=FACE_BOUND('',#3936,.T.);
#133=FACE_BOUND('',#3967,.T.);
#134=FACE_BOUND('',#3969,.T.);
#135=FACE_BOUND('',#3972,.T.);
#136=FACE_BOUND('',#4039,.T.);
#137=FACE_BOUND('',#4073,.T.);
#138=FACE_BOUND('',#4093,.T.);
#139=FACE_BOUND('',#4113,.T.);
#140=FACE_BOUND('',#4145,.T.);
#141=FACE_BOUND('',#4157,.T.);
#142=FACE_BOUND('',#4158,.T.);
#143=FACE_BOUND('',#4159,.T.);
#144=FACE_BOUND('',#4195,.T.);
#145=FACE_BOUND('',#4206,.T.);
#146=FACE_BOUND('',#4235,.T.);
#147=FACE_BOUND('',#4255,.T.);
#148=FACE_BOUND('',#4285,.T.);
#149=FACE_BOUND('',#4286,.T.);
#150=FACE_BOUND('',#4287,.T.);
#151=FACE_BOUND('',#4288,.T.);
#152=FACE_BOUND('',#4289,.T.);
#153=FACE_BOUND('',#4308,.T.);
#154=FACE_BOUND('',#4311,.T.);
#155=FACE_BOUND('',#4352,.T.);
#156=FACE_BOUND('',#4378,.T.);
#157=FACE_BOUND('',#4398,.T.);
#158=FACE_BOUND('',#4424,.T.);
#159=FACE_BOUND('',#4454,.T.);
#160=FACE_BOUND('',#4455,.T.);
#161=FACE_BOUND('',#4456,.T.);
#162=FACE_BOUND('',#4457,.T.);
#163=FACE_BOUND('',#4458,.T.);
#164=FACE_BOUND('',#4459,.T.);
#165=FACE_BOUND('',#4460,.T.);
#166=FACE_BOUND('',#4491,.T.);
#167=FACE_BOUND('',#4493,.T.);
#168=FACE_BOUND('',#4497,.T.);
#169=TOROIDAL_SURFACE('',#11357,2.4,0.800000000000001);
#170=TOROIDAL_SURFACE('',#11361,2.4,0.800000000000001);
#171=TOROIDAL_SURFACE('',#11365,2.4,0.800000000000001);
#172=TOROIDAL_SURFACE('',#11369,2.4,0.8);
#173=TOROIDAL_SURFACE('',#11374,2.4,0.800000000000003);
#174=TOROIDAL_SURFACE('',#11378,2.4,0.8);
#175=TOROIDAL_SURFACE('',#11385,2.4,0.800000000000001);
#176=TOROIDAL_SURFACE('',#11389,2.4,0.8);
#177=TOROIDAL_SURFACE('',#11394,2.4,0.800000000000001);
#178=TOROIDAL_SURFACE('',#11398,2.40000000000001,0.8);
#179=TOROIDAL_SURFACE('',#11405,2.4,0.8);
#180=TOROIDAL_SURFACE('',#11410,2.4,0.8);
#181=TOROIDAL_SURFACE('',#11464,2.34999999999997,0.8);
#182=TOROIDAL_SURFACE('',#11471,2.35000000000001,0.8);
#183=TOROIDAL_SURFACE('',#11478,2.35,0.8);
#184=TOROIDAL_SURFACE('',#11485,2.35,0.8);
#185=TOROIDAL_SURFACE('',#11492,3.95,0.8);
#186=TOROIDAL_SURFACE('',#11499,3.95,0.8);
#187=TOROIDAL_SURFACE('',#11506,3.95,0.8);
#188=TOROIDAL_SURFACE('',#11513,3.95,0.8);
#189=TOROIDAL_SURFACE('',#11546,4.15,0.8);
#190=TOROIDAL_SURFACE('',#11554,1.6,0.8);
#191=TOROIDAL_SURFACE('',#11559,1.6,0.8);
#192=TOROIDAL_SURFACE('',#11567,1.6,0.8);
#193=TOROIDAL_SURFACE('',#11572,1.6,0.800000000000001);
#194=TOROIDAL_SURFACE('',#11596,7.35,0.8);
#195=TOROIDAL_SURFACE('',#11871,2.46666666666668,0.533333333333331);
#196=TOROIDAL_SURFACE('',#11875,2.46666666666665,0.533333333333323);
#197=TOROIDAL_SURFACE('',#11879,2.46666666666659,0.533333333333328);
#198=TOROIDAL_SURFACE('',#11882,2.46666666666664,0.533333333333327);
#199=TOROIDAL_SURFACE('',#12017,2.46666666666677,0.533333333333324);
#200=TOROIDAL_SURFACE('',#12022,2.46666666666671,0.533333333333328);
#201=TOROIDAL_SURFACE('',#12027,2.46666666666668,0.533333333333336);
#202=TOROIDAL_SURFACE('',#12033,2.46666666666672,0.533333333333323);
#203=TOROIDAL_SURFACE('',#12057,2.46666666666668,0.533333333333324);
#204=TOROIDAL_SURFACE('',#12061,2.46666666666661,0.533333333333328);
#205=TOROIDAL_SURFACE('',#12065,2.46666666666669,0.533333333333332);
#206=TOROIDAL_SURFACE('',#12070,2.4666666666667,0.533333333333331);
#207=TOROIDAL_SURFACE('',#12244,2.46666666666663,0.533333333333324);
#208=TOROIDAL_SURFACE('',#12249,2.46666666666661,0.533333333333328);
#209=TOROIDAL_SURFACE('',#12254,2.46666666666667,0.533333333333336);
#210=TOROIDAL_SURFACE('',#12260,2.46666666666667,0.533333333333336);
#211=TOROIDAL_SURFACE('',#12285,2.46666666666667,0.533333333333331);
#212=TOROIDAL_SURFACE('',#12289,2.46666666666642,0.533333333333331);
#213=TOROIDAL_SURFACE('',#12293,2.46666666666664,0.533333333333337);
#214=TOROIDAL_SURFACE('',#12298,2.46666666666667,0.533333333333331);
#215=TOROIDAL_SURFACE('',#12311,2.46666666666664,0.533333333333337);
#216=TOROIDAL_SURFACE('',#12315,2.46666666666669,0.533333333333311);
#217=TOROIDAL_SURFACE('',#12319,2.46666666666666,0.533333333333334);
#218=TOROIDAL_SURFACE('',#12324,2.46666666666669,0.533333333333332);
#219=PLANE('',#11342);
#220=PLANE('',#11343);
#221=PLANE('',#11344);
#222=PLANE('',#11345);
#223=PLANE('',#11347);
#224=PLANE('',#11349);
#225=PLANE('',#11351);
#226=PLANE('',#11353);
#227=PLANE('',#11355);
#228=PLANE('',#11429);
#229=PLANE('',#11430);
#230=PLANE('',#11431);
#231=PLANE('',#11432);
#232=PLANE('',#11439);
#233=PLANE('',#11440);
#234=PLANE('',#11441);
#235=PLANE('',#11444);
#236=PLANE('',#11445);
#237=PLANE('',#11452);
#238=PLANE('',#11455);
#239=PLANE('',#11457);
#240=PLANE('',#11459);
#241=PLANE('',#11460);
#242=PLANE('',#11461);
#243=PLANE('',#11462);
#244=PLANE('',#11463);
#245=PLANE('',#11470);
#246=PLANE('',#11477);
#247=PLANE('',#11484);
#248=PLANE('',#11491);
#249=PLANE('',#11498);
#250=PLANE('',#11505);
#251=PLANE('',#11512);
#252=PLANE('',#11519);
#253=PLANE('',#11523);
#254=PLANE('',#11529);
#255=PLANE('',#11534);
#256=PLANE('',#11537);
#257=PLANE('',#11540);
#258=PLANE('',#11543);
#259=PLANE('',#11544);
#260=PLANE('',#11545);
#261=PLANE('',#11553);
#262=PLANE('',#11586);
#263=PLANE('',#11587);
#264=PLANE('',#11588);
#265=PLANE('',#11589);
#266=PLANE('',#11600);
#267=PLANE('',#11675);
#268=PLANE('',#11676);
#269=PLANE('',#11677);
#270=PLANE('',#11678);
#271=PLANE('',#11679);
#272=PLANE('',#11680);
#273=PLANE('',#11681);
#274=PLANE('',#11682);
#275=PLANE('',#11683);
#276=PLANE('',#11684);
#277=PLANE('',#11685);
#278=PLANE('',#11686);
#279=PLANE('',#11687);
#280=PLANE('',#11688);
#281=PLANE('',#11689);
#282=PLANE('',#11690);
#283=PLANE('',#11691);
#284=PLANE('',#11692);
#285=PLANE('',#11695);
#286=PLANE('',#11698);
#287=PLANE('',#11703);
#288=PLANE('',#11706);
#289=PLANE('',#11709);
#290=PLANE('',#11710);
#291=PLANE('',#11711);
#292=PLANE('',#11712);
#293=PLANE('',#11713);
#294=PLANE('',#11714);
#295=PLANE('',#11715);
#296=PLANE('',#11716);
#297=PLANE('',#11717);
#298=PLANE('',#11718);
#299=PLANE('',#11719);
#300=PLANE('',#11720);
#301=PLANE('',#11721);
#302=PLANE('',#11722);
#303=PLANE('',#11723);
#304=PLANE('',#11724);
#305=PLANE('',#11725);
#306=PLANE('',#11726);
#307=PLANE('',#11727);
#308=PLANE('',#11728);
#309=PLANE('',#11729);
#310=PLANE('',#11730);
#311=PLANE('',#11731);
#312=PLANE('',#11732);
#313=PLANE('',#11733);
#314=PLANE('',#11734);
#315=PLANE('',#11735);
#316=PLANE('',#11736);
#317=PLANE('',#11737);
#318=PLANE('',#11738);
#319=PLANE('',#11739);
#320=PLANE('',#11740);
#321=PLANE('',#11741);
#322=PLANE('',#11742);
#323=PLANE('',#11751);
#324=PLANE('',#11754);
#325=PLANE('',#11757);
#326=PLANE('',#11760);
#327=PLANE('',#11763);
#328=PLANE('',#11766);
#329=PLANE('',#11767);
#330=PLANE('',#11770);
#331=PLANE('',#11773);
#332=PLANE('',#11776);
#333=PLANE('',#11780);
#334=PLANE('',#11783);
#335=PLANE('',#11785);
#336=PLANE('',#11786);
#337=PLANE('',#11787);
#338=PLANE('',#11788);
#339=PLANE('',#11789);
#340=PLANE('',#11790);
#341=PLANE('',#11791);
#342=PLANE('',#11792);
#343=PLANE('',#11793);
#344=PLANE('',#11794);
#345=PLANE('',#11795);
#346=PLANE('',#11796);
#347=PLANE('',#11797);
#348=PLANE('',#11798);
#349=PLANE('',#11803);
#350=PLANE('',#11804);
#351=PLANE('',#11807);
#352=PLANE('',#11810);
#353=PLANE('',#11813);
#354=PLANE('',#11816);
#355=PLANE('',#11819);
#356=PLANE('',#11822);
#357=PLANE('',#11823);
#358=PLANE('',#11824);
#359=PLANE('',#11825);
#360=PLANE('',#11829);
#361=PLANE('',#11833);
#362=PLANE('',#11837);
#363=PLANE('',#11841);
#364=PLANE('',#11844);
#365=PLANE('',#11847);
#366=PLANE('',#11849);
#367=PLANE('',#11850);
#368=PLANE('',#11851);
#369=PLANE('',#11852);
#370=PLANE('',#11853);
#371=PLANE('',#11854);
#372=PLANE('',#11855);
#373=PLANE('',#11856);
#374=PLANE('',#11857);
#375=PLANE('',#11858);
#376=PLANE('',#11859);
#377=PLANE('',#11860);
#378=PLANE('',#11861);
#379=PLANE('',#11869);
#380=PLANE('',#11897);
#381=PLANE('',#11898);
#382=PLANE('',#11899);
#383=PLANE('',#11900);
#384=PLANE('',#11901);
#385=PLANE('',#11902);
#386=PLANE('',#11903);
#387=PLANE('',#11904);
#388=PLANE('',#11905);
#389=PLANE('',#11906);
#390=PLANE('',#11907);
#391=PLANE('',#11908);
#392=PLANE('',#11909);
#393=PLANE('',#11910);
#394=PLANE('',#11911);
#395=PLANE('',#11912);
#396=PLANE('',#11913);
#397=PLANE('',#11914);
#398=PLANE('',#11915);
#399=PLANE('',#11916);
#400=PLANE('',#11917);
#401=PLANE('',#11918);
#402=PLANE('',#11919);
#403=PLANE('',#11920);
#404=PLANE('',#11921);
#405=PLANE('',#11922);
#406=PLANE('',#11923);
#407=PLANE('',#11924);
#408=PLANE('',#11925);
#409=PLANE('',#11930);
#410=PLANE('',#11931);
#411=PLANE('',#11934);
#412=PLANE('',#11937);
#413=PLANE('',#11940);
#414=PLANE('',#11943);
#415=PLANE('',#11946);
#416=PLANE('',#11949);
#417=PLANE('',#11950);
#418=PLANE('',#11951);
#419=PLANE('',#11952);
#420=PLANE('',#11953);
#421=PLANE('',#11957);
#422=PLANE('',#11958);
#423=PLANE('',#11962);
#424=PLANE('',#11963);
#425=PLANE('',#11964);
#426=PLANE('',#11968);
#427=PLANE('',#11970);
#428=PLANE('',#11971);
#429=PLANE('',#11972);
#430=PLANE('',#11973);
#431=PLANE('',#11974);
#432=PLANE('',#11975);
#433=PLANE('',#11976);
#434=PLANE('',#11977);
#435=PLANE('',#11978);
#436=PLANE('',#11979);
#437=PLANE('',#11980);
#438=PLANE('',#11981);
#439=PLANE('',#11982);
#440=PLANE('',#11983);
#441=PLANE('',#11984);
#442=PLANE('',#11985);
#443=PLANE('',#11986);
#444=PLANE('',#11987);
#445=PLANE('',#11988);
#446=PLANE('',#11989);
#447=PLANE('',#11994);
#448=PLANE('',#11995);
#449=PLANE('',#11998);
#450=PLANE('',#12001);
#451=PLANE('',#12004);
#452=PLANE('',#12007);
#453=PLANE('',#12010);
#454=PLANE('',#12013);
#455=PLANE('',#12014);
#456=PLANE('',#12045);
#457=PLANE('',#12051);
#458=PLANE('',#12053);
#459=PLANE('',#12080);
#460=PLANE('',#12081);
#461=PLANE('',#12082);
#462=PLANE('',#12083);
#463=PLANE('',#12084);
#464=PLANE('',#12085);
#465=PLANE('',#12086);
#466=PLANE('',#12087);
#467=PLANE('',#12088);
#468=PLANE('',#12089);
#469=PLANE('',#12090);
#470=PLANE('',#12091);
#471=PLANE('',#12092);
#472=PLANE('',#12093);
#473=PLANE('',#12094);
#474=PLANE('',#12095);
#475=PLANE('',#12096);
#476=PLANE('',#12097);
#477=PLANE('',#12098);
#478=PLANE('',#12099);
#479=PLANE('',#12100);
#480=PLANE('',#12101);
#481=PLANE('',#12102);
#482=PLANE('',#12103);
#483=PLANE('',#12104);
#484=PLANE('',#12105);
#485=PLANE('',#12106);
#486=PLANE('',#12107);
#487=PLANE('',#12108);
#488=PLANE('',#12109);
#489=PLANE('',#12110);
#490=PLANE('',#12111);
#491=PLANE('',#12112);
#492=PLANE('',#12113);
#493=PLANE('',#12114);
#494=PLANE('',#12115);
#495=PLANE('',#12116);
#496=PLANE('',#12117);
#497=PLANE('',#12118);
#498=PLANE('',#12119);
#499=PLANE('',#12120);
#500=PLANE('',#12121);
#501=PLANE('',#12122);
#502=PLANE('',#12123);
#503=PLANE('',#12128);
#504=PLANE('',#12129);
#505=PLANE('',#12132);
#506=PLANE('',#12135);
#507=PLANE('',#12138);
#508=PLANE('',#12141);
#509=PLANE('',#12144);
#510=PLANE('',#12147);
#511=PLANE('',#12148);
#512=PLANE('',#12149);
#513=PLANE('',#12150);
#514=PLANE('',#12151);
#515=PLANE('',#12152);
#516=PLANE('',#12153);
#517=PLANE('',#12154);
#518=PLANE('',#12155);
#519=PLANE('',#12158);
#520=PLANE('',#12159);
#521=PLANE('',#12162);
#522=PLANE('',#12163);
#523=PLANE('',#12164);
#524=PLANE('',#12165);
#525=PLANE('',#12166);
#526=PLANE('',#12167);
#527=PLANE('',#12168);
#528=PLANE('',#12169);
#529=PLANE('',#12170);
#530=PLANE('',#12171);
#531=PLANE('',#12172);
#532=PLANE('',#12173);
#533=PLANE('',#12174);
#534=PLANE('',#12175);
#535=PLANE('',#12176);
#536=PLANE('',#12177);
#537=PLANE('',#12178);
#538=PLANE('',#12179);
#539=PLANE('',#12180);
#540=PLANE('',#12181);
#541=PLANE('',#12186);
#542=PLANE('',#12187);
#543=PLANE('',#12190);
#544=PLANE('',#12193);
#545=PLANE('',#12196);
#546=PLANE('',#12199);
#547=PLANE('',#12202);
#548=PLANE('',#12205);
#549=PLANE('',#12206);
#550=PLANE('',#12207);
#551=PLANE('',#12208);
#552=PLANE('',#12209);
#553=PLANE('',#12210);
#554=PLANE('',#12211);
#555=PLANE('',#12212);
#556=PLANE('',#12213);
#557=PLANE('',#12214);
#558=PLANE('',#12215);
#559=PLANE('',#12216);
#560=PLANE('',#12221);
#561=PLANE('',#12222);
#562=PLANE('',#12225);
#563=PLANE('',#12228);
#564=PLANE('',#12231);
#565=PLANE('',#12234);
#566=PLANE('',#12237);
#567=PLANE('',#12240);
#568=PLANE('',#12241);
#569=PLANE('',#12272);
#570=PLANE('',#12281);
#571=PLANE('',#12308);
#572=PLANE('',#12334);
#573=PLANE('',#12335);
#574=PLANE('',#12336);
#575=PLANE('',#12337);
#576=PLANE('',#12338);
#577=PLANE('',#12339);
#578=PLANE('',#12340);
#579=PLANE('',#12341);
#580=PLANE('',#12342);
#581=PLANE('',#12343);
#582=PLANE('',#12344);
#583=PLANE('',#12345);
#584=PLANE('',#12346);
#585=PLANE('',#12347);
#586=PLANE('',#12348);
#587=PLANE('',#12349);
#588=PLANE('',#12350);
#589=PLANE('',#12351);
#590=PLANE('',#12352);
#591=PLANE('',#12353);
#592=PLANE('',#12354);
#593=PLANE('',#12355);
#594=PLANE('',#12356);
#595=PLANE('',#12357);
#596=PLANE('',#12358);
#597=PLANE('',#12359);
#598=PLANE('',#12360);
#599=PLANE('',#12361);
#600=PLANE('',#12362);
#601=PLANE('',#12363);
#602=PLANE('',#12364);
#603=PLANE('',#12365);
#604=PLANE('',#12366);
#605=PLANE('',#12367);
#606=PLANE('',#12368);
#607=PLANE('',#12369);
#608=PLANE('',#12370);
#609=PLANE('',#12371);
#610=PLANE('',#12372);
#611=PLANE('',#12373);
#612=PLANE('',#12374);
#613=PLANE('',#12375);
#614=PLANE('',#12376);
#615=PLANE('',#12377);
#616=PLANE('',#12378);
#617=PLANE('',#12379);
#618=PLANE('',#12380);
#619=PLANE('',#12381);
#620=PLANE('',#12382);
#621=LINE('',#15733,#1803);
#622=LINE('',#15734,#1804);
#623=LINE('',#15746,#1805);
#624=LINE('',#15747,#1806);
#625=LINE('',#15759,#1807);
#626=LINE('',#15760,#1808);
#627=LINE('',#15772,#1809);
#628=LINE('',#15773,#1810);
#629=LINE('',#15785,#1811);
#630=LINE('',#15786,#1812);
#631=LINE('',#15798,#1813);
#632=LINE('',#15799,#1814);
#633=LINE('',#15801,#1815);
#634=LINE('',#15802,#1816);
#635=LINE('',#15804,#1817);
#636=LINE('',#15805,#1818);
#637=LINE('',#15807,#1819);
#638=LINE('',#15808,#1820);
#639=LINE('',#15811,#1821);
#640=LINE('',#15813,#1822);
#641=LINE('',#15817,#1823);
#642=LINE('',#15819,#1824);
#643=LINE('',#15823,#1825);
#644=LINE('',#15826,#1826);
#645=LINE('',#15829,#1827);
#646=LINE('',#15832,#1828);
#647=LINE('',#15835,#1829);
#648=LINE('',#15838,#1830);
#649=LINE('',#15841,#1831);
#650=LINE('',#15843,#1832);
#651=LINE('',#15888,#1833);
#652=LINE('',#15889,#1834);
#653=LINE('',#15891,#1835);
#654=LINE('',#15892,#1836);
#655=LINE('',#15924,#1837);
#656=LINE('',#15925,#1838);
#657=LINE('',#15927,#1839);
#658=LINE('',#15928,#1840);
#659=LINE('',#15948,#1841);
#660=LINE('',#15949,#1842);
#661=LINE('',#15951,#1843);
#662=LINE('',#15952,#1844);
#663=LINE('',#15954,#1845);
#664=LINE('',#15955,#1846);
#665=LINE('',#15957,#1847);
#666=LINE('',#15958,#1848);
#667=LINE('',#15960,#1849);
#668=LINE('',#15961,#1850);
#669=LINE('',#15963,#1851);
#670=LINE('',#15965,#1852);
#671=LINE('',#15966,#1853);
#672=LINE('',#15968,#1854);
#673=LINE('',#15969,#1855);
#674=LINE('',#15971,#1856);
#675=LINE('',#15972,#1857);
#676=LINE('',#15974,#1858);
#677=LINE('',#15975,#1859);
#678=LINE('',#15977,#1860);
#679=LINE('',#15979,#1861);
#680=LINE('',#15980,#1862);
#681=LINE('',#15982,#1863);
#682=LINE('',#15983,#1864);
#683=LINE('',#15985,#1865);
#684=LINE('',#15994,#1866);
#685=LINE('',#15998,#1867);
#686=LINE('',#16002,#1868);
#687=LINE('',#16006,#1869);
#688=LINE('',#16010,#1870);
#689=LINE('',#16013,#1871);
#690=LINE('',#16021,#1872);
#691=LINE('',#16022,#1873);
#692=LINE('',#16025,#1874);
#693=LINE('',#16026,#1875);
#694=LINE('',#16029,#1876);
#695=LINE('',#16033,#1877);
#696=LINE('',#16037,#1878);
#697=LINE('',#16041,#1879);
#698=LINE('',#16045,#1880);
#699=LINE('',#16047,#1881);
#700=LINE('',#16048,#1882);
#701=LINE('',#16049,#1883);
#702=LINE('',#16051,#1884);
#703=LINE('',#16052,#1885);
#704=LINE('',#16054,#1886);
#705=LINE('',#16056,#1887);
#706=LINE('',#16058,#1888);
#707=LINE('',#16060,#1889);
#708=LINE('',#16062,#1890);
#709=LINE('',#16064,#1891);
#710=LINE('',#16066,#1892);
#711=LINE('',#16081,#1893);
#712=LINE('',#16092,#1894);
#713=LINE('',#16103,#1895);
#714=LINE('',#16114,#1896);
#715=LINE('',#16124,#1897);
#716=LINE('',#16135,#1898);
#717=LINE('',#16146,#1899);
#718=LINE('',#16157,#1900);
#719=LINE('',#16165,#1901);
#720=LINE('',#16168,#1902);
#721=LINE('',#16171,#1903);
#722=LINE('',#16175,#1904);
#723=LINE('',#16179,#1905);
#724=LINE('',#16183,#1906);
#725=LINE('',#16187,#1907);
#726=LINE('',#16190,#1908);
#727=LINE('',#16193,#1909);
#728=LINE('',#16194,#1910);
#729=LINE('',#16198,#1911);
#730=LINE('',#16201,#1912);
#731=LINE('',#16204,#1913);
#732=LINE('',#16207,#1914);
#733=LINE('',#16208,#1915);
#734=LINE('',#16211,#1916);
#735=LINE('',#16214,#1917);
#736=LINE('',#16216,#1918);
#737=LINE('',#16219,#1919);
#738=LINE('',#16222,#1920);
#739=LINE('',#16225,#1921);
#740=LINE('',#16226,#1922);
#741=LINE('',#16230,#1923);
#742=LINE('',#16232,#1924);
#743=LINE('',#16245,#1925);
#744=LINE('',#16266,#1926);
#745=LINE('',#16267,#1927);
#746=LINE('',#16272,#1928);
#747=LINE('',#16273,#1929);
#748=LINE('',#16293,#1930);
#749=LINE('',#16294,#1931);
#750=LINE('',#16296,#1932);
#751=LINE('',#16297,#1933);
#752=LINE('',#16302,#1934);
#753=LINE('',#16303,#1935);
#754=LINE('',#16308,#1936);
#755=LINE('',#16309,#1937);
#756=LINE('',#16311,#1938);
#757=LINE('',#16312,#1939);
#758=LINE('',#16317,#1940);
#759=LINE('',#16318,#1941);
#760=LINE('',#16320,#1942);
#761=LINE('',#16322,#1943);
#762=LINE('',#16324,#1944);
#763=LINE('',#16325,#1945);
#764=LINE('',#16328,#1946);
#765=LINE('',#16330,#1947);
#766=LINE('',#16332,#1948);
#767=LINE('',#16334,#1949);
#768=LINE('',#16336,#1950);
#769=LINE('',#16338,#1951);
#770=LINE('',#16340,#1952);
#771=LINE('',#16342,#1953);
#772=LINE('',#16344,#1954);
#773=LINE('',#16346,#1955);
#774=LINE('',#16348,#1956);
#775=LINE('',#16350,#1957);
#776=LINE('',#16352,#1958);
#777=LINE('',#16354,#1959);
#778=LINE('',#16356,#1960);
#779=LINE('',#16358,#1961);
#780=LINE('',#16360,#1962);
#781=LINE('',#16362,#1963);
#782=LINE('',#16364,#1964);
#783=LINE('',#16366,#1965);
#784=LINE('',#16368,#1966);
#785=LINE('',#16370,#1967);
#786=LINE('',#16372,#1968);
#787=LINE('',#16374,#1969);
#788=LINE('',#16376,#1970);
#789=LINE('',#16378,#1971);
#790=LINE('',#16380,#1972);
#791=LINE('',#16382,#1973);
#792=LINE('',#16384,#1974);
#793=LINE('',#16386,#1975);
#794=LINE('',#16388,#1976);
#795=LINE('',#16390,#1977);
#796=LINE('',#16392,#1978);
#797=LINE('',#16394,#1979);
#798=LINE('',#16396,#1980);
#799=LINE('',#16397,#1981);
#800=LINE('',#16403,#1982);
#801=LINE('',#16407,#1983);
#802=LINE('',#16411,#1984);
#803=LINE('',#16415,#1985);
#804=LINE('',#16419,#1986);
#805=LINE('',#16422,#1987);
#806=LINE('',#16432,#1988);
#807=LINE('',#16434,#1989);
#808=LINE('',#16436,#1990);
#809=LINE('',#16438,#1991);
#810=LINE('',#16440,#1992);
#811=LINE('',#16442,#1993);
#812=LINE('',#16444,#1994);
#813=LINE('',#16446,#1995);
#814=LINE('',#16448,#1996);
#815=LINE('',#16450,#1997);
#816=LINE('',#16452,#1998);
#817=LINE('',#16454,#1999);
#818=LINE('',#16456,#2000);
#819=LINE('',#16458,#2001);
#820=LINE('',#16460,#2002);
#821=LINE('',#16462,#2003);
#822=LINE('',#16464,#2004);
#823=LINE('',#16466,#2005);
#824=LINE('',#16468,#2006);
#825=LINE('',#16470,#2007);
#826=LINE('',#16472,#2008);
#827=LINE('',#16474,#2009);
#828=LINE('',#16476,#2010);
#829=LINE('',#16478,#2011);
#830=LINE('',#16480,#2012);
#831=LINE('',#16482,#2013);
#832=LINE('',#16484,#2014);
#833=LINE('',#16486,#2015);
#834=LINE('',#16488,#2016);
#835=LINE('',#16490,#2017);
#836=LINE('',#16492,#2018);
#837=LINE('',#16494,#2019);
#838=LINE('',#16496,#2020);
#839=LINE('',#16498,#2021);
#840=LINE('',#16500,#2022);
#841=LINE('',#16501,#2023);
#842=LINE('',#16505,#2024);
#843=LINE('',#16509,#2025);
#844=LINE('',#16514,#2026);
#845=LINE('',#16518,#2027);
#846=LINE('',#16522,#2028);
#847=LINE('',#16526,#2029);
#848=LINE('',#16530,#2030);
#849=LINE('',#16534,#2031);
#850=LINE('',#16538,#2032);
#851=LINE('',#16542,#2033);
#852=LINE('',#16546,#2034);
#853=LINE('',#16550,#2035);
#854=LINE('',#16554,#2036);
#855=LINE('',#16558,#2037);
#856=LINE('',#16562,#2038);
#857=LINE('',#16566,#2039);
#858=LINE('',#16570,#2040);
#859=LINE('',#16576,#2041);
#860=LINE('',#16579,#2042);
#861=LINE('',#16582,#2043);
#862=LINE('',#16586,#2044);
#863=LINE('',#16590,#2045);
#864=LINE('',#16594,#2046);
#865=LINE('',#16598,#2047);
#866=LINE('',#16602,#2048);
#867=LINE('',#16606,#2049);
#868=LINE('',#16610,#2050);
#869=LINE('',#16614,#2051);
#870=LINE('',#16618,#2052);
#871=LINE('',#16622,#2053);
#872=LINE('',#16626,#2054);
#873=LINE('',#16630,#2055);
#874=LINE('',#16634,#2056);
#875=LINE('',#16638,#2057);
#876=LINE('',#16642,#2058);
#877=LINE('',#16646,#2059);
#878=LINE('',#16649,#2060);
#879=LINE('',#16651,#2061);
#880=LINE('',#16652,#2062);
#881=LINE('',#16654,#2063);
#882=LINE('',#16656,#2064);
#883=LINE('',#16658,#2065);
#884=LINE('',#16660,#2066);
#885=LINE('',#16662,#2067);
#886=LINE('',#16664,#2068);
#887=LINE('',#16666,#2069);
#888=LINE('',#16668,#2070);
#889=LINE('',#16670,#2071);
#890=LINE('',#16672,#2072);
#891=LINE('',#16674,#2073);
#892=LINE('',#16676,#2074);
#893=LINE('',#16678,#2075);
#894=LINE('',#16680,#2076);
#895=LINE('',#16682,#2077);
#896=LINE('',#16684,#2078);
#897=LINE('',#16686,#2079);
#898=LINE('',#16689,#2080);
#899=LINE('',#16692,#2081);
#900=LINE('',#16695,#2082);
#901=LINE('',#16696,#2083);
#902=LINE('',#16699,#2084);
#903=LINE('',#16702,#2085);
#904=LINE('',#16705,#2086);
#905=LINE('',#16706,#2087);
#906=LINE('',#16710,#2088);
#907=LINE('',#16713,#2089);
#908=LINE('',#16717,#2090);
#909=LINE('',#16718,#2091);
#910=LINE('',#16721,#2092);
#911=LINE('',#16724,#2093);
#912=LINE('',#16727,#2094);
#913=LINE('',#16728,#2095);
#914=LINE('',#16734,#2096);
#915=LINE('',#16736,#2097);
#916=LINE('',#16738,#2098);
#917=LINE('',#16740,#2099);
#918=LINE('',#16742,#2100);
#919=LINE('',#16744,#2101);
#920=LINE('',#16746,#2102);
#921=LINE('',#16748,#2103);
#922=LINE('',#16750,#2104);
#923=LINE('',#16752,#2105);
#924=LINE('',#16754,#2106);
#925=LINE('',#16756,#2107);
#926=LINE('',#16758,#2108);
#927=LINE('',#16760,#2109);
#928=LINE('',#16762,#2110);
#929=LINE('',#16764,#2111);
#930=LINE('',#16766,#2112);
#931=LINE('',#16770,#2113);
#932=LINE('',#16772,#2114);
#933=LINE('',#16777,#2115);
#934=LINE('',#16779,#2116);
#935=LINE('',#16781,#2117);
#936=LINE('',#16782,#2118);
#937=LINE('',#16785,#2119);
#938=LINE('',#16787,#2120);
#939=LINE('',#16788,#2121);
#940=LINE('',#16791,#2122);
#941=LINE('',#16793,#2123);
#942=LINE('',#16794,#2124);
#943=LINE('',#16797,#2125);
#944=LINE('',#16799,#2126);
#945=LINE('',#16800,#2127);
#946=LINE('',#16803,#2128);
#947=LINE('',#16805,#2129);
#948=LINE('',#16806,#2130);
#949=LINE('',#16808,#2131);
#950=LINE('',#16809,#2132);
#951=LINE('',#16812,#2133);
#952=LINE('',#16814,#2134);
#953=LINE('',#16815,#2135);
#954=LINE('',#16818,#2136);
#955=LINE('',#16819,#2137);
#956=LINE('',#16822,#2138);
#957=LINE('',#16823,#2139);
#958=LINE('',#16829,#2140);
#959=LINE('',#16833,#2141);
#960=LINE('',#16837,#2142);
#961=LINE('',#16841,#2143);
#962=LINE('',#16845,#2144);
#963=LINE('',#16848,#2145);
#964=LINE('',#16851,#2146);
#965=LINE('',#16854,#2147);
#966=LINE('',#16857,#2148);
#967=LINE('',#16858,#2149);
#968=LINE('',#16861,#2150);
#969=LINE('',#16865,#2151);
#970=LINE('',#16866,#2152);
#971=LINE('',#16869,#2153);
#972=LINE('',#16873,#2154);
#973=LINE('',#16874,#2155);
#974=LINE('',#16877,#2156);
#975=LINE('',#16881,#2157);
#976=LINE('',#16882,#2158);
#977=LINE('',#16885,#2159);
#978=LINE('',#16889,#2160);
#979=LINE('',#16890,#2161);
#980=LINE('',#16893,#2162);
#981=LINE('',#16896,#2163);
#982=LINE('',#16899,#2164);
#983=LINE('',#16901,#2165);
#984=LINE('',#16902,#2166);
#985=LINE('',#16905,#2167);
#986=LINE('',#16909,#2168);
#987=LINE('',#16910,#2169);
#988=LINE('',#16913,#2170);
#989=LINE('',#16917,#2171);
#990=LINE('',#16918,#2172);
#991=LINE('',#16921,#2173);
#992=LINE('',#16925,#2174);
#993=LINE('',#16929,#2175);
#994=LINE('',#16933,#2176);
#995=LINE('',#16936,#2177);
#996=LINE('',#16938,#2178);
#997=LINE('',#16939,#2179);
#998=LINE('',#16941,#2180);
#999=LINE('',#16943,#2181);
#1000=LINE('',#16945,#2182);
#1001=LINE('',#16946,#2183);
#1002=LINE('',#16948,#2184);
#1003=LINE('',#16951,#2185);
#1004=LINE('',#16953,#2186);
#1005=LINE('',#16959,#2187);
#1006=LINE('',#16961,#2188);
#1007=LINE('',#16963,#2189);
#1008=LINE('',#16964,#2190);
#1009=LINE('',#16967,#2191);
#1010=LINE('',#16969,#2192);
#1011=LINE('',#16970,#2193);
#1012=LINE('',#16973,#2194);
#1013=LINE('',#16975,#2195);
#1014=LINE('',#16976,#2196);
#1015=LINE('',#16979,#2197);
#1016=LINE('',#16981,#2198);
#1017=LINE('',#16982,#2199);
#1018=LINE('',#16985,#2200);
#1019=LINE('',#16987,#2201);
#1020=LINE('',#16988,#2202);
#1021=LINE('',#16990,#2203);
#1022=LINE('',#16991,#2204);
#1023=LINE('',#16994,#2205);
#1024=LINE('',#16996,#2206);
#1025=LINE('',#16997,#2207);
#1026=LINE('',#17000,#2208);
#1027=LINE('',#17001,#2209);
#1028=LINE('',#17004,#2210);
#1029=LINE('',#17005,#2211);
#1030=LINE('',#17009,#2212);
#1031=LINE('',#17011,#2213);
#1032=LINE('',#17015,#2214);
#1033=LINE('',#17019,#2215);
#1034=LINE('',#17023,#2216);
#1035=LINE('',#17026,#2217);
#1036=LINE('',#17029,#2218);
#1037=LINE('',#17031,#2219);
#1038=LINE('',#17032,#2220);
#1039=LINE('',#17035,#2221);
#1040=LINE('',#17036,#2222);
#1041=LINE('',#17040,#2223);
#1042=LINE('',#17043,#2224);
#1043=LINE('',#17044,#2225);
#1044=LINE('',#17048,#2226);
#1045=LINE('',#17051,#2227);
#1046=LINE('',#17052,#2228);
#1047=LINE('',#17056,#2229);
#1048=LINE('',#17059,#2230);
#1049=LINE('',#17060,#2231);
#1050=LINE('',#17064,#2232);
#1051=LINE('',#17066,#2233);
#1052=LINE('',#17069,#2234);
#1053=LINE('',#17072,#2235);
#1054=LINE('',#17075,#2236);
#1055=LINE('',#17076,#2237);
#1056=LINE('',#17079,#2238);
#1057=LINE('',#17083,#2239);
#1058=LINE('',#17085,#2240);
#1059=LINE('',#17086,#2241);
#1060=LINE('',#17089,#2242);
#1061=LINE('',#17090,#2243);
#1062=LINE('',#17094,#2244);
#1063=LINE('',#17096,#2245);
#1064=LINE('',#17098,#2246);
#1065=LINE('',#17099,#2247);
#1066=LINE('',#17102,#2248);
#1067=LINE('',#17104,#2249);
#1068=LINE('',#17105,#2250);
#1069=LINE('',#17110,#2251);
#1070=LINE('',#17115,#2252);
#1071=LINE('',#17116,#2253);
#1072=LINE('',#17117,#2254);
#1073=LINE('',#17122,#2255);
#1074=LINE('',#17127,#2256);
#1075=LINE('',#17128,#2257);
#1076=LINE('',#17129,#2258);
#1077=LINE('',#17134,#2259);
#1078=LINE('',#17139,#2260);
#1079=LINE('',#17140,#2261);
#1080=LINE('',#17141,#2262);
#1081=LINE('',#17146,#2263);
#1082=LINE('',#17149,#2264);
#1083=LINE('',#17150,#2265);
#1084=LINE('',#17153,#2266);
#1085=LINE('',#17156,#2267);
#1086=LINE('',#17159,#2268);
#1087=LINE('',#17160,#2269);
#1088=LINE('',#17163,#2270);
#1089=LINE('',#17167,#2271);
#1090=LINE('',#17169,#2272);
#1091=LINE('',#17172,#2273);
#1092=LINE('',#17175,#2274);
#1093=LINE('',#17176,#2275);
#1094=LINE('',#17180,#2276);
#1095=LINE('',#17182,#2277);
#1096=LINE('',#17184,#2278);
#1097=LINE('',#17186,#2279);
#1098=LINE('',#17188,#2280);
#1099=LINE('',#17189,#2281);
#1100=LINE('',#17192,#2282);
#1101=LINE('',#17194,#2283);
#1102=LINE('',#17195,#2284);
#1103=LINE('',#17198,#2285);
#1104=LINE('',#17199,#2286);
#1105=LINE('',#17202,#2287);
#1106=LINE('',#17203,#2288);
#1107=LINE('',#17206,#2289);
#1108=LINE('',#17207,#2290);
#1109=LINE('',#17210,#2291);
#1110=LINE('',#17211,#2292);
#1111=LINE('',#17213,#2293);
#1112=LINE('',#17216,#2294);
#1113=LINE('',#17218,#2295);
#1114=LINE('',#17219,#2296);
#1115=LINE('',#17222,#2297);
#1116=LINE('',#17223,#2298);
#1117=LINE('',#17226,#2299);
#1118=LINE('',#17227,#2300);
#1119=LINE('',#17230,#2301);
#1120=LINE('',#17231,#2302);
#1121=LINE('',#17234,#2303);
#1122=LINE('',#17236,#2304);
#1123=LINE('',#17240,#2305);
#1124=LINE('',#17244,#2306);
#1125=LINE('',#17248,#2307);
#1126=LINE('',#17252,#2308);
#1127=LINE('',#17254,#2309);
#1128=LINE('',#17256,#2310);
#1129=LINE('',#17260,#2311);
#1130=LINE('',#17263,#2312);
#1131=LINE('',#17265,#2313);
#1132=LINE('',#17266,#2314);
#1133=LINE('',#17269,#2315);
#1134=LINE('',#17271,#2316);
#1135=LINE('',#17273,#2317);
#1136=LINE('',#17275,#2318);
#1137=LINE('',#17277,#2319);
#1138=LINE('',#17278,#2320);
#1139=LINE('',#17280,#2321);
#1140=LINE('',#17282,#2322);
#1141=LINE('',#17283,#2323);
#1142=LINE('',#17285,#2324);
#1143=LINE('',#17287,#2325);
#1144=LINE('',#17289,#2326);
#1145=LINE('',#17310,#2327);
#1146=LINE('',#17316,#2328);
#1147=LINE('',#17318,#2329);
#1148=LINE('',#17320,#2330);
#1149=LINE('',#17321,#2331);
#1150=LINE('',#17324,#2332);
#1151=LINE('',#17327,#2333);
#1152=LINE('',#17328,#2334);
#1153=LINE('',#17330,#2335);
#1154=LINE('',#17334,#2336);
#1155=LINE('',#17336,#2337);
#1156=LINE('',#17339,#2338);
#1157=LINE('',#17341,#2339);
#1158=LINE('',#17342,#2340);
#1159=LINE('',#17345,#2341);
#1160=LINE('',#17346,#2342);
#1161=LINE('',#17349,#2343);
#1162=LINE('',#17350,#2344);
#1163=LINE('',#17353,#2345);
#1164=LINE('',#17354,#2346);
#1165=LINE('',#17357,#2347);
#1166=LINE('',#17358,#2348);
#1167=LINE('',#17360,#2349);
#1168=LINE('',#17362,#2350);
#1169=LINE('',#17364,#2351);
#1170=LINE('',#17367,#2352);
#1171=LINE('',#17369,#2353);
#1172=LINE('',#17372,#2354);
#1173=LINE('',#17373,#2355);
#1174=LINE('',#17379,#2356);
#1175=LINE('',#17381,#2357);
#1176=LINE('',#17383,#2358);
#1177=LINE('',#17384,#2359);
#1178=LINE('',#17387,#2360);
#1179=LINE('',#17389,#2361);
#1180=LINE('',#17390,#2362);
#1181=LINE('',#17393,#2363);
#1182=LINE('',#17395,#2364);
#1183=LINE('',#17396,#2365);
#1184=LINE('',#17399,#2366);
#1185=LINE('',#17401,#2367);
#1186=LINE('',#17402,#2368);
#1187=LINE('',#17405,#2369);
#1188=LINE('',#17407,#2370);
#1189=LINE('',#17408,#2371);
#1190=LINE('',#17410,#2372);
#1191=LINE('',#17411,#2373);
#1192=LINE('',#17414,#2374);
#1193=LINE('',#17416,#2375);
#1194=LINE('',#17417,#2376);
#1195=LINE('',#17420,#2377);
#1196=LINE('',#17421,#2378);
#1197=LINE('',#17424,#2379);
#1198=LINE('',#17425,#2380);
#1199=LINE('',#17429,#2381);
#1200=LINE('',#17431,#2382);
#1201=LINE('',#17435,#2383);
#1202=LINE('',#17439,#2384);
#1203=LINE('',#17443,#2385);
#1204=LINE('',#17446,#2386);
#1205=LINE('',#17449,#2387);
#1206=LINE('',#17451,#2388);
#1207=LINE('',#17452,#2389);
#1208=LINE('',#17455,#2390);
#1209=LINE('',#17456,#2391);
#1210=LINE('',#17460,#2392);
#1211=LINE('',#17463,#2393);
#1212=LINE('',#17464,#2394);
#1213=LINE('',#17468,#2395);
#1214=LINE('',#17471,#2396);
#1215=LINE('',#17472,#2397);
#1216=LINE('',#17476,#2398);
#1217=LINE('',#17479,#2399);
#1218=LINE('',#17480,#2400);
#1219=LINE('',#17484,#2401);
#1220=LINE('',#17486,#2402);
#1221=LINE('',#17489,#2403);
#1222=LINE('',#17492,#2404);
#1223=LINE('',#17495,#2405);
#1224=LINE('',#17496,#2406);
#1225=LINE('',#17499,#2407);
#1226=LINE('',#17503,#2408);
#1227=LINE('',#17505,#2409);
#1228=LINE('',#17506,#2410);
#1229=LINE('',#17509,#2411);
#1230=LINE('',#17510,#2412);
#1231=LINE('',#17514,#2413);
#1232=LINE('',#17516,#2414);
#1233=LINE('',#17518,#2415);
#1234=LINE('',#17519,#2416);
#1235=LINE('',#17522,#2417);
#1236=LINE('',#17524,#2418);
#1237=LINE('',#17525,#2419);
#1238=LINE('',#17529,#2420);
#1239=LINE('',#17531,#2421);
#1240=LINE('',#17533,#2422);
#1241=LINE('',#17534,#2423);
#1242=LINE('',#17539,#2424);
#1243=LINE('',#17542,#2425);
#1244=LINE('',#17543,#2426);
#1245=LINE('',#17546,#2427);
#1246=LINE('',#17548,#2428);
#1247=LINE('',#17549,#2429);
#1248=LINE('',#17554,#2430);
#1249=LINE('',#17557,#2431);
#1250=LINE('',#17558,#2432);
#1251=LINE('',#17561,#2433);
#1252=LINE('',#17563,#2434);
#1253=LINE('',#17564,#2435);
#1254=LINE('',#17567,#2436);
#1255=LINE('',#17569,#2437);
#1256=LINE('',#17572,#2438);
#1257=LINE('',#17575,#2439);
#1258=LINE('',#17579,#2440);
#1259=LINE('',#17581,#2441);
#1260=LINE('',#17584,#2442);
#1261=LINE('',#17588,#2443);
#1262=LINE('',#17590,#2444);
#1263=LINE('',#17592,#2445);
#1264=LINE('',#17594,#2446);
#1265=LINE('',#17596,#2447);
#1266=LINE('',#17597,#2448);
#1267=LINE('',#17600,#2449);
#1268=LINE('',#17602,#2450);
#1269=LINE('',#17603,#2451);
#1270=LINE('',#17606,#2452);
#1271=LINE('',#17607,#2453);
#1272=LINE('',#17610,#2454);
#1273=LINE('',#17611,#2455);
#1274=LINE('',#17614,#2456);
#1275=LINE('',#17615,#2457);
#1276=LINE('',#17618,#2458);
#1277=LINE('',#17619,#2459);
#1278=LINE('',#17621,#2460);
#1279=LINE('',#17624,#2461);
#1280=LINE('',#17626,#2462);
#1281=LINE('',#17627,#2463);
#1282=LINE('',#17630,#2464);
#1283=LINE('',#17631,#2465);
#1284=LINE('',#17634,#2466);
#1285=LINE('',#17635,#2467);
#1286=LINE('',#17639,#2468);
#1287=LINE('',#17641,#2469);
#1288=LINE('',#17643,#2470);
#1289=LINE('',#17644,#2471);
#1290=LINE('',#17647,#2472);
#1291=LINE('',#17649,#2473);
#1292=LINE('',#17650,#2474);
#1293=LINE('',#17653,#2475);
#1294=LINE('',#17655,#2476);
#1295=LINE('',#17656,#2477);
#1296=LINE('',#17659,#2478);
#1297=LINE('',#17661,#2479);
#1298=LINE('',#17662,#2480);
#1299=LINE('',#17665,#2481);
#1300=LINE('',#17667,#2482);
#1301=LINE('',#17668,#2483);
#1302=LINE('',#17670,#2484);
#1303=LINE('',#17671,#2485);
#1304=LINE('',#17674,#2486);
#1305=LINE('',#17676,#2487);
#1306=LINE('',#17677,#2488);
#1307=LINE('',#17680,#2489);
#1308=LINE('',#17681,#2490);
#1309=LINE('',#17684,#2491);
#1310=LINE('',#17685,#2492);
#1311=LINE('',#17689,#2493);
#1312=LINE('',#17691,#2494);
#1313=LINE('',#17695,#2495);
#1314=LINE('',#17699,#2496);
#1315=LINE('',#17703,#2497);
#1316=LINE('',#17706,#2498);
#1317=LINE('',#17709,#2499);
#1318=LINE('',#17711,#2500);
#1319=LINE('',#17712,#2501);
#1320=LINE('',#17715,#2502);
#1321=LINE('',#17716,#2503);
#1322=LINE('',#17720,#2504);
#1323=LINE('',#17723,#2505);
#1324=LINE('',#17724,#2506);
#1325=LINE('',#17728,#2507);
#1326=LINE('',#17731,#2508);
#1327=LINE('',#17732,#2509);
#1328=LINE('',#17736,#2510);
#1329=LINE('',#17739,#2511);
#1330=LINE('',#17740,#2512);
#1331=LINE('',#17744,#2513);
#1332=LINE('',#17746,#2514);
#1333=LINE('',#17749,#2515);
#1334=LINE('',#17752,#2516);
#1335=LINE('',#17755,#2517);
#1336=LINE('',#17756,#2518);
#1337=LINE('',#17759,#2519);
#1338=LINE('',#17763,#2520);
#1339=LINE('',#17765,#2521);
#1340=LINE('',#17766,#2522);
#1341=LINE('',#17769,#2523);
#1342=LINE('',#17770,#2524);
#1343=LINE('',#17772,#2525);
#1344=LINE('',#17774,#2526);
#1345=LINE('',#17783,#2527);
#1346=LINE('',#17791,#2528);
#1347=LINE('',#17802,#2529);
#1348=LINE('',#17803,#2530);
#1349=LINE('',#17814,#2531);
#1350=LINE('',#17815,#2532);
#1351=LINE('',#17818,#2533);
#1352=LINE('',#17820,#2534);
#1353=LINE('',#17823,#2535);
#1354=LINE('',#17824,#2536);
#1355=LINE('',#17827,#2537);
#1356=LINE('',#17830,#2538);
#1357=LINE('',#17832,#2539);
#1358=LINE('',#17833,#2540);
#1359=LINE('',#17836,#2541);
#1360=LINE('',#17838,#2542);
#1361=LINE('',#17842,#2543);
#1362=LINE('',#17846,#2544);
#1363=LINE('',#17850,#2545);
#1364=LINE('',#17854,#2546);
#1365=LINE('',#17856,#2547);
#1366=LINE('',#17858,#2548);
#1367=LINE('',#17861,#2549);
#1368=LINE('',#17863,#2550);
#1369=LINE('',#17865,#2551);
#1370=LINE('',#17866,#2552);
#1371=LINE('',#17869,#2553);
#1372=LINE('',#17871,#2554);
#1373=LINE('',#17873,#2555);
#1374=LINE('',#17875,#2556);
#1375=LINE('',#17877,#2557);
#1376=LINE('',#17878,#2558);
#1377=LINE('',#17880,#2559);
#1378=LINE('',#17882,#2560);
#1379=LINE('',#17883,#2561);
#1380=LINE('',#17885,#2562);
#1381=LINE('',#17887,#2563);
#1382=LINE('',#17888,#2564);
#1383=LINE('',#17891,#2565);
#1384=LINE('',#17893,#2566);
#1385=LINE('',#17895,#2567);
#1386=LINE('',#17897,#2568);
#1387=LINE('',#17899,#2569);
#1388=LINE('',#17900,#2570);
#1389=LINE('',#17902,#2571);
#1390=LINE('',#17904,#2572);
#1391=LINE('',#17905,#2573);
#1392=LINE('',#17907,#2574);
#1393=LINE('',#17910,#2575);
#1394=LINE('',#17928,#2576);
#1395=LINE('',#17936,#2577);
#1396=LINE('',#17939,#2578);
#1397=LINE('',#17942,#2579);
#1398=LINE('',#17943,#2580);
#1399=LINE('',#17945,#2581);
#1400=LINE('',#17947,#2582);
#1401=LINE('',#17948,#2583);
#1402=LINE('',#17951,#2584);
#1403=LINE('',#17952,#2585);
#1404=LINE('',#17954,#2586);
#1405=LINE('',#17957,#2587);
#1406=LINE('',#17959,#2588);
#1407=LINE('',#17961,#2589);
#1408=LINE('',#17963,#2590);
#1409=LINE('',#17965,#2591);
#1410=LINE('',#17966,#2592);
#1411=LINE('',#17968,#2593);
#1412=LINE('',#17969,#2594);
#1413=LINE('',#17971,#2595);
#1414=LINE('',#17974,#2596);
#1415=LINE('',#17976,#2597);
#1416=LINE('',#17978,#2598);
#1417=LINE('',#17980,#2599);
#1418=LINE('',#17982,#2600);
#1419=LINE('',#17983,#2601);
#1420=LINE('',#17985,#2602);
#1421=LINE('',#17986,#2603);
#1422=LINE('',#17988,#2604);
#1423=LINE('',#17990,#2605);
#1424=LINE('',#17992,#2606);
#1425=LINE('',#17994,#2607);
#1426=LINE('',#17997,#2608);
#1427=LINE('',#17999,#2609);
#1428=LINE('',#18002,#2610);
#1429=LINE('',#18004,#2611);
#1430=LINE('',#18007,#2612);
#1431=LINE('',#18008,#2613);
#1432=LINE('',#18010,#2614);
#1433=LINE('',#18012,#2615);
#1434=LINE('',#18014,#2616);
#1435=LINE('',#18016,#2617);
#1436=LINE('',#18019,#2618);
#1437=LINE('',#18021,#2619);
#1438=LINE('',#18024,#2620);
#1439=LINE('',#18030,#2621);
#1440=LINE('',#18037,#2622);
#1441=LINE('',#18039,#2623);
#1442=LINE('',#18041,#2624);
#1443=LINE('',#18042,#2625);
#1444=LINE('',#18045,#2626);
#1445=LINE('',#18047,#2627);
#1446=LINE('',#18048,#2628);
#1447=LINE('',#18051,#2629);
#1448=LINE('',#18053,#2630);
#1449=LINE('',#18054,#2631);
#1450=LINE('',#18057,#2632);
#1451=LINE('',#18059,#2633);
#1452=LINE('',#18060,#2634);
#1453=LINE('',#18063,#2635);
#1454=LINE('',#18065,#2636);
#1455=LINE('',#18066,#2637);
#1456=LINE('',#18068,#2638);
#1457=LINE('',#18069,#2639);
#1458=LINE('',#18072,#2640);
#1459=LINE('',#18074,#2641);
#1460=LINE('',#18075,#2642);
#1461=LINE('',#18078,#2643);
#1462=LINE('',#18079,#2644);
#1463=LINE('',#18082,#2645);
#1464=LINE('',#18083,#2646);
#1465=LINE('',#18087,#2647);
#1466=LINE('',#18089,#2648);
#1467=LINE('',#18093,#2649);
#1468=LINE('',#18097,#2650);
#1469=LINE('',#18101,#2651);
#1470=LINE('',#18104,#2652);
#1471=LINE('',#18107,#2653);
#1472=LINE('',#18109,#2654);
#1473=LINE('',#18110,#2655);
#1474=LINE('',#18113,#2656);
#1475=LINE('',#18114,#2657);
#1476=LINE('',#18118,#2658);
#1477=LINE('',#18121,#2659);
#1478=LINE('',#18122,#2660);
#1479=LINE('',#18126,#2661);
#1480=LINE('',#18129,#2662);
#1481=LINE('',#18130,#2663);
#1482=LINE('',#18134,#2664);
#1483=LINE('',#18137,#2665);
#1484=LINE('',#18138,#2666);
#1485=LINE('',#18142,#2667);
#1486=LINE('',#18144,#2668);
#1487=LINE('',#18147,#2669);
#1488=LINE('',#18150,#2670);
#1489=LINE('',#18153,#2671);
#1490=LINE('',#18154,#2672);
#1491=LINE('',#18157,#2673);
#1492=LINE('',#18161,#2674);
#1493=LINE('',#18163,#2675);
#1494=LINE('',#18164,#2676);
#1495=LINE('',#18167,#2677);
#1496=LINE('',#18168,#2678);
#1497=LINE('',#18172,#2679);
#1498=LINE('',#18174,#2680);
#1499=LINE('',#18176,#2681);
#1500=LINE('',#18177,#2682);
#1501=LINE('',#18180,#2683);
#1502=LINE('',#18182,#2684);
#1503=LINE('',#18183,#2685);
#1504=LINE('',#18186,#2686);
#1505=LINE('',#18188,#2687);
#1506=LINE('',#18189,#2688);
#1507=LINE('',#18192,#2689);
#1508=LINE('',#18194,#2690);
#1509=LINE('',#18195,#2691);
#1510=LINE('',#18198,#2692);
#1511=LINE('',#18200,#2693);
#1512=LINE('',#18201,#2694);
#1513=LINE('',#18203,#2695);
#1514=LINE('',#18204,#2696);
#1515=LINE('',#18207,#2697);
#1516=LINE('',#18209,#2698);
#1517=LINE('',#18213,#2699);
#1518=LINE('',#18217,#2700);
#1519=LINE('',#18218,#2701);
#1520=LINE('',#18221,#2702);
#1521=LINE('',#18222,#2703);
#1522=LINE('',#18225,#2704);
#1523=LINE('',#18227,#2705);
#1524=LINE('',#18231,#2706);
#1525=LINE('',#18234,#2707);
#1526=LINE('',#18238,#2708);
#1527=LINE('',#18240,#2709);
#1528=LINE('',#18242,#2710);
#1529=LINE('',#18244,#2711);
#1530=LINE('',#18246,#2712);
#1531=LINE('',#18247,#2713);
#1532=LINE('',#18250,#2714);
#1533=LINE('',#18252,#2715);
#1534=LINE('',#18253,#2716);
#1535=LINE('',#18256,#2717);
#1536=LINE('',#18257,#2718);
#1537=LINE('',#18260,#2719);
#1538=LINE('',#18261,#2720);
#1539=LINE('',#18264,#2721);
#1540=LINE('',#18265,#2722);
#1541=LINE('',#18268,#2723);
#1542=LINE('',#18269,#2724);
#1543=LINE('',#18271,#2725);
#1544=LINE('',#18274,#2726);
#1545=LINE('',#18276,#2727);
#1546=LINE('',#18277,#2728);
#1547=LINE('',#18280,#2729);
#1548=LINE('',#18281,#2730);
#1549=LINE('',#18284,#2731);
#1550=LINE('',#18285,#2732);
#1551=LINE('',#18289,#2733);
#1552=LINE('',#18291,#2734);
#1553=LINE('',#18293,#2735);
#1554=LINE('',#18294,#2736);
#1555=LINE('',#18297,#2737);
#1556=LINE('',#18299,#2738);
#1557=LINE('',#18300,#2739);
#1558=LINE('',#18303,#2740);
#1559=LINE('',#18305,#2741);
#1560=LINE('',#18306,#2742);
#1561=LINE('',#18309,#2743);
#1562=LINE('',#18311,#2744);
#1563=LINE('',#18312,#2745);
#1564=LINE('',#18315,#2746);
#1565=LINE('',#18317,#2747);
#1566=LINE('',#18318,#2748);
#1567=LINE('',#18320,#2749);
#1568=LINE('',#18321,#2750);
#1569=LINE('',#18324,#2751);
#1570=LINE('',#18326,#2752);
#1571=LINE('',#18327,#2753);
#1572=LINE('',#18330,#2754);
#1573=LINE('',#18331,#2755);
#1574=LINE('',#18334,#2756);
#1575=LINE('',#18335,#2757);
#1576=LINE('',#18339,#2758);
#1577=LINE('',#18341,#2759);
#1578=LINE('',#18345,#2760);
#1579=LINE('',#18349,#2761);
#1580=LINE('',#18353,#2762);
#1581=LINE('',#18356,#2763);
#1582=LINE('',#18359,#2764);
#1583=LINE('',#18361,#2765);
#1584=LINE('',#18362,#2766);
#1585=LINE('',#18365,#2767);
#1586=LINE('',#18366,#2768);
#1587=LINE('',#18370,#2769);
#1588=LINE('',#18373,#2770);
#1589=LINE('',#18374,#2771);
#1590=LINE('',#18378,#2772);
#1591=LINE('',#18381,#2773);
#1592=LINE('',#18382,#2774);
#1593=LINE('',#18386,#2775);
#1594=LINE('',#18389,#2776);
#1595=LINE('',#18390,#2777);
#1596=LINE('',#18394,#2778);
#1597=LINE('',#18396,#2779);
#1598=LINE('',#18399,#2780);
#1599=LINE('',#18402,#2781);
#1600=LINE('',#18405,#2782);
#1601=LINE('',#18406,#2783);
#1602=LINE('',#18409,#2784);
#1603=LINE('',#18413,#2785);
#1604=LINE('',#18415,#2786);
#1605=LINE('',#18416,#2787);
#1606=LINE('',#18419,#2788);
#1607=LINE('',#18420,#2789);
#1608=LINE('',#18424,#2790);
#1609=LINE('',#18426,#2791);
#1610=LINE('',#18428,#2792);
#1611=LINE('',#18429,#2793);
#1612=LINE('',#18432,#2794);
#1613=LINE('',#18434,#2795);
#1614=LINE('',#18435,#2796);
#1615=LINE('',#18438,#2797);
#1616=LINE('',#18440,#2798);
#1617=LINE('',#18441,#2799);
#1618=LINE('',#18444,#2800);
#1619=LINE('',#18446,#2801);
#1620=LINE('',#18447,#2802);
#1621=LINE('',#18450,#2803);
#1622=LINE('',#18452,#2804);
#1623=LINE('',#18453,#2805);
#1624=LINE('',#18455,#2806);
#1625=LINE('',#18456,#2807);
#1626=LINE('',#18459,#2808);
#1627=LINE('',#18461,#2809);
#1628=LINE('',#18462,#2810);
#1629=LINE('',#18465,#2811);
#1630=LINE('',#18466,#2812);
#1631=LINE('',#18469,#2813);
#1632=LINE('',#18470,#2814);
#1633=LINE('',#18474,#2815);
#1634=LINE('',#18476,#2816);
#1635=LINE('',#18480,#2817);
#1636=LINE('',#18484,#2818);
#1637=LINE('',#18488,#2819);
#1638=LINE('',#18491,#2820);
#1639=LINE('',#18494,#2821);
#1640=LINE('',#18496,#2822);
#1641=LINE('',#18497,#2823);
#1642=LINE('',#18500,#2824);
#1643=LINE('',#18501,#2825);
#1644=LINE('',#18505,#2826);
#1645=LINE('',#18508,#2827);
#1646=LINE('',#18509,#2828);
#1647=LINE('',#18513,#2829);
#1648=LINE('',#18516,#2830);
#1649=LINE('',#18517,#2831);
#1650=LINE('',#18521,#2832);
#1651=LINE('',#18524,#2833);
#1652=LINE('',#18525,#2834);
#1653=LINE('',#18529,#2835);
#1654=LINE('',#18531,#2836);
#1655=LINE('',#18534,#2837);
#1656=LINE('',#18537,#2838);
#1657=LINE('',#18540,#2839);
#1658=LINE('',#18541,#2840);
#1659=LINE('',#18544,#2841);
#1660=LINE('',#18548,#2842);
#1661=LINE('',#18550,#2843);
#1662=LINE('',#18551,#2844);
#1663=LINE('',#18554,#2845);
#1664=LINE('',#18555,#2846);
#1665=LINE('',#18557,#2847);
#1666=LINE('',#18559,#2848);
#1667=LINE('',#18568,#2849);
#1668=LINE('',#18576,#2850);
#1669=LINE('',#18587,#2851);
#1670=LINE('',#18588,#2852);
#1671=LINE('',#18599,#2853);
#1672=LINE('',#18600,#2854);
#1673=LINE('',#18603,#2855);
#1674=LINE('',#18605,#2856);
#1675=LINE('',#18608,#2857);
#1676=LINE('',#18609,#2858);
#1677=LINE('',#18611,#2859);
#1678=LINE('',#18612,#2860);
#1679=LINE('',#18615,#2861);
#1680=LINE('',#18618,#2862);
#1681=LINE('',#18621,#2863);
#1682=LINE('',#18623,#2864);
#1683=LINE('',#18625,#2865);
#1684=LINE('',#18629,#2866);
#1685=LINE('',#18633,#2867);
#1686=LINE('',#18637,#2868);
#1687=LINE('',#18641,#2869);
#1688=LINE('',#18642,#2870);
#1689=LINE('',#18644,#2871);
#1690=LINE('',#18646,#2872);
#1691=LINE('',#18650,#2873);
#1692=LINE('',#18654,#2874);
#1693=LINE('',#18658,#2875);
#1694=LINE('',#18662,#2876);
#1695=LINE('',#18663,#2877);
#1696=LINE('',#18666,#2878);
#1697=LINE('',#18668,#2879);
#1698=LINE('',#18670,#2880);
#1699=LINE('',#18672,#2881);
#1700=LINE('',#18674,#2882);
#1701=LINE('',#18675,#2883);
#1702=LINE('',#18677,#2884);
#1703=LINE('',#18679,#2885);
#1704=LINE('',#18680,#2886);
#1705=LINE('',#18683,#2887);
#1706=LINE('',#18685,#2888);
#1707=LINE('',#18687,#2889);
#1708=LINE('',#18689,#2890);
#1709=LINE('',#18691,#2891);
#1710=LINE('',#18692,#2892);
#1711=LINE('',#18695,#2893);
#1712=LINE('',#18697,#2894);
#1713=LINE('',#18699,#2895);
#1714=LINE('',#18701,#2896);
#1715=LINE('',#18703,#2897);
#1716=LINE('',#18704,#2898);
#1717=LINE('',#18706,#2899);
#1718=LINE('',#18708,#2900);
#1719=LINE('',#18709,#2901);
#1720=LINE('',#18711,#2902);
#1721=LINE('',#18713,#2903);
#1722=LINE('',#18714,#2904);
#1723=LINE('',#18716,#2905);
#1724=LINE('',#18718,#2906);
#1725=LINE('',#18719,#2907);
#1726=LINE('',#18721,#2908);
#1727=LINE('',#18724,#2909);
#1728=LINE('',#18742,#2910);
#1729=LINE('',#18750,#2911);
#1730=LINE('',#18753,#2912);
#1731=LINE('',#18756,#2913);
#1732=LINE('',#18757,#2914);
#1733=LINE('',#18759,#2915);
#1734=LINE('',#18760,#2916);
#1735=LINE('',#18762,#2917);
#1736=LINE('',#18765,#2918);
#1737=LINE('',#18766,#2919);
#1738=LINE('',#18768,#2920);
#1739=LINE('',#18785,#2921);
#1740=LINE('',#18793,#2922);
#1741=LINE('',#18796,#2923);
#1742=LINE('',#18799,#2924);
#1743=LINE('',#18800,#2925);
#1744=LINE('',#18802,#2926);
#1745=LINE('',#18804,#2927);
#1746=LINE('',#18805,#2928);
#1747=LINE('',#18807,#2929);
#1748=LINE('',#18809,#2930);
#1749=LINE('',#18810,#2931);
#1750=LINE('',#18813,#2932);
#1751=LINE('',#18815,#2933);
#1752=LINE('',#18817,#2934);
#1753=LINE('',#18819,#2935);
#1754=LINE('',#18821,#2936);
#1755=LINE('',#18822,#2937);
#1756=LINE('',#18824,#2938);
#1757=LINE('',#18827,#2939);
#1758=LINE('',#18829,#2940);
#1759=LINE('',#18831,#2941);
#1760=LINE('',#18833,#2942);
#1761=LINE('',#18835,#2943);
#1762=LINE('',#18836,#2944);
#1763=LINE('',#18839,#2945);
#1764=LINE('',#18840,#2946);
#1765=LINE('',#18842,#2947);
#1766=LINE('',#18844,#2948);
#1767=LINE('',#18847,#2949);
#1768=LINE('',#18849,#2950);
#1769=LINE('',#18851,#2951);
#1770=LINE('',#18853,#2952);
#1771=LINE('',#18855,#2953);
#1772=LINE('',#18856,#2954);
#1773=LINE('',#18858,#2955);
#1774=LINE('',#18859,#2956);
#1775=LINE('',#18861,#2957);
#1776=LINE('',#18863,#2958);
#1777=LINE('',#18865,#2959);
#1778=LINE('',#18867,#2960);
#1779=LINE('',#18870,#2961);
#1780=LINE('',#18871,#2962);
#1781=LINE('',#18873,#2963);
#1782=LINE('',#18875,#2964);
#1783=LINE('',#18877,#2965);
#1784=LINE('',#18879,#2966);
#1785=LINE('',#18882,#2967);
#1786=LINE('',#18884,#2968);
#1787=LINE('',#18887,#2969);
#1788=LINE('',#18888,#2970);
#1789=LINE('',#18890,#2971);
#1790=LINE('',#18892,#2972);
#1791=LINE('',#18894,#2973);
#1792=LINE('',#18896,#2974);
#1793=LINE('',#18899,#2975);
#1794=LINE('',#18901,#2976);
#1795=LINE('',#18904,#2977);
#1796=LINE('',#18906,#2978);
#1797=LINE('',#18909,#2979);
#1798=LINE('',#18911,#2980);
#1799=LINE('',#18914,#2981);
#1800=LINE('',#18919,#2982);
#1801=LINE('',#18921,#2983);
#1802=LINE('',#18926,#2984);
#1803=VECTOR('',#12397,10.);
#1804=VECTOR('',#12398,10.);
#1805=VECTOR('',#12411,10.);
#1806=VECTOR('',#12412,10.);
#1807=VECTOR('',#12425,10.);
#1808=VECTOR('',#12426,10.);
#1809=VECTOR('',#12439,10.);
#1810=VECTOR('',#12440,10.);
#1811=VECTOR('',#12453,10.);
#1812=VECTOR('',#12454,10.);
#1813=VECTOR('',#12467,10.);
#1814=VECTOR('',#12468,10.);
#1815=VECTOR('',#12471,10.);
#1816=VECTOR('',#12472,10.);
#1817=VECTOR('',#12475,10.);
#1818=VECTOR('',#12476,10.);
#1819=VECTOR('',#12479,10.);
#1820=VECTOR('',#12480,10.);
#1821=VECTOR('',#12483,10.);
#1822=VECTOR('',#12484,10.);
#1823=VECTOR('',#12489,10.);
#1824=VECTOR('',#12490,10.);
#1825=VECTOR('',#12495,10.);
#1826=VECTOR('',#12498,10.);
#1827=VECTOR('',#12501,10.);
#1828=VECTOR('',#12504,10.);
#1829=VECTOR('',#12507,10.);
#1830=VECTOR('',#12510,10.);
#1831=VECTOR('',#12513,10.);
#1832=VECTOR('',#12514,10.);
#1833=VECTOR('',#12571,10.);
#1834=VECTOR('',#12572,10.);
#1835=VECTOR('',#12575,10.);
#1836=VECTOR('',#12576,10.);
#1837=VECTOR('',#12615,10.);
#1838=VECTOR('',#12616,10.);
#1839=VECTOR('',#12619,10.);
#1840=VECTOR('',#12620,10.);
#1841=VECTOR('',#12643,10.);
#1842=VECTOR('',#12644,10.);
#1843=VECTOR('',#12647,10.);
#1844=VECTOR('',#12648,10.);
#1845=VECTOR('',#12651,10.);
#1846=VECTOR('',#12652,10.);
#1847=VECTOR('',#12655,10.);
#1848=VECTOR('',#12656,10.);
#1849=VECTOR('',#12659,10.);
#1850=VECTOR('',#12660,10.);
#1851=VECTOR('',#12663,10.);
#1852=VECTOR('',#12666,10.);
#1853=VECTOR('',#12667,10.);
#1854=VECTOR('',#12670,10.);
#1855=VECTOR('',#12671,10.);
#1856=VECTOR('',#12674,10.);
#1857=VECTOR('',#12675,10.);
#1858=VECTOR('',#12678,10.);
#1859=VECTOR('',#12679,10.);
#1860=VECTOR('',#12682,10.);
#1861=VECTOR('',#12685,10.);
#1862=VECTOR('',#12686,10.);
#1863=VECTOR('',#12689,10.);
#1864=VECTOR('',#12690,10.);
#1865=VECTOR('',#12693,10.);
#1866=VECTOR('',#12704,10.);
#1867=VECTOR('',#12707,10.);
#1868=VECTOR('',#12710,10.);
#1869=VECTOR('',#12713,10.);
#1870=VECTOR('',#12716,10.);
#1871=VECTOR('',#12719,10.);
#1872=VECTOR('',#12730,10.);
#1873=VECTOR('',#12731,10.);
#1874=VECTOR('',#12734,10.);
#1875=VECTOR('',#12735,10.);
#1876=VECTOR('',#12738,10.);
#1877=VECTOR('',#12741,10.);
#1878=VECTOR('',#12744,10.);
#1879=VECTOR('',#12747,10.);
#1880=VECTOR('',#12750,10.);
#1881=VECTOR('',#12753,10.);
#1882=VECTOR('',#12754,10.);
#1883=VECTOR('',#12755,10.);
#1884=VECTOR('',#12758,10.);
#1885=VECTOR('',#12759,10.);
#1886=VECTOR('',#12762,10.);
#1887=VECTOR('',#12765,10.);
#1888=VECTOR('',#12768,10.);
#1889=VECTOR('',#12771,10.);
#1890=VECTOR('',#12774,10.);
#1891=VECTOR('',#12777,10.);
#1892=VECTOR('',#12780,10.);
#1893=VECTOR('',#12803,3.14999999999997);
#1894=VECTOR('',#12818,3.15000000000001);
#1895=VECTOR('',#12833,3.15);
#1896=VECTOR('',#12848,3.15);
#1897=VECTOR('',#12861,4.75);
#1898=VECTOR('',#12876,4.75);
#1899=VECTOR('',#12891,4.75);
#1900=VECTOR('',#12906,4.75);
#1901=VECTOR('',#12915,10.);
#1902=VECTOR('',#12918,10.);
#1903=VECTOR('',#12921,10.);
#1904=VECTOR('',#12924,10.);
#1905=VECTOR('',#12927,10.);
#1906=VECTOR('',#12930,10.);
#1907=VECTOR('',#12933,10.);
#1908=VECTOR('',#12936,10.);
#1909=VECTOR('',#12939,10.);
#1910=VECTOR('',#12940,10.);
#1911=VECTOR('',#12945,10.);
#1912=VECTOR('',#12948,10.);
#1913=VECTOR('',#12951,10.);
#1914=VECTOR('',#12954,10.);
#1915=VECTOR('',#12955,10.);
#1916=VECTOR('',#12958,10.);
#1917=VECTOR('',#12961,10.);
#1918=VECTOR('',#12964,10.);
#1919=VECTOR('',#12967,10.);
#1920=VECTOR('',#12970,10.);
#1921=VECTOR('',#12973,10.);
#1922=VECTOR('',#12974,10.);
#1923=VECTOR('',#12981,10.);
#1924=VECTOR('',#12984,10.);
#1925=VECTOR('',#13001,4.95);
#1926=VECTOR('',#13026,10.);
#1927=VECTOR('',#13027,10.);
#1928=VECTOR('',#13032,10.);
#1929=VECTOR('',#13033,10.);
#1930=VECTOR('',#13056,10.);
#1931=VECTOR('',#13057,10.);
#1932=VECTOR('',#13060,10.);
#1933=VECTOR('',#13061,10.);
#1934=VECTOR('',#13066,10.);
#1935=VECTOR('',#13067,10.);
#1936=VECTOR('',#13072,10.);
#1937=VECTOR('',#13073,10.);
#1938=VECTOR('',#13076,10.);
#1939=VECTOR('',#13077,10.);
#1940=VECTOR('',#13082,10.);
#1941=VECTOR('',#13083,10.);
#1942=VECTOR('',#13086,10.);
#1943=VECTOR('',#13089,10.);
#1944=VECTOR('',#13092,10.);
#1945=VECTOR('',#13093,10.);
#1946=VECTOR('',#13094,10.);
#1947=VECTOR('',#13095,10.);
#1948=VECTOR('',#13096,10.);
#1949=VECTOR('',#13097,10.);
#1950=VECTOR('',#13098,10.);
#1951=VECTOR('',#13099,10.);
#1952=VECTOR('',#13100,10.);
#1953=VECTOR('',#13101,10.);
#1954=VECTOR('',#13102,10.);
#1955=VECTOR('',#13103,10.);
#1956=VECTOR('',#13104,10.);
#1957=VECTOR('',#13105,10.);
#1958=VECTOR('',#13106,10.);
#1959=VECTOR('',#13107,10.);
#1960=VECTOR('',#13108,10.);
#1961=VECTOR('',#13109,10.);
#1962=VECTOR('',#13110,10.);
#1963=VECTOR('',#13111,10.);
#1964=VECTOR('',#13112,10.);
#1965=VECTOR('',#13113,10.);
#1966=VECTOR('',#13114,10.);
#1967=VECTOR('',#13115,10.);
#1968=VECTOR('',#13116,10.);
#1969=VECTOR('',#13117,10.);
#1970=VECTOR('',#13118,10.);
#1971=VECTOR('',#13119,10.);
#1972=VECTOR('',#13120,10.);
#1973=VECTOR('',#13121,10.);
#1974=VECTOR('',#13122,10.);
#1975=VECTOR('',#13123,10.);
#1976=VECTOR('',#13124,10.);
#1977=VECTOR('',#13125,10.);
#1978=VECTOR('',#13126,10.);
#1979=VECTOR('',#13127,10.);
#1980=VECTOR('',#13128,10.);
#1981=VECTOR('',#13129,10.);
#1982=VECTOR('',#13134,10.);
#1983=VECTOR('',#13137,10.);
#1984=VECTOR('',#13140,10.);
#1985=VECTOR('',#13143,10.);
#1986=VECTOR('',#13146,10.);
#1987=VECTOR('',#13149,10.);
#1988=VECTOR('',#13160,10.);
#1989=VECTOR('',#13161,10.);
#1990=VECTOR('',#13162,10.);
#1991=VECTOR('',#13163,10.);
#1992=VECTOR('',#13164,10.);
#1993=VECTOR('',#13165,10.);
#1994=VECTOR('',#13166,10.);
#1995=VECTOR('',#13167,10.);
#1996=VECTOR('',#13168,10.);
#1997=VECTOR('',#13169,10.);
#1998=VECTOR('',#13170,10.);
#1999=VECTOR('',#13171,10.);
#2000=VECTOR('',#13172,10.);
#2001=VECTOR('',#13173,10.);
#2002=VECTOR('',#13174,10.);
#2003=VECTOR('',#13175,10.);
#2004=VECTOR('',#13176,10.);
#2005=VECTOR('',#13177,10.);
#2006=VECTOR('',#13178,10.);
#2007=VECTOR('',#13179,10.);
#2008=VECTOR('',#13180,10.);
#2009=VECTOR('',#13181,10.);
#2010=VECTOR('',#13182,10.);
#2011=VECTOR('',#13183,10.);
#2012=VECTOR('',#13184,10.);
#2013=VECTOR('',#13185,10.);
#2014=VECTOR('',#13186,10.);
#2015=VECTOR('',#13187,10.);
#2016=VECTOR('',#13188,10.);
#2017=VECTOR('',#13189,10.);
#2018=VECTOR('',#13190,10.);
#2019=VECTOR('',#13191,10.);
#2020=VECTOR('',#13192,10.);
#2021=VECTOR('',#13193,10.);
#2022=VECTOR('',#13194,10.);
#2023=VECTOR('',#13195,10.);
#2024=VECTOR('',#13200,6.55);
#2025=VECTOR('',#13203,10.);
#2026=VECTOR('',#13210,10.);
#2027=VECTOR('',#13215,10.);
#2028=VECTOR('',#13220,10.);
#2029=VECTOR('',#13225,10.);
#2030=VECTOR('',#13230,10.);
#2031=VECTOR('',#13235,10.);
#2032=VECTOR('',#13240,10.);
#2033=VECTOR('',#13245,10.);
#2034=VECTOR('',#13250,10.);
#2035=VECTOR('',#13255,10.);
#2036=VECTOR('',#13260,10.);
#2037=VECTOR('',#13265,10.);
#2038=VECTOR('',#13270,10.);
#2039=VECTOR('',#13275,10.);
#2040=VECTOR('',#13280,10.);
#2041=VECTOR('',#13287,10.);
#2042=VECTOR('',#13292,10.);
#2043=VECTOR('',#13295,10.);
#2044=VECTOR('',#13300,10.);
#2045=VECTOR('',#13305,10.);
#2046=VECTOR('',#13310,10.);
#2047=VECTOR('',#13315,10.);
#2048=VECTOR('',#13320,10.);
#2049=VECTOR('',#13325,10.);
#2050=VECTOR('',#13330,10.);
#2051=VECTOR('',#13335,10.);
#2052=VECTOR('',#13340,10.);
#2053=VECTOR('',#13345,10.);
#2054=VECTOR('',#13350,10.);
#2055=VECTOR('',#13355,10.);
#2056=VECTOR('',#13360,10.);
#2057=VECTOR('',#13365,10.);
#2058=VECTOR('',#13370,10.);
#2059=VECTOR('',#13375,10.);
#2060=VECTOR('',#13380,10.);
#2061=VECTOR('',#13383,10.);
#2062=VECTOR('',#13384,10.);
#2063=VECTOR('',#13387,10.);
#2064=VECTOR('',#13390,10.);
#2065=VECTOR('',#13393,10.);
#2066=VECTOR('',#13396,10.);
#2067=VECTOR('',#13399,10.);
#2068=VECTOR('',#13402,10.);
#2069=VECTOR('',#13405,10.);
#2070=VECTOR('',#13408,10.);
#2071=VECTOR('',#13411,10.);
#2072=VECTOR('',#13414,10.);
#2073=VECTOR('',#13417,10.);
#2074=VECTOR('',#13420,10.);
#2075=VECTOR('',#13423,10.);
#2076=VECTOR('',#13426,10.);
#2077=VECTOR('',#13429,10.);
#2078=VECTOR('',#13432,10.);
#2079=VECTOR('',#13435,10.);
#2080=VECTOR('',#13438,10.);
#2081=VECTOR('',#13441,10.);
#2082=VECTOR('',#13444,10.);
#2083=VECTOR('',#13445,10.);
#2084=VECTOR('',#13448,10.);
#2085=VECTOR('',#13451,10.);
#2086=VECTOR('',#13454,10.);
#2087=VECTOR('',#13455,10.);
#2088=VECTOR('',#13460,10.);
#2089=VECTOR('',#13463,10.);
#2090=VECTOR('',#13468,10.);
#2091=VECTOR('',#13469,10.);
#2092=VECTOR('',#13472,10.);
#2093=VECTOR('',#13475,10.);
#2094=VECTOR('',#13478,10.);
#2095=VECTOR('',#13479,10.);
#2096=VECTOR('',#13490,10.);
#2097=VECTOR('',#13493,10.);
#2098=VECTOR('',#13496,10.);
#2099=VECTOR('',#13499,10.);
#2100=VECTOR('',#13502,10.);
#2101=VECTOR('',#13505,10.);
#2102=VECTOR('',#13508,10.);
#2103=VECTOR('',#13511,10.);
#2104=VECTOR('',#13514,10.);
#2105=VECTOR('',#13517,10.);
#2106=VECTOR('',#13520,10.);
#2107=VECTOR('',#13523,10.);
#2108=VECTOR('',#13526,10.);
#2109=VECTOR('',#13529,10.);
#2110=VECTOR('',#13532,10.);
#2111=VECTOR('',#13535,10.);
#2112=VECTOR('',#13538,10.);
#2113=VECTOR('',#13545,10.);
#2114=VECTOR('',#13548,10.);
#2115=VECTOR('',#13553,10.);
#2116=VECTOR('',#13554,10.);
#2117=VECTOR('',#13555,10.);
#2118=VECTOR('',#13556,10.);
#2119=VECTOR('',#13559,10.);
#2120=VECTOR('',#13560,10.);
#2121=VECTOR('',#13561,10.);
#2122=VECTOR('',#13564,10.);
#2123=VECTOR('',#13565,10.);
#2124=VECTOR('',#13566,10.);
#2125=VECTOR('',#13569,10.);
#2126=VECTOR('',#13570,10.);
#2127=VECTOR('',#13571,10.);
#2128=VECTOR('',#13574,10.);
#2129=VECTOR('',#13575,10.);
#2130=VECTOR('',#13576,10.);
#2131=VECTOR('',#13579,10.);
#2132=VECTOR('',#13580,10.);
#2133=VECTOR('',#13583,10.);
#2134=VECTOR('',#13584,10.);
#2135=VECTOR('',#13585,10.);
#2136=VECTOR('',#13588,10.);
#2137=VECTOR('',#13589,10.);
#2138=VECTOR('',#13592,10.);
#2139=VECTOR('',#13593,10.);
#2140=VECTOR('',#13598,10.);
#2141=VECTOR('',#13601,10.);
#2142=VECTOR('',#13604,10.);
#2143=VECTOR('',#13607,10.);
#2144=VECTOR('',#13610,10.);
#2145=VECTOR('',#13613,10.);
#2146=VECTOR('',#13616,10.);
#2147=VECTOR('',#13619,10.);
#2148=VECTOR('',#13622,10.);
#2149=VECTOR('',#13623,10.);
#2150=VECTOR('',#13626,10.);
#2151=VECTOR('',#13631,10.);
#2152=VECTOR('',#13632,10.);
#2153=VECTOR('',#13635,10.);
#2154=VECTOR('',#13640,10.);
#2155=VECTOR('',#13641,10.);
#2156=VECTOR('',#13644,10.);
#2157=VECTOR('',#13649,10.);
#2158=VECTOR('',#13650,10.);
#2159=VECTOR('',#13653,10.);
#2160=VECTOR('',#13658,10.);
#2161=VECTOR('',#13659,10.);
#2162=VECTOR('',#13662,10.);
#2163=VECTOR('',#13667,10.);
#2164=VECTOR('',#13670,10.);
#2165=VECTOR('',#13671,10.);
#2166=VECTOR('',#13672,10.);
#2167=VECTOR('',#13675,10.);
#2168=VECTOR('',#13680,10.);
#2169=VECTOR('',#13681,10.);
#2170=VECTOR('',#13684,10.);
#2171=VECTOR('',#13689,10.);
#2172=VECTOR('',#13690,10.);
#2173=VECTOR('',#13693,10.);
#2174=VECTOR('',#13698,10.);
#2175=VECTOR('',#13701,10.);
#2176=VECTOR('',#13704,10.);
#2177=VECTOR('',#13707,10.);
#2178=VECTOR('',#13708,10.);
#2179=VECTOR('',#13709,10.);
#2180=VECTOR('',#13712,10.);
#2181=VECTOR('',#13715,10.);
#2182=VECTOR('',#13718,10.);
#2183=VECTOR('',#13719,10.);
#2184=VECTOR('',#13722,10.);
#2185=VECTOR('',#13727,10.);
#2186=VECTOR('',#13730,10.);
#2187=VECTOR('',#13737,10.);
#2188=VECTOR('',#13738,10.);
#2189=VECTOR('',#13739,10.);
#2190=VECTOR('',#13740,10.);
#2191=VECTOR('',#13743,10.);
#2192=VECTOR('',#13744,10.);
#2193=VECTOR('',#13745,10.);
#2194=VECTOR('',#13748,10.);
#2195=VECTOR('',#13749,10.);
#2196=VECTOR('',#13750,10.);
#2197=VECTOR('',#13753,10.);
#2198=VECTOR('',#13754,10.);
#2199=VECTOR('',#13755,10.);
#2200=VECTOR('',#13758,10.);
#2201=VECTOR('',#13759,10.);
#2202=VECTOR('',#13760,10.);
#2203=VECTOR('',#13763,10.);
#2204=VECTOR('',#13764,10.);
#2205=VECTOR('',#13767,10.);
#2206=VECTOR('',#13768,10.);
#2207=VECTOR('',#13769,10.);
#2208=VECTOR('',#13772,10.);
#2209=VECTOR('',#13773,10.);
#2210=VECTOR('',#13776,10.);
#2211=VECTOR('',#13777,10.);
#2212=VECTOR('',#13780,10.);
#2213=VECTOR('',#13781,10.);
#2214=VECTOR('',#13784,10.);
#2215=VECTOR('',#13787,10.);
#2216=VECTOR('',#13790,10.);
#2217=VECTOR('',#13793,10.);
#2218=VECTOR('',#13796,10.);
#2219=VECTOR('',#13797,10.);
#2220=VECTOR('',#13798,10.);
#2221=VECTOR('',#13801,10.);
#2222=VECTOR('',#13802,10.);
#2223=VECTOR('',#13807,10.);
#2224=VECTOR('',#13810,10.);
#2225=VECTOR('',#13811,10.);
#2226=VECTOR('',#13816,10.);
#2227=VECTOR('',#13819,10.);
#2228=VECTOR('',#13820,10.);
#2229=VECTOR('',#13825,10.);
#2230=VECTOR('',#13828,10.);
#2231=VECTOR('',#13829,10.);
#2232=VECTOR('',#13834,10.);
#2233=VECTOR('',#13837,10.);
#2234=VECTOR('',#13840,10.);
#2235=VECTOR('',#13843,10.);
#2236=VECTOR('',#13846,10.);
#2237=VECTOR('',#13847,10.);
#2238=VECTOR('',#13850,10.);
#2239=VECTOR('',#13855,10.);
#2240=VECTOR('',#13856,10.);
#2241=VECTOR('',#13857,10.);
#2242=VECTOR('',#13860,10.);
#2243=VECTOR('',#13861,10.);
#2244=VECTOR('',#13864,10.);
#2245=VECTOR('',#13865,10.);
#2246=VECTOR('',#13866,10.);
#2247=VECTOR('',#13867,10.);
#2248=VECTOR('',#13870,10.);
#2249=VECTOR('',#13871,10.);
#2250=VECTOR('',#13872,10.);
#2251=VECTOR('',#13877,10.);
#2252=VECTOR('',#13882,10.);
#2253=VECTOR('',#13883,10.);
#2254=VECTOR('',#13884,10.);
#2255=VECTOR('',#13889,10.);
#2256=VECTOR('',#13894,10.);
#2257=VECTOR('',#13895,10.);
#2258=VECTOR('',#13896,10.);
#2259=VECTOR('',#13901,10.);
#2260=VECTOR('',#13906,10.);
#2261=VECTOR('',#13907,10.);
#2262=VECTOR('',#13908,10.);
#2263=VECTOR('',#13913,10.);
#2264=VECTOR('',#13918,10.);
#2265=VECTOR('',#13919,10.);
#2266=VECTOR('',#13922,10.);
#2267=VECTOR('',#13925,10.);
#2268=VECTOR('',#13928,10.);
#2269=VECTOR('',#13929,10.);
#2270=VECTOR('',#13932,10.);
#2271=VECTOR('',#13937,10.);
#2272=VECTOR('',#13938,10.);
#2273=VECTOR('',#13941,10.);
#2274=VECTOR('',#13944,10.);
#2275=VECTOR('',#13945,10.);
#2276=VECTOR('',#13948,10.);
#2277=VECTOR('',#13949,10.);
#2278=VECTOR('',#13950,10.);
#2279=VECTOR('',#13951,10.);
#2280=VECTOR('',#13952,10.);
#2281=VECTOR('',#13953,10.);
#2282=VECTOR('',#13956,10.);
#2283=VECTOR('',#13957,10.);
#2284=VECTOR('',#13958,10.);
#2285=VECTOR('',#13961,10.);
#2286=VECTOR('',#13962,10.);
#2287=VECTOR('',#13965,10.);
#2288=VECTOR('',#13966,10.);
#2289=VECTOR('',#13969,10.);
#2290=VECTOR('',#13970,10.);
#2291=VECTOR('',#13973,10.);
#2292=VECTOR('',#13974,10.);
#2293=VECTOR('',#13977,10.);
#2294=VECTOR('',#13980,10.);
#2295=VECTOR('',#13981,10.);
#2296=VECTOR('',#13982,10.);
#2297=VECTOR('',#13985,10.);
#2298=VECTOR('',#13986,10.);
#2299=VECTOR('',#13989,10.);
#2300=VECTOR('',#13990,10.);
#2301=VECTOR('',#13993,10.);
#2302=VECTOR('',#13994,10.);
#2303=VECTOR('',#13997,10.);
#2304=VECTOR('',#13998,10.);
#2305=VECTOR('',#14001,10.);
#2306=VECTOR('',#14004,10.);
#2307=VECTOR('',#14007,10.);
#2308=VECTOR('',#14010,10.);
#2309=VECTOR('',#14011,10.);
#2310=VECTOR('',#14012,10.);
#2311=VECTOR('',#14015,10.);
#2312=VECTOR('',#14018,10.);
#2313=VECTOR('',#14019,10.);
#2314=VECTOR('',#14020,10.);
#2315=VECTOR('',#14021,10.);
#2316=VECTOR('',#14022,10.);
#2317=VECTOR('',#14023,10.);
#2318=VECTOR('',#14024,10.);
#2319=VECTOR('',#14025,10.);
#2320=VECTOR('',#14026,10.);
#2321=VECTOR('',#14027,10.);
#2322=VECTOR('',#14028,10.);
#2323=VECTOR('',#14029,10.);
#2324=VECTOR('',#14032,10.);
#2325=VECTOR('',#14035,10.);
#2326=VECTOR('',#14038,10.);
#2327=VECTOR('',#14069,10.);
#2328=VECTOR('',#14080,10.);
#2329=VECTOR('',#14083,10.);
#2330=VECTOR('',#14086,10.);
#2331=VECTOR('',#14087,10.);
#2332=VECTOR('',#14090,10.);
#2333=VECTOR('',#14095,10.);
#2334=VECTOR('',#14096,10.);
#2335=VECTOR('',#14099,10.);
#2336=VECTOR('',#14106,10.);
#2337=VECTOR('',#14109,10.);
#2338=VECTOR('',#14112,10.);
#2339=VECTOR('',#14113,10.);
#2340=VECTOR('',#14114,10.);
#2341=VECTOR('',#14117,10.);
#2342=VECTOR('',#14118,10.);
#2343=VECTOR('',#14121,10.);
#2344=VECTOR('',#14122,10.);
#2345=VECTOR('',#14125,10.);
#2346=VECTOR('',#14126,10.);
#2347=VECTOR('',#14129,10.);
#2348=VECTOR('',#14130,10.);
#2349=VECTOR('',#14133,10.);
#2350=VECTOR('',#14136,10.);
#2351=VECTOR('',#14139,10.);
#2352=VECTOR('',#14144,10.);
#2353=VECTOR('',#14147,10.);
#2354=VECTOR('',#14152,10.);
#2355=VECTOR('',#14153,10.);
#2356=VECTOR('',#14160,10.);
#2357=VECTOR('',#14161,10.);
#2358=VECTOR('',#14162,10.);
#2359=VECTOR('',#14163,10.);
#2360=VECTOR('',#14166,10.);
#2361=VECTOR('',#14167,10.);
#2362=VECTOR('',#14168,10.);
#2363=VECTOR('',#14171,10.);
#2364=VECTOR('',#14172,10.);
#2365=VECTOR('',#14173,10.);
#2366=VECTOR('',#14176,10.);
#2367=VECTOR('',#14177,10.);
#2368=VECTOR('',#14178,10.);
#2369=VECTOR('',#14181,10.);
#2370=VECTOR('',#14182,10.);
#2371=VECTOR('',#14183,10.);
#2372=VECTOR('',#14186,10.);
#2373=VECTOR('',#14187,10.);
#2374=VECTOR('',#14190,10.);
#2375=VECTOR('',#14191,10.);
#2376=VECTOR('',#14192,10.);
#2377=VECTOR('',#14195,10.);
#2378=VECTOR('',#14196,10.);
#2379=VECTOR('',#14199,10.);
#2380=VECTOR('',#14200,10.);
#2381=VECTOR('',#14203,10.);
#2382=VECTOR('',#14204,10.);
#2383=VECTOR('',#14207,10.);
#2384=VECTOR('',#14210,10.);
#2385=VECTOR('',#14213,10.);
#2386=VECTOR('',#14216,10.);
#2387=VECTOR('',#14219,10.);
#2388=VECTOR('',#14220,10.);
#2389=VECTOR('',#14221,10.);
#2390=VECTOR('',#14224,10.);
#2391=VECTOR('',#14225,10.);
#2392=VECTOR('',#14230,10.);
#2393=VECTOR('',#14233,10.);
#2394=VECTOR('',#14234,10.);
#2395=VECTOR('',#14239,10.);
#2396=VECTOR('',#14242,10.);
#2397=VECTOR('',#14243,10.);
#2398=VECTOR('',#14248,10.);
#2399=VECTOR('',#14251,10.);
#2400=VECTOR('',#14252,10.);
#2401=VECTOR('',#14257,10.);
#2402=VECTOR('',#14260,10.);
#2403=VECTOR('',#14263,10.);
#2404=VECTOR('',#14266,10.);
#2405=VECTOR('',#14269,10.);
#2406=VECTOR('',#14270,10.);
#2407=VECTOR('',#14273,10.);
#2408=VECTOR('',#14278,10.);
#2409=VECTOR('',#14279,10.);
#2410=VECTOR('',#14280,10.);
#2411=VECTOR('',#14283,10.);
#2412=VECTOR('',#14284,10.);
#2413=VECTOR('',#14287,10.);
#2414=VECTOR('',#14288,10.);
#2415=VECTOR('',#14289,10.);
#2416=VECTOR('',#14290,10.);
#2417=VECTOR('',#14293,10.);
#2418=VECTOR('',#14294,10.);
#2419=VECTOR('',#14295,10.);
#2420=VECTOR('',#14298,10.);
#2421=VECTOR('',#14299,10.);
#2422=VECTOR('',#14300,10.);
#2423=VECTOR('',#14301,10.);
#2424=VECTOR('',#14306,10.);
#2425=VECTOR('',#14311,10.);
#2426=VECTOR('',#14312,10.);
#2427=VECTOR('',#14315,10.);
#2428=VECTOR('',#14316,10.);
#2429=VECTOR('',#14317,10.);
#2430=VECTOR('',#14322,10.);
#2431=VECTOR('',#14327,10.);
#2432=VECTOR('',#14328,10.);
#2433=VECTOR('',#14331,10.);
#2434=VECTOR('',#14332,10.);
#2435=VECTOR('',#14333,10.);
#2436=VECTOR('',#14336,10.);
#2437=VECTOR('',#14337,10.);
#2438=VECTOR('',#14340,10.);
#2439=VECTOR('',#14343,10.);
#2440=VECTOR('',#14348,10.);
#2441=VECTOR('',#14349,10.);
#2442=VECTOR('',#14352,10.);
#2443=VECTOR('',#14355,10.);
#2444=VECTOR('',#14356,10.);
#2445=VECTOR('',#14357,10.);
#2446=VECTOR('',#14358,10.);
#2447=VECTOR('',#14359,10.);
#2448=VECTOR('',#14360,10.);
#2449=VECTOR('',#14363,10.);
#2450=VECTOR('',#14364,10.);
#2451=VECTOR('',#14365,10.);
#2452=VECTOR('',#14368,10.);
#2453=VECTOR('',#14369,10.);
#2454=VECTOR('',#14372,10.);
#2455=VECTOR('',#14373,10.);
#2456=VECTOR('',#14376,10.);
#2457=VECTOR('',#14377,10.);
#2458=VECTOR('',#14380,10.);
#2459=VECTOR('',#14381,10.);
#2460=VECTOR('',#14384,10.);
#2461=VECTOR('',#14387,10.);
#2462=VECTOR('',#14388,10.);
#2463=VECTOR('',#14389,10.);
#2464=VECTOR('',#14392,10.);
#2465=VECTOR('',#14393,10.);
#2466=VECTOR('',#14396,10.);
#2467=VECTOR('',#14397,10.);
#2468=VECTOR('',#14400,10.);
#2469=VECTOR('',#14401,10.);
#2470=VECTOR('',#14402,10.);
#2471=VECTOR('',#14403,10.);
#2472=VECTOR('',#14406,10.);
#2473=VECTOR('',#14407,10.);
#2474=VECTOR('',#14408,10.);
#2475=VECTOR('',#14411,10.);
#2476=VECTOR('',#14412,10.);
#2477=VECTOR('',#14413,10.);
#2478=VECTOR('',#14416,10.);
#2479=VECTOR('',#14417,10.);
#2480=VECTOR('',#14418,10.);
#2481=VECTOR('',#14421,10.);
#2482=VECTOR('',#14422,10.);
#2483=VECTOR('',#14423,10.);
#2484=VECTOR('',#14426,10.);
#2485=VECTOR('',#14427,10.);
#2486=VECTOR('',#14430,10.);
#2487=VECTOR('',#14431,10.);
#2488=VECTOR('',#14432,10.);
#2489=VECTOR('',#14435,10.);
#2490=VECTOR('',#14436,10.);
#2491=VECTOR('',#14439,10.);
#2492=VECTOR('',#14440,10.);
#2493=VECTOR('',#14443,10.);
#2494=VECTOR('',#14444,10.);
#2495=VECTOR('',#14447,10.);
#2496=VECTOR('',#14450,10.);
#2497=VECTOR('',#14453,10.);
#2498=VECTOR('',#14456,10.);
#2499=VECTOR('',#14459,10.);
#2500=VECTOR('',#14460,10.);
#2501=VECTOR('',#14461,10.);
#2502=VECTOR('',#14464,10.);
#2503=VECTOR('',#14465,10.);
#2504=VECTOR('',#14470,10.);
#2505=VECTOR('',#14473,10.);
#2506=VECTOR('',#14474,10.);
#2507=VECTOR('',#14479,10.);
#2508=VECTOR('',#14482,10.);
#2509=VECTOR('',#14483,10.);
#2510=VECTOR('',#14488,10.);
#2511=VECTOR('',#14491,10.);
#2512=VECTOR('',#14492,10.);
#2513=VECTOR('',#14497,10.);
#2514=VECTOR('',#14500,10.);
#2515=VECTOR('',#14503,10.);
#2516=VECTOR('',#14506,10.);
#2517=VECTOR('',#14509,10.);
#2518=VECTOR('',#14510,10.);
#2519=VECTOR('',#14513,10.);
#2520=VECTOR('',#14518,10.);
#2521=VECTOR('',#14519,10.);
#2522=VECTOR('',#14520,10.);
#2523=VECTOR('',#14523,10.);
#2524=VECTOR('',#14524,10.);
#2525=VECTOR('',#14527,10.);
#2526=VECTOR('',#14528,10.);
#2527=VECTOR('',#14541,10.);
#2528=VECTOR('',#14552,10.);
#2529=VECTOR('',#14565,10.);
#2530=VECTOR('',#14566,10.);
#2531=VECTOR('',#14579,10.);
#2532=VECTOR('',#14580,10.);
#2533=VECTOR('',#14583,10.);
#2534=VECTOR('',#14584,10.);
#2535=VECTOR('',#14589,10.);
#2536=VECTOR('',#14590,10.);
#2537=VECTOR('',#14593,10.);
#2538=VECTOR('',#14596,10.);
#2539=VECTOR('',#14599,10.);
#2540=VECTOR('',#14600,10.);
#2541=VECTOR('',#14603,10.);
#2542=VECTOR('',#14604,10.);
#2543=VECTOR('',#14607,10.);
#2544=VECTOR('',#14610,10.);
#2545=VECTOR('',#14613,10.);
#2546=VECTOR('',#14616,10.);
#2547=VECTOR('',#14617,10.);
#2548=VECTOR('',#14618,10.);
#2549=VECTOR('',#14621,10.);
#2550=VECTOR('',#14622,10.);
#2551=VECTOR('',#14623,10.);
#2552=VECTOR('',#14624,10.);
#2553=VECTOR('',#14625,10.);
#2554=VECTOR('',#14626,10.);
#2555=VECTOR('',#14627,10.);
#2556=VECTOR('',#14628,10.);
#2557=VECTOR('',#14629,10.);
#2558=VECTOR('',#14630,10.);
#2559=VECTOR('',#14631,10.);
#2560=VECTOR('',#14632,10.);
#2561=VECTOR('',#14633,10.);
#2562=VECTOR('',#14634,10.);
#2563=VECTOR('',#14635,10.);
#2564=VECTOR('',#14636,10.);
#2565=VECTOR('',#14637,10.);
#2566=VECTOR('',#14638,10.);
#2567=VECTOR('',#14639,10.);
#2568=VECTOR('',#14640,10.);
#2569=VECTOR('',#14641,10.);
#2570=VECTOR('',#14642,10.);
#2571=VECTOR('',#14645,10.);
#2572=VECTOR('',#14648,10.);
#2573=VECTOR('',#14649,10.);
#2574=VECTOR('',#14652,10.);
#2575=VECTOR('',#14655,10.);
#2576=VECTOR('',#14686,10.);
#2577=VECTOR('',#14697,10.);
#2578=VECTOR('',#14700,10.);
#2579=VECTOR('',#14705,10.);
#2580=VECTOR('',#14706,10.);
#2581=VECTOR('',#14709,10.);
#2582=VECTOR('',#14712,10.);
#2583=VECTOR('',#14713,10.);
#2584=VECTOR('',#14716,10.);
#2585=VECTOR('',#14717,10.);
#2586=VECTOR('',#14720,10.);
#2587=VECTOR('',#14721,10.);
#2588=VECTOR('',#14722,10.);
#2589=VECTOR('',#14723,10.);
#2590=VECTOR('',#14724,10.);
#2591=VECTOR('',#14725,10.);
#2592=VECTOR('',#14726,10.);
#2593=VECTOR('',#14729,10.);
#2594=VECTOR('',#14730,10.);
#2595=VECTOR('',#14733,10.);
#2596=VECTOR('',#14734,10.);
#2597=VECTOR('',#14735,10.);
#2598=VECTOR('',#14736,10.);
#2599=VECTOR('',#14737,10.);
#2600=VECTOR('',#14738,10.);
#2601=VECTOR('',#14739,10.);
#2602=VECTOR('',#14742,10.);
#2603=VECTOR('',#14743,10.);
#2604=VECTOR('',#14746,10.);
#2605=VECTOR('',#14749,10.);
#2606=VECTOR('',#14752,10.);
#2607=VECTOR('',#14755,10.);
#2608=VECTOR('',#14760,10.);
#2609=VECTOR('',#14763,10.);
#2610=VECTOR('',#14768,10.);
#2611=VECTOR('',#14771,10.);
#2612=VECTOR('',#14776,10.);
#2613=VECTOR('',#14777,10.);
#2614=VECTOR('',#14780,10.);
#2615=VECTOR('',#14783,10.);
#2616=VECTOR('',#14786,10.);
#2617=VECTOR('',#14789,10.);
#2618=VECTOR('',#14794,10.);
#2619=VECTOR('',#14797,10.);
#2620=VECTOR('',#14802,10.);
#2621=VECTOR('',#14813,10.);
#2622=VECTOR('',#14822,10.);
#2623=VECTOR('',#14823,10.);
#2624=VECTOR('',#14824,10.);
#2625=VECTOR('',#14825,10.);
#2626=VECTOR('',#14828,10.);
#2627=VECTOR('',#14829,10.);
#2628=VECTOR('',#14830,10.);
#2629=VECTOR('',#14833,10.);
#2630=VECTOR('',#14834,10.);
#2631=VECTOR('',#14835,10.);
#2632=VECTOR('',#14838,10.);
#2633=VECTOR('',#14839,10.);
#2634=VECTOR('',#14840,10.);
#2635=VECTOR('',#14843,10.);
#2636=VECTOR('',#14844,10.);
#2637=VECTOR('',#14845,10.);
#2638=VECTOR('',#14848,10.);
#2639=VECTOR('',#14849,10.);
#2640=VECTOR('',#14852,10.);
#2641=VECTOR('',#14853,10.);
#2642=VECTOR('',#14854,10.);
#2643=VECTOR('',#14857,10.);
#2644=VECTOR('',#14858,10.);
#2645=VECTOR('',#14861,10.);
#2646=VECTOR('',#14862,10.);
#2647=VECTOR('',#14865,10.);
#2648=VECTOR('',#14866,10.);
#2649=VECTOR('',#14869,10.);
#2650=VECTOR('',#14872,10.);
#2651=VECTOR('',#14875,10.);
#2652=VECTOR('',#14878,10.);
#2653=VECTOR('',#14881,10.);
#2654=VECTOR('',#14882,10.);
#2655=VECTOR('',#14883,10.);
#2656=VECTOR('',#14886,10.);
#2657=VECTOR('',#14887,10.);
#2658=VECTOR('',#14892,10.);
#2659=VECTOR('',#14895,10.);
#2660=VECTOR('',#14896,10.);
#2661=VECTOR('',#14901,10.);
#2662=VECTOR('',#14904,10.);
#2663=VECTOR('',#14905,10.);
#2664=VECTOR('',#14910,10.);
#2665=VECTOR('',#14913,10.);
#2666=VECTOR('',#14914,10.);
#2667=VECTOR('',#14919,10.);
#2668=VECTOR('',#14922,10.);
#2669=VECTOR('',#14925,10.);
#2670=VECTOR('',#14928,10.);
#2671=VECTOR('',#14931,10.);
#2672=VECTOR('',#14932,10.);
#2673=VECTOR('',#14935,10.);
#2674=VECTOR('',#14940,10.);
#2675=VECTOR('',#14941,10.);
#2676=VECTOR('',#14942,10.);
#2677=VECTOR('',#14945,10.);
#2678=VECTOR('',#14946,10.);
#2679=VECTOR('',#14949,10.);
#2680=VECTOR('',#14950,10.);
#2681=VECTOR('',#14951,10.);
#2682=VECTOR('',#14952,10.);
#2683=VECTOR('',#14955,10.);
#2684=VECTOR('',#14956,10.);
#2685=VECTOR('',#14957,10.);
#2686=VECTOR('',#14960,10.);
#2687=VECTOR('',#14961,10.);
#2688=VECTOR('',#14962,10.);
#2689=VECTOR('',#14965,10.);
#2690=VECTOR('',#14966,10.);
#2691=VECTOR('',#14967,10.);
#2692=VECTOR('',#14970,10.);
#2693=VECTOR('',#14971,10.);
#2694=VECTOR('',#14972,10.);
#2695=VECTOR('',#14975,10.);
#2696=VECTOR('',#14976,10.);
#2697=VECTOR('',#14979,10.);
#2698=VECTOR('',#14980,10.);
#2699=VECTOR('',#14983,10.);
#2700=VECTOR('',#14986,10.);
#2701=VECTOR('',#14987,10.);
#2702=VECTOR('',#14990,10.);
#2703=VECTOR('',#14991,10.);
#2704=VECTOR('',#14994,10.);
#2705=VECTOR('',#14995,10.);
#2706=VECTOR('',#14998,10.);
#2707=VECTOR('',#15001,10.);
#2708=VECTOR('',#15004,10.);
#2709=VECTOR('',#15005,10.);
#2710=VECTOR('',#15006,10.);
#2711=VECTOR('',#15007,10.);
#2712=VECTOR('',#15008,10.);
#2713=VECTOR('',#15009,10.);
#2714=VECTOR('',#15012,10.);
#2715=VECTOR('',#15013,10.);
#2716=VECTOR('',#15014,10.);
#2717=VECTOR('',#15017,10.);
#2718=VECTOR('',#15018,10.);
#2719=VECTOR('',#15021,10.);
#2720=VECTOR('',#15022,10.);
#2721=VECTOR('',#15025,10.);
#2722=VECTOR('',#15026,10.);
#2723=VECTOR('',#15029,10.);
#2724=VECTOR('',#15030,10.);
#2725=VECTOR('',#15033,10.);
#2726=VECTOR('',#15036,10.);
#2727=VECTOR('',#15037,10.);
#2728=VECTOR('',#15038,10.);
#2729=VECTOR('',#15041,10.);
#2730=VECTOR('',#15042,10.);
#2731=VECTOR('',#15045,10.);
#2732=VECTOR('',#15046,10.);
#2733=VECTOR('',#15049,10.);
#2734=VECTOR('',#15050,10.);
#2735=VECTOR('',#15051,10.);
#2736=VECTOR('',#15052,10.);
#2737=VECTOR('',#15055,10.);
#2738=VECTOR('',#15056,10.);
#2739=VECTOR('',#15057,10.);
#2740=VECTOR('',#15060,10.);
#2741=VECTOR('',#15061,10.);
#2742=VECTOR('',#15062,10.);
#2743=VECTOR('',#15065,10.);
#2744=VECTOR('',#15066,10.);
#2745=VECTOR('',#15067,10.);
#2746=VECTOR('',#15070,10.);
#2747=VECTOR('',#15071,10.);
#2748=VECTOR('',#15072,10.);
#2749=VECTOR('',#15075,10.);
#2750=VECTOR('',#15076,10.);
#2751=VECTOR('',#15079,10.);
#2752=VECTOR('',#15080,10.);
#2753=VECTOR('',#15081,10.);
#2754=VECTOR('',#15084,10.);
#2755=VECTOR('',#15085,10.);
#2756=VECTOR('',#15088,10.);
#2757=VECTOR('',#15089,10.);
#2758=VECTOR('',#15092,10.);
#2759=VECTOR('',#15093,10.);
#2760=VECTOR('',#15096,10.);
#2761=VECTOR('',#15099,10.);
#2762=VECTOR('',#15102,10.);
#2763=VECTOR('',#15105,10.);
#2764=VECTOR('',#15108,10.);
#2765=VECTOR('',#15109,10.);
#2766=VECTOR('',#15110,10.);
#2767=VECTOR('',#15113,10.);
#2768=VECTOR('',#15114,10.);
#2769=VECTOR('',#15119,10.);
#2770=VECTOR('',#15122,10.);
#2771=VECTOR('',#15123,10.);
#2772=VECTOR('',#15128,10.);
#2773=VECTOR('',#15131,10.);
#2774=VECTOR('',#15132,10.);
#2775=VECTOR('',#15137,10.);
#2776=VECTOR('',#15140,10.);
#2777=VECTOR('',#15141,10.);
#2778=VECTOR('',#15146,10.);
#2779=VECTOR('',#15149,10.);
#2780=VECTOR('',#15152,10.);
#2781=VECTOR('',#15155,10.);
#2782=VECTOR('',#15158,10.);
#2783=VECTOR('',#15159,10.);
#2784=VECTOR('',#15162,10.);
#2785=VECTOR('',#15167,10.);
#2786=VECTOR('',#15168,10.);
#2787=VECTOR('',#15169,10.);
#2788=VECTOR('',#15172,10.);
#2789=VECTOR('',#15173,10.);
#2790=VECTOR('',#15176,10.);
#2791=VECTOR('',#15177,10.);
#2792=VECTOR('',#15178,10.);
#2793=VECTOR('',#15179,10.);
#2794=VECTOR('',#15182,10.);
#2795=VECTOR('',#15183,10.);
#2796=VECTOR('',#15184,10.);
#2797=VECTOR('',#15187,10.);
#2798=VECTOR('',#15188,10.);
#2799=VECTOR('',#15189,10.);
#2800=VECTOR('',#15192,10.);
#2801=VECTOR('',#15193,10.);
#2802=VECTOR('',#15194,10.);
#2803=VECTOR('',#15197,10.);
#2804=VECTOR('',#15198,10.);
#2805=VECTOR('',#15199,10.);
#2806=VECTOR('',#15202,10.);
#2807=VECTOR('',#15203,10.);
#2808=VECTOR('',#15206,10.);
#2809=VECTOR('',#15207,10.);
#2810=VECTOR('',#15208,10.);
#2811=VECTOR('',#15211,10.);
#2812=VECTOR('',#15212,10.);
#2813=VECTOR('',#15215,10.);
#2814=VECTOR('',#15216,10.);
#2815=VECTOR('',#15219,10.);
#2816=VECTOR('',#15220,10.);
#2817=VECTOR('',#15223,10.);
#2818=VECTOR('',#15226,10.);
#2819=VECTOR('',#15229,10.);
#2820=VECTOR('',#15232,10.);
#2821=VECTOR('',#15235,10.);
#2822=VECTOR('',#15236,10.);
#2823=VECTOR('',#15237,10.);
#2824=VECTOR('',#15240,10.);
#2825=VECTOR('',#15241,10.);
#2826=VECTOR('',#15246,10.);
#2827=VECTOR('',#15249,10.);
#2828=VECTOR('',#15250,10.);
#2829=VECTOR('',#15255,10.);
#2830=VECTOR('',#15258,10.);
#2831=VECTOR('',#15259,10.);
#2832=VECTOR('',#15264,10.);
#2833=VECTOR('',#15267,10.);
#2834=VECTOR('',#15268,10.);
#2835=VECTOR('',#15273,10.);
#2836=VECTOR('',#15276,10.);
#2837=VECTOR('',#15279,10.);
#2838=VECTOR('',#15282,10.);
#2839=VECTOR('',#15285,10.);
#2840=VECTOR('',#15286,10.);
#2841=VECTOR('',#15289,10.);
#2842=VECTOR('',#15294,10.);
#2843=VECTOR('',#15295,10.);
#2844=VECTOR('',#15296,10.);
#2845=VECTOR('',#15299,10.);
#2846=VECTOR('',#15300,10.);
#2847=VECTOR('',#15303,10.);
#2848=VECTOR('',#15304,10.);
#2849=VECTOR('',#15317,10.);
#2850=VECTOR('',#15328,10.);
#2851=VECTOR('',#15341,10.);
#2852=VECTOR('',#15342,10.);
#2853=VECTOR('',#15355,10.);
#2854=VECTOR('',#15356,10.);
#2855=VECTOR('',#15359,10.);
#2856=VECTOR('',#15360,10.);
#2857=VECTOR('',#15365,10.);
#2858=VECTOR('',#15366,10.);
#2859=VECTOR('',#15369,10.);
#2860=VECTOR('',#15370,10.);
#2861=VECTOR('',#15373,10.);
#2862=VECTOR('',#15376,10.);
#2863=VECTOR('',#15379,10.);
#2864=VECTOR('',#15380,10.);
#2865=VECTOR('',#15381,10.);
#2866=VECTOR('',#15384,10.);
#2867=VECTOR('',#15387,10.);
#2868=VECTOR('',#15390,10.);
#2869=VECTOR('',#15393,10.);
#2870=VECTOR('',#15394,10.);
#2871=VECTOR('',#15395,10.);
#2872=VECTOR('',#15396,10.);
#2873=VECTOR('',#15399,10.);
#2874=VECTOR('',#15402,10.);
#2875=VECTOR('',#15405,10.);
#2876=VECTOR('',#15408,10.);
#2877=VECTOR('',#15409,10.);
#2878=VECTOR('',#15410,10.);
#2879=VECTOR('',#15411,10.);
#2880=VECTOR('',#15412,10.);
#2881=VECTOR('',#15413,10.);
#2882=VECTOR('',#15414,10.);
#2883=VECTOR('',#15415,10.);
#2884=VECTOR('',#15416,10.);
#2885=VECTOR('',#15417,10.);
#2886=VECTOR('',#15418,10.);
#2887=VECTOR('',#15419,10.);
#2888=VECTOR('',#15420,10.);
#2889=VECTOR('',#15421,10.);
#2890=VECTOR('',#15422,10.);
#2891=VECTOR('',#15423,10.);
#2892=VECTOR('',#15424,10.);
#2893=VECTOR('',#15425,10.);
#2894=VECTOR('',#15426,10.);
#2895=VECTOR('',#15427,10.);
#2896=VECTOR('',#15428,10.);
#2897=VECTOR('',#15429,10.);
#2898=VECTOR('',#15430,10.);
#2899=VECTOR('',#15431,10.);
#2900=VECTOR('',#15432,10.);
#2901=VECTOR('',#15433,10.);
#2902=VECTOR('',#15434,10.);
#2903=VECTOR('',#15435,10.);
#2904=VECTOR('',#15436,10.);
#2905=VECTOR('',#15437,10.);
#2906=VECTOR('',#15438,10.);
#2907=VECTOR('',#15439,10.);
#2908=VECTOR('',#15442,10.);
#2909=VECTOR('',#15445,10.);
#2910=VECTOR('',#15476,10.);
#2911=VECTOR('',#15487,10.);
#2912=VECTOR('',#15490,10.);
#2913=VECTOR('',#15495,10.);
#2914=VECTOR('',#15496,10.);
#2915=VECTOR('',#15499,10.);
#2916=VECTOR('',#15500,10.);
#2917=VECTOR('',#15503,10.);
#2918=VECTOR('',#15506,10.);
#2919=VECTOR('',#15507,10.);
#2920=VECTOR('',#15510,10.);
#2921=VECTOR('',#15539,10.);
#2922=VECTOR('',#15550,10.);
#2923=VECTOR('',#15553,10.);
#2924=VECTOR('',#15558,10.);
#2925=VECTOR('',#15559,10.);
#2926=VECTOR('',#15562,10.);
#2927=VECTOR('',#15565,10.);
#2928=VECTOR('',#15566,10.);
#2929=VECTOR('',#15569,10.);
#2930=VECTOR('',#15572,10.);
#2931=VECTOR('',#15573,10.);
#2932=VECTOR('',#15574,10.);
#2933=VECTOR('',#15575,10.);
#2934=VECTOR('',#15576,10.);
#2935=VECTOR('',#15577,10.);
#2936=VECTOR('',#15578,10.);
#2937=VECTOR('',#15579,10.);
#2938=VECTOR('',#15582,10.);
#2939=VECTOR('',#15583,10.);
#2940=VECTOR('',#15584,10.);
#2941=VECTOR('',#15585,10.);
#2942=VECTOR('',#15586,10.);
#2943=VECTOR('',#15587,10.);
#2944=VECTOR('',#15588,10.);
#2945=VECTOR('',#15591,10.);
#2946=VECTOR('',#15592,10.);
#2947=VECTOR('',#15595,10.);
#2948=VECTOR('',#15598,10.);
#2949=VECTOR('',#15599,10.);
#2950=VECTOR('',#15600,10.);
#2951=VECTOR('',#15601,10.);
#2952=VECTOR('',#15602,10.);
#2953=VECTOR('',#15603,10.);
#2954=VECTOR('',#15604,10.);
#2955=VECTOR('',#15607,10.);
#2956=VECTOR('',#15608,10.);
#2957=VECTOR('',#15611,10.);
#2958=VECTOR('',#15614,10.);
#2959=VECTOR('',#15617,10.);
#2960=VECTOR('',#15620,10.);
#2961=VECTOR('',#15625,10.);
#2962=VECTOR('',#15626,10.);
#2963=VECTOR('',#15629,10.);
#2964=VECTOR('',#15632,10.);
#2965=VECTOR('',#15635,10.);
#2966=VECTOR('',#15638,10.);
#2967=VECTOR('',#15643,10.);
#2968=VECTOR('',#15646,10.);
#2969=VECTOR('',#15651,10.);
#2970=VECTOR('',#15652,10.);
#2971=VECTOR('',#15655,10.);
#2972=VECTOR('',#15658,10.);
#2973=VECTOR('',#15661,10.);
#2974=VECTOR('',#15664,10.);
#2975=VECTOR('',#15669,10.);
#2976=VECTOR('',#15672,10.);
#2977=VECTOR('',#15677,10.);
#2978=VECTOR('',#15680,10.);
#2979=VECTOR('',#15685,10.);
#2980=VECTOR('',#15688,10.);
#2981=VECTOR('',#15693,10.);
#2982=VECTOR('',#15702,10.);
#2983=VECTOR('',#15705,10.);
#2984=VECTOR('',#15714,10.);
#2985=CYLINDRICAL_SURFACE('',#11310,0.8);
#2986=CYLINDRICAL_SURFACE('',#11316,0.8);
#2987=CYLINDRICAL_SURFACE('',#11322,0.8);
#2988=CYLINDRICAL_SURFACE('',#11328,0.8);
#2989=CYLINDRICAL_SURFACE('',#11334,0.8);
#2990=CYLINDRICAL_SURFACE('',#11340,0.8);
#2991=CYLINDRICAL_SURFACE('',#11383,0.8);
#2992=CYLINDRICAL_SURFACE('',#11384,1.6);
#2993=CYLINDRICAL_SURFACE('',#11403,0.8);
#2994=CYLINDRICAL_SURFACE('',#11404,1.6);
#2995=CYLINDRICAL_SURFACE('',#11415,0.8);
#2996=CYLINDRICAL_SURFACE('',#11416,1.6);
#2997=CYLINDRICAL_SURFACE('',#11417,0.8);
#2998=CYLINDRICAL_SURFACE('',#11418,1.6);
#2999=CYLINDRICAL_SURFACE('',#11419,0.8);
#3000=CYLINDRICAL_SURFACE('',#11420,0.8);
#3001=CYLINDRICAL_SURFACE('',#11421,0.8);
#3002=CYLINDRICAL_SURFACE('',#11422,1.6);
#3003=CYLINDRICAL_SURFACE('',#11423,0.8);
#3004=CYLINDRICAL_SURFACE('',#11424,0.8);
#3005=CYLINDRICAL_SURFACE('',#11425,0.8);
#3006=CYLINDRICAL_SURFACE('',#11426,1.6);
#3007=CYLINDRICAL_SURFACE('',#11427,0.8);
#3008=CYLINDRICAL_SURFACE('',#11428,0.8);
#3009=CYLINDRICAL_SURFACE('',#11442,3.);
#3010=CYLINDRICAL_SURFACE('',#11451,3.);
#3011=CYLINDRICAL_SURFACE('',#11453,3.);
#3012=CYLINDRICAL_SURFACE('',#11454,3.);
#3013=CYLINDRICAL_SURFACE('',#11456,3.);
#3014=CYLINDRICAL_SURFACE('',#11458,3.);
#3015=CYLINDRICAL_SURFACE('',#11468,3.14999999999997);
#3016=CYLINDRICAL_SURFACE('',#11475,3.15000000000001);
#3017=CYLINDRICAL_SURFACE('',#11482,3.15);
#3018=CYLINDRICAL_SURFACE('',#11489,3.15);
#3019=CYLINDRICAL_SURFACE('',#11496,4.75);
#3020=CYLINDRICAL_SURFACE('',#11503,4.75);
#3021=CYLINDRICAL_SURFACE('',#11510,4.75);
#3022=CYLINDRICAL_SURFACE('',#11517,4.75);
#3023=CYLINDRICAL_SURFACE('',#11520,3.);
#3024=CYLINDRICAL_SURFACE('',#11530,3.);
#3025=CYLINDRICAL_SURFACE('',#11532,3.);
#3026=CYLINDRICAL_SURFACE('',#11535,3.);
#3027=CYLINDRICAL_SURFACE('',#11538,3.);
#3028=CYLINDRICAL_SURFACE('',#11541,3.);
#3029=CYLINDRICAL_SURFACE('',#11551,4.95);
#3030=CYLINDRICAL_SURFACE('',#11564,0.8);
#3031=CYLINDRICAL_SURFACE('',#11565,0.8);
#3032=CYLINDRICAL_SURFACE('',#11577,0.8);
#3033=CYLINDRICAL_SURFACE('',#11578,0.8);
#3034=CYLINDRICAL_SURFACE('',#11579,0.8);
#3035=CYLINDRICAL_SURFACE('',#11581,0.8);
#3036=CYLINDRICAL_SURFACE('',#11583,0.8);
#3037=CYLINDRICAL_SURFACE('',#11584,0.8);
#3038=CYLINDRICAL_SURFACE('',#11601,6.55);
#3039=CYLINDRICAL_SURFACE('',#11603,0.8);
#3040=CYLINDRICAL_SURFACE('',#11606,0.8);
#3041=CYLINDRICAL_SURFACE('',#11608,0.8);
#3042=CYLINDRICAL_SURFACE('',#11610,0.8);
#3043=CYLINDRICAL_SURFACE('',#11612,0.8);
#3044=CYLINDRICAL_SURFACE('',#11614,0.8);
#3045=CYLINDRICAL_SURFACE('',#11616,0.8);
#3046=CYLINDRICAL_SURFACE('',#11618,0.8);
#3047=CYLINDRICAL_SURFACE('',#11620,0.8);
#3048=CYLINDRICAL_SURFACE('',#11622,0.8);
#3049=CYLINDRICAL_SURFACE('',#11624,0.8);
#3050=CYLINDRICAL_SURFACE('',#11626,0.8);
#3051=CYLINDRICAL_SURFACE('',#11628,0.8);
#3052=CYLINDRICAL_SURFACE('',#11630,0.8);
#3053=CYLINDRICAL_SURFACE('',#11632,0.8);
#3054=CYLINDRICAL_SURFACE('',#11634,0.8);
#3055=CYLINDRICAL_SURFACE('',#11636,0.8);
#3056=CYLINDRICAL_SURFACE('',#11639,0.8);
#3057=CYLINDRICAL_SURFACE('',#11640,0.8);
#3058=CYLINDRICAL_SURFACE('',#11642,0.8);
#3059=CYLINDRICAL_SURFACE('',#11644,0.8);
#3060=CYLINDRICAL_SURFACE('',#11646,0.8);
#3061=CYLINDRICAL_SURFACE('',#11648,0.8);
#3062=CYLINDRICAL_SURFACE('',#11650,0.8);
#3063=CYLINDRICAL_SURFACE('',#11652,0.8);
#3064=CYLINDRICAL_SURFACE('',#11654,0.8);
#3065=CYLINDRICAL_SURFACE('',#11656,0.8);
#3066=CYLINDRICAL_SURFACE('',#11658,0.8);
#3067=CYLINDRICAL_SURFACE('',#11660,0.8);
#3068=CYLINDRICAL_SURFACE('',#11662,0.8);
#3069=CYLINDRICAL_SURFACE('',#11664,0.8);
#3070=CYLINDRICAL_SURFACE('',#11666,0.8);
#3071=CYLINDRICAL_SURFACE('',#11668,0.8);
#3072=CYLINDRICAL_SURFACE('',#11670,0.8);
#3073=CYLINDRICAL_SURFACE('',#11672,0.8);
#3074=CYLINDRICAL_SURFACE('',#11674,0.8);
#3075=CYLINDRICAL_SURFACE('',#11693,3.);
#3076=CYLINDRICAL_SURFACE('',#11696,3.);
#3077=CYLINDRICAL_SURFACE('',#11699,3.);
#3078=CYLINDRICAL_SURFACE('',#11701,3.);
#3079=CYLINDRICAL_SURFACE('',#11704,3.);
#3080=CYLINDRICAL_SURFACE('',#11707,3.);
#3081=CYLINDRICAL_SURFACE('',#11768,3.);
#3082=CYLINDRICAL_SURFACE('',#11771,3.);
#3083=CYLINDRICAL_SURFACE('',#11774,3.);
#3084=CYLINDRICAL_SURFACE('',#11781,3.);
#3085=CYLINDRICAL_SURFACE('',#11782,3.);
#3086=CYLINDRICAL_SURFACE('',#11784,3.);
#3087=CYLINDRICAL_SURFACE('',#11817,3.);
#3088=CYLINDRICAL_SURFACE('',#11820,3.);
#3089=CYLINDRICAL_SURFACE('',#11842,3.);
#3090=CYLINDRICAL_SURFACE('',#11845,3.);
#3091=CYLINDRICAL_SURFACE('',#11868,3.);
#3092=CYLINDRICAL_SURFACE('',#11870,3.);
#3093=CYLINDRICAL_SURFACE('',#11885,0.533333333333334);
#3094=CYLINDRICAL_SURFACE('',#11888,0.533333333333333);
#3095=CYLINDRICAL_SURFACE('',#11889,0.533333333333333);
#3096=CYLINDRICAL_SURFACE('',#11890,0.533333333333333);
#3097=CYLINDRICAL_SURFACE('',#11891,0.533333333333333);
#3098=CYLINDRICAL_SURFACE('',#11892,3.);
#3099=CYLINDRICAL_SURFACE('',#11893,0.533333333333333);
#3100=CYLINDRICAL_SURFACE('',#11895,3.);
#3101=CYLINDRICAL_SURFACE('',#11896,0.533333333333334);
#3102=CYLINDRICAL_SURFACE('',#11944,3.);
#3103=CYLINDRICAL_SURFACE('',#11947,3.);
#3104=CYLINDRICAL_SURFACE('',#11966,3.);
#3105=CYLINDRICAL_SURFACE('',#12008,3.);
#3106=CYLINDRICAL_SURFACE('',#12011,3.);
#3107=CYLINDRICAL_SURFACE('',#12015,0.533333333333333);
#3108=CYLINDRICAL_SURFACE('',#12021,0.533333333333333);
#3109=CYLINDRICAL_SURFACE('',#12026,0.533333333333333);
#3110=CYLINDRICAL_SURFACE('',#12032,0.533333333333333);
#3111=CYLINDRICAL_SURFACE('',#12038,0.533333333333333);
#3112=CYLINDRICAL_SURFACE('',#12039,0.533333333333333);
#3113=CYLINDRICAL_SURFACE('',#12041,3.);
#3114=CYLINDRICAL_SURFACE('',#12042,0.533333333333334);
#3115=CYLINDRICAL_SURFACE('',#12044,3.);
#3116=CYLINDRICAL_SURFACE('',#12052,3.);
#3117=CYLINDRICAL_SURFACE('',#12054,0.533333333333334);
#3118=CYLINDRICAL_SURFACE('',#12060,0.533333333333333);
#3119=CYLINDRICAL_SURFACE('',#12064,0.533333333333333);
#3120=CYLINDRICAL_SURFACE('',#12069,0.533333333333333);
#3121=CYLINDRICAL_SURFACE('',#12074,0.533333333333333);
#3122=CYLINDRICAL_SURFACE('',#12075,0.533333333333333);
#3123=CYLINDRICAL_SURFACE('',#12077,3.);
#3124=CYLINDRICAL_SURFACE('',#12078,0.533333333333334);
#3125=CYLINDRICAL_SURFACE('',#12079,3.);
#3126=CYLINDRICAL_SURFACE('',#12142,3.);
#3127=CYLINDRICAL_SURFACE('',#12145,3.);
#3128=CYLINDRICAL_SURFACE('',#12200,3.);
#3129=CYLINDRICAL_SURFACE('',#12203,3.);
#3130=CYLINDRICAL_SURFACE('',#12235,3.);
#3131=CYLINDRICAL_SURFACE('',#12238,3.);
#3132=CYLINDRICAL_SURFACE('',#12242,0.533333333333334);
#3133=CYLINDRICAL_SURFACE('',#12248,0.533333333333333);
#3134=CYLINDRICAL_SURFACE('',#12253,0.533333333333333);
#3135=CYLINDRICAL_SURFACE('',#12259,0.533333333333333);
#3136=CYLINDRICAL_SURFACE('',#12265,0.533333333333333);
#3137=CYLINDRICAL_SURFACE('',#12266,0.533333333333333);
#3138=CYLINDRICAL_SURFACE('',#12268,3.);
#3139=CYLINDRICAL_SURFACE('',#12269,3.);
#3140=CYLINDRICAL_SURFACE('',#12270,0.533333333333334);
#3141=CYLINDRICAL_SURFACE('',#12282,0.533333333333333);
#3142=CYLINDRICAL_SURFACE('',#12288,0.533333333333334);
#3143=CYLINDRICAL_SURFACE('',#12292,0.533333333333333);
#3144=CYLINDRICAL_SURFACE('',#12297,0.533333333333333);
#3145=CYLINDRICAL_SURFACE('',#12302,0.533333333333333);
#3146=CYLINDRICAL_SURFACE('',#12303,0.533333333333333);
#3147=CYLINDRICAL_SURFACE('',#12305,3.);
#3148=CYLINDRICAL_SURFACE('',#12306,3.);
#3149=CYLINDRICAL_SURFACE('',#12307,0.533333333333333);
#3150=CYLINDRICAL_SURFACE('',#12309,0.533333333333333);
#3151=CYLINDRICAL_SURFACE('',#12314,0.533333333333333);
#3152=CYLINDRICAL_SURFACE('',#12318,0.533333333333333);
#3153=CYLINDRICAL_SURFACE('',#12323,0.533333333333333);
#3154=CYLINDRICAL_SURFACE('',#12328,0.533333333333333);
#3155=CYLINDRICAL_SURFACE('',#12329,0.533333333333334);
#3156=CYLINDRICAL_SURFACE('',#12331,3.);
#3157=CYLINDRICAL_SURFACE('',#12332,0.533333333333333);
#3158=CYLINDRICAL_SURFACE('',#12333,3.);
#3159=FACE_OUTER_BOUND('',#3827,.T.);
#3160=FACE_OUTER_BOUND('',#3828,.T.);
#3161=FACE_OUTER_BOUND('',#3829,.T.);
#3162=FACE_OUTER_BOUND('',#3830,.T.);
#3163=FACE_OUTER_BOUND('',#3831,.T.);
#3164=FACE_OUTER_BOUND('',#3832,.T.);
#3165=FACE_OUTER_BOUND('',#3833,.T.);
#3166=FACE_OUTER_BOUND('',#3834,.T.);
#3167=FACE_OUTER_BOUND('',#3835,.T.);
#3168=FACE_OUTER_BOUND('',#3836,.T.);
#3169=FACE_OUTER_BOUND('',#3837,.T.);
#3170=FACE_OUTER_BOUND('',#3838,.T.);
#3171=FACE_OUTER_BOUND('',#3839,.T.);
#3172=FACE_OUTER_BOUND('',#3840,.T.);
#3173=FACE_OUTER_BOUND('',#3841,.T.);
#3174=FACE_OUTER_BOUND('',#3842,.T.);
#3175=FACE_OUTER_BOUND('',#3843,.T.);
#3176=FACE_OUTER_BOUND('',#3844,.T.);
#3177=FACE_OUTER_BOUND('',#3845,.T.);
#3178=FACE_OUTER_BOUND('',#3846,.T.);
#3179=FACE_OUTER_BOUND('',#3847,.T.);
#3180=FACE_OUTER_BOUND('',#3848,.T.);
#3181=FACE_OUTER_BOUND('',#3849,.T.);
#3182=FACE_OUTER_BOUND('',#3850,.T.);
#3183=FACE_OUTER_BOUND('',#3851,.T.);
#3184=FACE_OUTER_BOUND('',#3852,.T.);
#3185=FACE_OUTER_BOUND('',#3853,.T.);
#3186=FACE_OUTER_BOUND('',#3854,.T.);
#3187=FACE_OUTER_BOUND('',#3855,.T.);
#3188=FACE_OUTER_BOUND('',#3856,.T.);
#3189=FACE_OUTER_BOUND('',#3857,.T.);
#3190=FACE_OUTER_BOUND('',#3858,.T.);
#3191=FACE_OUTER_BOUND('',#3859,.T.);
#3192=FACE_OUTER_BOUND('',#3860,.T.);
#3193=FACE_OUTER_BOUND('',#3861,.T.);
#3194=FACE_OUTER_BOUND('',#3862,.T.);
#3195=FACE_OUTER_BOUND('',#3863,.T.);
#3196=FACE_OUTER_BOUND('',#3864,.T.);
#3197=FACE_OUTER_BOUND('',#3865,.T.);
#3198=FACE_OUTER_BOUND('',#3866,.T.);
#3199=FACE_OUTER_BOUND('',#3867,.T.);
#3200=FACE_OUTER_BOUND('',#3868,.T.);
#3201=FACE_OUTER_BOUND('',#3869,.T.);
#3202=FACE_OUTER_BOUND('',#3870,.T.);
#3203=FACE_OUTER_BOUND('',#3871,.T.);
#3204=FACE_OUTER_BOUND('',#3872,.T.);
#3205=FACE_OUTER_BOUND('',#3873,.T.);
#3206=FACE_OUTER_BOUND('',#3874,.T.);
#3207=FACE_OUTER_BOUND('',#3875,.T.);
#3208=FACE_OUTER_BOUND('',#3876,.T.);
#3209=FACE_OUTER_BOUND('',#3877,.T.);
#3210=FACE_OUTER_BOUND('',#3878,.T.);
#3211=FACE_OUTER_BOUND('',#3879,.T.);
#3212=FACE_OUTER_BOUND('',#3880,.T.);
#3213=FACE_OUTER_BOUND('',#3881,.T.);
#3214=FACE_OUTER_BOUND('',#3883,.T.);
#3215=FACE_OUTER_BOUND('',#3884,.T.);
#3216=FACE_OUTER_BOUND('',#3885,.T.);
#3217=FACE_OUTER_BOUND('',#3886,.T.);
#3218=FACE_OUTER_BOUND('',#3887,.T.);
#3219=FACE_OUTER_BOUND('',#3888,.T.);
#3220=FACE_OUTER_BOUND('',#3890,.T.);
#3221=FACE_OUTER_BOUND('',#3891,.T.);
#3222=FACE_OUTER_BOUND('',#3892,.T.);
#3223=FACE_OUTER_BOUND('',#3893,.T.);
#3224=FACE_OUTER_BOUND('',#3894,.T.);
#3225=FACE_OUTER_BOUND('',#3895,.T.);
#3226=FACE_OUTER_BOUND('',#3896,.T.);
#3227=FACE_OUTER_BOUND('',#3897,.T.);
#3228=FACE_OUTER_BOUND('',#3898,.T.);
#3229=FACE_OUTER_BOUND('',#3899,.T.);
#3230=FACE_OUTER_BOUND('',#3900,.T.);
#3231=FACE_OUTER_BOUND('',#3901,.T.);
#3232=FACE_OUTER_BOUND('',#3902,.T.);
#3233=FACE_OUTER_BOUND('',#3903,.T.);
#3234=FACE_OUTER_BOUND('',#3904,.T.);
#3235=FACE_OUTER_BOUND('',#3905,.T.);
#3236=FACE_OUTER_BOUND('',#3906,.T.);
#3237=FACE_OUTER_BOUND('',#3907,.T.);
#3238=FACE_OUTER_BOUND('',#3908,.T.);
#3239=FACE_OUTER_BOUND('',#3909,.T.);
#3240=FACE_OUTER_BOUND('',#3910,.T.);
#3241=FACE_OUTER_BOUND('',#3911,.T.);
#3242=FACE_OUTER_BOUND('',#3912,.T.);
#3243=FACE_OUTER_BOUND('',#3913,.T.);
#3244=FACE_OUTER_BOUND('',#3914,.T.);
#3245=FACE_OUTER_BOUND('',#3915,.T.);
#3246=FACE_OUTER_BOUND('',#3916,.T.);
#3247=FACE_OUTER_BOUND('',#3917,.T.);
#3248=FACE_OUTER_BOUND('',#3919,.T.);
#3249=FACE_OUTER_BOUND('',#3920,.T.);
#3250=FACE_OUTER_BOUND('',#3921,.T.);
#3251=FACE_OUTER_BOUND('',#3923,.T.);
#3252=FACE_OUTER_BOUND('',#3924,.T.);
#3253=FACE_OUTER_BOUND('',#3925,.T.);
#3254=FACE_OUTER_BOUND('',#3927,.T.);
#3255=FACE_OUTER_BOUND('',#3928,.T.);
#3256=FACE_OUTER_BOUND('',#3929,.T.);
#3257=FACE_OUTER_BOUND('',#3931,.T.);
#3258=FACE_OUTER_BOUND('',#3932,.T.);
#3259=FACE_OUTER_BOUND('',#3937,.T.);
#3260=FACE_OUTER_BOUND('',#3938,.T.);
#3261=FACE_OUTER_BOUND('',#3939,.T.);
#3262=FACE_OUTER_BOUND('',#3940,.T.);
#3263=FACE_OUTER_BOUND('',#3941,.T.);
#3264=FACE_OUTER_BOUND('',#3942,.T.);
#3265=FACE_OUTER_BOUND('',#3943,.T.);
#3266=FACE_OUTER_BOUND('',#3944,.T.);
#3267=FACE_OUTER_BOUND('',#3945,.T.);
#3268=FACE_OUTER_BOUND('',#3946,.T.);
#3269=FACE_OUTER_BOUND('',#3947,.T.);
#3270=FACE_OUTER_BOUND('',#3948,.T.);
#3271=FACE_OUTER_BOUND('',#3949,.T.);
#3272=FACE_OUTER_BOUND('',#3950,.T.);
#3273=FACE_OUTER_BOUND('',#3951,.T.);
#3274=FACE_OUTER_BOUND('',#3952,.T.);
#3275=FACE_OUTER_BOUND('',#3953,.T.);
#3276=FACE_OUTER_BOUND('',#3954,.T.);
#3277=FACE_OUTER_BOUND('',#3955,.T.);
#3278=FACE_OUTER_BOUND('',#3956,.T.);
#3279=FACE_OUTER_BOUND('',#3957,.T.);
#3280=FACE_OUTER_BOUND('',#3958,.T.);
#3281=FACE_OUTER_BOUND('',#3959,.T.);
#3282=FACE_OUTER_BOUND('',#3960,.T.);
#3283=FACE_OUTER_BOUND('',#3961,.T.);
#3284=FACE_OUTER_BOUND('',#3962,.T.);
#3285=FACE_OUTER_BOUND('',#3963,.T.);
#3286=FACE_OUTER_BOUND('',#3964,.T.);
#3287=FACE_OUTER_BOUND('',#3965,.T.);
#3288=FACE_OUTER_BOUND('',#3966,.T.);
#3289=FACE_OUTER_BOUND('',#3968,.T.);
#3290=FACE_OUTER_BOUND('',#3970,.T.);
#3291=FACE_OUTER_BOUND('',#3971,.T.);
#3292=FACE_OUTER_BOUND('',#3973,.T.);
#3293=FACE_OUTER_BOUND('',#3974,.T.);
#3294=FACE_OUTER_BOUND('',#3975,.T.);
#3295=FACE_OUTER_BOUND('',#3976,.T.);
#3296=FACE_OUTER_BOUND('',#3977,.T.);
#3297=FACE_OUTER_BOUND('',#3978,.T.);
#3298=FACE_OUTER_BOUND('',#3979,.T.);
#3299=FACE_OUTER_BOUND('',#3980,.T.);
#3300=FACE_OUTER_BOUND('',#3981,.T.);
#3301=FACE_OUTER_BOUND('',#3982,.T.);
#3302=FACE_OUTER_BOUND('',#3983,.T.);
#3303=FACE_OUTER_BOUND('',#3984,.T.);
#3304=FACE_OUTER_BOUND('',#3985,.T.);
#3305=FACE_OUTER_BOUND('',#3986,.T.);
#3306=FACE_OUTER_BOUND('',#3987,.T.);
#3307=FACE_OUTER_BOUND('',#3988,.T.);
#3308=FACE_OUTER_BOUND('',#3989,.T.);
#3309=FACE_OUTER_BOUND('',#3990,.T.);
#3310=FACE_OUTER_BOUND('',#3991,.T.);
#3311=FACE_OUTER_BOUND('',#3992,.T.);
#3312=FACE_OUTER_BOUND('',#3993,.T.);
#3313=FACE_OUTER_BOUND('',#3994,.T.);
#3314=FACE_OUTER_BOUND('',#3995,.T.);
#3315=FACE_OUTER_BOUND('',#3996,.T.);
#3316=FACE_OUTER_BOUND('',#3997,.T.);
#3317=FACE_OUTER_BOUND('',#3998,.T.);
#3318=FACE_OUTER_BOUND('',#3999,.T.);
#3319=FACE_OUTER_BOUND('',#4000,.T.);
#3320=FACE_OUTER_BOUND('',#4001,.T.);
#3321=FACE_OUTER_BOUND('',#4002,.T.);
#3322=FACE_OUTER_BOUND('',#4003,.T.);
#3323=FACE_OUTER_BOUND('',#4004,.T.);
#3324=FACE_OUTER_BOUND('',#4005,.T.);
#3325=FACE_OUTER_BOUND('',#4006,.T.);
#3326=FACE_OUTER_BOUND('',#4007,.T.);
#3327=FACE_OUTER_BOUND('',#4008,.T.);
#3328=FACE_OUTER_BOUND('',#4009,.T.);
#3329=FACE_OUTER_BOUND('',#4010,.T.);
#3330=FACE_OUTER_BOUND('',#4011,.T.);
#3331=FACE_OUTER_BOUND('',#4012,.T.);
#3332=FACE_OUTER_BOUND('',#4013,.T.);
#3333=FACE_OUTER_BOUND('',#4014,.T.);
#3334=FACE_OUTER_BOUND('',#4015,.T.);
#3335=FACE_OUTER_BOUND('',#4016,.T.);
#3336=FACE_OUTER_BOUND('',#4017,.T.);
#3337=FACE_OUTER_BOUND('',#4018,.T.);
#3338=FACE_OUTER_BOUND('',#4019,.T.);
#3339=FACE_OUTER_BOUND('',#4020,.T.);
#3340=FACE_OUTER_BOUND('',#4021,.T.);
#3341=FACE_OUTER_BOUND('',#4022,.T.);
#3342=FACE_OUTER_BOUND('',#4023,.T.);
#3343=FACE_OUTER_BOUND('',#4024,.T.);
#3344=FACE_OUTER_BOUND('',#4025,.T.);
#3345=FACE_OUTER_BOUND('',#4026,.T.);
#3346=FACE_OUTER_BOUND('',#4027,.T.);
#3347=FACE_OUTER_BOUND('',#4028,.T.);
#3348=FACE_OUTER_BOUND('',#4029,.T.);
#3349=FACE_OUTER_BOUND('',#4030,.T.);
#3350=FACE_OUTER_BOUND('',#4031,.T.);
#3351=FACE_OUTER_BOUND('',#4032,.T.);
#3352=FACE_OUTER_BOUND('',#4033,.T.);
#3353=FACE_OUTER_BOUND('',#4034,.T.);
#3354=FACE_OUTER_BOUND('',#4035,.T.);
#3355=FACE_OUTER_BOUND('',#4036,.T.);
#3356=FACE_OUTER_BOUND('',#4037,.T.);
#3357=FACE_OUTER_BOUND('',#4038,.T.);
#3358=FACE_OUTER_BOUND('',#4040,.T.);
#3359=FACE_OUTER_BOUND('',#4041,.T.);
#3360=FACE_OUTER_BOUND('',#4042,.T.);
#3361=FACE_OUTER_BOUND('',#4043,.T.);
#3362=FACE_OUTER_BOUND('',#4044,.T.);
#3363=FACE_OUTER_BOUND('',#4045,.T.);
#3364=FACE_OUTER_BOUND('',#4046,.T.);
#3365=FACE_OUTER_BOUND('',#4047,.T.);
#3366=FACE_OUTER_BOUND('',#4048,.T.);
#3367=FACE_OUTER_BOUND('',#4049,.T.);
#3368=FACE_OUTER_BOUND('',#4050,.T.);
#3369=FACE_OUTER_BOUND('',#4051,.T.);
#3370=FACE_OUTER_BOUND('',#4052,.T.);
#3371=FACE_OUTER_BOUND('',#4053,.T.);
#3372=FACE_OUTER_BOUND('',#4054,.T.);
#3373=FACE_OUTER_BOUND('',#4055,.T.);
#3374=FACE_OUTER_BOUND('',#4056,.T.);
#3375=FACE_OUTER_BOUND('',#4057,.T.);
#3376=FACE_OUTER_BOUND('',#4058,.T.);
#3377=FACE_OUTER_BOUND('',#4059,.T.);
#3378=FACE_OUTER_BOUND('',#4060,.T.);
#3379=FACE_OUTER_BOUND('',#4061,.T.);
#3380=FACE_OUTER_BOUND('',#4062,.T.);
#3381=FACE_OUTER_BOUND('',#4063,.T.);
#3382=FACE_OUTER_BOUND('',#4064,.T.);
#3383=FACE_OUTER_BOUND('',#4065,.T.);
#3384=FACE_OUTER_BOUND('',#4066,.T.);
#3385=FACE_OUTER_BOUND('',#4067,.T.);
#3386=FACE_OUTER_BOUND('',#4068,.T.);
#3387=FACE_OUTER_BOUND('',#4069,.T.);
#3388=FACE_OUTER_BOUND('',#4070,.T.);
#3389=FACE_OUTER_BOUND('',#4071,.T.);
#3390=FACE_OUTER_BOUND('',#4072,.T.);
#3391=FACE_OUTER_BOUND('',#4074,.T.);
#3392=FACE_OUTER_BOUND('',#4075,.T.);
#3393=FACE_OUTER_BOUND('',#4076,.T.);
#3394=FACE_OUTER_BOUND('',#4077,.T.);
#3395=FACE_OUTER_BOUND('',#4078,.T.);
#3396=FACE_OUTER_BOUND('',#4079,.T.);
#3397=FACE_OUTER_BOUND('',#4080,.T.);
#3398=FACE_OUTER_BOUND('',#4081,.T.);
#3399=FACE_OUTER_BOUND('',#4082,.T.);
#3400=FACE_OUTER_BOUND('',#4083,.T.);
#3401=FACE_OUTER_BOUND('',#4084,.T.);
#3402=FACE_OUTER_BOUND('',#4085,.T.);
#3403=FACE_OUTER_BOUND('',#4086,.T.);
#3404=FACE_OUTER_BOUND('',#4087,.T.);
#3405=FACE_OUTER_BOUND('',#4088,.T.);
#3406=FACE_OUTER_BOUND('',#4089,.T.);
#3407=FACE_OUTER_BOUND('',#4090,.T.);
#3408=FACE_OUTER_BOUND('',#4091,.T.);
#3409=FACE_OUTER_BOUND('',#4092,.T.);
#3410=FACE_OUTER_BOUND('',#4094,.T.);
#3411=FACE_OUTER_BOUND('',#4095,.T.);
#3412=FACE_OUTER_BOUND('',#4096,.T.);
#3413=FACE_OUTER_BOUND('',#4097,.T.);
#3414=FACE_OUTER_BOUND('',#4098,.T.);
#3415=FACE_OUTER_BOUND('',#4099,.T.);
#3416=FACE_OUTER_BOUND('',#4100,.T.);
#3417=FACE_OUTER_BOUND('',#4101,.T.);
#3418=FACE_OUTER_BOUND('',#4102,.T.);
#3419=FACE_OUTER_BOUND('',#4103,.T.);
#3420=FACE_OUTER_BOUND('',#4104,.T.);
#3421=FACE_OUTER_BOUND('',#4105,.T.);
#3422=FACE_OUTER_BOUND('',#4106,.T.);
#3423=FACE_OUTER_BOUND('',#4107,.T.);
#3424=FACE_OUTER_BOUND('',#4108,.T.);
#3425=FACE_OUTER_BOUND('',#4109,.T.);
#3426=FACE_OUTER_BOUND('',#4110,.T.);
#3427=FACE_OUTER_BOUND('',#4111,.T.);
#3428=FACE_OUTER_BOUND('',#4112,.T.);
#3429=FACE_OUTER_BOUND('',#4114,.T.);
#3430=FACE_OUTER_BOUND('',#4115,.T.);
#3431=FACE_OUTER_BOUND('',#4116,.T.);
#3432=FACE_OUTER_BOUND('',#4117,.T.);
#3433=FACE_OUTER_BOUND('',#4118,.T.);
#3434=FACE_OUTER_BOUND('',#4119,.T.);
#3435=FACE_OUTER_BOUND('',#4120,.T.);
#3436=FACE_OUTER_BOUND('',#4121,.T.);
#3437=FACE_OUTER_BOUND('',#4122,.T.);
#3438=FACE_OUTER_BOUND('',#4123,.T.);
#3439=FACE_OUTER_BOUND('',#4124,.T.);
#3440=FACE_OUTER_BOUND('',#4125,.T.);
#3441=FACE_OUTER_BOUND('',#4126,.T.);
#3442=FACE_OUTER_BOUND('',#4127,.T.);
#3443=FACE_OUTER_BOUND('',#4128,.T.);
#3444=FACE_OUTER_BOUND('',#4129,.T.);
#3445=FACE_OUTER_BOUND('',#4130,.T.);
#3446=FACE_OUTER_BOUND('',#4131,.T.);
#3447=FACE_OUTER_BOUND('',#4132,.T.);
#3448=FACE_OUTER_BOUND('',#4133,.T.);
#3449=FACE_OUTER_BOUND('',#4134,.T.);
#3450=FACE_OUTER_BOUND('',#4135,.T.);
#3451=FACE_OUTER_BOUND('',#4136,.T.);
#3452=FACE_OUTER_BOUND('',#4137,.T.);
#3453=FACE_OUTER_BOUND('',#4138,.T.);
#3454=FACE_OUTER_BOUND('',#4139,.T.);
#3455=FACE_OUTER_BOUND('',#4140,.T.);
#3456=FACE_OUTER_BOUND('',#4141,.T.);
#3457=FACE_OUTER_BOUND('',#4142,.T.);
#3458=FACE_OUTER_BOUND('',#4143,.T.);
#3459=FACE_OUTER_BOUND('',#4144,.T.);
#3460=FACE_OUTER_BOUND('',#4146,.T.);
#3461=FACE_OUTER_BOUND('',#4147,.T.);
#3462=FACE_OUTER_BOUND('',#4148,.T.);
#3463=FACE_OUTER_BOUND('',#4149,.T.);
#3464=FACE_OUTER_BOUND('',#4150,.T.);
#3465=FACE_OUTER_BOUND('',#4151,.T.);
#3466=FACE_OUTER_BOUND('',#4152,.T.);
#3467=FACE_OUTER_BOUND('',#4153,.T.);
#3468=FACE_OUTER_BOUND('',#4154,.T.);
#3469=FACE_OUTER_BOUND('',#4155,.T.);
#3470=FACE_OUTER_BOUND('',#4156,.T.);
#3471=FACE_OUTER_BOUND('',#4160,.T.);
#3472=FACE_OUTER_BOUND('',#4161,.T.);
#3473=FACE_OUTER_BOUND('',#4162,.T.);
#3474=FACE_OUTER_BOUND('',#4163,.T.);
#3475=FACE_OUTER_BOUND('',#4164,.T.);
#3476=FACE_OUTER_BOUND('',#4165,.T.);
#3477=FACE_OUTER_BOUND('',#4166,.T.);
#3478=FACE_OUTER_BOUND('',#4167,.T.);
#3479=FACE_OUTER_BOUND('',#4168,.T.);
#3480=FACE_OUTER_BOUND('',#4169,.T.);
#3481=FACE_OUTER_BOUND('',#4170,.T.);
#3482=FACE_OUTER_BOUND('',#4171,.T.);
#3483=FACE_OUTER_BOUND('',#4172,.T.);
#3484=FACE_OUTER_BOUND('',#4173,.T.);
#3485=FACE_OUTER_BOUND('',#4174,.T.);
#3486=FACE_OUTER_BOUND('',#4175,.T.);
#3487=FACE_OUTER_BOUND('',#4176,.T.);
#3488=FACE_OUTER_BOUND('',#4177,.T.);
#3489=FACE_OUTER_BOUND('',#4178,.T.);
#3490=FACE_OUTER_BOUND('',#4179,.T.);
#3491=FACE_OUTER_BOUND('',#4180,.T.);
#3492=FACE_OUTER_BOUND('',#4181,.T.);
#3493=FACE_OUTER_BOUND('',#4182,.T.);
#3494=FACE_OUTER_BOUND('',#4183,.T.);
#3495=FACE_OUTER_BOUND('',#4184,.T.);
#3496=FACE_OUTER_BOUND('',#4185,.T.);
#3497=FACE_OUTER_BOUND('',#4186,.T.);
#3498=FACE_OUTER_BOUND('',#4187,.T.);
#3499=FACE_OUTER_BOUND('',#4188,.T.);
#3500=FACE_OUTER_BOUND('',#4189,.T.);
#3501=FACE_OUTER_BOUND('',#4190,.T.);
#3502=FACE_OUTER_BOUND('',#4191,.T.);
#3503=FACE_OUTER_BOUND('',#4192,.T.);
#3504=FACE_OUTER_BOUND('',#4193,.T.);
#3505=FACE_OUTER_BOUND('',#4194,.T.);
#3506=FACE_OUTER_BOUND('',#4196,.T.);
#3507=FACE_OUTER_BOUND('',#4197,.T.);
#3508=FACE_OUTER_BOUND('',#4198,.T.);
#3509=FACE_OUTER_BOUND('',#4199,.T.);
#3510=FACE_OUTER_BOUND('',#4200,.T.);
#3511=FACE_OUTER_BOUND('',#4201,.T.);
#3512=FACE_OUTER_BOUND('',#4202,.T.);
#3513=FACE_OUTER_BOUND('',#4203,.T.);
#3514=FACE_OUTER_BOUND('',#4204,.T.);
#3515=FACE_OUTER_BOUND('',#4205,.T.);
#3516=FACE_OUTER_BOUND('',#4207,.T.);
#3517=FACE_OUTER_BOUND('',#4208,.T.);
#3518=FACE_OUTER_BOUND('',#4209,.T.);
#3519=FACE_OUTER_BOUND('',#4210,.T.);
#3520=FACE_OUTER_BOUND('',#4211,.T.);
#3521=FACE_OUTER_BOUND('',#4212,.T.);
#3522=FACE_OUTER_BOUND('',#4213,.T.);
#3523=FACE_OUTER_BOUND('',#4214,.T.);
#3524=FACE_OUTER_BOUND('',#4215,.T.);
#3525=FACE_OUTER_BOUND('',#4216,.T.);
#3526=FACE_OUTER_BOUND('',#4217,.T.);
#3527=FACE_OUTER_BOUND('',#4218,.T.);
#3528=FACE_OUTER_BOUND('',#4219,.T.);
#3529=FACE_OUTER_BOUND('',#4220,.T.);
#3530=FACE_OUTER_BOUND('',#4221,.T.);
#3531=FACE_OUTER_BOUND('',#4222,.T.);
#3532=FACE_OUTER_BOUND('',#4223,.T.);
#3533=FACE_OUTER_BOUND('',#4224,.T.);
#3534=FACE_OUTER_BOUND('',#4225,.T.);
#3535=FACE_OUTER_BOUND('',#4226,.T.);
#3536=FACE_OUTER_BOUND('',#4227,.T.);
#3537=FACE_OUTER_BOUND('',#4228,.T.);
#3538=FACE_OUTER_BOUND('',#4229,.T.);
#3539=FACE_OUTER_BOUND('',#4230,.T.);
#3540=FACE_OUTER_BOUND('',#4231,.T.);
#3541=FACE_OUTER_BOUND('',#4232,.T.);
#3542=FACE_OUTER_BOUND('',#4233,.T.);
#3543=FACE_OUTER_BOUND('',#4234,.T.);
#3544=FACE_OUTER_BOUND('',#4236,.T.);
#3545=FACE_OUTER_BOUND('',#4237,.T.);
#3546=FACE_OUTER_BOUND('',#4238,.T.);
#3547=FACE_OUTER_BOUND('',#4239,.T.);
#3548=FACE_OUTER_BOUND('',#4240,.T.);
#3549=FACE_OUTER_BOUND('',#4241,.T.);
#3550=FACE_OUTER_BOUND('',#4242,.T.);
#3551=FACE_OUTER_BOUND('',#4243,.T.);
#3552=FACE_OUTER_BOUND('',#4244,.T.);
#3553=FACE_OUTER_BOUND('',#4245,.T.);
#3554=FACE_OUTER_BOUND('',#4246,.T.);
#3555=FACE_OUTER_BOUND('',#4247,.T.);
#3556=FACE_OUTER_BOUND('',#4248,.T.);
#3557=FACE_OUTER_BOUND('',#4249,.T.);
#3558=FACE_OUTER_BOUND('',#4250,.T.);
#3559=FACE_OUTER_BOUND('',#4251,.T.);
#3560=FACE_OUTER_BOUND('',#4252,.T.);
#3561=FACE_OUTER_BOUND('',#4253,.T.);
#3562=FACE_OUTER_BOUND('',#4254,.T.);
#3563=FACE_OUTER_BOUND('',#4256,.T.);
#3564=FACE_OUTER_BOUND('',#4257,.T.);
#3565=FACE_OUTER_BOUND('',#4258,.T.);
#3566=FACE_OUTER_BOUND('',#4259,.T.);
#3567=FACE_OUTER_BOUND('',#4260,.T.);
#3568=FACE_OUTER_BOUND('',#4261,.T.);
#3569=FACE_OUTER_BOUND('',#4262,.T.);
#3570=FACE_OUTER_BOUND('',#4263,.T.);
#3571=FACE_OUTER_BOUND('',#4264,.T.);
#3572=FACE_OUTER_BOUND('',#4265,.T.);
#3573=FACE_OUTER_BOUND('',#4266,.T.);
#3574=FACE_OUTER_BOUND('',#4267,.T.);
#3575=FACE_OUTER_BOUND('',#4268,.T.);
#3576=FACE_OUTER_BOUND('',#4269,.T.);
#3577=FACE_OUTER_BOUND('',#4270,.T.);
#3578=FACE_OUTER_BOUND('',#4271,.T.);
#3579=FACE_OUTER_BOUND('',#4272,.T.);
#3580=FACE_OUTER_BOUND('',#4273,.T.);
#3581=FACE_OUTER_BOUND('',#4274,.T.);
#3582=FACE_OUTER_BOUND('',#4275,.T.);
#3583=FACE_OUTER_BOUND('',#4276,.T.);
#3584=FACE_OUTER_BOUND('',#4277,.T.);
#3585=FACE_OUTER_BOUND('',#4278,.T.);
#3586=FACE_OUTER_BOUND('',#4279,.T.);
#3587=FACE_OUTER_BOUND('',#4280,.T.);
#3588=FACE_OUTER_BOUND('',#4281,.T.);
#3589=FACE_OUTER_BOUND('',#4282,.T.);
#3590=FACE_OUTER_BOUND('',#4283,.T.);
#3591=FACE_OUTER_BOUND('',#4284,.T.);
#3592=FACE_OUTER_BOUND('',#4290,.T.);
#3593=FACE_OUTER_BOUND('',#4291,.T.);
#3594=FACE_OUTER_BOUND('',#4292,.T.);
#3595=FACE_OUTER_BOUND('',#4293,.T.);
#3596=FACE_OUTER_BOUND('',#4294,.T.);
#3597=FACE_OUTER_BOUND('',#4295,.T.);
#3598=FACE_OUTER_BOUND('',#4296,.T.);
#3599=FACE_OUTER_BOUND('',#4297,.T.);
#3600=FACE_OUTER_BOUND('',#4298,.T.);
#3601=FACE_OUTER_BOUND('',#4299,.T.);
#3602=FACE_OUTER_BOUND('',#4300,.T.);
#3603=FACE_OUTER_BOUND('',#4301,.T.);
#3604=FACE_OUTER_BOUND('',#4302,.T.);
#3605=FACE_OUTER_BOUND('',#4303,.T.);
#3606=FACE_OUTER_BOUND('',#4304,.T.);
#3607=FACE_OUTER_BOUND('',#4305,.T.);
#3608=FACE_OUTER_BOUND('',#4306,.T.);
#3609=FACE_OUTER_BOUND('',#4307,.T.);
#3610=FACE_OUTER_BOUND('',#4309,.T.);
#3611=FACE_OUTER_BOUND('',#4310,.T.);
#3612=FACE_OUTER_BOUND('',#4312,.T.);
#3613=FACE_OUTER_BOUND('',#4313,.T.);
#3614=FACE_OUTER_BOUND('',#4314,.T.);
#3615=FACE_OUTER_BOUND('',#4315,.T.);
#3616=FACE_OUTER_BOUND('',#4316,.T.);
#3617=FACE_OUTER_BOUND('',#4317,.T.);
#3618=FACE_OUTER_BOUND('',#4318,.T.);
#3619=FACE_OUTER_BOUND('',#4319,.T.);
#3620=FACE_OUTER_BOUND('',#4320,.T.);
#3621=FACE_OUTER_BOUND('',#4321,.T.);
#3622=FACE_OUTER_BOUND('',#4322,.T.);
#3623=FACE_OUTER_BOUND('',#4323,.T.);
#3624=FACE_OUTER_BOUND('',#4324,.T.);
#3625=FACE_OUTER_BOUND('',#4325,.T.);
#3626=FACE_OUTER_BOUND('',#4326,.T.);
#3627=FACE_OUTER_BOUND('',#4327,.T.);
#3628=FACE_OUTER_BOUND('',#4328,.T.);
#3629=FACE_OUTER_BOUND('',#4329,.T.);
#3630=FACE_OUTER_BOUND('',#4330,.T.);
#3631=FACE_OUTER_BOUND('',#4331,.T.);
#3632=FACE_OUTER_BOUND('',#4332,.T.);
#3633=FACE_OUTER_BOUND('',#4333,.T.);
#3634=FACE_OUTER_BOUND('',#4334,.T.);
#3635=FACE_OUTER_BOUND('',#4335,.T.);
#3636=FACE_OUTER_BOUND('',#4336,.T.);
#3637=FACE_OUTER_BOUND('',#4337,.T.);
#3638=FACE_OUTER_BOUND('',#4338,.T.);
#3639=FACE_OUTER_BOUND('',#4339,.T.);
#3640=FACE_OUTER_BOUND('',#4340,.T.);
#3641=FACE_OUTER_BOUND('',#4341,.T.);
#3642=FACE_OUTER_BOUND('',#4342,.T.);
#3643=FACE_OUTER_BOUND('',#4343,.T.);
#3644=FACE_OUTER_BOUND('',#4344,.T.);
#3645=FACE_OUTER_BOUND('',#4345,.T.);
#3646=FACE_OUTER_BOUND('',#4346,.T.);
#3647=FACE_OUTER_BOUND('',#4347,.T.);
#3648=FACE_OUTER_BOUND('',#4348,.T.);
#3649=FACE_OUTER_BOUND('',#4349,.T.);
#3650=FACE_OUTER_BOUND('',#4350,.T.);
#3651=FACE_OUTER_BOUND('',#4351,.T.);
#3652=FACE_OUTER_BOUND('',#4353,.T.);
#3653=FACE_OUTER_BOUND('',#4354,.T.);
#3654=FACE_OUTER_BOUND('',#4355,.T.);
#3655=FACE_OUTER_BOUND('',#4356,.T.);
#3656=FACE_OUTER_BOUND('',#4357,.T.);
#3657=FACE_OUTER_BOUND('',#4358,.T.);
#3658=FACE_OUTER_BOUND('',#4359,.T.);
#3659=FACE_OUTER_BOUND('',#4360,.T.);
#3660=FACE_OUTER_BOUND('',#4361,.T.);
#3661=FACE_OUTER_BOUND('',#4362,.T.);
#3662=FACE_OUTER_BOUND('',#4363,.T.);
#3663=FACE_OUTER_BOUND('',#4364,.T.);
#3664=FACE_OUTER_BOUND('',#4365,.T.);
#3665=FACE_OUTER_BOUND('',#4366,.T.);
#3666=FACE_OUTER_BOUND('',#4367,.T.);
#3667=FACE_OUTER_BOUND('',#4368,.T.);
#3668=FACE_OUTER_BOUND('',#4369,.T.);
#3669=FACE_OUTER_BOUND('',#4370,.T.);
#3670=FACE_OUTER_BOUND('',#4371,.T.);
#3671=FACE_OUTER_BOUND('',#4372,.T.);
#3672=FACE_OUTER_BOUND('',#4373,.T.);
#3673=FACE_OUTER_BOUND('',#4374,.T.);
#3674=FACE_OUTER_BOUND('',#4375,.T.);
#3675=FACE_OUTER_BOUND('',#4376,.T.);
#3676=FACE_OUTER_BOUND('',#4377,.T.);
#3677=FACE_OUTER_BOUND('',#4379,.T.);
#3678=FACE_OUTER_BOUND('',#4380,.T.);
#3679=FACE_OUTER_BOUND('',#4381,.T.);
#3680=FACE_OUTER_BOUND('',#4382,.T.);
#3681=FACE_OUTER_BOUND('',#4383,.T.);
#3682=FACE_OUTER_BOUND('',#4384,.T.);
#3683=FACE_OUTER_BOUND('',#4385,.T.);
#3684=FACE_OUTER_BOUND('',#4386,.T.);
#3685=FACE_OUTER_BOUND('',#4387,.T.);
#3686=FACE_OUTER_BOUND('',#4388,.T.);
#3687=FACE_OUTER_BOUND('',#4389,.T.);
#3688=FACE_OUTER_BOUND('',#4390,.T.);
#3689=FACE_OUTER_BOUND('',#4391,.T.);
#3690=FACE_OUTER_BOUND('',#4392,.T.);
#3691=FACE_OUTER_BOUND('',#4393,.T.);
#3692=FACE_OUTER_BOUND('',#4394,.T.);
#3693=FACE_OUTER_BOUND('',#4395,.T.);
#3694=FACE_OUTER_BOUND('',#4396,.T.);
#3695=FACE_OUTER_BOUND('',#4397,.T.);
#3696=FACE_OUTER_BOUND('',#4399,.T.);
#3697=FACE_OUTER_BOUND('',#4400,.T.);
#3698=FACE_OUTER_BOUND('',#4401,.T.);
#3699=FACE_OUTER_BOUND('',#4402,.T.);
#3700=FACE_OUTER_BOUND('',#4403,.T.);
#3701=FACE_OUTER_BOUND('',#4404,.T.);
#3702=FACE_OUTER_BOUND('',#4405,.T.);
#3703=FACE_OUTER_BOUND('',#4406,.T.);
#3704=FACE_OUTER_BOUND('',#4407,.T.);
#3705=FACE_OUTER_BOUND('',#4408,.T.);
#3706=FACE_OUTER_BOUND('',#4409,.T.);
#3707=FACE_OUTER_BOUND('',#4410,.T.);
#3708=FACE_OUTER_BOUND('',#4411,.T.);
#3709=FACE_OUTER_BOUND('',#4412,.T.);
#3710=FACE_OUTER_BOUND('',#4413,.T.);
#3711=FACE_OUTER_BOUND('',#4414,.T.);
#3712=FACE_OUTER_BOUND('',#4415,.T.);
#3713=FACE_OUTER_BOUND('',#4416,.T.);
#3714=FACE_OUTER_BOUND('',#4417,.T.);
#3715=FACE_OUTER_BOUND('',#4418,.T.);
#3716=FACE_OUTER_BOUND('',#4419,.T.);
#3717=FACE_OUTER_BOUND('',#4420,.T.);
#3718=FACE_OUTER_BOUND('',#4421,.T.);
#3719=FACE_OUTER_BOUND('',#4422,.T.);
#3720=FACE_OUTER_BOUND('',#4423,.T.);
#3721=FACE_OUTER_BOUND('',#4425,.T.);
#3722=FACE_OUTER_BOUND('',#4426,.T.);
#3723=FACE_OUTER_BOUND('',#4427,.T.);
#3724=FACE_OUTER_BOUND('',#4428,.T.);
#3725=FACE_OUTER_BOUND('',#4429,.T.);
#3726=FACE_OUTER_BOUND('',#4430,.T.);
#3727=FACE_OUTER_BOUND('',#4431,.T.);
#3728=FACE_OUTER_BOUND('',#4432,.T.);
#3729=FACE_OUTER_BOUND('',#4433,.T.);
#3730=FACE_OUTER_BOUND('',#4434,.T.);
#3731=FACE_OUTER_BOUND('',#4435,.T.);
#3732=FACE_OUTER_BOUND('',#4436,.T.);
#3733=FACE_OUTER_BOUND('',#4437,.T.);
#3734=FACE_OUTER_BOUND('',#4438,.T.);
#3735=FACE_OUTER_BOUND('',#4439,.T.);
#3736=FACE_OUTER_BOUND('',#4440,.T.);
#3737=FACE_OUTER_BOUND('',#4441,.T.);
#3738=FACE_OUTER_BOUND('',#4442,.T.);
#3739=FACE_OUTER_BOUND('',#4443,.T.);
#3740=FACE_OUTER_BOUND('',#4444,.T.);
#3741=FACE_OUTER_BOUND('',#4445,.T.);
#3742=FACE_OUTER_BOUND('',#4446,.T.);
#3743=FACE_OUTER_BOUND('',#4447,.T.);
#3744=FACE_OUTER_BOUND('',#4448,.T.);
#3745=FACE_OUTER_BOUND('',#4449,.T.);
#3746=FACE_OUTER_BOUND('',#4450,.T.);
#3747=FACE_OUTER_BOUND('',#4451,.T.);
#3748=FACE_OUTER_BOUND('',#4452,.T.);
#3749=FACE_OUTER_BOUND('',#4453,.T.);
#3750=FACE_OUTER_BOUND('',#4461,.T.);
#3751=FACE_OUTER_BOUND('',#4462,.T.);
#3752=FACE_OUTER_BOUND('',#4463,.T.);
#3753=FACE_OUTER_BOUND('',#4464,.T.);
#3754=FACE_OUTER_BOUND('',#4465,.T.);
#3755=FACE_OUTER_BOUND('',#4466,.T.);
#3756=FACE_OUTER_BOUND('',#4467,.T.);
#3757=FACE_OUTER_BOUND('',#4468,.T.);
#3758=FACE_OUTER_BOUND('',#4469,.T.);
#3759=FACE_OUTER_BOUND('',#4470,.T.);
#3760=FACE_OUTER_BOUND('',#4471,.T.);
#3761=FACE_OUTER_BOUND('',#4472,.T.);
#3762=FACE_OUTER_BOUND('',#4473,.T.);
#3763=FACE_OUTER_BOUND('',#4474,.T.);
#3764=FACE_OUTER_BOUND('',#4475,.T.);
#3765=FACE_OUTER_BOUND('',#4476,.T.);
#3766=FACE_OUTER_BOUND('',#4477,.T.);
#3767=FACE_OUTER_BOUND('',#4478,.T.);
#3768=FACE_OUTER_BOUND('',#4479,.T.);
#3769=FACE_OUTER_BOUND('',#4480,.T.);
#3770=FACE_OUTER_BOUND('',#4481,.T.);
#3771=FACE_OUTER_BOUND('',#4482,.T.);
#3772=FACE_OUTER_BOUND('',#4483,.T.);
#3773=FACE_OUTER_BOUND('',#4484,.T.);
#3774=FACE_OUTER_BOUND('',#4485,.T.);
#3775=FACE_OUTER_BOUND('',#4486,.T.);
#3776=FACE_OUTER_BOUND('',#4487,.T.);
#3777=FACE_OUTER_BOUND('',#4488,.T.);
#3778=FACE_OUTER_BOUND('',#4489,.T.);
#3779=FACE_OUTER_BOUND('',#4490,.T.);
#3780=FACE_OUTER_BOUND('',#4492,.T.);
#3781=FACE_OUTER_BOUND('',#4494,.T.);
#3782=FACE_OUTER_BOUND('',#4495,.T.);
#3783=FACE_OUTER_BOUND('',#4496,.T.);
#3784=FACE_OUTER_BOUND('',#4498,.T.);
#3785=FACE_OUTER_BOUND('',#4499,.T.);
#3786=FACE_OUTER_BOUND('',#4500,.T.);
#3787=FACE_OUTER_BOUND('',#4501,.T.);
#3788=FACE_OUTER_BOUND('',#4502,.T.);
#3789=FACE_OUTER_BOUND('',#4503,.T.);
#3790=FACE_OUTER_BOUND('',#4504,.T.);
#3791=FACE_OUTER_BOUND('',#4505,.T.);
#3792=FACE_OUTER_BOUND('',#4506,.T.);
#3793=FACE_OUTER_BOUND('',#4507,.T.);
#3794=FACE_OUTER_BOUND('',#4508,.T.);
#3795=FACE_OUTER_BOUND('',#4509,.T.);
#3796=FACE_OUTER_BOUND('',#4510,.T.);
#3797=FACE_OUTER_BOUND('',#4511,.T.);
#3798=FACE_OUTER_BOUND('',#4512,.T.);
#3799=FACE_OUTER_BOUND('',#4513,.T.);
#3800=FACE_OUTER_BOUND('',#4514,.T.);
#3801=FACE_OUTER_BOUND('',#4515,.T.);
#3802=FACE_OUTER_BOUND('',#4516,.T.);
#3803=FACE_OUTER_BOUND('',#4517,.T.);
#3804=FACE_OUTER_BOUND('',#4518,.T.);
#3805=FACE_OUTER_BOUND('',#4519,.T.);
#3806=FACE_OUTER_BOUND('',#4520,.T.);
#3807=FACE_OUTER_BOUND('',#4521,.T.);
#3808=FACE_OUTER_BOUND('',#4522,.T.);
#3809=FACE_OUTER_BOUND('',#4523,.T.);
#3810=FACE_OUTER_BOUND('',#4524,.T.);
#3811=FACE_OUTER_BOUND('',#4525,.T.);
#3812=FACE_OUTER_BOUND('',#4526,.T.);
#3813=FACE_OUTER_BOUND('',#4527,.T.);
#3814=FACE_OUTER_BOUND('',#4528,.T.);
#3815=FACE_OUTER_BOUND('',#4529,.T.);
#3816=FACE_OUTER_BOUND('',#4530,.T.);
#3817=FACE_OUTER_BOUND('',#4531,.T.);
#3818=FACE_OUTER_BOUND('',#4532,.T.);
#3819=FACE_OUTER_BOUND('',#4533,.T.);
#3820=FACE_OUTER_BOUND('',#4534,.T.);
#3821=FACE_OUTER_BOUND('',#4535,.T.);
#3822=FACE_OUTER_BOUND('',#4536,.T.);
#3823=FACE_OUTER_BOUND('',#4537,.T.);
#3824=FACE_OUTER_BOUND('',#4538,.T.);
#3825=FACE_OUTER_BOUND('',#4539,.T.);
#3826=FACE_OUTER_BOUND('',#4540,.T.);
#3827=EDGE_LOOP('',(#7430,#7431,#7432));
#3828=EDGE_LOOP('',(#7433,#7434,#7435,#7436));
#3829=EDGE_LOOP('',(#7437,#7438,#7439));
#3830=EDGE_LOOP('',(#7440,#7441,#7442,#7443));
#3831=EDGE_LOOP('',(#7444,#7445,#7446));
#3832=EDGE_LOOP('',(#7447,#7448,#7449,#7450));
#3833=EDGE_LOOP('',(#7451,#7452,#7453));
#3834=EDGE_LOOP('',(#7454,#7455,#7456,#7457));
#3835=EDGE_LOOP('',(#7458,#7459,#7460));
#3836=EDGE_LOOP('',(#7461,#7462,#7463,#7464));
#3837=EDGE_LOOP('',(#7465,#7466,#7467));
#3838=EDGE_LOOP('',(#7468,#7469,#7470,#7471));
#3839=EDGE_LOOP('',(#7472,#7473,#7474,#7475));
#3840=EDGE_LOOP('',(#7476,#7477,#7478,#7479));
#3841=EDGE_LOOP('',(#7480,#7481,#7482,#7483));
#3842=EDGE_LOOP('',(#7484,#7485,#7486));
#3843=EDGE_LOOP('',(#7487,#7488,#7489));
#3844=EDGE_LOOP('',(#7490,#7491,#7492));
#3845=EDGE_LOOP('',(#7493,#7494,#7495));
#3846=EDGE_LOOP('',(#7496,#7497,#7498));
#3847=EDGE_LOOP('',(#7499,#7500,#7501));
#3848=EDGE_LOOP('',(#7502,#7503,#7504,#7505));
#3849=EDGE_LOOP('',(#7506,#7507,#7508,#7509));
#3850=EDGE_LOOP('',(#7510,#7511,#7512,#7513));
#3851=EDGE_LOOP('',(#7514,#7515,#7516,#7517));
#3852=EDGE_LOOP('',(#7518,#7519,#7520,#7521));
#3853=EDGE_LOOP('',(#7522,#7523,#7524,#7525));
#3854=EDGE_LOOP('',(#7526,#7527,#7528,#7529));
#3855=EDGE_LOOP('',(#7530,#7531,#7532,#7533));
#3856=EDGE_LOOP('',(#7534,#7535,#7536,#7537));
#3857=EDGE_LOOP('',(#7538,#7539,#7540,#7541));
#3858=EDGE_LOOP('',(#7542,#7543,#7544,#7545));
#3859=EDGE_LOOP('',(#7546,#7547,#7548,#7549));
#3860=EDGE_LOOP('',(#7550,#7551,#7552,#7553));
#3861=EDGE_LOOP('',(#7554,#7555,#7556,#7557));
#3862=EDGE_LOOP('',(#7558,#7559,#7560,#7561));
#3863=EDGE_LOOP('',(#7562,#7563,#7564,#7565));
#3864=EDGE_LOOP('',(#7566,#7567,#7568,#7569));
#3865=EDGE_LOOP('',(#7570,#7571,#7572,#7573));
#3866=EDGE_LOOP('',(#7574,#7575,#7576,#7577));
#3867=EDGE_LOOP('',(#7578,#7579,#7580,#7581));
#3868=EDGE_LOOP('',(#7582,#7583,#7584,#7585));
#3869=EDGE_LOOP('',(#7586,#7587,#7588,#7589,#7590,#7591,#7592,#7593));
#3870=EDGE_LOOP('',(#7594,#7595,#7596,#7597,#7598,#7599,#7600,#7601));
#3871=EDGE_LOOP('',(#7602,#7603,#7604,#7605));
#3872=EDGE_LOOP('',(#7606,#7607,#7608,#7609));
#3873=EDGE_LOOP('',(#7610,#7611,#7612,#7613,#7614,#7615,#7616,#7617));
#3874=EDGE_LOOP('',(#7618,#7619,#7620,#7621,#7622,#7623,#7624,#7625));
#3875=EDGE_LOOP('',(#7626,#7627,#7628,#7629));
#3876=EDGE_LOOP('',(#7630,#7631,#7632,#7633,#7634,#7635,#7636,#7637));
#3877=EDGE_LOOP('',(#7638,#7639,#7640,#7641,#7642,#7643,#7644,#7645));
#3878=EDGE_LOOP('',(#7646,#7647,#7648,#7649));
#3879=EDGE_LOOP('',(#7650,#7651,#7652,#7653));
#3880=EDGE_LOOP('',(#7654,#7655,#7656,#7657));
#3881=EDGE_LOOP('',(#7658,#7659,#7660,#7661,#7662,#7663,#7664,#7665,#7666,
#7667,#7668,#7669));
#3882=EDGE_LOOP('',(#7670,#7671,#7672,#7673,#7674,#7675,#7676,#7677,#7678,
#7679,#7680,#7681));
#3883=EDGE_LOOP('',(#7682,#7683,#7684,#7685));
#3884=EDGE_LOOP('',(#7686,#7687,#7688,#7689));
#3885=EDGE_LOOP('',(#7690,#7691,#7692,#7693));
#3886=EDGE_LOOP('',(#7694,#7695,#7696,#7697));
#3887=EDGE_LOOP('',(#7698,#7699,#7700,#7701));
#3888=EDGE_LOOP('',(#7702,#7703,#7704,#7705,#7706,#7707,#7708,#7709,#7710,
#7711,#7712,#7713));
#3889=EDGE_LOOP('',(#7714,#7715,#7716,#7717,#7718,#7719,#7720,#7721,#7722,
#7723,#7724,#7725));
#3890=EDGE_LOOP('',(#7726,#7727,#7728,#7729));
#3891=EDGE_LOOP('',(#7730,#7731,#7732,#7733));
#3892=EDGE_LOOP('',(#7734,#7735,#7736,#7737));
#3893=EDGE_LOOP('',(#7738,#7739,#7740,#7741));
#3894=EDGE_LOOP('',(#7742,#7743,#7744,#7745));
#3895=EDGE_LOOP('',(#7746,#7747,#7748,#7749));
#3896=EDGE_LOOP('',(#7750,#7751,#7752,#7753));
#3897=EDGE_LOOP('',(#7754,#7755,#7756,#7757));
#3898=EDGE_LOOP('',(#7758,#7759,#7760,#7761));
#3899=EDGE_LOOP('',(#7762,#7763,#7764,#7765));
#3900=EDGE_LOOP('',(#7766,#7767,#7768,#7769));
#3901=EDGE_LOOP('',(#7770,#7771,#7772,#7773));
#3902=EDGE_LOOP('',(#7774,#7775,#7776,#7777));
#3903=EDGE_LOOP('',(#7778,#7779,#7780,#7781));
#3904=EDGE_LOOP('',(#7782,#7783,#7784,#7785));
#3905=EDGE_LOOP('',(#7786));
#3906=EDGE_LOOP('',(#7787,#7788,#7789,#7790));
#3907=EDGE_LOOP('',(#7791,#7792,#7793,#7794));
#3908=EDGE_LOOP('',(#7795));
#3909=EDGE_LOOP('',(#7796,#7797,#7798,#7799));
#3910=EDGE_LOOP('',(#7800,#7801,#7802,#7803));
#3911=EDGE_LOOP('',(#7804));
#3912=EDGE_LOOP('',(#7805,#7806,#7807,#7808));
#3913=EDGE_LOOP('',(#7809,#7810,#7811,#7812));
#3914=EDGE_LOOP('',(#7813));
#3915=EDGE_LOOP('',(#7814,#7815,#7816,#7817));
#3916=EDGE_LOOP('',(#7818,#7819,#7820,#7821));
#3917=EDGE_LOOP('',(#7822));
#3918=EDGE_LOOP('',(#7823));
#3919=EDGE_LOOP('',(#7824,#7825,#7826,#7827));
#3920=EDGE_LOOP('',(#7828,#7829,#7830,#7831));
#3921=EDGE_LOOP('',(#7832));
#3922=EDGE_LOOP('',(#7833));
#3923=EDGE_LOOP('',(#7834,#7835,#7836,#7837));
#3924=EDGE_LOOP('',(#7838,#7839,#7840,#7841));
#3925=EDGE_LOOP('',(#7842));
#3926=EDGE_LOOP('',(#7843));
#3927=EDGE_LOOP('',(#7844,#7845,#7846,#7847));
#3928=EDGE_LOOP('',(#7848,#7849,#7850,#7851));
#3929=EDGE_LOOP('',(#7852));
#3930=EDGE_LOOP('',(#7853));
#3931=EDGE_LOOP('',(#7854,#7855,#7856,#7857));
#3932=EDGE_LOOP('',(#7858,#7859,#7860,#7861,#7862,#7863,#7864,#7865,#7866,
#7867,#7868,#7869));
#3933=EDGE_LOOP('',(#7870));
#3934=EDGE_LOOP('',(#7871));
#3935=EDGE_LOOP('',(#7872));
#3936=EDGE_LOOP('',(#7873));
#3937=EDGE_LOOP('',(#7874,#7875,#7876,#7877));
#3938=EDGE_LOOP('',(#7878,#7879,#7880,#7881));
#3939=EDGE_LOOP('',(#7882,#7883,#7884,#7885));
#3940=EDGE_LOOP('',(#7886,#7887,#7888,#7889));
#3941=EDGE_LOOP('',(#7890,#7891,#7892,#7893));
#3942=EDGE_LOOP('',(#7894,#7895,#7896,#7897));
#3943=EDGE_LOOP('',(#7898,#7899,#7900,#7901));
#3944=EDGE_LOOP('',(#7902,#7903,#7904,#7905));
#3945=EDGE_LOOP('',(#7906,#7907,#7908,#7909));
#3946=EDGE_LOOP('',(#7910,#7911,#7912,#7913));
#3947=EDGE_LOOP('',(#7914,#7915,#7916,#7917));
#3948=EDGE_LOOP('',(#7918,#7919,#7920,#7921,#7922,#7923,#7924,#7925,#7926,
#7927,#7928,#7929));
#3949=EDGE_LOOP('',(#7930,#7931,#7932,#7933,#7934));
#3950=EDGE_LOOP('',(#7935,#7936,#7937,#7938,#7939));
#3951=EDGE_LOOP('',(#7940));
#3952=EDGE_LOOP('',(#7941,#7942,#7943,#7944));
#3953=EDGE_LOOP('',(#7945,#7946,#7947,#7948));
#3954=EDGE_LOOP('',(#7949,#7950,#7951,#7952));
#3955=EDGE_LOOP('',(#7953,#7954,#7955,#7956));
#3956=EDGE_LOOP('',(#7957,#7958,#7959,#7960));
#3957=EDGE_LOOP('',(#7961,#7962,#7963,#7964));
#3958=EDGE_LOOP('',(#7965,#7966,#7967,#7968));
#3959=EDGE_LOOP('',(#7969,#7970,#7971,#7972));
#3960=EDGE_LOOP('',(#7973,#7974,#7975,#7976));
#3961=EDGE_LOOP('',(#7977,#7978,#7979,#7980));
#3962=EDGE_LOOP('',(#7981,#7982,#7983,#7984));
#3963=EDGE_LOOP('',(#7985,#7986,#7987,#7988));
#3964=EDGE_LOOP('',(#7989,#7990,#7991,#7992));
#3965=EDGE_LOOP('',(#7993,#7994,#7995,#7996));
#3966=EDGE_LOOP('',(#7997,#7998,#7999,#8000,#8001,#8002,#8003,#8004));
#3967=EDGE_LOOP('',(#8005,#8006,#8007,#8008,#8009,#8010,#8011,#8012,#8013,
#8014,#8015,#8016,#8017,#8018,#8019,#8020,#8021,#8022,#8023,#8024,#8025,
#8026,#8027,#8028,#8029,#8030,#8031,#8032,#8033,#8034,#8035,#8036,#8037,
#8038,#8039,#8040));
#3968=EDGE_LOOP('',(#8041,#8042,#8043,#8044,#8045,#8046,#8047,#8048,#8049,
#8050,#8051,#8052));
#3969=EDGE_LOOP('',(#8053,#8054,#8055,#8056,#8057,#8058,#8059,#8060));
#3970=EDGE_LOOP('',(#8061,#8062,#8063,#8064));
#3971=EDGE_LOOP('',(#8065,#8066,#8067,#8068,#8069,#8070,#8071,#8072,#8073,
#8074,#8075,#8076,#8077,#8078,#8079,#8080,#8081,#8082,#8083,#8084,#8085,
#8086,#8087,#8088,#8089,#8090,#8091,#8092,#8093,#8094,#8095,#8096,#8097,
#8098,#8099,#8100));
#3972=EDGE_LOOP('',(#8101));
#3973=EDGE_LOOP('',(#8102,#8103,#8104,#8105));
#3974=EDGE_LOOP('',(#8106,#8107,#8108,#8109));
#3975=EDGE_LOOP('',(#8110,#8111,#8112,#8113));
#3976=EDGE_LOOP('',(#8114,#8115,#8116,#8117));
#3977=EDGE_LOOP('',(#8118,#8119,#8120,#8121));
#3978=EDGE_LOOP('',(#8122,#8123,#8124,#8125));
#3979=EDGE_LOOP('',(#8126,#8127,#8128,#8129));
#3980=EDGE_LOOP('',(#8130,#8131,#8132,#8133));
#3981=EDGE_LOOP('',(#8134,#8135,#8136,#8137));
#3982=EDGE_LOOP('',(#8138,#8139,#8140,#8141));
#3983=EDGE_LOOP('',(#8142,#8143,#8144,#8145));
#3984=EDGE_LOOP('',(#8146,#8147,#8148,#8149));
#3985=EDGE_LOOP('',(#8150,#8151,#8152,#8153));
#3986=EDGE_LOOP('',(#8154,#8155,#8156,#8157));
#3987=EDGE_LOOP('',(#8158,#8159,#8160,#8161));
#3988=EDGE_LOOP('',(#8162,#8163,#8164,#8165));
#3989=EDGE_LOOP('',(#8166,#8167,#8168,#8169));
#3990=EDGE_LOOP('',(#8170,#8171,#8172,#8173));
#3991=EDGE_LOOP('',(#8174,#8175,#8176,#8177));
#3992=EDGE_LOOP('',(#8178,#8179,#8180,#8181));
#3993=EDGE_LOOP('',(#8182,#8183,#8184,#8185));
#3994=EDGE_LOOP('',(#8186,#8187,#8188,#8189));
#3995=EDGE_LOOP('',(#8190,#8191,#8192,#8193));
#3996=EDGE_LOOP('',(#8194,#8195,#8196,#8197));
#3997=EDGE_LOOP('',(#8198,#8199,#8200,#8201));
#3998=EDGE_LOOP('',(#8202,#8203,#8204,#8205));
#3999=EDGE_LOOP('',(#8206,#8207,#8208,#8209));
#4000=EDGE_LOOP('',(#8210,#8211,#8212,#8213));
#4001=EDGE_LOOP('',(#8214,#8215,#8216,#8217));
#4002=EDGE_LOOP('',(#8218,#8219,#8220,#8221));
#4003=EDGE_LOOP('',(#8222,#8223,#8224,#8225));
#4004=EDGE_LOOP('',(#8226,#8227,#8228,#8229));
#4005=EDGE_LOOP('',(#8230,#8231,#8232,#8233));
#4006=EDGE_LOOP('',(#8234,#8235,#8236,#8237));
#4007=EDGE_LOOP('',(#8238,#8239,#8240,#8241));
#4008=EDGE_LOOP('',(#8242,#8243,#8244,#8245));
#4009=EDGE_LOOP('',(#8246,#8247,#8248,#8249));
#4010=EDGE_LOOP('',(#8250,#8251,#8252,#8253));
#4011=EDGE_LOOP('',(#8254,#8255,#8256,#8257));
#4012=EDGE_LOOP('',(#8258,#8259,#8260,#8261));
#4013=EDGE_LOOP('',(#8262,#8263,#8264,#8265));
#4014=EDGE_LOOP('',(#8266,#8267,#8268,#8269));
#4015=EDGE_LOOP('',(#8270,#8271,#8272,#8273));
#4016=EDGE_LOOP('',(#8274,#8275,#8276,#8277));
#4017=EDGE_LOOP('',(#8278,#8279,#8280,#8281));
#4018=EDGE_LOOP('',(#8282,#8283,#8284,#8285));
#4019=EDGE_LOOP('',(#8286,#8287,#8288,#8289));
#4020=EDGE_LOOP('',(#8290,#8291,#8292,#8293));
#4021=EDGE_LOOP('',(#8294,#8295,#8296,#8297));
#4022=EDGE_LOOP('',(#8298,#8299,#8300,#8301));
#4023=EDGE_LOOP('',(#8302,#8303,#8304,#8305));
#4024=EDGE_LOOP('',(#8306,#8307,#8308,#8309));
#4025=EDGE_LOOP('',(#8310,#8311,#8312,#8313));
#4026=EDGE_LOOP('',(#8314,#8315,#8316,#8317));
#4027=EDGE_LOOP('',(#8318,#8319,#8320,#8321));
#4028=EDGE_LOOP('',(#8322,#8323,#8324,#8325));
#4029=EDGE_LOOP('',(#8326,#8327,#8328,#8329));
#4030=EDGE_LOOP('',(#8330,#8331,#8332,#8333));
#4031=EDGE_LOOP('',(#8334,#8335,#8336,#8337));
#4032=EDGE_LOOP('',(#8338,#8339,#8340,#8341));
#4033=EDGE_LOOP('',(#8342,#8343,#8344,#8345));
#4034=EDGE_LOOP('',(#8346,#8347,#8348,#8349));
#4035=EDGE_LOOP('',(#8350,#8351,#8352,#8353));
#4036=EDGE_LOOP('',(#8354,#8355,#8356,#8357));
#4037=EDGE_LOOP('',(#8358,#8359,#8360,#8361));
#4038=EDGE_LOOP('',(#8362));
#4039=EDGE_LOOP('',(#8363));
#4040=EDGE_LOOP('',(#8364,#8365,#8366,#8367));
#4041=EDGE_LOOP('',(#8368,#8369,#8370,#8371));
#4042=EDGE_LOOP('',(#8372,#8373,#8374,#8375));
#4043=EDGE_LOOP('',(#8376,#8377,#8378,#8379));
#4044=EDGE_LOOP('',(#8380,#8381,#8382,#8383));
#4045=EDGE_LOOP('',(#8384,#8385,#8386,#8387));
#4046=EDGE_LOOP('',(#8388,#8389,#8390,#8391));
#4047=EDGE_LOOP('',(#8392,#8393,#8394,#8395));
#4048=EDGE_LOOP('',(#8396,#8397,#8398,#8399));
#4049=EDGE_LOOP('',(#8400,#8401,#8402,#8403));
#4050=EDGE_LOOP('',(#8404,#8405,#8406,#8407));
#4051=EDGE_LOOP('',(#8408,#8409,#8410,#8411));
#4052=EDGE_LOOP('',(#8412,#8413,#8414,#8415));
#4053=EDGE_LOOP('',(#8416,#8417,#8418,#8419));
#4054=EDGE_LOOP('',(#8420,#8421,#8422,#8423));
#4055=EDGE_LOOP('',(#8424,#8425,#8426,#8427));
#4056=EDGE_LOOP('',(#8428,#8429,#8430,#8431));
#4057=EDGE_LOOP('',(#8432,#8433,#8434,#8435));
#4058=EDGE_LOOP('',(#8436,#8437,#8438,#8439));
#4059=EDGE_LOOP('',(#8440,#8441,#8442,#8443));
#4060=EDGE_LOOP('',(#8444,#8445,#8446,#8447));
#4061=EDGE_LOOP('',(#8448,#8449,#8450,#8451));
#4062=EDGE_LOOP('',(#8452,#8453,#8454,#8455,#8456,#8457,#8458,#8459,#8460,
#8461,#8462,#8463));
#4063=EDGE_LOOP('',(#8464,#8465,#8466,#8467));
#4064=EDGE_LOOP('',(#8468,#8469,#8470,#8471));
#4065=EDGE_LOOP('',(#8472,#8473,#8474,#8475));
#4066=EDGE_LOOP('',(#8476,#8477,#8478,#8479));
#4067=EDGE_LOOP('',(#8480,#8481,#8482,#8483));
#4068=EDGE_LOOP('',(#8484,#8485,#8486,#8487));
#4069=EDGE_LOOP('',(#8488,#8489,#8490,#8491));
#4070=EDGE_LOOP('',(#8492,#8493,#8494,#8495));
#4071=EDGE_LOOP('',(#8496,#8497,#8498,#8499));
#4072=EDGE_LOOP('',(#8500,#8501,#8502,#8503,#8504,#8505,#8506,#8507,#8508,
#8509,#8510,#8511));
#4073=EDGE_LOOP('',(#8512,#8513,#8514,#8515,#8516,#8517));
#4074=EDGE_LOOP('',(#8518,#8519,#8520,#8521));
#4075=EDGE_LOOP('',(#8522,#8523,#8524,#8525));
#4076=EDGE_LOOP('',(#8526,#8527,#8528,#8529));
#4077=EDGE_LOOP('',(#8530,#8531,#8532,#8533));
#4078=EDGE_LOOP('',(#8534,#8535,#8536,#8537));
#4079=EDGE_LOOP('',(#8538,#8539,#8540,#8541));
#4080=EDGE_LOOP('',(#8542,#8543,#8544,#8545));
#4081=EDGE_LOOP('',(#8546,#8547,#8548,#8549));
#4082=EDGE_LOOP('',(#8550,#8551,#8552,#8553));
#4083=EDGE_LOOP('',(#8554,#8555,#8556,#8557));
#4084=EDGE_LOOP('',(#8558,#8559,#8560,#8561));
#4085=EDGE_LOOP('',(#8562,#8563,#8564,#8565));
#4086=EDGE_LOOP('',(#8566,#8567,#8568,#8569));
#4087=EDGE_LOOP('',(#8570,#8571,#8572,#8573));
#4088=EDGE_LOOP('',(#8574,#8575,#8576,#8577));
#4089=EDGE_LOOP('',(#8578,#8579,#8580,#8581));
#4090=EDGE_LOOP('',(#8582,#8583,#8584,#8585));
#4091=EDGE_LOOP('',(#8586,#8587,#8588,#8589));
#4092=EDGE_LOOP('',(#8590,#8591,#8592,#8593,#8594,#8595,#8596,#8597,#8598,
#8599,#8600,#8601));
#4093=EDGE_LOOP('',(#8602,#8603,#8604,#8605,#8606,#8607));
#4094=EDGE_LOOP('',(#8608,#8609,#8610,#8611));
#4095=EDGE_LOOP('',(#8612,#8613,#8614,#8615));
#4096=EDGE_LOOP('',(#8616,#8617,#8618,#8619));
#4097=EDGE_LOOP('',(#8620,#8621,#8622,#8623));
#4098=EDGE_LOOP('',(#8624,#8625,#8626,#8627));
#4099=EDGE_LOOP('',(#8628,#8629,#8630,#8631));
#4100=EDGE_LOOP('',(#8632,#8633,#8634,#8635));
#4101=EDGE_LOOP('',(#8636,#8637,#8638,#8639));
#4102=EDGE_LOOP('',(#8640,#8641,#8642,#8643));
#4103=EDGE_LOOP('',(#8644,#8645,#8646,#8647));
#4104=EDGE_LOOP('',(#8648,#8649,#8650,#8651));
#4105=EDGE_LOOP('',(#8652,#8653,#8654,#8655));
#4106=EDGE_LOOP('',(#8656,#8657,#8658,#8659));
#4107=EDGE_LOOP('',(#8660,#8661,#8662,#8663));
#4108=EDGE_LOOP('',(#8664,#8665,#8666,#8667));
#4109=EDGE_LOOP('',(#8668,#8669,#8670,#8671));
#4110=EDGE_LOOP('',(#8672,#8673,#8674,#8675));
#4111=EDGE_LOOP('',(#8676,#8677,#8678,#8679));
#4112=EDGE_LOOP('',(#8680,#8681,#8682,#8683,#8684,#8685,#8686,#8687,#8688,
#8689));
#4113=EDGE_LOOP('',(#8690,#8691,#8692,#8693,#8694,#8695));
#4114=EDGE_LOOP('',(#8696,#8697,#8698,#8699));
#4115=EDGE_LOOP('',(#8700,#8701,#8702,#8703));
#4116=EDGE_LOOP('',(#8704,#8705,#8706,#8707));
#4117=EDGE_LOOP('',(#8708,#8709,#8710,#8711));
#4118=EDGE_LOOP('',(#8712,#8713,#8714,#8715));
#4119=EDGE_LOOP('',(#8716,#8717,#8718,#8719));
#4120=EDGE_LOOP('',(#8720,#8721,#8722,#8723));
#4121=EDGE_LOOP('',(#8724,#8725,#8726,#8727));
#4122=EDGE_LOOP('',(#8728,#8729,#8730,#8731));
#4123=EDGE_LOOP('',(#8732,#8733,#8734,#8735));
#4124=EDGE_LOOP('',(#8736,#8737,#8738,#8739));
#4125=EDGE_LOOP('',(#8740,#8741,#8742,#8743));
#4126=EDGE_LOOP('',(#8744,#8745,#8746,#8747));
#4127=EDGE_LOOP('',(#8748,#8749,#8750,#8751,#8752));
#4128=EDGE_LOOP('',(#8753,#8754,#8755,#8756));
#4129=EDGE_LOOP('',(#8757,#8758,#8759,#8760));
#4130=EDGE_LOOP('',(#8761,#8762,#8763,#8764));
#4131=EDGE_LOOP('',(#8765,#8766,#8767,#8768));
#4132=EDGE_LOOP('',(#8769,#8770,#8771,#8772));
#4133=EDGE_LOOP('',(#8773,#8774,#8775,#8776));
#4134=EDGE_LOOP('',(#8777,#8778,#8779,#8780));
#4135=EDGE_LOOP('',(#8781,#8782,#8783,#8784));
#4136=EDGE_LOOP('',(#8785,#8786,#8787,#8788));
#4137=EDGE_LOOP('',(#8789,#8790,#8791,#8792));
#4138=EDGE_LOOP('',(#8793,#8794,#8795,#8796));
#4139=EDGE_LOOP('',(#8797,#8798,#8799,#8800));
#4140=EDGE_LOOP('',(#8801,#8802,#8803,#8804));
#4141=EDGE_LOOP('',(#8805,#8806,#8807,#8808));
#4142=EDGE_LOOP('',(#8809,#8810,#8811,#8812,#8813,#8814));
#4143=EDGE_LOOP('',(#8815,#8816,#8817,#8818));
#4144=EDGE_LOOP('',(#8819,#8820,#8821,#8822,#8823,#8824,#8825,#8826,#8827,
#8828));
#4145=EDGE_LOOP('',(#8829,#8830,#8831,#8832,#8833,#8834));
#4146=EDGE_LOOP('',(#8835,#8836,#8837,#8838));
#4147=EDGE_LOOP('',(#8839,#8840,#8841,#8842));
#4148=EDGE_LOOP('',(#8843,#8844,#8845,#8846));
#4149=EDGE_LOOP('',(#8847,#8848,#8849,#8850));
#4150=EDGE_LOOP('',(#8851,#8852,#8853,#8854));
#4151=EDGE_LOOP('',(#8855,#8856,#8857,#8858));
#4152=EDGE_LOOP('',(#8859,#8860,#8861,#8862));
#4153=EDGE_LOOP('',(#8863,#8864,#8865,#8866));
#4154=EDGE_LOOP('',(#8867,#8868,#8869,#8870));
#4155=EDGE_LOOP('',(#8871,#8872,#8873,#8874));
#4156=EDGE_LOOP('',(#8875,#8876,#8877,#8878,#8879,#8880,#8881,#8882,#8883,
#8884,#8885,#8886,#8887,#8888,#8889,#8890,#8891,#8892,#8893,#8894));
#4157=EDGE_LOOP('',(#8895,#8896,#8897,#8898,#8899,#8900));
#4158=EDGE_LOOP('',(#8901,#8902,#8903,#8904,#8905,#8906));
#4159=EDGE_LOOP('',(#8907,#8908,#8909,#8910,#8911,#8912));
#4160=EDGE_LOOP('',(#8913,#8914,#8915,#8916));
#4161=EDGE_LOOP('',(#8917,#8918,#8919,#8920));
#4162=EDGE_LOOP('',(#8921,#8922,#8923,#8924));
#4163=EDGE_LOOP('',(#8925,#8926,#8927,#8928));
#4164=EDGE_LOOP('',(#8929,#8930,#8931,#8932));
#4165=EDGE_LOOP('',(#8933,#8934,#8935,#8936));
#4166=EDGE_LOOP('',(#8937,#8938,#8939,#8940));
#4167=EDGE_LOOP('',(#8941,#8942,#8943,#8944));
#4168=EDGE_LOOP('',(#8945,#8946,#8947,#8948));
#4169=EDGE_LOOP('',(#8949,#8950,#8951,#8952));
#4170=EDGE_LOOP('',(#8953,#8954,#8955,#8956));
#4171=EDGE_LOOP('',(#8957,#8958,#8959,#8960));
#4172=EDGE_LOOP('',(#8961,#8962,#8963,#8964));
#4173=EDGE_LOOP('',(#8965,#8966,#8967,#8968));
#4174=EDGE_LOOP('',(#8969,#8970,#8971,#8972));
#4175=EDGE_LOOP('',(#8973,#8974,#8975,#8976));
#4176=EDGE_LOOP('',(#8977,#8978,#8979,#8980));
#4177=EDGE_LOOP('',(#8981,#8982,#8983,#8984));
#4178=EDGE_LOOP('',(#8985,#8986,#8987,#8988,#8989));
#4179=EDGE_LOOP('',(#8990,#8991,#8992,#8993));
#4180=EDGE_LOOP('',(#8994,#8995,#8996,#8997));
#4181=EDGE_LOOP('',(#8998,#8999,#9000,#9001));
#4182=EDGE_LOOP('',(#9002,#9003,#9004,#9005));
#4183=EDGE_LOOP('',(#9006,#9007,#9008,#9009));
#4184=EDGE_LOOP('',(#9010,#9011,#9012,#9013));
#4185=EDGE_LOOP('',(#9014,#9015,#9016,#9017));
#4186=EDGE_LOOP('',(#9018,#9019,#9020,#9021));
#4187=EDGE_LOOP('',(#9022,#9023,#9024,#9025));
#4188=EDGE_LOOP('',(#9026,#9027,#9028,#9029));
#4189=EDGE_LOOP('',(#9030,#9031,#9032,#9033));
#4190=EDGE_LOOP('',(#9034,#9035,#9036,#9037));
#4191=EDGE_LOOP('',(#9038,#9039,#9040,#9041));
#4192=EDGE_LOOP('',(#9042,#9043,#9044,#9045));
#4193=EDGE_LOOP('',(#9046,#9047,#9048,#9049,#9050,#9051));
#4194=EDGE_LOOP('',(#9052,#9053,#9054,#9055));
#4195=EDGE_LOOP('',(#9056,#9057,#9058,#9059,#9060,#9061));
#4196=EDGE_LOOP('',(#9062,#9063,#9064,#9065));
#4197=EDGE_LOOP('',(#9066,#9067,#9068,#9069));
#4198=EDGE_LOOP('',(#9070,#9071,#9072,#9073));
#4199=EDGE_LOOP('',(#9074,#9075,#9076,#9077));
#4200=EDGE_LOOP('',(#9078,#9079,#9080,#9081));
#4201=EDGE_LOOP('',(#9082,#9083,#9084,#9085));
#4202=EDGE_LOOP('',(#9086,#9087,#9088,#9089));
#4203=EDGE_LOOP('',(#9090,#9091,#9092,#9093));
#4204=EDGE_LOOP('',(#9094,#9095,#9096,#9097));
#4205=EDGE_LOOP('',(#9098,#9099,#9100,#9101,#9102,#9103,#9104,#9105,#9106,
#9107));
#4206=EDGE_LOOP('',(#9108,#9109,#9110,#9111,#9112,#9113));
#4207=EDGE_LOOP('',(#9114,#9115,#9116,#9117));
#4208=EDGE_LOOP('',(#9118,#9119,#9120,#9121));
#4209=EDGE_LOOP('',(#9122,#9123,#9124,#9125));
#4210=EDGE_LOOP('',(#9126,#9127,#9128,#9129));
#4211=EDGE_LOOP('',(#9130,#9131,#9132,#9133));
#4212=EDGE_LOOP('',(#9134,#9135,#9136,#9137));
#4213=EDGE_LOOP('',(#9138,#9139,#9140,#9141));
#4214=EDGE_LOOP('',(#9142,#9143,#9144,#9145));
#4215=EDGE_LOOP('',(#9146,#9147,#9148,#9149));
#4216=EDGE_LOOP('',(#9150,#9151,#9152,#9153));
#4217=EDGE_LOOP('',(#9154,#9155,#9156,#9157));
#4218=EDGE_LOOP('',(#9158,#9159,#9160,#9161));
#4219=EDGE_LOOP('',(#9162,#9163,#9164,#9165));
#4220=EDGE_LOOP('',(#9166,#9167,#9168,#9169,#9170));
#4221=EDGE_LOOP('',(#9171,#9172,#9173,#9174));
#4222=EDGE_LOOP('',(#9175,#9176,#9177,#9178));
#4223=EDGE_LOOP('',(#9179,#9180,#9181,#9182));
#4224=EDGE_LOOP('',(#9183,#9184,#9185,#9186));
#4225=EDGE_LOOP('',(#9187,#9188,#9189,#9190));
#4226=EDGE_LOOP('',(#9191,#9192,#9193,#9194));
#4227=EDGE_LOOP('',(#9195,#9196,#9197,#9198));
#4228=EDGE_LOOP('',(#9199,#9200,#9201,#9202));
#4229=EDGE_LOOP('',(#9203,#9204,#9205,#9206));
#4230=EDGE_LOOP('',(#9207,#9208,#9209,#9210));
#4231=EDGE_LOOP('',(#9211,#9212,#9213,#9214,#9215,#9216));
#4232=EDGE_LOOP('',(#9217,#9218,#9219,#9220));
#4233=EDGE_LOOP('',(#9221,#9222,#9223,#9224,#9225,#9226));
#4234=EDGE_LOOP('',(#9227,#9228,#9229,#9230,#9231,#9232,#9233,#9234));
#4235=EDGE_LOOP('',(#9235,#9236,#9237,#9238,#9239,#9240));
#4236=EDGE_LOOP('',(#9241,#9242,#9243,#9244));
#4237=EDGE_LOOP('',(#9245,#9246,#9247,#9248));
#4238=EDGE_LOOP('',(#9249,#9250,#9251,#9252));
#4239=EDGE_LOOP('',(#9253,#9254,#9255,#9256));
#4240=EDGE_LOOP('',(#9257,#9258,#9259,#9260));
#4241=EDGE_LOOP('',(#9261,#9262,#9263,#9264));
#4242=EDGE_LOOP('',(#9265,#9266,#9267,#9268));
#4243=EDGE_LOOP('',(#9269,#9270,#9271,#9272));
#4244=EDGE_LOOP('',(#9273,#9274,#9275,#9276));
#4245=EDGE_LOOP('',(#9277,#9278,#9279,#9280));
#4246=EDGE_LOOP('',(#9281,#9282,#9283,#9284));
#4247=EDGE_LOOP('',(#9285,#9286,#9287,#9288));
#4248=EDGE_LOOP('',(#9289,#9290,#9291,#9292));
#4249=EDGE_LOOP('',(#9293,#9294,#9295,#9296));
#4250=EDGE_LOOP('',(#9297,#9298,#9299,#9300));
#4251=EDGE_LOOP('',(#9301,#9302,#9303,#9304));
#4252=EDGE_LOOP('',(#9305,#9306,#9307,#9308));
#4253=EDGE_LOOP('',(#9309,#9310,#9311,#9312));
#4254=EDGE_LOOP('',(#9313,#9314,#9315,#9316,#9317,#9318,#9319,#9320,#9321,
#9322));
#4255=EDGE_LOOP('',(#9323,#9324,#9325,#9326,#9327,#9328));
#4256=EDGE_LOOP('',(#9329,#9330,#9331,#9332));
#4257=EDGE_LOOP('',(#9333,#9334,#9335,#9336));
#4258=EDGE_LOOP('',(#9337,#9338,#9339,#9340));
#4259=EDGE_LOOP('',(#9341,#9342,#9343,#9344));
#4260=EDGE_LOOP('',(#9345,#9346,#9347,#9348));
#4261=EDGE_LOOP('',(#9349,#9350,#9351,#9352));
#4262=EDGE_LOOP('',(#9353,#9354,#9355,#9356));
#4263=EDGE_LOOP('',(#9357,#9358,#9359,#9360));
#4264=EDGE_LOOP('',(#9361,#9362,#9363,#9364));
#4265=EDGE_LOOP('',(#9365,#9366,#9367,#9368));
#4266=EDGE_LOOP('',(#9369,#9370,#9371,#9372));
#4267=EDGE_LOOP('',(#9373,#9374,#9375,#9376));
#4268=EDGE_LOOP('',(#9377,#9378,#9379,#9380));
#4269=EDGE_LOOP('',(#9381,#9382,#9383,#9384,#9385));
#4270=EDGE_LOOP('',(#9386,#9387,#9388,#9389));
#4271=EDGE_LOOP('',(#9390,#9391,#9392,#9393));
#4272=EDGE_LOOP('',(#9394,#9395,#9396,#9397));
#4273=EDGE_LOOP('',(#9398,#9399,#9400,#9401));
#4274=EDGE_LOOP('',(#9402,#9403,#9404,#9405));
#4275=EDGE_LOOP('',(#9406,#9407,#9408,#9409));
#4276=EDGE_LOOP('',(#9410,#9411,#9412,#9413));
#4277=EDGE_LOOP('',(#9414,#9415,#9416,#9417));
#4278=EDGE_LOOP('',(#9418,#9419,#9420,#9421));
#4279=EDGE_LOOP('',(#9422,#9423,#9424,#9425));
#4280=EDGE_LOOP('',(#9426,#9427,#9428,#9429));
#4281=EDGE_LOOP('',(#9430,#9431,#9432,#9433));
#4282=EDGE_LOOP('',(#9434,#9435,#9436,#9437));
#4283=EDGE_LOOP('',(#9438,#9439,#9440,#9441));
#4284=EDGE_LOOP('',(#9442,#9443,#9444,#9445,#9446,#9447,#9448,#9449,#9450,
#9451,#9452,#9453,#9454,#9455,#9456,#9457,#9458,#9459,#9460,#9461,#9462,
#9463,#9464,#9465,#9466,#9467,#9468,#9469));
#4285=EDGE_LOOP('',(#9470,#9471,#9472,#9473,#9474,#9475));
#4286=EDGE_LOOP('',(#9476,#9477,#9478,#9479,#9480,#9481));
#4287=EDGE_LOOP('',(#9482,#9483,#9484,#9485,#9486,#9487));
#4288=EDGE_LOOP('',(#9488,#9489,#9490,#9491,#9492,#9493));
#4289=EDGE_LOOP('',(#9494,#9495,#9496,#9497,#9498,#9499));
#4290=EDGE_LOOP('',(#9500,#9501,#9502,#9503));
#4291=EDGE_LOOP('',(#9504,#9505,#9506,#9507));
#4292=EDGE_LOOP('',(#9508,#9509,#9510,#9511,#9512,#9513));
#4293=EDGE_LOOP('',(#9514,#9515,#9516,#9517));
#4294=EDGE_LOOP('',(#9518,#9519,#9520,#9521));
#4295=EDGE_LOOP('',(#9522,#9523,#9524,#9525));
#4296=EDGE_LOOP('',(#9526,#9527,#9528,#9529));
#4297=EDGE_LOOP('',(#9530,#9531,#9532,#9533));
#4298=EDGE_LOOP('',(#9534,#9535,#9536,#9537));
#4299=EDGE_LOOP('',(#9538,#9539,#9540,#9541));
#4300=EDGE_LOOP('',(#9542,#9543,#9544,#9545));
#4301=EDGE_LOOP('',(#9546,#9547,#9548,#9549));
#4302=EDGE_LOOP('',(#9550,#9551,#9552,#9553));
#4303=EDGE_LOOP('',(#9554,#9555,#9556,#9557));
#4304=EDGE_LOOP('',(#9558,#9559,#9560,#9561));
#4305=EDGE_LOOP('',(#9562,#9563,#9564,#9565));
#4306=EDGE_LOOP('',(#9566,#9567,#9568,#9569));
#4307=EDGE_LOOP('',(#9570,#9571,#9572,#9573));
#4308=EDGE_LOOP('',(#9574,#9575,#9576,#9577,#9578,#9579));
#4309=EDGE_LOOP('',(#9580,#9581,#9582,#9583));
#4310=EDGE_LOOP('',(#9584,#9585,#9586,#9587));
#4311=EDGE_LOOP('',(#9588,#9589,#9590,#9591,#9592,#9593));
#4312=EDGE_LOOP('',(#9594,#9595,#9596,#9597));
#4313=EDGE_LOOP('',(#9598,#9599,#9600,#9601));
#4314=EDGE_LOOP('',(#9602,#9603,#9604,#9605));
#4315=EDGE_LOOP('',(#9606,#9607,#9608,#9609));
#4316=EDGE_LOOP('',(#9610,#9611,#9612,#9613));
#4317=EDGE_LOOP('',(#9614,#9615,#9616,#9617));
#4318=EDGE_LOOP('',(#9618,#9619,#9620,#9621));
#4319=EDGE_LOOP('',(#9622,#9623,#9624,#9625));
#4320=EDGE_LOOP('',(#9626,#9627,#9628,#9629));
#4321=EDGE_LOOP('',(#9630,#9631,#9632,#9633));
#4322=EDGE_LOOP('',(#9634,#9635,#9636,#9637));
#4323=EDGE_LOOP('',(#9638,#9639,#9640,#9641));
#4324=EDGE_LOOP('',(#9642,#9643,#9644,#9645));
#4325=EDGE_LOOP('',(#9646,#9647,#9648,#9649));
#4326=EDGE_LOOP('',(#9650,#9651,#9652,#9653));
#4327=EDGE_LOOP('',(#9654,#9655,#9656,#9657));
#4328=EDGE_LOOP('',(#9658,#9659,#9660,#9661));
#4329=EDGE_LOOP('',(#9662,#9663,#9664,#9665));
#4330=EDGE_LOOP('',(#9666,#9667,#9668,#9669));
#4331=EDGE_LOOP('',(#9670,#9671,#9672,#9673));
#4332=EDGE_LOOP('',(#9674,#9675,#9676,#9677));
#4333=EDGE_LOOP('',(#9678,#9679,#9680,#9681));
#4334=EDGE_LOOP('',(#9682,#9683,#9684,#9685,#9686));
#4335=EDGE_LOOP('',(#9687,#9688,#9689,#9690));
#4336=EDGE_LOOP('',(#9691,#9692,#9693,#9694));
#4337=EDGE_LOOP('',(#9695,#9696,#9697,#9698,#9699,#9700));
#4338=EDGE_LOOP('',(#9701,#9702,#9703,#9704));
#4339=EDGE_LOOP('',(#9705,#9706,#9707,#9708,#9709));
#4340=EDGE_LOOP('',(#9710,#9711,#9712,#9713));
#4341=EDGE_LOOP('',(#9714,#9715,#9716,#9717));
#4342=EDGE_LOOP('',(#9718,#9719,#9720,#9721));
#4343=EDGE_LOOP('',(#9722,#9723,#9724,#9725));
#4344=EDGE_LOOP('',(#9726,#9727,#9728,#9729));
#4345=EDGE_LOOP('',(#9730,#9731,#9732,#9733));
#4346=EDGE_LOOP('',(#9734,#9735,#9736,#9737));
#4347=EDGE_LOOP('',(#9738,#9739,#9740,#9741));
#4348=EDGE_LOOP('',(#9742,#9743,#9744,#9745));
#4349=EDGE_LOOP('',(#9746,#9747,#9748,#9749));
#4350=EDGE_LOOP('',(#9750,#9751,#9752,#9753));
#4351=EDGE_LOOP('',(#9754,#9755,#9756,#9757,#9758,#9759,#9760,#9761,#9762,
#9763));
#4352=EDGE_LOOP('',(#9764,#9765,#9766,#9767,#9768,#9769));
#4353=EDGE_LOOP('',(#9770,#9771,#9772,#9773));
#4354=EDGE_LOOP('',(#9774,#9775,#9776,#9777));
#4355=EDGE_LOOP('',(#9778,#9779,#9780,#9781));
#4356=EDGE_LOOP('',(#9782,#9783,#9784,#9785));
#4357=EDGE_LOOP('',(#9786,#9787,#9788,#9789));
#4358=EDGE_LOOP('',(#9790,#9791,#9792,#9793));
#4359=EDGE_LOOP('',(#9794,#9795,#9796,#9797));
#4360=EDGE_LOOP('',(#9798,#9799,#9800,#9801));
#4361=EDGE_LOOP('',(#9802,#9803,#9804,#9805));
#4362=EDGE_LOOP('',(#9806,#9807,#9808,#9809));
#4363=EDGE_LOOP('',(#9810,#9811,#9812,#9813));
#4364=EDGE_LOOP('',(#9814,#9815,#9816,#9817));
#4365=EDGE_LOOP('',(#9818,#9819,#9820,#9821));
#4366=EDGE_LOOP('',(#9822,#9823,#9824,#9825,#9826));
#4367=EDGE_LOOP('',(#9827,#9828,#9829,#9830));
#4368=EDGE_LOOP('',(#9831,#9832,#9833,#9834));
#4369=EDGE_LOOP('',(#9835,#9836,#9837,#9838));
#4370=EDGE_LOOP('',(#9839,#9840,#9841,#9842));
#4371=EDGE_LOOP('',(#9843,#9844,#9845,#9846));
#4372=EDGE_LOOP('',(#9847,#9848,#9849,#9850));
#4373=EDGE_LOOP('',(#9851,#9852,#9853,#9854));
#4374=EDGE_LOOP('',(#9855,#9856,#9857,#9858,#9859,#9860,#9861,#9862));
#4375=EDGE_LOOP('',(#9863,#9864,#9865,#9866));
#4376=EDGE_LOOP('',(#9867,#9868,#9869,#9870,#9871,#9872,#9873,#9874));
#4377=EDGE_LOOP('',(#9875,#9876,#9877,#9878,#9879,#9880));
#4378=EDGE_LOOP('',(#9881,#9882,#9883,#9884,#9885,#9886));
#4379=EDGE_LOOP('',(#9887,#9888,#9889,#9890));
#4380=EDGE_LOOP('',(#9891,#9892,#9893,#9894));
#4381=EDGE_LOOP('',(#9895,#9896,#9897,#9898));
#4382=EDGE_LOOP('',(#9899,#9900,#9901,#9902));
#4383=EDGE_LOOP('',(#9903,#9904,#9905,#9906));
#4384=EDGE_LOOP('',(#9907,#9908,#9909,#9910));
#4385=EDGE_LOOP('',(#9911,#9912,#9913,#9914));
#4386=EDGE_LOOP('',(#9915,#9916,#9917,#9918));
#4387=EDGE_LOOP('',(#9919,#9920,#9921,#9922));
#4388=EDGE_LOOP('',(#9923,#9924,#9925,#9926));
#4389=EDGE_LOOP('',(#9927,#9928,#9929,#9930));
#4390=EDGE_LOOP('',(#9931,#9932,#9933,#9934));
#4391=EDGE_LOOP('',(#9935,#9936,#9937,#9938));
#4392=EDGE_LOOP('',(#9939,#9940,#9941,#9942));
#4393=EDGE_LOOP('',(#9943,#9944,#9945,#9946));
#4394=EDGE_LOOP('',(#9947,#9948,#9949,#9950));
#4395=EDGE_LOOP('',(#9951,#9952,#9953,#9954));
#4396=EDGE_LOOP('',(#9955,#9956,#9957,#9958));
#4397=EDGE_LOOP('',(#9959,#9960,#9961,#9962,#9963,#9964,#9965,#9966,#9967,
#9968));
#4398=EDGE_LOOP('',(#9969,#9970,#9971,#9972,#9973,#9974));
#4399=EDGE_LOOP('',(#9975,#9976,#9977,#9978));
#4400=EDGE_LOOP('',(#9979,#9980,#9981,#9982));
#4401=EDGE_LOOP('',(#9983,#9984,#9985,#9986));
#4402=EDGE_LOOP('',(#9987,#9988,#9989,#9990));
#4403=EDGE_LOOP('',(#9991,#9992,#9993,#9994));
#4404=EDGE_LOOP('',(#9995,#9996,#9997,#9998));
#4405=EDGE_LOOP('',(#9999,#10000,#10001,#10002));
#4406=EDGE_LOOP('',(#10003,#10004,#10005,#10006));
#4407=EDGE_LOOP('',(#10007,#10008,#10009,#10010));
#4408=EDGE_LOOP('',(#10011,#10012,#10013,#10014));
#4409=EDGE_LOOP('',(#10015,#10016,#10017,#10018));
#4410=EDGE_LOOP('',(#10019,#10020,#10021,#10022));
#4411=EDGE_LOOP('',(#10023,#10024,#10025,#10026));
#4412=EDGE_LOOP('',(#10027,#10028,#10029,#10030,#10031));
#4413=EDGE_LOOP('',(#10032,#10033,#10034,#10035));
#4414=EDGE_LOOP('',(#10036,#10037,#10038,#10039));
#4415=EDGE_LOOP('',(#10040,#10041,#10042,#10043));
#4416=EDGE_LOOP('',(#10044,#10045,#10046,#10047));
#4417=EDGE_LOOP('',(#10048,#10049,#10050,#10051));
#4418=EDGE_LOOP('',(#10052,#10053,#10054,#10055));
#4419=EDGE_LOOP('',(#10056,#10057,#10058,#10059));
#4420=EDGE_LOOP('',(#10060,#10061,#10062,#10063));
#4421=EDGE_LOOP('',(#10064,#10065,#10066,#10067));
#4422=EDGE_LOOP('',(#10068,#10069,#10070,#10071));
#4423=EDGE_LOOP('',(#10072,#10073,#10074,#10075,#10076,#10077,#10078,#10079,
#10080,#10081));
#4424=EDGE_LOOP('',(#10082,#10083,#10084,#10085,#10086,#10087));
#4425=EDGE_LOOP('',(#10088,#10089,#10090,#10091));
#4426=EDGE_LOOP('',(#10092,#10093,#10094,#10095));
#4427=EDGE_LOOP('',(#10096,#10097,#10098,#10099));
#4428=EDGE_LOOP('',(#10100,#10101,#10102,#10103));
#4429=EDGE_LOOP('',(#10104,#10105,#10106,#10107));
#4430=EDGE_LOOP('',(#10108,#10109,#10110,#10111));
#4431=EDGE_LOOP('',(#10112,#10113,#10114,#10115));
#4432=EDGE_LOOP('',(#10116,#10117,#10118,#10119));
#4433=EDGE_LOOP('',(#10120,#10121,#10122,#10123));
#4434=EDGE_LOOP('',(#10124,#10125,#10126,#10127));
#4435=EDGE_LOOP('',(#10128,#10129,#10130,#10131));
#4436=EDGE_LOOP('',(#10132,#10133,#10134,#10135));
#4437=EDGE_LOOP('',(#10136,#10137,#10138,#10139));
#4438=EDGE_LOOP('',(#10140,#10141,#10142,#10143,#10144));
#4439=EDGE_LOOP('',(#10145,#10146,#10147,#10148));
#4440=EDGE_LOOP('',(#10149,#10150,#10151,#10152));
#4441=EDGE_LOOP('',(#10153,#10154,#10155,#10156));
#4442=EDGE_LOOP('',(#10157,#10158,#10159,#10160));
#4443=EDGE_LOOP('',(#10161,#10162,#10163,#10164));
#4444=EDGE_LOOP('',(#10165,#10166,#10167,#10168));
#4445=EDGE_LOOP('',(#10169,#10170,#10171,#10172));
#4446=EDGE_LOOP('',(#10173,#10174,#10175,#10176));
#4447=EDGE_LOOP('',(#10177,#10178,#10179,#10180));
#4448=EDGE_LOOP('',(#10181,#10182,#10183,#10184));
#4449=EDGE_LOOP('',(#10185,#10186,#10187,#10188));
#4450=EDGE_LOOP('',(#10189,#10190,#10191,#10192));
#4451=EDGE_LOOP('',(#10193,#10194,#10195,#10196));
#4452=EDGE_LOOP('',(#10197,#10198,#10199,#10200));
#4453=EDGE_LOOP('',(#10201,#10202,#10203,#10204,#10205,#10206,#10207,#10208,
#10209,#10210,#10211,#10212,#10213,#10214,#10215,#10216,#10217,#10218,#10219,
#10220,#10221,#10222,#10223,#10224,#10225,#10226,#10227,#10228,#10229,#10230,
#10231,#10232,#10233,#10234,#10235,#10236));
#4454=EDGE_LOOP('',(#10237,#10238,#10239,#10240,#10241,#10242));
#4455=EDGE_LOOP('',(#10243,#10244,#10245,#10246,#10247,#10248));
#4456=EDGE_LOOP('',(#10249,#10250,#10251,#10252,#10253,#10254));
#4457=EDGE_LOOP('',(#10255,#10256,#10257,#10258,#10259,#10260));
#4458=EDGE_LOOP('',(#10261,#10262,#10263,#10264,#10265,#10266));
#4459=EDGE_LOOP('',(#10267,#10268,#10269,#10270,#10271,#10272));
#4460=EDGE_LOOP('',(#10273,#10274,#10275,#10276,#10277,#10278));
#4461=EDGE_LOOP('',(#10279,#10280,#10281,#10282));
#4462=EDGE_LOOP('',(#10283,#10284,#10285,#10286));
#4463=EDGE_LOOP('',(#10287,#10288,#10289,#10290));
#4464=EDGE_LOOP('',(#10291,#10292,#10293,#10294));
#4465=EDGE_LOOP('',(#10295,#10296,#10297,#10298));
#4466=EDGE_LOOP('',(#10299,#10300,#10301,#10302));
#4467=EDGE_LOOP('',(#10303,#10304,#10305,#10306));
#4468=EDGE_LOOP('',(#10307,#10308,#10309,#10310));
#4469=EDGE_LOOP('',(#10311,#10312,#10313,#10314));
#4470=EDGE_LOOP('',(#10315,#10316,#10317,#10318));
#4471=EDGE_LOOP('',(#10319,#10320,#10321,#10322));
#4472=EDGE_LOOP('',(#10323,#10324,#10325,#10326));
#4473=EDGE_LOOP('',(#10327,#10328,#10329,#10330));
#4474=EDGE_LOOP('',(#10331,#10332,#10333,#10334));
#4475=EDGE_LOOP('',(#10335,#10336,#10337,#10338));
#4476=EDGE_LOOP('',(#10339,#10340,#10341,#10342));
#4477=EDGE_LOOP('',(#10343,#10344,#10345,#10346));
#4478=EDGE_LOOP('',(#10347,#10348,#10349,#10350));
#4479=EDGE_LOOP('',(#10351,#10352,#10353,#10354));
#4480=EDGE_LOOP('',(#10355,#10356,#10357,#10358));
#4481=EDGE_LOOP('',(#10359,#10360,#10361,#10362));
#4482=EDGE_LOOP('',(#10363,#10364,#10365,#10366));
#4483=EDGE_LOOP('',(#10367,#10368,#10369,#10370));
#4484=EDGE_LOOP('',(#10371,#10372,#10373,#10374));
#4485=EDGE_LOOP('',(#10375,#10376,#10377,#10378));
#4486=EDGE_LOOP('',(#10379,#10380,#10381,#10382));
#4487=EDGE_LOOP('',(#10383,#10384,#10385,#10386));
#4488=EDGE_LOOP('',(#10387,#10388,#10389,#10390));
#4489=EDGE_LOOP('',(#10391,#10392,#10393,#10394));
#4490=EDGE_LOOP('',(#10395,#10396,#10397,#10398));
#4491=EDGE_LOOP('',(#10399,#10400,#10401,#10402,#10403,#10404));
#4492=EDGE_LOOP('',(#10405,#10406,#10407,#10408));
#4493=EDGE_LOOP('',(#10409,#10410,#10411,#10412,#10413,#10414));
#4494=EDGE_LOOP('',(#10415,#10416,#10417,#10418));
#4495=EDGE_LOOP('',(#10419,#10420,#10421,#10422));
#4496=EDGE_LOOP('',(#10423,#10424,#10425,#10426));
#4497=EDGE_LOOP('',(#10427,#10428,#10429,#10430,#10431,#10432));
#4498=EDGE_LOOP('',(#10433,#10434,#10435,#10436));
#4499=EDGE_LOOP('',(#10437,#10438,#10439,#10440));
#4500=EDGE_LOOP('',(#10441,#10442,#10443,#10444));
#4501=EDGE_LOOP('',(#10445,#10446,#10447,#10448));
#4502=EDGE_LOOP('',(#10449,#10450,#10451,#10452));
#4503=EDGE_LOOP('',(#10453,#10454,#10455,#10456));
#4504=EDGE_LOOP('',(#10457,#10458,#10459,#10460));
#4505=EDGE_LOOP('',(#10461,#10462,#10463,#10464));
#4506=EDGE_LOOP('',(#10465,#10466,#10467,#10468));
#4507=EDGE_LOOP('',(#10469,#10470,#10471,#10472));
#4508=EDGE_LOOP('',(#10473,#10474,#10475,#10476));
#4509=EDGE_LOOP('',(#10477,#10478,#10479,#10480));
#4510=EDGE_LOOP('',(#10481,#10482,#10483,#10484));
#4511=EDGE_LOOP('',(#10485,#10486,#10487,#10488));
#4512=EDGE_LOOP('',(#10489,#10490,#10491,#10492));
#4513=EDGE_LOOP('',(#10493,#10494,#10495,#10496));
#4514=EDGE_LOOP('',(#10497,#10498,#10499,#10500));
#4515=EDGE_LOOP('',(#10501,#10502,#10503,#10504));
#4516=EDGE_LOOP('',(#10505,#10506,#10507,#10508));
#4517=EDGE_LOOP('',(#10509,#10510,#10511,#10512));
#4518=EDGE_LOOP('',(#10513,#10514,#10515,#10516));
#4519=EDGE_LOOP('',(#10517,#10518,#10519,#10520));
#4520=EDGE_LOOP('',(#10521,#10522,#10523,#10524));
#4521=EDGE_LOOP('',(#10525,#10526,#10527,#10528));
#4522=EDGE_LOOP('',(#10529,#10530,#10531,#10532));
#4523=EDGE_LOOP('',(#10533,#10534,#10535,#10536));
#4524=EDGE_LOOP('',(#10537,#10538,#10539,#10540));
#4525=EDGE_LOOP('',(#10541,#10542,#10543,#10544));
#4526=EDGE_LOOP('',(#10545,#10546,#10547,#10548));
#4527=EDGE_LOOP('',(#10549,#10550,#10551,#10552));
#4528=EDGE_LOOP('',(#10553,#10554,#10555,#10556));
#4529=EDGE_LOOP('',(#10557,#10558,#10559,#10560,#10561));
#4530=EDGE_LOOP('',(#10562,#10563,#10564,#10565));
#4531=EDGE_LOOP('',(#10566,#10567,#10568,#10569));
#4532=EDGE_LOOP('',(#10570,#10571,#10572,#10573,#10574,#10575,#10576,#10577));
#4533=EDGE_LOOP('',(#10578,#10579,#10580,#10581));
#4534=EDGE_LOOP('',(#10582,#10583,#10584,#10585,#10586));
#4535=EDGE_LOOP('',(#10587,#10588,#10589,#10590));
#4536=EDGE_LOOP('',(#10591,#10592,#10593,#10594));
#4537=EDGE_LOOP('',(#10595,#10596,#10597,#10598));
#4538=EDGE_LOOP('',(#10599,#10600,#10601,#10602,#10603));
#4539=EDGE_LOOP('',(#10604,#10605,#10606,#10607));
#4540=EDGE_LOOP('',(#10608,#10609,#10610,#10611));
#4541=CIRCLE('',#11307,0.799999999999999);
#4542=CIRCLE('',#11308,0.799999999999998);
#4543=CIRCLE('',#11309,0.8);
#4544=CIRCLE('',#11311,0.8);
#4545=CIRCLE('',#11313,0.800000000000001);
#4546=CIRCLE('',#11314,0.800000000000001);
#4547=CIRCLE('',#11315,0.8);
#4548=CIRCLE('',#11317,0.8);
#4549=CIRCLE('',#11319,0.799999999999999);
#4550=CIRCLE('',#11320,0.799999999999996);
#4551=CIRCLE('',#11321,0.8);
#4552=CIRCLE('',#11323,0.8);
#4553=CIRCLE('',#11325,0.799999999999999);
#4554=CIRCLE('',#11326,0.800000000000001);
#4555=CIRCLE('',#11327,0.8);
#4556=CIRCLE('',#11329,0.8);
#4557=CIRCLE('',#11331,0.800000000000001);
#4558=CIRCLE('',#11332,0.800000000000001);
#4559=CIRCLE('',#11333,0.8);
#4560=CIRCLE('',#11335,0.8);
#4561=CIRCLE('',#11337,0.800000000000001);
#4562=CIRCLE('',#11338,0.800000000000001);
#4563=CIRCLE('',#11339,0.8);
#4564=CIRCLE('',#11341,0.8);
#4565=CIRCLE('',#11346,2.4);
#4566=CIRCLE('',#11348,2.4);
#4567=CIRCLE('',#11350,2.4);
#4568=CIRCLE('',#11352,2.4);
#4569=CIRCLE('',#11354,2.4);
#4570=CIRCLE('',#11356,2.40000000000001);
#4571=CIRCLE('',#11358,0.800000000000001);
#4572=CIRCLE('',#11359,1.6);
#4573=CIRCLE('',#11360,0.8);
#4574=CIRCLE('',#11362,0.800000000000001);
#4575=CIRCLE('',#11363,1.6);
#4576=CIRCLE('',#11364,0.8);
#4577=CIRCLE('',#11366,0.800000000000001);
#4578=CIRCLE('',#11367,1.6);
#4579=CIRCLE('',#11368,0.8);
#4580=CIRCLE('',#11370,1.6);
#4581=CIRCLE('',#11371,0.8);
#4582=CIRCLE('',#11372,2.4);
#4583=CIRCLE('',#11373,0.8);
#4584=CIRCLE('',#11375,0.800000000000003);
#4585=CIRCLE('',#11376,1.6);
#4586=CIRCLE('',#11377,0.8);
#4587=CIRCLE('',#11379,2.4);
#4588=CIRCLE('',#11380,0.800000000000001);
#4589=CIRCLE('',#11381,1.6);
#4590=CIRCLE('',#11382,0.8);
#4591=CIRCLE('',#11386,0.800000000000001);
#4592=CIRCLE('',#11387,1.6);
#4593=CIRCLE('',#11388,0.8);
#4594=CIRCLE('',#11390,2.4);
#4595=CIRCLE('',#11391,0.800000000000001);
#4596=CIRCLE('',#11392,1.6);
#4597=CIRCLE('',#11393,0.8);
#4598=CIRCLE('',#11395,0.800000000000001);
#4599=CIRCLE('',#11396,1.6);
#4600=CIRCLE('',#11397,0.8);
#4601=CIRCLE('',#11399,2.4);
#4602=CIRCLE('',#11400,0.800000000000001);
#4603=CIRCLE('',#11401,1.6);
#4604=CIRCLE('',#11402,0.8);
#4605=CIRCLE('',#11406,2.4);
#4606=CIRCLE('',#11407,0.800000000000001);
#4607=CIRCLE('',#11408,1.6);
#4608=CIRCLE('',#11409,0.8);
#4609=CIRCLE('',#11411,2.4);
#4610=CIRCLE('',#11412,0.800000000000001);
#4611=CIRCLE('',#11413,1.6);
#4612=CIRCLE('',#11414,0.8);
#4613=CIRCLE('',#11433,3.);
#4614=CIRCLE('',#11434,3.);
#4615=CIRCLE('',#11435,3.);
#4616=CIRCLE('',#11436,3.);
#4617=CIRCLE('',#11437,3.);
#4618=CIRCLE('',#11438,3.);
#4619=CIRCLE('',#11443,3.);
#4620=CIRCLE('',#11446,3.);
#4621=CIRCLE('',#11447,3.);
#4622=CIRCLE('',#11448,3.);
#4623=CIRCLE('',#11449,3.);
#4624=CIRCLE('',#11450,3.);
#4625=CIRCLE('',#11465,3.14999999999997);
#4626=CIRCLE('',#11466,0.8);
#4627=CIRCLE('',#11467,2.34999999999997);
#4628=CIRCLE('',#11469,3.14999999999997);
#4629=CIRCLE('',#11472,3.15000000000001);
#4630=CIRCLE('',#11473,0.8);
#4631=CIRCLE('',#11474,2.35000000000001);
#4632=CIRCLE('',#11476,3.15000000000001);
#4633=CIRCLE('',#11479,3.15);
#4634=CIRCLE('',#11480,0.8);
#4635=CIRCLE('',#11481,2.35);
#4636=CIRCLE('',#11483,3.15);
#4637=CIRCLE('',#11486,3.15);
#4638=CIRCLE('',#11487,0.8);
#4639=CIRCLE('',#11488,2.35);
#4640=CIRCLE('',#11490,3.15);
#4641=CIRCLE('',#11493,3.95);
#4642=CIRCLE('',#11494,0.8);
#4643=CIRCLE('',#11495,4.75);
#4644=CIRCLE('',#11497,4.75);
#4645=CIRCLE('',#11500,3.95);
#4646=CIRCLE('',#11501,0.8);
#4647=CIRCLE('',#11502,4.75);
#4648=CIRCLE('',#11504,4.75);
#4649=CIRCLE('',#11507,3.95);
#4650=CIRCLE('',#11508,0.8);
#4651=CIRCLE('',#11509,4.75);
#4652=CIRCLE('',#11511,4.75);
#4653=CIRCLE('',#11514,3.95);
#4654=CIRCLE('',#11515,0.8);
#4655=CIRCLE('',#11516,4.75);
#4656=CIRCLE('',#11518,4.75);
#4657=CIRCLE('',#11521,3.);
#4658=CIRCLE('',#11522,3.);
#4659=CIRCLE('',#11524,3.);
#4660=CIRCLE('',#11525,3.);
#4661=CIRCLE('',#11526,3.);
#4662=CIRCLE('',#11527,3.);
#4663=CIRCLE('',#11528,3.);
#4664=CIRCLE('',#11531,3.);
#4665=CIRCLE('',#11533,3.);
#4666=CIRCLE('',#11536,3.);
#4667=CIRCLE('',#11539,3.);
#4668=CIRCLE('',#11542,3.);
#4669=CIRCLE('',#11547,4.95);
#4670=CIRCLE('',#11548,0.8);
#4671=CIRCLE('',#11549,4.15);
#4672=CIRCLE('',#11550,4.95);
#4673=CIRCLE('',#11552,4.95);
#4674=CIRCLE('',#11555,1.6);
#4675=CIRCLE('',#11556,0.800000000000001);
#4676=CIRCLE('',#11557,0.800000000000001);
#4677=CIRCLE('',#11558,0.8);
#4678=CIRCLE('',#11560,1.6);
#4679=CIRCLE('',#11561,0.800000000000001);
#4680=CIRCLE('',#11562,0.800000000000001);
#4681=CIRCLE('',#11563,0.8);
#4682=CIRCLE('',#11566,0.8);
#4683=CIRCLE('',#11568,1.6);
#4684=CIRCLE('',#11569,0.800000000000001);
#4685=CIRCLE('',#11570,0.800000000000001);
#4686=CIRCLE('',#11571,0.8);
#4687=CIRCLE('',#11573,0.800000000000001);
#4688=CIRCLE('',#11574,0.8);
#4689=CIRCLE('',#11575,1.6);
#4690=CIRCLE('',#11576,0.800000000000001);
#4691=CIRCLE('',#11580,0.8);
#4692=CIRCLE('',#11582,0.8);
#4693=CIRCLE('',#11585,0.8);
#4694=CIRCLE('',#11590,3.);
#4695=CIRCLE('',#11591,3.);
#4696=CIRCLE('',#11592,3.);
#4697=CIRCLE('',#11593,3.);
#4698=CIRCLE('',#11594,3.);
#4699=CIRCLE('',#11595,3.);
#4700=CIRCLE('',#11597,6.55);
#4701=CIRCLE('',#11598,0.8);
#4702=CIRCLE('',#11599,7.35);
#4703=CIRCLE('',#11602,6.55);
#4704=CIRCLE('',#11694,3.);
#4705=CIRCLE('',#11697,3.);
#4706=CIRCLE('',#11700,3.);
#4707=CIRCLE('',#11702,3.);
#4708=CIRCLE('',#11705,3.);
#4709=CIRCLE('',#11708,3.);
#4710=CIRCLE('',#11743,2.2);
#4711=CIRCLE('',#11744,2.2);
#4712=CIRCLE('',#11745,2.2);
#4713=CIRCLE('',#11746,2.2);
#4714=CIRCLE('',#11747,2.2);
#4715=CIRCLE('',#11748,2.2);
#4716=CIRCLE('',#11750,3.);
#4717=CIRCLE('',#11753,3.);
#4718=CIRCLE('',#11756,3.);
#4719=CIRCLE('',#11759,3.);
#4720=CIRCLE('',#11762,3.);
#4721=CIRCLE('',#11765,3.);
#4722=CIRCLE('',#11769,3.);
#4723=CIRCLE('',#11772,3.);
#4724=CIRCLE('',#11775,3.);
#4725=CIRCLE('',#11777,3.);
#4726=CIRCLE('',#11778,3.);
#4727=CIRCLE('',#11779,3.);
#4728=CIRCLE('',#11799,2.2);
#4729=CIRCLE('',#11800,2.2);
#4730=CIRCLE('',#11801,2.2);
#4731=CIRCLE('',#11802,2.2);
#4732=CIRCLE('',#11806,3.);
#4733=CIRCLE('',#11809,3.);
#4734=CIRCLE('',#11812,3.);
#4735=CIRCLE('',#11815,3.);
#4736=CIRCLE('',#11818,3.);
#4737=CIRCLE('',#11821,3.);
#4738=CIRCLE('',#11827,3.);
#4739=CIRCLE('',#11828,2.2);
#4740=CIRCLE('',#11831,3.);
#4741=CIRCLE('',#11832,2.2);
#4742=CIRCLE('',#11835,3.);
#4743=CIRCLE('',#11836,2.2);
#4744=CIRCLE('',#11839,3.);
#4745=CIRCLE('',#11840,2.2);
#4746=CIRCLE('',#11843,3.);
#4747=CIRCLE('',#11846,3.);
#4748=CIRCLE('',#11862,2.46666666666668);
#4749=CIRCLE('',#11863,2.46666666666666);
#4750=CIRCLE('',#11864,2.46666666666666);
#4751=CIRCLE('',#11865,2.46666666666667);
#4752=CIRCLE('',#11866,3.);
#4753=CIRCLE('',#11867,3.);
#4754=CIRCLE('',#11872,3.);
#4755=CIRCLE('',#11873,0.533333333333333);
#4756=CIRCLE('',#11874,0.533333333333331);
#4757=CIRCLE('',#11876,3.00000000000001);
#4758=CIRCLE('',#11877,0.533333333333333);
#4759=CIRCLE('',#11878,0.533333333333323);
#4760=CIRCLE('',#11880,0.533333333333333);
#4761=CIRCLE('',#11881,0.533333333333328);
#4762=CIRCLE('',#11883,0.533333333333333);
#4763=CIRCLE('',#11884,0.533333333333327);
#4764=CIRCLE('',#11926,2.2);
#4765=CIRCLE('',#11927,2.2);
#4766=CIRCLE('',#11928,2.2);
#4767=CIRCLE('',#11929,2.2);
#4768=CIRCLE('',#11933,3.);
#4769=CIRCLE('',#11936,3.);
#4770=CIRCLE('',#11939,3.);
#4771=CIRCLE('',#11942,3.);
#4772=CIRCLE('',#11945,3.);
#4773=CIRCLE('',#11948,3.);
#4774=CIRCLE('',#11955,3.);
#4775=CIRCLE('',#11956,2.2);
#4776=CIRCLE('',#11960,3.);
#4777=CIRCLE('',#11961,2.2);
#4778=CIRCLE('',#11967,3.);
#4779=CIRCLE('',#11990,2.2);
#4780=CIRCLE('',#11991,2.2);
#4781=CIRCLE('',#11992,2.2);
#4782=CIRCLE('',#11993,2.2);
#4783=CIRCLE('',#11997,3.);
#4784=CIRCLE('',#12000,3.);
#4785=CIRCLE('',#12003,3.);
#4786=CIRCLE('',#12006,3.);
#4787=CIRCLE('',#12009,3.);
#4788=CIRCLE('',#12012,3.);
#4789=CIRCLE('',#12018,0.533333333333333);
#4790=CIRCLE('',#12019,2.46666666666668);
#4791=CIRCLE('',#12020,0.533333333333324);
#4792=CIRCLE('',#12023,0.533333333333333);
#4793=CIRCLE('',#12024,2.46666666666667);
#4794=CIRCLE('',#12025,0.533333333333328);
#4795=CIRCLE('',#12028,3.00000000000001);
#4796=CIRCLE('',#12029,0.533333333333333);
#4797=CIRCLE('',#12030,2.46666666666666);
#4798=CIRCLE('',#12031,0.533333333333336);
#4799=CIRCLE('',#12034,3.);
#4800=CIRCLE('',#12035,0.533333333333333);
#4801=CIRCLE('',#12036,2.46666666666669);
#4802=CIRCLE('',#12037,0.533333333333323);
#4803=CIRCLE('',#12046,2.46666666666667);
#4804=CIRCLE('',#12047,2.46666666666662);
#4805=CIRCLE('',#12048,2.46666666666667);
#4806=CIRCLE('',#12049,2.46666666666667);
#4807=CIRCLE('',#12050,3.);
#4808=CIRCLE('',#12058,0.533333333333333);
#4809=CIRCLE('',#12059,0.533333333333324);
#4810=CIRCLE('',#12062,0.533333333333333);
#4811=CIRCLE('',#12063,0.533333333333328);
#4812=CIRCLE('',#12066,3.00000000000001);
#4813=CIRCLE('',#12067,0.533333333333333);
#4814=CIRCLE('',#12068,0.533333333333332);
#4815=CIRCLE('',#12071,3.);
#4816=CIRCLE('',#12072,0.533333333333333);
#4817=CIRCLE('',#12073,0.533333333333331);
#4818=CIRCLE('',#12124,2.2);
#4819=CIRCLE('',#12125,2.2);
#4820=CIRCLE('',#12126,2.2);
#4821=CIRCLE('',#12127,2.2);
#4822=CIRCLE('',#12131,3.);
#4823=CIRCLE('',#12134,3.);
#4824=CIRCLE('',#12137,3.);
#4825=CIRCLE('',#12140,3.);
#4826=CIRCLE('',#12143,3.);
#4827=CIRCLE('',#12146,3.);
#4828=CIRCLE('',#12182,2.19999999999999);
#4829=CIRCLE('',#12183,2.2);
#4830=CIRCLE('',#12184,2.2);
#4831=CIRCLE('',#12185,2.2);
#4832=CIRCLE('',#12189,3.);
#4833=CIRCLE('',#12192,3.);
#4834=CIRCLE('',#12195,3.);
#4835=CIRCLE('',#12198,3.);
#4836=CIRCLE('',#12201,3.);
#4837=CIRCLE('',#12204,3.00000000000001);
#4838=CIRCLE('',#12217,2.2);
#4839=CIRCLE('',#12218,2.2);
#4840=CIRCLE('',#12219,2.2);
#4841=CIRCLE('',#12220,2.2);
#4842=CIRCLE('',#12224,3.);
#4843=CIRCLE('',#12227,3.);
#4844=CIRCLE('',#12230,3.);
#4845=CIRCLE('',#12233,3.);
#4846=CIRCLE('',#12236,3.00000000000001);
#4847=CIRCLE('',#12239,3.);
#4848=CIRCLE('',#12245,0.533333333333333);
#4849=CIRCLE('',#12246,2.46666666666668);
#4850=CIRCLE('',#12247,0.533333333333324);
#4851=CIRCLE('',#12250,0.533333333333333);
#4852=CIRCLE('',#12251,2.46666666666667);
#4853=CIRCLE('',#12252,0.533333333333328);
#4854=CIRCLE('',#12255,3.00000000000001);
#4855=CIRCLE('',#12256,0.533333333333333);
#4856=CIRCLE('',#12257,2.46666666666665);
#4857=CIRCLE('',#12258,0.533333333333336);
#4858=CIRCLE('',#12261,3.);
#4859=CIRCLE('',#12262,0.533333333333333);
#4860=CIRCLE('',#12263,2.46666666666667);
#4861=CIRCLE('',#12264,0.533333333333336);
#4862=CIRCLE('',#12273,2.46666666666667);
#4863=CIRCLE('',#12274,2.46666666666666);
#4864=CIRCLE('',#12275,2.46666666666666);
#4865=CIRCLE('',#12276,2.46666666666667);
#4866=CIRCLE('',#12277,2.46666666666664);
#4867=CIRCLE('',#12278,2.46666666666667);
#4868=CIRCLE('',#12279,2.46666666666665);
#4869=CIRCLE('',#12280,2.46666666666668);
#4870=CIRCLE('',#12286,0.533333333333333);
#4871=CIRCLE('',#12287,0.533333333333331);
#4872=CIRCLE('',#12290,0.533333333333333);
#4873=CIRCLE('',#12291,0.533333333333331);
#4874=CIRCLE('',#12294,3.);
#4875=CIRCLE('',#12295,0.533333333333333);
#4876=CIRCLE('',#12296,0.533333333333337);
#4877=CIRCLE('',#12299,3.00000000000001);
#4878=CIRCLE('',#12300,0.533333333333333);
#4879=CIRCLE('',#12301,0.533333333333331);
#4880=CIRCLE('',#12312,0.533333333333333);
#4881=CIRCLE('',#12313,0.533333333333337);
#4882=CIRCLE('',#12316,0.533333333333333);
#4883=CIRCLE('',#12317,0.533333333333312);
#4884=CIRCLE('',#12320,3.);
#4885=CIRCLE('',#12321,0.533333333333333);
#4886=CIRCLE('',#12322,0.533333333333334);
#4887=CIRCLE('',#12325,3.);
#4888=CIRCLE('',#12326,0.533333333333333);
#4889=CIRCLE('',#12327,0.533333333333332);
#4890=VERTEX_POINT('',#15723);
#4891=VERTEX_POINT('',#15724);
#4892=VERTEX_POINT('',#15726);
#4893=VERTEX_POINT('',#15730);
#4894=VERTEX_POINT('',#15731);
#4895=VERTEX_POINT('',#15736);
#4896=VERTEX_POINT('',#15737);
#4897=VERTEX_POINT('',#15739);
#4898=VERTEX_POINT('',#15743);
#4899=VERTEX_POINT('',#15744);
#4900=VERTEX_POINT('',#15749);
#4901=VERTEX_POINT('',#15750);
#4902=VERTEX_POINT('',#15752);
#4903=VERTEX_POINT('',#15756);
#4904=VERTEX_POINT('',#15757);
#4905=VERTEX_POINT('',#15762);
#4906=VERTEX_POINT('',#15763);
#4907=VERTEX_POINT('',#15765);
#4908=VERTEX_POINT('',#15769);
#4909=VERTEX_POINT('',#15770);
#4910=VERTEX_POINT('',#15775);
#4911=VERTEX_POINT('',#15776);
#4912=VERTEX_POINT('',#15778);
#4913=VERTEX_POINT('',#15782);
#4914=VERTEX_POINT('',#15783);
#4915=VERTEX_POINT('',#15788);
#4916=VERTEX_POINT('',#15789);
#4917=VERTEX_POINT('',#15791);
#4918=VERTEX_POINT('',#15795);
#4919=VERTEX_POINT('',#15796);
#4920=VERTEX_POINT('',#15810);
#4921=VERTEX_POINT('',#15812);
#4922=VERTEX_POINT('',#15816);
#4923=VERTEX_POINT('',#15818);
#4924=VERTEX_POINT('',#15822);
#4925=VERTEX_POINT('',#15824);
#4926=VERTEX_POINT('',#15828);
#4927=VERTEX_POINT('',#15830);
#4928=VERTEX_POINT('',#15834);
#4929=VERTEX_POINT('',#15836);
#4930=VERTEX_POINT('',#15840);
#4931=VERTEX_POINT('',#15842);
#4932=VERTEX_POINT('',#15846);
#4933=VERTEX_POINT('',#15848);
#4934=VERTEX_POINT('',#15852);
#4935=VERTEX_POINT('',#15854);
#4936=VERTEX_POINT('',#15858);
#4937=VERTEX_POINT('',#15860);
#4938=VERTEX_POINT('',#15864);
#4939=VERTEX_POINT('',#15865);
#4940=VERTEX_POINT('',#15867);
#4941=VERTEX_POINT('',#15869);
#4942=VERTEX_POINT('',#15873);
#4943=VERTEX_POINT('',#15875);
#4944=VERTEX_POINT('',#15879);
#4945=VERTEX_POINT('',#15880);
#4946=VERTEX_POINT('',#15882);
#4947=VERTEX_POINT('',#15884);
#4948=VERTEX_POINT('',#15894);
#4949=VERTEX_POINT('',#15896);
#4950=VERTEX_POINT('',#15900);
#4951=VERTEX_POINT('',#15901);
#4952=VERTEX_POINT('',#15903);
#4953=VERTEX_POINT('',#15905);
#4954=VERTEX_POINT('',#15909);
#4955=VERTEX_POINT('',#15911);
#4956=VERTEX_POINT('',#15915);
#4957=VERTEX_POINT('',#15916);
#4958=VERTEX_POINT('',#15918);
#4959=VERTEX_POINT('',#15920);
#4960=VERTEX_POINT('',#15930);
#4961=VERTEX_POINT('',#15931);
#4962=VERTEX_POINT('',#15933);
#4963=VERTEX_POINT('',#15935);
#4964=VERTEX_POINT('',#15939);
#4965=VERTEX_POINT('',#15940);
#4966=VERTEX_POINT('',#15942);
#4967=VERTEX_POINT('',#15944);
#4968=VERTEX_POINT('',#15990);
#4969=VERTEX_POINT('',#15991);
#4970=VERTEX_POINT('',#15993);
#4971=VERTEX_POINT('',#15995);
#4972=VERTEX_POINT('',#15997);
#4973=VERTEX_POINT('',#15999);
#4974=VERTEX_POINT('',#16001);
#4975=VERTEX_POINT('',#16003);
#4976=VERTEX_POINT('',#16005);
#4977=VERTEX_POINT('',#16007);
#4978=VERTEX_POINT('',#16009);
#4979=VERTEX_POINT('',#16011);
#4980=VERTEX_POINT('',#16018);
#4981=VERTEX_POINT('',#16019);
#4982=VERTEX_POINT('',#16024);
#4983=VERTEX_POINT('',#16028);
#4984=VERTEX_POINT('',#16030);
#4985=VERTEX_POINT('',#16032);
#4986=VERTEX_POINT('',#16034);
#4987=VERTEX_POINT('',#16036);
#4988=VERTEX_POINT('',#16038);
#4989=VERTEX_POINT('',#16040);
#4990=VERTEX_POINT('',#16042);
#4991=VERTEX_POINT('',#16044);
#4992=VERTEX_POINT('',#16073);
#4993=VERTEX_POINT('',#16075);
#4994=VERTEX_POINT('',#16079);
#4995=VERTEX_POINT('',#16084);
#4996=VERTEX_POINT('',#16086);
#4997=VERTEX_POINT('',#16090);
#4998=VERTEX_POINT('',#16095);
#4999=VERTEX_POINT('',#16097);
#5000=VERTEX_POINT('',#16101);
#5001=VERTEX_POINT('',#16106);
#5002=VERTEX_POINT('',#16108);
#5003=VERTEX_POINT('',#16112);
#5004=VERTEX_POINT('',#16117);
#5005=VERTEX_POINT('',#16119);
#5006=VERTEX_POINT('',#16123);
#5007=VERTEX_POINT('',#16128);
#5008=VERTEX_POINT('',#16130);
#5009=VERTEX_POINT('',#16134);
#5010=VERTEX_POINT('',#16139);
#5011=VERTEX_POINT('',#16141);
#5012=VERTEX_POINT('',#16145);
#5013=VERTEX_POINT('',#16150);
#5014=VERTEX_POINT('',#16152);
#5015=VERTEX_POINT('',#16156);
#5016=VERTEX_POINT('',#16161);
#5017=VERTEX_POINT('',#16162);
#5018=VERTEX_POINT('',#16164);
#5019=VERTEX_POINT('',#16166);
#5020=VERTEX_POINT('',#16170);
#5021=VERTEX_POINT('',#16172);
#5022=VERTEX_POINT('',#16174);
#5023=VERTEX_POINT('',#16176);
#5024=VERTEX_POINT('',#16178);
#5025=VERTEX_POINT('',#16180);
#5026=VERTEX_POINT('',#16182);
#5027=VERTEX_POINT('',#16184);
#5028=VERTEX_POINT('',#16186);
#5029=VERTEX_POINT('',#16188);
#5030=VERTEX_POINT('',#16192);
#5031=VERTEX_POINT('',#16196);
#5032=VERTEX_POINT('',#16200);
#5033=VERTEX_POINT('',#16202);
#5034=VERTEX_POINT('',#16206);
#5035=VERTEX_POINT('',#16210);
#5036=VERTEX_POINT('',#16212);
#5037=VERTEX_POINT('',#16218);
#5038=VERTEX_POINT('',#16220);
#5039=VERTEX_POINT('',#16224);
#5040=VERTEX_POINT('',#16235);
#5041=VERTEX_POINT('',#16236);
#5042=VERTEX_POINT('',#16238);
#5043=VERTEX_POINT('',#16243);
#5044=VERTEX_POINT('',#16248);
#5045=VERTEX_POINT('',#16249);
#5046=VERTEX_POINT('',#16251);
#5047=VERTEX_POINT('',#16253);
#5048=VERTEX_POINT('',#16257);
#5049=VERTEX_POINT('',#16258);
#5050=VERTEX_POINT('',#16260);
#5051=VERTEX_POINT('',#16262);
#5052=VERTEX_POINT('',#16269);
#5053=VERTEX_POINT('',#16270);
#5054=VERTEX_POINT('',#16275);
#5055=VERTEX_POINT('',#16276);
#5056=VERTEX_POINT('',#16278);
#5057=VERTEX_POINT('',#16280);
#5058=VERTEX_POINT('',#16284);
#5059=VERTEX_POINT('',#16285);
#5060=VERTEX_POINT('',#16287);
#5061=VERTEX_POINT('',#16289);
#5062=VERTEX_POINT('',#16299);
#5063=VERTEX_POINT('',#16300);
#5064=VERTEX_POINT('',#16305);
#5065=VERTEX_POINT('',#16306);
#5066=VERTEX_POINT('',#16314);
#5067=VERTEX_POINT('',#16315);
#5068=VERTEX_POINT('',#16326);
#5069=VERTEX_POINT('',#16327);
#5070=VERTEX_POINT('',#16329);
#5071=VERTEX_POINT('',#16331);
#5072=VERTEX_POINT('',#16333);
#5073=VERTEX_POINT('',#16335);
#5074=VERTEX_POINT('',#16337);
#5075=VERTEX_POINT('',#16339);
#5076=VERTEX_POINT('',#16341);
#5077=VERTEX_POINT('',#16343);
#5078=VERTEX_POINT('',#16345);
#5079=VERTEX_POINT('',#16347);
#5080=VERTEX_POINT('',#16349);
#5081=VERTEX_POINT('',#16351);
#5082=VERTEX_POINT('',#16353);
#5083=VERTEX_POINT('',#16355);
#5084=VERTEX_POINT('',#16357);
#5085=VERTEX_POINT('',#16359);
#5086=VERTEX_POINT('',#16361);
#5087=VERTEX_POINT('',#16363);
#5088=VERTEX_POINT('',#16365);
#5089=VERTEX_POINT('',#16367);
#5090=VERTEX_POINT('',#16369);
#5091=VERTEX_POINT('',#16371);
#5092=VERTEX_POINT('',#16373);
#5093=VERTEX_POINT('',#16375);
#5094=VERTEX_POINT('',#16377);
#5095=VERTEX_POINT('',#16379);
#5096=VERTEX_POINT('',#16381);
#5097=VERTEX_POINT('',#16383);
#5098=VERTEX_POINT('',#16385);
#5099=VERTEX_POINT('',#16387);
#5100=VERTEX_POINT('',#16389);
#5101=VERTEX_POINT('',#16391);
#5102=VERTEX_POINT('',#16393);
#5103=VERTEX_POINT('',#16395);
#5104=VERTEX_POINT('',#16399);
#5105=VERTEX_POINT('',#16400);
#5106=VERTEX_POINT('',#16402);
#5107=VERTEX_POINT('',#16404);
#5108=VERTEX_POINT('',#16406);
#5109=VERTEX_POINT('',#16408);
#5110=VERTEX_POINT('',#16410);
#5111=VERTEX_POINT('',#16412);
#5112=VERTEX_POINT('',#16414);
#5113=VERTEX_POINT('',#16416);
#5114=VERTEX_POINT('',#16418);
#5115=VERTEX_POINT('',#16420);
#5116=VERTEX_POINT('',#16424);
#5117=VERTEX_POINT('',#16426);
#5118=VERTEX_POINT('',#16430);
#5119=VERTEX_POINT('',#16431);
#5120=VERTEX_POINT('',#16433);
#5121=VERTEX_POINT('',#16435);
#5122=VERTEX_POINT('',#16437);
#5123=VERTEX_POINT('',#16439);
#5124=VERTEX_POINT('',#16441);
#5125=VERTEX_POINT('',#16443);
#5126=VERTEX_POINT('',#16445);
#5127=VERTEX_POINT('',#16447);
#5128=VERTEX_POINT('',#16449);
#5129=VERTEX_POINT('',#16451);
#5130=VERTEX_POINT('',#16453);
#5131=VERTEX_POINT('',#16455);
#5132=VERTEX_POINT('',#16457);
#5133=VERTEX_POINT('',#16459);
#5134=VERTEX_POINT('',#16461);
#5135=VERTEX_POINT('',#16463);
#5136=VERTEX_POINT('',#16465);
#5137=VERTEX_POINT('',#16467);
#5138=VERTEX_POINT('',#16469);
#5139=VERTEX_POINT('',#16471);
#5140=VERTEX_POINT('',#16473);
#5141=VERTEX_POINT('',#16475);
#5142=VERTEX_POINT('',#16477);
#5143=VERTEX_POINT('',#16479);
#5144=VERTEX_POINT('',#16481);
#5145=VERTEX_POINT('',#16483);
#5146=VERTEX_POINT('',#16485);
#5147=VERTEX_POINT('',#16487);
#5148=VERTEX_POINT('',#16489);
#5149=VERTEX_POINT('',#16491);
#5150=VERTEX_POINT('',#16493);
#5151=VERTEX_POINT('',#16495);
#5152=VERTEX_POINT('',#16497);
#5153=VERTEX_POINT('',#16499);
#5154=VERTEX_POINT('',#16503);
#5155=VERTEX_POINT('',#16507);
#5156=VERTEX_POINT('',#16508);
#5157=VERTEX_POINT('',#16513);
#5158=VERTEX_POINT('',#16517);
#5159=VERTEX_POINT('',#16521);
#5160=VERTEX_POINT('',#16525);
#5161=VERTEX_POINT('',#16529);
#5162=VERTEX_POINT('',#16533);
#5163=VERTEX_POINT('',#16537);
#5164=VERTEX_POINT('',#16541);
#5165=VERTEX_POINT('',#16545);
#5166=VERTEX_POINT('',#16549);
#5167=VERTEX_POINT('',#16553);
#5168=VERTEX_POINT('',#16557);
#5169=VERTEX_POINT('',#16561);
#5170=VERTEX_POINT('',#16565);
#5171=VERTEX_POINT('',#16569);
#5172=VERTEX_POINT('',#16573);
#5173=VERTEX_POINT('',#16575);
#5174=VERTEX_POINT('',#16581);
#5175=VERTEX_POINT('',#16585);
#5176=VERTEX_POINT('',#16589);
#5177=VERTEX_POINT('',#16593);
#5178=VERTEX_POINT('',#16597);
#5179=VERTEX_POINT('',#16601);
#5180=VERTEX_POINT('',#16605);
#5181=VERTEX_POINT('',#16609);
#5182=VERTEX_POINT('',#16613);
#5183=VERTEX_POINT('',#16617);
#5184=VERTEX_POINT('',#16621);
#5185=VERTEX_POINT('',#16625);
#5186=VERTEX_POINT('',#16629);
#5187=VERTEX_POINT('',#16633);
#5188=VERTEX_POINT('',#16637);
#5189=VERTEX_POINT('',#16641);
#5190=VERTEX_POINT('',#16645);
#5191=VERTEX_POINT('',#16688);
#5192=VERTEX_POINT('',#16690);
#5193=VERTEX_POINT('',#16694);
#5194=VERTEX_POINT('',#16698);
#5195=VERTEX_POINT('',#16700);
#5196=VERTEX_POINT('',#16704);
#5197=VERTEX_POINT('',#16708);
#5198=VERTEX_POINT('',#16712);
#5199=VERTEX_POINT('',#16716);
#5200=VERTEX_POINT('',#16720);
#5201=VERTEX_POINT('',#16722);
#5202=VERTEX_POINT('',#16726);
#5203=VERTEX_POINT('',#16775);
#5204=VERTEX_POINT('',#16776);
#5205=VERTEX_POINT('',#16778);
#5206=VERTEX_POINT('',#16780);
#5207=VERTEX_POINT('',#16784);
#5208=VERTEX_POINT('',#16786);
#5209=VERTEX_POINT('',#16790);
#5210=VERTEX_POINT('',#16792);
#5211=VERTEX_POINT('',#16796);
#5212=VERTEX_POINT('',#16798);
#5213=VERTEX_POINT('',#16802);
#5214=VERTEX_POINT('',#16804);
#5215=VERTEX_POINT('',#16811);
#5216=VERTEX_POINT('',#16813);
#5217=VERTEX_POINT('',#16817);
#5218=VERTEX_POINT('',#16821);
#5219=VERTEX_POINT('',#16825);
#5220=VERTEX_POINT('',#16826);
#5221=VERTEX_POINT('',#16828);
#5222=VERTEX_POINT('',#16830);
#5223=VERTEX_POINT('',#16832);
#5224=VERTEX_POINT('',#16834);
#5225=VERTEX_POINT('',#16836);
#5226=VERTEX_POINT('',#16838);
#5227=VERTEX_POINT('',#16840);
#5228=VERTEX_POINT('',#16842);
#5229=VERTEX_POINT('',#16844);
#5230=VERTEX_POINT('',#16846);
#5231=VERTEX_POINT('',#16850);
#5232=VERTEX_POINT('',#16852);
#5233=VERTEX_POINT('',#16856);
#5234=VERTEX_POINT('',#16860);
#5235=VERTEX_POINT('',#16864);
#5236=VERTEX_POINT('',#16868);
#5237=VERTEX_POINT('',#16872);
#5238=VERTEX_POINT('',#16876);
#5239=VERTEX_POINT('',#16880);
#5240=VERTEX_POINT('',#16884);
#5241=VERTEX_POINT('',#16888);
#5242=VERTEX_POINT('',#16892);
#5243=VERTEX_POINT('',#16898);
#5244=VERTEX_POINT('',#16900);
#5245=VERTEX_POINT('',#16904);
#5246=VERTEX_POINT('',#16908);
#5247=VERTEX_POINT('',#16912);
#5248=VERTEX_POINT('',#16916);
#5249=VERTEX_POINT('',#16920);
#5250=VERTEX_POINT('',#16924);
#5251=VERTEX_POINT('',#16926);
#5252=VERTEX_POINT('',#16928);
#5253=VERTEX_POINT('',#16930);
#5254=VERTEX_POINT('',#16932);
#5255=VERTEX_POINT('',#16935);
#5256=VERTEX_POINT('',#16937);
#5257=VERTEX_POINT('',#16957);
#5258=VERTEX_POINT('',#16958);
#5259=VERTEX_POINT('',#16960);
#5260=VERTEX_POINT('',#16962);
#5261=VERTEX_POINT('',#16966);
#5262=VERTEX_POINT('',#16968);
#5263=VERTEX_POINT('',#16972);
#5264=VERTEX_POINT('',#16974);
#5265=VERTEX_POINT('',#16978);
#5266=VERTEX_POINT('',#16980);
#5267=VERTEX_POINT('',#16984);
#5268=VERTEX_POINT('',#16986);
#5269=VERTEX_POINT('',#16993);
#5270=VERTEX_POINT('',#16995);
#5271=VERTEX_POINT('',#16999);
#5272=VERTEX_POINT('',#17003);
#5273=VERTEX_POINT('',#17007);
#5274=VERTEX_POINT('',#17008);
#5275=VERTEX_POINT('',#17010);
#5276=VERTEX_POINT('',#17012);
#5277=VERTEX_POINT('',#17014);
#5278=VERTEX_POINT('',#17016);
#5279=VERTEX_POINT('',#17018);
#5280=VERTEX_POINT('',#17020);
#5281=VERTEX_POINT('',#17022);
#5282=VERTEX_POINT('',#17024);
#5283=VERTEX_POINT('',#17028);
#5284=VERTEX_POINT('',#17030);
#5285=VERTEX_POINT('',#17034);
#5286=VERTEX_POINT('',#17038);
#5287=VERTEX_POINT('',#17042);
#5288=VERTEX_POINT('',#17046);
#5289=VERTEX_POINT('',#17050);
#5290=VERTEX_POINT('',#17054);
#5291=VERTEX_POINT('',#17058);
#5292=VERTEX_POINT('',#17062);
#5293=VERTEX_POINT('',#17068);
#5294=VERTEX_POINT('',#17070);
#5295=VERTEX_POINT('',#17074);
#5296=VERTEX_POINT('',#17078);
#5297=VERTEX_POINT('',#17082);
#5298=VERTEX_POINT('',#17084);
#5299=VERTEX_POINT('',#17088);
#5300=VERTEX_POINT('',#17092);
#5301=VERTEX_POINT('',#17093);
#5302=VERTEX_POINT('',#17095);
#5303=VERTEX_POINT('',#17097);
#5304=VERTEX_POINT('',#17101);
#5305=VERTEX_POINT('',#17103);
#5306=VERTEX_POINT('',#17107);
#5307=VERTEX_POINT('',#17109);
#5308=VERTEX_POINT('',#17113);
#5309=VERTEX_POINT('',#17114);
#5310=VERTEX_POINT('',#17119);
#5311=VERTEX_POINT('',#17121);
#5312=VERTEX_POINT('',#17125);
#5313=VERTEX_POINT('',#17126);
#5314=VERTEX_POINT('',#17131);
#5315=VERTEX_POINT('',#17133);
#5316=VERTEX_POINT('',#17137);
#5317=VERTEX_POINT('',#17138);
#5318=VERTEX_POINT('',#17143);
#5319=VERTEX_POINT('',#17145);
#5320=VERTEX_POINT('',#17152);
#5321=VERTEX_POINT('',#17154);
#5322=VERTEX_POINT('',#17158);
#5323=VERTEX_POINT('',#17162);
#5324=VERTEX_POINT('',#17166);
#5325=VERTEX_POINT('',#17168);
#5326=VERTEX_POINT('',#17170);
#5327=VERTEX_POINT('',#17174);
#5328=VERTEX_POINT('',#17178);
#5329=VERTEX_POINT('',#17179);
#5330=VERTEX_POINT('',#17181);
#5331=VERTEX_POINT('',#17183);
#5332=VERTEX_POINT('',#17185);
#5333=VERTEX_POINT('',#17187);
#5334=VERTEX_POINT('',#17191);
#5335=VERTEX_POINT('',#17193);
#5336=VERTEX_POINT('',#17197);
#5337=VERTEX_POINT('',#17201);
#5338=VERTEX_POINT('',#17205);
#5339=VERTEX_POINT('',#17209);
#5340=VERTEX_POINT('',#17215);
#5341=VERTEX_POINT('',#17217);
#5342=VERTEX_POINT('',#17221);
#5343=VERTEX_POINT('',#17225);
#5344=VERTEX_POINT('',#17229);
#5345=VERTEX_POINT('',#17233);
#5346=VERTEX_POINT('',#17235);
#5347=VERTEX_POINT('',#17237);
#5348=VERTEX_POINT('',#17239);
#5349=VERTEX_POINT('',#17241);
#5350=VERTEX_POINT('',#17243);
#5351=VERTEX_POINT('',#17245);
#5352=VERTEX_POINT('',#17247);
#5353=VERTEX_POINT('',#17249);
#5354=VERTEX_POINT('',#17251);
#5355=VERTEX_POINT('',#17253);
#5356=VERTEX_POINT('',#17255);
#5357=VERTEX_POINT('',#17257);
#5358=VERTEX_POINT('',#17259);
#5359=VERTEX_POINT('',#17262);
#5360=VERTEX_POINT('',#17264);
#5361=VERTEX_POINT('',#17267);
#5362=VERTEX_POINT('',#17268);
#5363=VERTEX_POINT('',#17270);
#5364=VERTEX_POINT('',#17272);
#5365=VERTEX_POINT('',#17274);
#5366=VERTEX_POINT('',#17276);
#5367=VERTEX_POINT('',#17279);
#5368=VERTEX_POINT('',#17281);
#5369=VERTEX_POINT('',#17291);
#5370=VERTEX_POINT('',#17292);
#5371=VERTEX_POINT('',#17297);
#5372=VERTEX_POINT('',#17298);
#5373=VERTEX_POINT('',#17309);
#5374=VERTEX_POINT('',#17323);
#5375=VERTEX_POINT('',#17338);
#5376=VERTEX_POINT('',#17340);
#5377=VERTEX_POINT('',#17344);
#5378=VERTEX_POINT('',#17348);
#5379=VERTEX_POINT('',#17352);
#5380=VERTEX_POINT('',#17356);
#5381=VERTEX_POINT('',#17377);
#5382=VERTEX_POINT('',#17378);
#5383=VERTEX_POINT('',#17380);
#5384=VERTEX_POINT('',#17382);
#5385=VERTEX_POINT('',#17386);
#5386=VERTEX_POINT('',#17388);
#5387=VERTEX_POINT('',#17392);
#5388=VERTEX_POINT('',#17394);
#5389=VERTEX_POINT('',#17398);
#5390=VERTEX_POINT('',#17400);
#5391=VERTEX_POINT('',#17404);
#5392=VERTEX_POINT('',#17406);
#5393=VERTEX_POINT('',#17413);
#5394=VERTEX_POINT('',#17415);
#5395=VERTEX_POINT('',#17419);
#5396=VERTEX_POINT('',#17423);
#5397=VERTEX_POINT('',#17427);
#5398=VERTEX_POINT('',#17428);
#5399=VERTEX_POINT('',#17430);
#5400=VERTEX_POINT('',#17432);
#5401=VERTEX_POINT('',#17434);
#5402=VERTEX_POINT('',#17436);
#5403=VERTEX_POINT('',#17438);
#5404=VERTEX_POINT('',#17440);
#5405=VERTEX_POINT('',#17442);
#5406=VERTEX_POINT('',#17444);
#5407=VERTEX_POINT('',#17448);
#5408=VERTEX_POINT('',#17450);
#5409=VERTEX_POINT('',#17454);
#5410=VERTEX_POINT('',#17458);
#5411=VERTEX_POINT('',#17462);
#5412=VERTEX_POINT('',#17466);
#5413=VERTEX_POINT('',#17470);
#5414=VERTEX_POINT('',#17474);
#5415=VERTEX_POINT('',#17478);
#5416=VERTEX_POINT('',#17482);
#5417=VERTEX_POINT('',#17488);
#5418=VERTEX_POINT('',#17490);
#5419=VERTEX_POINT('',#17494);
#5420=VERTEX_POINT('',#17498);
#5421=VERTEX_POINT('',#17502);
#5422=VERTEX_POINT('',#17504);
#5423=VERTEX_POINT('',#17508);
#5424=VERTEX_POINT('',#17512);
#5425=VERTEX_POINT('',#17513);
#5426=VERTEX_POINT('',#17515);
#5427=VERTEX_POINT('',#17517);
#5428=VERTEX_POINT('',#17521);
#5429=VERTEX_POINT('',#17523);
#5430=VERTEX_POINT('',#17527);
#5431=VERTEX_POINT('',#17528);
#5432=VERTEX_POINT('',#17530);
#5433=VERTEX_POINT('',#17532);
#5434=VERTEX_POINT('',#17536);
#5435=VERTEX_POINT('',#17538);
#5436=VERTEX_POINT('',#17545);
#5437=VERTEX_POINT('',#17547);
#5438=VERTEX_POINT('',#17551);
#5439=VERTEX_POINT('',#17553);
#5440=VERTEX_POINT('',#17560);
#5441=VERTEX_POINT('',#17562);
#5442=VERTEX_POINT('',#17566);
#5443=VERTEX_POINT('',#17568);
#5444=VERTEX_POINT('',#17570);
#5445=VERTEX_POINT('',#17574);
#5446=VERTEX_POINT('',#17578);
#5447=VERTEX_POINT('',#17580);
#5448=VERTEX_POINT('',#17582);
#5449=VERTEX_POINT('',#17586);
#5450=VERTEX_POINT('',#17587);
#5451=VERTEX_POINT('',#17589);
#5452=VERTEX_POINT('',#17591);
#5453=VERTEX_POINT('',#17593);
#5454=VERTEX_POINT('',#17595);
#5455=VERTEX_POINT('',#17599);
#5456=VERTEX_POINT('',#17601);
#5457=VERTEX_POINT('',#17605);
#5458=VERTEX_POINT('',#17609);
#5459=VERTEX_POINT('',#17613);
#5460=VERTEX_POINT('',#17617);
#5461=VERTEX_POINT('',#17623);
#5462=VERTEX_POINT('',#17625);
#5463=VERTEX_POINT('',#17629);
#5464=VERTEX_POINT('',#17633);
#5465=VERTEX_POINT('',#17637);
#5466=VERTEX_POINT('',#17638);
#5467=VERTEX_POINT('',#17640);
#5468=VERTEX_POINT('',#17642);
#5469=VERTEX_POINT('',#17646);
#5470=VERTEX_POINT('',#17648);
#5471=VERTEX_POINT('',#17652);
#5472=VERTEX_POINT('',#17654);
#5473=VERTEX_POINT('',#17658);
#5474=VERTEX_POINT('',#17660);
#5475=VERTEX_POINT('',#17664);
#5476=VERTEX_POINT('',#17666);
#5477=VERTEX_POINT('',#17673);
#5478=VERTEX_POINT('',#17675);
#5479=VERTEX_POINT('',#17679);
#5480=VERTEX_POINT('',#17683);
#5481=VERTEX_POINT('',#17687);
#5482=VERTEX_POINT('',#17688);
#5483=VERTEX_POINT('',#17690);
#5484=VERTEX_POINT('',#17692);
#5485=VERTEX_POINT('',#17694);
#5486=VERTEX_POINT('',#17696);
#5487=VERTEX_POINT('',#17698);
#5488=VERTEX_POINT('',#17700);
#5489=VERTEX_POINT('',#17702);
#5490=VERTEX_POINT('',#17704);
#5491=VERTEX_POINT('',#17708);
#5492=VERTEX_POINT('',#17710);
#5493=VERTEX_POINT('',#17714);
#5494=VERTEX_POINT('',#17718);
#5495=VERTEX_POINT('',#17722);
#5496=VERTEX_POINT('',#17726);
#5497=VERTEX_POINT('',#17730);
#5498=VERTEX_POINT('',#17734);
#5499=VERTEX_POINT('',#17738);
#5500=VERTEX_POINT('',#17742);
#5501=VERTEX_POINT('',#17748);
#5502=VERTEX_POINT('',#17750);
#5503=VERTEX_POINT('',#17754);
#5504=VERTEX_POINT('',#17758);
#5505=VERTEX_POINT('',#17762);
#5506=VERTEX_POINT('',#17764);
#5507=VERTEX_POINT('',#17768);
#5508=VERTEX_POINT('',#17773);
#5509=VERTEX_POINT('',#17777);
#5510=VERTEX_POINT('',#17779);
#5511=VERTEX_POINT('',#17785);
#5512=VERTEX_POINT('',#17787);
#5513=VERTEX_POINT('',#17793);
#5514=VERTEX_POINT('',#17794);
#5515=VERTEX_POINT('',#17796);
#5516=VERTEX_POINT('',#17798);
#5517=VERTEX_POINT('',#17805);
#5518=VERTEX_POINT('',#17806);
#5519=VERTEX_POINT('',#17808);
#5520=VERTEX_POINT('',#17810);
#5521=VERTEX_POINT('',#17817);
#5522=VERTEX_POINT('',#17819);
#5523=VERTEX_POINT('',#17826);
#5524=VERTEX_POINT('',#17828);
#5525=VERTEX_POINT('',#17835);
#5526=VERTEX_POINT('',#17837);
#5527=VERTEX_POINT('',#17839);
#5528=VERTEX_POINT('',#17841);
#5529=VERTEX_POINT('',#17843);
#5530=VERTEX_POINT('',#17845);
#5531=VERTEX_POINT('',#17847);
#5532=VERTEX_POINT('',#17849);
#5533=VERTEX_POINT('',#17851);
#5534=VERTEX_POINT('',#17853);
#5535=VERTEX_POINT('',#17855);
#5536=VERTEX_POINT('',#17857);
#5537=VERTEX_POINT('',#17859);
#5538=VERTEX_POINT('',#17862);
#5539=VERTEX_POINT('',#17864);
#5540=VERTEX_POINT('',#17867);
#5541=VERTEX_POINT('',#17868);
#5542=VERTEX_POINT('',#17870);
#5543=VERTEX_POINT('',#17872);
#5544=VERTEX_POINT('',#17874);
#5545=VERTEX_POINT('',#17876);
#5546=VERTEX_POINT('',#17879);
#5547=VERTEX_POINT('',#17881);
#5548=VERTEX_POINT('',#17884);
#5549=VERTEX_POINT('',#17886);
#5550=VERTEX_POINT('',#17889);
#5551=VERTEX_POINT('',#17890);
#5552=VERTEX_POINT('',#17892);
#5553=VERTEX_POINT('',#17894);
#5554=VERTEX_POINT('',#17896);
#5555=VERTEX_POINT('',#17898);
#5556=VERTEX_POINT('',#17909);
#5557=VERTEX_POINT('',#17922);
#5558=VERTEX_POINT('',#17923);
#5559=VERTEX_POINT('',#17930);
#5560=VERTEX_POINT('',#17931);
#5561=VERTEX_POINT('',#17938);
#5562=VERTEX_POINT('',#17950);
#5563=VERTEX_POINT('',#17955);
#5564=VERTEX_POINT('',#17956);
#5565=VERTEX_POINT('',#17958);
#5566=VERTEX_POINT('',#17960);
#5567=VERTEX_POINT('',#17962);
#5568=VERTEX_POINT('',#17964);
#5569=VERTEX_POINT('',#17972);
#5570=VERTEX_POINT('',#17973);
#5571=VERTEX_POINT('',#17975);
#5572=VERTEX_POINT('',#17977);
#5573=VERTEX_POINT('',#17979);
#5574=VERTEX_POINT('',#17981);
#5575=VERTEX_POINT('',#18035);
#5576=VERTEX_POINT('',#18036);
#5577=VERTEX_POINT('',#18038);
#5578=VERTEX_POINT('',#18040);
#5579=VERTEX_POINT('',#18044);
#5580=VERTEX_POINT('',#18046);
#5581=VERTEX_POINT('',#18050);
#5582=VERTEX_POINT('',#18052);
#5583=VERTEX_POINT('',#18056);
#5584=VERTEX_POINT('',#18058);
#5585=VERTEX_POINT('',#18062);
#5586=VERTEX_POINT('',#18064);
#5587=VERTEX_POINT('',#18071);
#5588=VERTEX_POINT('',#18073);
#5589=VERTEX_POINT('',#18077);
#5590=VERTEX_POINT('',#18081);
#5591=VERTEX_POINT('',#18085);
#5592=VERTEX_POINT('',#18086);
#5593=VERTEX_POINT('',#18088);
#5594=VERTEX_POINT('',#18090);
#5595=VERTEX_POINT('',#18092);
#5596=VERTEX_POINT('',#18094);
#5597=VERTEX_POINT('',#18096);
#5598=VERTEX_POINT('',#18098);
#5599=VERTEX_POINT('',#18100);
#5600=VERTEX_POINT('',#18102);
#5601=VERTEX_POINT('',#18106);
#5602=VERTEX_POINT('',#18108);
#5603=VERTEX_POINT('',#18112);
#5604=VERTEX_POINT('',#18116);
#5605=VERTEX_POINT('',#18120);
#5606=VERTEX_POINT('',#18124);
#5607=VERTEX_POINT('',#18128);
#5608=VERTEX_POINT('',#18132);
#5609=VERTEX_POINT('',#18136);
#5610=VERTEX_POINT('',#18140);
#5611=VERTEX_POINT('',#18146);
#5612=VERTEX_POINT('',#18148);
#5613=VERTEX_POINT('',#18152);
#5614=VERTEX_POINT('',#18156);
#5615=VERTEX_POINT('',#18160);
#5616=VERTEX_POINT('',#18162);
#5617=VERTEX_POINT('',#18166);
#5618=VERTEX_POINT('',#18170);
#5619=VERTEX_POINT('',#18171);
#5620=VERTEX_POINT('',#18173);
#5621=VERTEX_POINT('',#18175);
#5622=VERTEX_POINT('',#18179);
#5623=VERTEX_POINT('',#18181);
#5624=VERTEX_POINT('',#18185);
#5625=VERTEX_POINT('',#18187);
#5626=VERTEX_POINT('',#18191);
#5627=VERTEX_POINT('',#18193);
#5628=VERTEX_POINT('',#18197);
#5629=VERTEX_POINT('',#18199);
#5630=VERTEX_POINT('',#18206);
#5631=VERTEX_POINT('',#18208);
#5632=VERTEX_POINT('',#18210);
#5633=VERTEX_POINT('',#18212);
#5634=VERTEX_POINT('',#18214);
#5635=VERTEX_POINT('',#18216);
#5636=VERTEX_POINT('',#18220);
#5637=VERTEX_POINT('',#18224);
#5638=VERTEX_POINT('',#18226);
#5639=VERTEX_POINT('',#18228);
#5640=VERTEX_POINT('',#18230);
#5641=VERTEX_POINT('',#18232);
#5642=VERTEX_POINT('',#18236);
#5643=VERTEX_POINT('',#18237);
#5644=VERTEX_POINT('',#18239);
#5645=VERTEX_POINT('',#18241);
#5646=VERTEX_POINT('',#18243);
#5647=VERTEX_POINT('',#18245);
#5648=VERTEX_POINT('',#18249);
#5649=VERTEX_POINT('',#18251);
#5650=VERTEX_POINT('',#18255);
#5651=VERTEX_POINT('',#18259);
#5652=VERTEX_POINT('',#18263);
#5653=VERTEX_POINT('',#18267);
#5654=VERTEX_POINT('',#18273);
#5655=VERTEX_POINT('',#18275);
#5656=VERTEX_POINT('',#18279);
#5657=VERTEX_POINT('',#18283);
#5658=VERTEX_POINT('',#18287);
#5659=VERTEX_POINT('',#18288);
#5660=VERTEX_POINT('',#18290);
#5661=VERTEX_POINT('',#18292);
#5662=VERTEX_POINT('',#18296);
#5663=VERTEX_POINT('',#18298);
#5664=VERTEX_POINT('',#18302);
#5665=VERTEX_POINT('',#18304);
#5666=VERTEX_POINT('',#18308);
#5667=VERTEX_POINT('',#18310);
#5668=VERTEX_POINT('',#18314);
#5669=VERTEX_POINT('',#18316);
#5670=VERTEX_POINT('',#18323);
#5671=VERTEX_POINT('',#18325);
#5672=VERTEX_POINT('',#18329);
#5673=VERTEX_POINT('',#18333);
#5674=VERTEX_POINT('',#18337);
#5675=VERTEX_POINT('',#18338);
#5676=VERTEX_POINT('',#18340);
#5677=VERTEX_POINT('',#18342);
#5678=VERTEX_POINT('',#18344);
#5679=VERTEX_POINT('',#18346);
#5680=VERTEX_POINT('',#18348);
#5681=VERTEX_POINT('',#18350);
#5682=VERTEX_POINT('',#18352);
#5683=VERTEX_POINT('',#18354);
#5684=VERTEX_POINT('',#18358);
#5685=VERTEX_POINT('',#18360);
#5686=VERTEX_POINT('',#18364);
#5687=VERTEX_POINT('',#18368);
#5688=VERTEX_POINT('',#18372);
#5689=VERTEX_POINT('',#18376);
#5690=VERTEX_POINT('',#18380);
#5691=VERTEX_POINT('',#18384);
#5692=VERTEX_POINT('',#18388);
#5693=VERTEX_POINT('',#18392);
#5694=VERTEX_POINT('',#18398);
#5695=VERTEX_POINT('',#18400);
#5696=VERTEX_POINT('',#18404);
#5697=VERTEX_POINT('',#18408);
#5698=VERTEX_POINT('',#18412);
#5699=VERTEX_POINT('',#18414);
#5700=VERTEX_POINT('',#18418);
#5701=VERTEX_POINT('',#18422);
#5702=VERTEX_POINT('',#18423);
#5703=VERTEX_POINT('',#18425);
#5704=VERTEX_POINT('',#18427);
#5705=VERTEX_POINT('',#18431);
#5706=VERTEX_POINT('',#18433);
#5707=VERTEX_POINT('',#18437);
#5708=VERTEX_POINT('',#18439);
#5709=VERTEX_POINT('',#18443);
#5710=VERTEX_POINT('',#18445);
#5711=VERTEX_POINT('',#18449);
#5712=VERTEX_POINT('',#18451);
#5713=VERTEX_POINT('',#18458);
#5714=VERTEX_POINT('',#18460);
#5715=VERTEX_POINT('',#18464);
#5716=VERTEX_POINT('',#18468);
#5717=VERTEX_POINT('',#18472);
#5718=VERTEX_POINT('',#18473);
#5719=VERTEX_POINT('',#18475);
#5720=VERTEX_POINT('',#18477);
#5721=VERTEX_POINT('',#18479);
#5722=VERTEX_POINT('',#18481);
#5723=VERTEX_POINT('',#18483);
#5724=VERTEX_POINT('',#18485);
#5725=VERTEX_POINT('',#18487);
#5726=VERTEX_POINT('',#18489);
#5727=VERTEX_POINT('',#18493);
#5728=VERTEX_POINT('',#18495);
#5729=VERTEX_POINT('',#18499);
#5730=VERTEX_POINT('',#18503);
#5731=VERTEX_POINT('',#18507);
#5732=VERTEX_POINT('',#18511);
#5733=VERTEX_POINT('',#18515);
#5734=VERTEX_POINT('',#18519);
#5735=VERTEX_POINT('',#18523);
#5736=VERTEX_POINT('',#18527);
#5737=VERTEX_POINT('',#18533);
#5738=VERTEX_POINT('',#18535);
#5739=VERTEX_POINT('',#18539);
#5740=VERTEX_POINT('',#18543);
#5741=VERTEX_POINT('',#18547);
#5742=VERTEX_POINT('',#18549);
#5743=VERTEX_POINT('',#18553);
#5744=VERTEX_POINT('',#18558);
#5745=VERTEX_POINT('',#18562);
#5746=VERTEX_POINT('',#18564);
#5747=VERTEX_POINT('',#18570);
#5748=VERTEX_POINT('',#18572);
#5749=VERTEX_POINT('',#18578);
#5750=VERTEX_POINT('',#18579);
#5751=VERTEX_POINT('',#18581);
#5752=VERTEX_POINT('',#18583);
#5753=VERTEX_POINT('',#18590);
#5754=VERTEX_POINT('',#18591);
#5755=VERTEX_POINT('',#18593);
#5756=VERTEX_POINT('',#18595);
#5757=VERTEX_POINT('',#18602);
#5758=VERTEX_POINT('',#18604);
#5759=VERTEX_POINT('',#18614);
#5760=VERTEX_POINT('',#18616);
#5761=VERTEX_POINT('',#18620);
#5762=VERTEX_POINT('',#18622);
#5763=VERTEX_POINT('',#18624);
#5764=VERTEX_POINT('',#18626);
#5765=VERTEX_POINT('',#18628);
#5766=VERTEX_POINT('',#18630);
#5767=VERTEX_POINT('',#18632);
#5768=VERTEX_POINT('',#18634);
#5769=VERTEX_POINT('',#18636);
#5770=VERTEX_POINT('',#18638);
#5771=VERTEX_POINT('',#18640);
#5772=VERTEX_POINT('',#18643);
#5773=VERTEX_POINT('',#18645);
#5774=VERTEX_POINT('',#18647);
#5775=VERTEX_POINT('',#18649);
#5776=VERTEX_POINT('',#18651);
#5777=VERTEX_POINT('',#18653);
#5778=VERTEX_POINT('',#18655);
#5779=VERTEX_POINT('',#18657);
#5780=VERTEX_POINT('',#18659);
#5781=VERTEX_POINT('',#18661);
#5782=VERTEX_POINT('',#18664);
#5783=VERTEX_POINT('',#18665);
#5784=VERTEX_POINT('',#18667);
#5785=VERTEX_POINT('',#18669);
#5786=VERTEX_POINT('',#18671);
#5787=VERTEX_POINT('',#18673);
#5788=VERTEX_POINT('',#18676);
#5789=VERTEX_POINT('',#18678);
#5790=VERTEX_POINT('',#18681);
#5791=VERTEX_POINT('',#18682);
#5792=VERTEX_POINT('',#18684);
#5793=VERTEX_POINT('',#18686);
#5794=VERTEX_POINT('',#18688);
#5795=VERTEX_POINT('',#18690);
#5796=VERTEX_POINT('',#18693);
#5797=VERTEX_POINT('',#18694);
#5798=VERTEX_POINT('',#18696);
#5799=VERTEX_POINT('',#18698);
#5800=VERTEX_POINT('',#18700);
#5801=VERTEX_POINT('',#18702);
#5802=VERTEX_POINT('',#18705);
#5803=VERTEX_POINT('',#18707);
#5804=VERTEX_POINT('',#18710);
#5805=VERTEX_POINT('',#18712);
#5806=VERTEX_POINT('',#18715);
#5807=VERTEX_POINT('',#18717);
#5808=VERTEX_POINT('',#18723);
#5809=VERTEX_POINT('',#18736);
#5810=VERTEX_POINT('',#18737);
#5811=VERTEX_POINT('',#18744);
#5812=VERTEX_POINT('',#18745);
#5813=VERTEX_POINT('',#18752);
#5814=VERTEX_POINT('',#18764);
#5815=VERTEX_POINT('',#18779);
#5816=VERTEX_POINT('',#18780);
#5817=VERTEX_POINT('',#18787);
#5818=VERTEX_POINT('',#18788);
#5819=VERTEX_POINT('',#18795);
#5820=VERTEX_POINT('',#18811);
#5821=VERTEX_POINT('',#18812);
#5822=VERTEX_POINT('',#18814);
#5823=VERTEX_POINT('',#18816);
#5824=VERTEX_POINT('',#18818);
#5825=VERTEX_POINT('',#18820);
#5826=VERTEX_POINT('',#18825);
#5827=VERTEX_POINT('',#18826);
#5828=VERTEX_POINT('',#18828);
#5829=VERTEX_POINT('',#18830);
#5830=VERTEX_POINT('',#18832);
#5831=VERTEX_POINT('',#18834);
#5832=VERTEX_POINT('',#18838);
#5833=VERTEX_POINT('',#18845);
#5834=VERTEX_POINT('',#18846);
#5835=VERTEX_POINT('',#18848);
#5836=VERTEX_POINT('',#18850);
#5837=VERTEX_POINT('',#18852);
#5838=VERTEX_POINT('',#18854);
#5839=EDGE_CURVE('',#4890,#4891,#4541,.F.);
#5840=EDGE_CURVE('',#4892,#4890,#4542,.F.);
#5841=EDGE_CURVE('',#4891,#4892,#4543,.F.);
#5842=EDGE_CURVE('',#4893,#4894,#4544,.F.);
#5843=EDGE_CURVE('',#4894,#4892,#621,.T.);
#5844=EDGE_CURVE('',#4890,#4893,#622,.T.);
#5845=EDGE_CURVE('',#4895,#4896,#4545,.F.);
#5846=EDGE_CURVE('',#4897,#4895,#4546,.F.);
#5847=EDGE_CURVE('',#4896,#4897,#4547,.F.);
#5848=EDGE_CURVE('',#4898,#4899,#4548,.F.);
#5849=EDGE_CURVE('',#4899,#4897,#623,.T.);
#5850=EDGE_CURVE('',#4895,#4898,#624,.T.);
#5851=EDGE_CURVE('',#4900,#4901,#4549,.F.);
#5852=EDGE_CURVE('',#4902,#4900,#4550,.F.);
#5853=EDGE_CURVE('',#4901,#4902,#4551,.F.);
#5854=EDGE_CURVE('',#4903,#4904,#4552,.F.);
#5855=EDGE_CURVE('',#4904,#4902,#625,.T.);
#5856=EDGE_CURVE('',#4900,#4903,#626,.T.);
#5857=EDGE_CURVE('',#4905,#4906,#4553,.F.);
#5858=EDGE_CURVE('',#4907,#4905,#4554,.F.);
#5859=EDGE_CURVE('',#4906,#4907,#4555,.F.);
#5860=EDGE_CURVE('',#4908,#4909,#4556,.F.);
#5861=EDGE_CURVE('',#4909,#4907,#627,.T.);
#5862=EDGE_CURVE('',#4905,#4908,#628,.T.);
#5863=EDGE_CURVE('',#4910,#4911,#4557,.F.);
#5864=EDGE_CURVE('',#4912,#4910,#4558,.F.);
#5865=EDGE_CURVE('',#4911,#4912,#4559,.F.);
#5866=EDGE_CURVE('',#4913,#4914,#4560,.F.);
#5867=EDGE_CURVE('',#4914,#4912,#629,.T.);
#5868=EDGE_CURVE('',#4910,#4913,#630,.T.);
#5869=EDGE_CURVE('',#4915,#4916,#4561,.F.);
#5870=EDGE_CURVE('',#4917,#4915,#4562,.F.);
#5871=EDGE_CURVE('',#4916,#4917,#4563,.F.);
#5872=EDGE_CURVE('',#4918,#4919,#4564,.F.);
#5873=EDGE_CURVE('',#4919,#4917,#631,.T.);
#5874=EDGE_CURVE('',#4915,#4918,#632,.T.);
#5875=EDGE_CURVE('',#4902,#4890,#633,.T.);
#5876=EDGE_CURVE('',#4893,#4904,#634,.T.);
#5877=EDGE_CURVE('',#4912,#4900,#635,.T.);
#5878=EDGE_CURVE('',#4903,#4914,#636,.T.);
#5879=EDGE_CURVE('',#4917,#4910,#637,.T.);
#5880=EDGE_CURVE('',#4913,#4919,#638,.T.);
#5881=EDGE_CURVE('',#4901,#4920,#639,.T.);
#5882=EDGE_CURVE('',#4921,#4901,#640,.T.);
#5883=EDGE_CURVE('',#4920,#4921,#4565,.T.);
#5884=EDGE_CURVE('',#4891,#4922,#641,.T.);
#5885=EDGE_CURVE('',#4923,#4891,#642,.T.);
#5886=EDGE_CURVE('',#4922,#4923,#4566,.T.);
#5887=EDGE_CURVE('',#4924,#4896,#643,.T.);
#5888=EDGE_CURVE('',#4925,#4924,#4567,.T.);
#5889=EDGE_CURVE('',#4896,#4925,#644,.T.);
#5890=EDGE_CURVE('',#4926,#4906,#645,.T.);
#5891=EDGE_CURVE('',#4927,#4926,#4568,.T.);
#5892=EDGE_CURVE('',#4906,#4927,#646,.T.);
#5893=EDGE_CURVE('',#4928,#4916,#647,.T.);
#5894=EDGE_CURVE('',#4929,#4928,#4569,.T.);
#5895=EDGE_CURVE('',#4916,#4929,#648,.T.);
#5896=EDGE_CURVE('',#4911,#4930,#649,.T.);
#5897=EDGE_CURVE('',#4931,#4911,#650,.T.);
#5898=EDGE_CURVE('',#4930,#4931,#4570,.T.);
#5899=EDGE_CURVE('',#4932,#4928,#4571,.T.);
#5900=EDGE_CURVE('',#4933,#4932,#4572,.F.);
#5901=EDGE_CURVE('',#4929,#4933,#4573,.T.);
#5902=EDGE_CURVE('',#4934,#4931,#4574,.T.);
#5903=EDGE_CURVE('',#4935,#4934,#4575,.F.);
#5904=EDGE_CURVE('',#4930,#4935,#4576,.T.);
#5905=EDGE_CURVE('',#4936,#4926,#4577,.T.);
#5906=EDGE_CURVE('',#4937,#4936,#4578,.F.);
#5907=EDGE_CURVE('',#4927,#4937,#4579,.T.);
#5908=EDGE_CURVE('',#4938,#4939,#4580,.F.);
#5909=EDGE_CURVE('',#4940,#4938,#4581,.T.);
#5910=EDGE_CURVE('',#4940,#4941,#4582,.T.);
#5911=EDGE_CURVE('',#4939,#4941,#4583,.T.);
#5912=EDGE_CURVE('',#4942,#4921,#4584,.T.);
#5913=EDGE_CURVE('',#4943,#4942,#4585,.F.);
#5914=EDGE_CURVE('',#4920,#4943,#4586,.T.);
#5915=EDGE_CURVE('',#4944,#4945,#4587,.T.);
#5916=EDGE_CURVE('',#4946,#4945,#4588,.T.);
#5917=EDGE_CURVE('',#4947,#4946,#4589,.F.);
#5918=EDGE_CURVE('',#4944,#4947,#4590,.T.);
#5919=EDGE_CURVE('',#4945,#4940,#651,.T.);
#5920=EDGE_CURVE('',#4938,#4946,#652,.T.);
#5921=EDGE_CURVE('',#4934,#4947,#653,.T.);
#5922=EDGE_CURVE('',#4946,#4935,#654,.T.);
#5923=EDGE_CURVE('',#4948,#4924,#4591,.T.);
#5924=EDGE_CURVE('',#4949,#4948,#4592,.F.);
#5925=EDGE_CURVE('',#4925,#4949,#4593,.T.);
#5926=EDGE_CURVE('',#4950,#4951,#4594,.T.);
#5927=EDGE_CURVE('',#4952,#4951,#4595,.T.);
#5928=EDGE_CURVE('',#4953,#4952,#4596,.F.);
#5929=EDGE_CURVE('',#4950,#4953,#4597,.T.);
#5930=EDGE_CURVE('',#4954,#4923,#4598,.T.);
#5931=EDGE_CURVE('',#4955,#4954,#4599,.F.);
#5932=EDGE_CURVE('',#4922,#4955,#4600,.T.);
#5933=EDGE_CURVE('',#4956,#4957,#4601,.T.);
#5934=EDGE_CURVE('',#4958,#4957,#4602,.T.);
#5935=EDGE_CURVE('',#4959,#4958,#4603,.F.);
#5936=EDGE_CURVE('',#4956,#4959,#4604,.T.);
#5937=EDGE_CURVE('',#4957,#4944,#655,.T.);
#5938=EDGE_CURVE('',#4947,#4958,#656,.T.);
#5939=EDGE_CURVE('',#4942,#4959,#657,.T.);
#5940=EDGE_CURVE('',#4958,#4943,#658,.T.);
#5941=EDGE_CURVE('',#4960,#4961,#4605,.T.);
#5942=EDGE_CURVE('',#4962,#4961,#4606,.T.);
#5943=EDGE_CURVE('',#4963,#4962,#4607,.F.);
#5944=EDGE_CURVE('',#4960,#4963,#4608,.T.);
#5945=EDGE_CURVE('',#4964,#4965,#4609,.T.);
#5946=EDGE_CURVE('',#4966,#4965,#4610,.T.);
#5947=EDGE_CURVE('',#4967,#4966,#4611,.F.);
#5948=EDGE_CURVE('',#4964,#4967,#4612,.T.);
#5949=EDGE_CURVE('',#4965,#4956,#659,.T.);
#5950=EDGE_CURVE('',#4959,#4966,#660,.T.);
#5951=EDGE_CURVE('',#4954,#4967,#661,.T.);
#5952=EDGE_CURVE('',#4966,#4955,#662,.T.);
#5953=EDGE_CURVE('',#4961,#4964,#663,.T.);
#5954=EDGE_CURVE('',#4967,#4962,#664,.T.);
#5955=EDGE_CURVE('',#4948,#4963,#665,.T.);
#5956=EDGE_CURVE('',#4962,#4949,#666,.T.);
#5957=EDGE_CURVE('',#4951,#4960,#667,.T.);
#5958=EDGE_CURVE('',#4963,#4952,#668,.T.);
#5959=EDGE_CURVE('',#4955,#4942,#669,.T.);
#5960=EDGE_CURVE('',#4892,#4895,#670,.T.);
#5961=EDGE_CURVE('',#4949,#4954,#671,.T.);
#5962=EDGE_CURVE('',#4936,#4953,#672,.T.);
#5963=EDGE_CURVE('',#4952,#4937,#673,.T.);
#5964=EDGE_CURVE('',#4941,#4950,#674,.T.);
#5965=EDGE_CURVE('',#4953,#4939,#675,.T.);
#5966=EDGE_CURVE('',#4897,#4905,#676,.T.);
#5967=EDGE_CURVE('',#4937,#4948,#677,.T.);
#5968=EDGE_CURVE('',#4943,#4934,#678,.T.);
#5969=EDGE_CURVE('',#4932,#4938,#679,.T.);
#5970=EDGE_CURVE('',#4939,#4933,#680,.T.);
#5971=EDGE_CURVE('',#4907,#4915,#681,.T.);
#5972=EDGE_CURVE('',#4933,#4936,#682,.T.);
#5973=EDGE_CURVE('',#4935,#4932,#683,.T.);
#5974=EDGE_CURVE('',#4968,#4969,#4613,.T.);
#5975=EDGE_CURVE('',#4968,#4970,#684,.T.);
#5976=EDGE_CURVE('',#4971,#4970,#4614,.T.);
#5977=EDGE_CURVE('',#4971,#4972,#685,.T.);
#5978=EDGE_CURVE('',#4973,#4972,#4615,.T.);
#5979=EDGE_CURVE('',#4973,#4974,#686,.T.);
#5980=EDGE_CURVE('',#4975,#4974,#4616,.T.);
#5981=EDGE_CURVE('',#4975,#4976,#687,.T.);
#5982=EDGE_CURVE('',#4977,#4976,#4617,.T.);
#5983=EDGE_CURVE('',#4977,#4978,#688,.T.);
#5984=EDGE_CURVE('',#4979,#4978,#4618,.T.);
#5985=EDGE_CURVE('',#4979,#4969,#689,.T.);
#5986=EDGE_CURVE('',#4980,#4981,#4619,.T.);
#5987=EDGE_CURVE('',#4981,#4968,#690,.T.);
#5988=EDGE_CURVE('',#4969,#4980,#691,.T.);
#5989=EDGE_CURVE('',#4982,#4981,#692,.T.);
#5990=EDGE_CURVE('',#4970,#4982,#693,.T.);
#5991=EDGE_CURVE('',#4980,#4983,#694,.T.);
#5992=EDGE_CURVE('',#4984,#4983,#4620,.T.);
#5993=EDGE_CURVE('',#4984,#4985,#695,.T.);
#5994=EDGE_CURVE('',#4986,#4985,#4621,.T.);
#5995=EDGE_CURVE('',#4986,#4987,#696,.T.);
#5996=EDGE_CURVE('',#4988,#4987,#4622,.T.);
#5997=EDGE_CURVE('',#4988,#4989,#697,.T.);
#5998=EDGE_CURVE('',#4990,#4989,#4623,.T.);
#5999=EDGE_CURVE('',#4990,#4991,#698,.T.);
#6000=EDGE_CURVE('',#4982,#4991,#4624,.T.);
#6001=EDGE_CURVE('',#4918,#4909,#699,.T.);
#6002=EDGE_CURVE('',#4908,#4899,#700,.T.);
#6003=EDGE_CURVE('',#4898,#4894,#701,.T.);
#6004=EDGE_CURVE('',#4983,#4979,#702,.T.);
#6005=EDGE_CURVE('',#4978,#4984,#703,.T.);
#6006=EDGE_CURVE('',#4985,#4977,#704,.T.);
#6007=EDGE_CURVE('',#4976,#4986,#705,.T.);
#6008=EDGE_CURVE('',#4991,#4971,#706,.T.);
#6009=EDGE_CURVE('',#4972,#4990,#707,.T.);
#6010=EDGE_CURVE('',#4989,#4973,#708,.T.);
#6011=EDGE_CURVE('',#4974,#4988,#709,.T.);
#6012=EDGE_CURVE('',#4987,#4975,#710,.T.);
#6013=EDGE_CURVE('',#4992,#4992,#4625,.T.);
#6014=EDGE_CURVE('',#4992,#4993,#4626,.T.);
#6015=EDGE_CURVE('',#4993,#4993,#4627,.T.);
#6016=EDGE_CURVE('',#4994,#4994,#4628,.T.);
#6017=EDGE_CURVE('',#4994,#4992,#711,.T.);
#6018=EDGE_CURVE('',#4995,#4995,#4629,.T.);
#6019=EDGE_CURVE('',#4995,#4996,#4630,.T.);
#6020=EDGE_CURVE('',#4996,#4996,#4631,.T.);
#6021=EDGE_CURVE('',#4997,#4997,#4632,.T.);
#6022=EDGE_CURVE('',#4997,#4995,#712,.T.);
#6023=EDGE_CURVE('',#4998,#4998,#4633,.T.);
#6024=EDGE_CURVE('',#4998,#4999,#4634,.T.);
#6025=EDGE_CURVE('',#4999,#4999,#4635,.T.);
#6026=EDGE_CURVE('',#5000,#5000,#4636,.T.);
#6027=EDGE_CURVE('',#5000,#4998,#713,.T.);
#6028=EDGE_CURVE('',#5001,#5001,#4637,.T.);
#6029=EDGE_CURVE('',#5001,#5002,#4638,.T.);
#6030=EDGE_CURVE('',#5002,#5002,#4639,.T.);
#6031=EDGE_CURVE('',#5003,#5003,#4640,.T.);
#6032=EDGE_CURVE('',#5003,#5001,#714,.T.);
#6033=EDGE_CURVE('',#5004,#5004,#4641,.T.);
#6034=EDGE_CURVE('',#5004,#5005,#4642,.T.);
#6035=EDGE_CURVE('',#5005,#5005,#4643,.T.);
#6036=EDGE_CURVE('',#5005,#5006,#715,.T.);
#6037=EDGE_CURVE('',#5006,#5006,#4644,.T.);
#6038=EDGE_CURVE('',#5007,#5007,#4645,.T.);
#6039=EDGE_CURVE('',#5007,#5008,#4646,.T.);
#6040=EDGE_CURVE('',#5008,#5008,#4647,.T.);
#6041=EDGE_CURVE('',#5008,#5009,#716,.T.);
#6042=EDGE_CURVE('',#5009,#5009,#4648,.T.);
#6043=EDGE_CURVE('',#5010,#5010,#4649,.T.);
#6044=EDGE_CURVE('',#5010,#5011,#4650,.T.);
#6045=EDGE_CURVE('',#5011,#5011,#4651,.T.);
#6046=EDGE_CURVE('',#5011,#5012,#717,.T.);
#6047=EDGE_CURVE('',#5012,#5012,#4652,.T.);
#6048=EDGE_CURVE('',#5013,#5013,#4653,.T.);
#6049=EDGE_CURVE('',#5013,#5014,#4654,.T.);
#6050=EDGE_CURVE('',#5014,#5014,#4655,.T.);
#6051=EDGE_CURVE('',#5014,#5015,#718,.T.);
#6052=EDGE_CURVE('',#5015,#5015,#4656,.T.);
#6053=EDGE_CURVE('',#5016,#5017,#4657,.T.);
#6054=EDGE_CURVE('',#5017,#5018,#719,.T.);
#6055=EDGE_CURVE('',#5018,#5019,#4658,.T.);
#6056=EDGE_CURVE('',#5019,#5016,#720,.T.);
#6057=EDGE_CURVE('',#5016,#5020,#721,.T.);
#6058=EDGE_CURVE('',#5021,#5020,#4659,.T.);
#6059=EDGE_CURVE('',#5021,#5022,#722,.T.);
#6060=EDGE_CURVE('',#5023,#5022,#4660,.T.);
#6061=EDGE_CURVE('',#5023,#5024,#723,.T.);
#6062=EDGE_CURVE('',#5025,#5024,#4661,.T.);
#6063=EDGE_CURVE('',#5025,#5026,#724,.T.);
#6064=EDGE_CURVE('',#5027,#5026,#4662,.T.);
#6065=EDGE_CURVE('',#5027,#5028,#725,.T.);
#6066=EDGE_CURVE('',#5029,#5028,#4663,.T.);
#6067=EDGE_CURVE('',#5029,#5017,#726,.T.);
#6068=EDGE_CURVE('',#5019,#5030,#727,.T.);
#6069=EDGE_CURVE('',#5020,#5030,#728,.T.);
#6070=EDGE_CURVE('',#5030,#5031,#4664,.T.);
#6071=EDGE_CURVE('',#5031,#5021,#729,.T.);
#6072=EDGE_CURVE('',#5028,#5032,#730,.T.);
#6073=EDGE_CURVE('',#5032,#5033,#4665,.T.);
#6074=EDGE_CURVE('',#5033,#5029,#731,.T.);
#6075=EDGE_CURVE('',#5034,#5027,#732,.T.);
#6076=EDGE_CURVE('',#5034,#5032,#733,.T.);
#6077=EDGE_CURVE('',#5022,#5035,#734,.T.);
#6078=EDGE_CURVE('',#5035,#5036,#4666,.T.);
#6079=EDGE_CURVE('',#5036,#5023,#735,.T.);
#6080=EDGE_CURVE('',#5031,#5035,#736,.T.);
#6081=EDGE_CURVE('',#5024,#5037,#737,.T.);
#6082=EDGE_CURVE('',#5037,#5038,#4667,.T.);
#6083=EDGE_CURVE('',#5038,#5025,#738,.T.);
#6084=EDGE_CURVE('',#5038,#5039,#739,.T.);
#6085=EDGE_CURVE('',#5026,#5039,#740,.T.);
#6086=EDGE_CURVE('',#5039,#5034,#4668,.T.);
#6087=EDGE_CURVE('',#5036,#5037,#741,.T.);
#6088=EDGE_CURVE('',#5033,#5018,#742,.T.);
#6089=EDGE_CURVE('',#5040,#5041,#4669,.T.);
#6090=EDGE_CURVE('',#5041,#5042,#4670,.T.);
#6091=EDGE_CURVE('',#5042,#5042,#4671,.T.);
#6092=EDGE_CURVE('',#5041,#5040,#4672,.T.);
#6093=EDGE_CURVE('',#5043,#5043,#4673,.T.);
#6094=EDGE_CURVE('',#5043,#5040,#743,.T.);
#6095=EDGE_CURVE('',#5044,#5045,#4674,.T.);
#6096=EDGE_CURVE('',#5046,#5045,#4675,.T.);
#6097=EDGE_CURVE('',#5047,#5046,#4676,.F.);
#6098=EDGE_CURVE('',#5044,#5047,#4677,.T.);
#6099=EDGE_CURVE('',#5048,#5049,#4678,.T.);
#6100=EDGE_CURVE('',#5050,#5049,#4679,.T.);
#6101=EDGE_CURVE('',#5051,#5050,#4680,.F.);
#6102=EDGE_CURVE('',#5048,#5051,#4681,.T.);
#6103=EDGE_CURVE('',#5049,#5044,#744,.T.);
#6104=EDGE_CURVE('',#5047,#5050,#745,.T.);
#6105=EDGE_CURVE('',#5052,#5053,#4682,.T.);
#6106=EDGE_CURVE('',#5053,#5051,#746,.T.);
#6107=EDGE_CURVE('',#5050,#5052,#747,.T.);
#6108=EDGE_CURVE('',#5054,#5055,#4683,.T.);
#6109=EDGE_CURVE('',#5056,#5055,#4684,.T.);
#6110=EDGE_CURVE('',#5057,#5056,#4685,.F.);
#6111=EDGE_CURVE('',#5054,#5057,#4686,.T.);
#6112=EDGE_CURVE('',#5058,#5059,#4687,.F.);
#6113=EDGE_CURVE('',#5060,#5058,#4688,.T.);
#6114=EDGE_CURVE('',#5060,#5061,#4689,.T.);
#6115=EDGE_CURVE('',#5059,#5061,#4690,.T.);
#6116=EDGE_CURVE('',#5055,#5060,#748,.T.);
#6117=EDGE_CURVE('',#5058,#5056,#749,.T.);
#6118=EDGE_CURVE('',#5061,#5048,#750,.T.);
#6119=EDGE_CURVE('',#5051,#5059,#751,.T.);
#6120=EDGE_CURVE('',#5062,#5063,#4691,.T.);
#6121=EDGE_CURVE('',#5063,#5058,#752,.T.);
#6122=EDGE_CURVE('',#5059,#5062,#753,.T.);
#6123=EDGE_CURVE('',#5064,#5065,#4692,.T.);
#6124=EDGE_CURVE('',#5065,#5057,#754,.T.);
#6125=EDGE_CURVE('',#5056,#5064,#755,.T.);
#6126=EDGE_CURVE('',#5045,#5054,#756,.T.);
#6127=EDGE_CURVE('',#5057,#5046,#757,.T.);
#6128=EDGE_CURVE('',#5066,#5067,#4693,.T.);
#6129=EDGE_CURVE('',#5067,#5047,#758,.T.);
#6130=EDGE_CURVE('',#5046,#5066,#759,.T.);
#6131=EDGE_CURVE('',#5052,#5067,#760,.T.);
#6132=EDGE_CURVE('',#5066,#5065,#761,.T.);
#6133=EDGE_CURVE('',#5064,#5063,#762,.T.);
#6134=EDGE_CURVE('',#5062,#5053,#763,.T.);
#6135=EDGE_CURVE('',#5068,#5069,#764,.T.);
#6136=EDGE_CURVE('',#5069,#5070,#765,.T.);
#6137=EDGE_CURVE('',#5070,#5071,#766,.T.);
#6138=EDGE_CURVE('',#5071,#5072,#767,.T.);
#6139=EDGE_CURVE('',#5072,#5073,#768,.T.);
#6140=EDGE_CURVE('',#5073,#5074,#769,.T.);
#6141=EDGE_CURVE('',#5074,#5075,#770,.T.);
#6142=EDGE_CURVE('',#5075,#5076,#771,.T.);
#6143=EDGE_CURVE('',#5076,#5077,#772,.T.);
#6144=EDGE_CURVE('',#5077,#5078,#773,.T.);
#6145=EDGE_CURVE('',#5078,#5079,#774,.T.);
#6146=EDGE_CURVE('',#5079,#5080,#775,.T.);
#6147=EDGE_CURVE('',#5080,#5081,#776,.T.);
#6148=EDGE_CURVE('',#5081,#5082,#777,.T.);
#6149=EDGE_CURVE('',#5082,#5083,#778,.T.);
#6150=EDGE_CURVE('',#5083,#5084,#779,.T.);
#6151=EDGE_CURVE('',#5084,#5085,#780,.T.);
#6152=EDGE_CURVE('',#5085,#5086,#781,.T.);
#6153=EDGE_CURVE('',#5086,#5087,#782,.T.);
#6154=EDGE_CURVE('',#5087,#5088,#783,.T.);
#6155=EDGE_CURVE('',#5088,#5089,#784,.T.);
#6156=EDGE_CURVE('',#5089,#5090,#785,.T.);
#6157=EDGE_CURVE('',#5090,#5091,#786,.T.);
#6158=EDGE_CURVE('',#5091,#5092,#787,.T.);
#6159=EDGE_CURVE('',#5092,#5093,#788,.T.);
#6160=EDGE_CURVE('',#5093,#5094,#789,.T.);
#6161=EDGE_CURVE('',#5094,#5095,#790,.T.);
#6162=EDGE_CURVE('',#5095,#5096,#791,.T.);
#6163=EDGE_CURVE('',#5096,#5097,#792,.T.);
#6164=EDGE_CURVE('',#5097,#5098,#793,.T.);
#6165=EDGE_CURVE('',#5098,#5099,#794,.T.);
#6166=EDGE_CURVE('',#5099,#5100,#795,.T.);
#6167=EDGE_CURVE('',#5100,#5101,#796,.T.);
#6168=EDGE_CURVE('',#5101,#5102,#797,.T.);
#6169=EDGE_CURVE('',#5102,#5103,#798,.T.);
#6170=EDGE_CURVE('',#5103,#5068,#799,.T.);
#6171=EDGE_CURVE('',#5104,#5105,#4694,.T.);
#6172=EDGE_CURVE('',#5104,#5106,#800,.T.);
#6173=EDGE_CURVE('',#5107,#5106,#4695,.T.);
#6174=EDGE_CURVE('',#5107,#5108,#801,.T.);
#6175=EDGE_CURVE('',#5109,#5108,#4696,.T.);
#6176=EDGE_CURVE('',#5109,#5110,#802,.T.);
#6177=EDGE_CURVE('',#5111,#5110,#4697,.T.);
#6178=EDGE_CURVE('',#5111,#5112,#803,.T.);
#6179=EDGE_CURVE('',#5113,#5112,#4698,.T.);
#6180=EDGE_CURVE('',#5113,#5114,#804,.T.);
#6181=EDGE_CURVE('',#5115,#5114,#4699,.T.);
#6182=EDGE_CURVE('',#5115,#5105,#805,.T.);
#6183=EDGE_CURVE('',#5116,#5116,#4700,.T.);
#6184=EDGE_CURVE('',#5116,#5117,#4701,.T.);
#6185=EDGE_CURVE('',#5117,#5117,#4702,.T.);
#6186=EDGE_CURVE('',#5118,#5119,#806,.T.);
#6187=EDGE_CURVE('',#5120,#5118,#807,.T.);
#6188=EDGE_CURVE('',#5121,#5120,#808,.T.);
#6189=EDGE_CURVE('',#5122,#5121,#809,.T.);
#6190=EDGE_CURVE('',#5123,#5122,#810,.T.);
#6191=EDGE_CURVE('',#5124,#5123,#811,.T.);
#6192=EDGE_CURVE('',#5125,#5124,#812,.T.);
#6193=EDGE_CURVE('',#5126,#5125,#813,.T.);
#6194=EDGE_CURVE('',#5127,#5126,#814,.T.);
#6195=EDGE_CURVE('',#5128,#5127,#815,.T.);
#6196=EDGE_CURVE('',#5129,#5128,#816,.T.);
#6197=EDGE_CURVE('',#5130,#5129,#817,.T.);
#6198=EDGE_CURVE('',#5131,#5130,#818,.T.);
#6199=EDGE_CURVE('',#5132,#5131,#819,.T.);
#6200=EDGE_CURVE('',#5133,#5132,#820,.T.);
#6201=EDGE_CURVE('',#5134,#5133,#821,.T.);
#6202=EDGE_CURVE('',#5135,#5134,#822,.T.);
#6203=EDGE_CURVE('',#5136,#5135,#823,.T.);
#6204=EDGE_CURVE('',#5137,#5136,#824,.T.);
#6205=EDGE_CURVE('',#5138,#5137,#825,.T.);
#6206=EDGE_CURVE('',#5139,#5138,#826,.T.);
#6207=EDGE_CURVE('',#5140,#5139,#827,.T.);
#6208=EDGE_CURVE('',#5141,#5140,#828,.T.);
#6209=EDGE_CURVE('',#5142,#5141,#829,.T.);
#6210=EDGE_CURVE('',#5143,#5142,#830,.T.);
#6211=EDGE_CURVE('',#5144,#5143,#831,.T.);
#6212=EDGE_CURVE('',#5145,#5144,#832,.T.);
#6213=EDGE_CURVE('',#5146,#5145,#833,.T.);
#6214=EDGE_CURVE('',#5147,#5146,#834,.T.);
#6215=EDGE_CURVE('',#5148,#5147,#835,.T.);
#6216=EDGE_CURVE('',#5149,#5148,#836,.T.);
#6217=EDGE_CURVE('',#5150,#5149,#837,.T.);
#6218=EDGE_CURVE('',#5151,#5150,#838,.T.);
#6219=EDGE_CURVE('',#5152,#5151,#839,.T.);
#6220=EDGE_CURVE('',#5153,#5152,#840,.T.);
#6221=EDGE_CURVE('',#5119,#5153,#841,.T.);
#6222=EDGE_CURVE('',#5154,#5154,#4703,.T.);
#6223=EDGE_CURVE('',#5154,#5116,#842,.T.);
#6224=EDGE_CURVE('',#5155,#5156,#843,.T.);
#6225=EDGE_CURVE('',#5156,#5138,#49,.T.);
#6226=EDGE_CURVE('',#5155,#5137,#50,.T.);
#6227=EDGE_CURVE('',#5156,#5157,#844,.T.);
#6228=EDGE_CURVE('',#5157,#5139,#51,.T.);
#6229=EDGE_CURVE('',#5157,#5158,#845,.T.);
#6230=EDGE_CURVE('',#5158,#5140,#52,.T.);
#6231=EDGE_CURVE('',#5158,#5159,#846,.T.);
#6232=EDGE_CURVE('',#5159,#5141,#53,.T.);
#6233=EDGE_CURVE('',#5159,#5160,#847,.T.);
#6234=EDGE_CURVE('',#5160,#5142,#54,.T.);
#6235=EDGE_CURVE('',#5160,#5161,#848,.T.);
#6236=EDGE_CURVE('',#5161,#5143,#55,.T.);
#6237=EDGE_CURVE('',#5161,#5162,#849,.T.);
#6238=EDGE_CURVE('',#5162,#5144,#56,.T.);
#6239=EDGE_CURVE('',#5162,#5163,#850,.T.);
#6240=EDGE_CURVE('',#5163,#5145,#57,.T.);
#6241=EDGE_CURVE('',#5163,#5164,#851,.T.);
#6242=EDGE_CURVE('',#5164,#5146,#58,.T.);
#6243=EDGE_CURVE('',#5164,#5165,#852,.T.);
#6244=EDGE_CURVE('',#5165,#5147,#59,.T.);
#6245=EDGE_CURVE('',#5165,#5166,#853,.T.);
#6246=EDGE_CURVE('',#5166,#5148,#60,.T.);
#6247=EDGE_CURVE('',#5166,#5167,#854,.T.);
#6248=EDGE_CURVE('',#5167,#5149,#61,.T.);
#6249=EDGE_CURVE('',#5167,#5168,#855,.T.);
#6250=EDGE_CURVE('',#5168,#5150,#62,.T.);
#6251=EDGE_CURVE('',#5168,#5169,#856,.T.);
#6252=EDGE_CURVE('',#5169,#5151,#63,.T.);
#6253=EDGE_CURVE('',#5169,#5170,#857,.T.);
#6254=EDGE_CURVE('',#5170,#5152,#64,.T.);
#6255=EDGE_CURVE('',#5170,#5171,#858,.T.);
#6256=EDGE_CURVE('',#5171,#5153,#65,.T.);
#6257=EDGE_CURVE('',#5119,#5172,#66,.T.);
#6258=EDGE_CURVE('',#5172,#5173,#859,.T.);
#6259=EDGE_CURVE('',#5173,#5118,#67,.T.);
#6260=EDGE_CURVE('',#5171,#5172,#860,.T.);
#6261=EDGE_CURVE('',#5173,#5174,#861,.T.);
#6262=EDGE_CURVE('',#5174,#5120,#68,.T.);
#6263=EDGE_CURVE('',#5174,#5175,#862,.T.);
#6264=EDGE_CURVE('',#5175,#5121,#69,.T.);
#6265=EDGE_CURVE('',#5175,#5176,#863,.T.);
#6266=EDGE_CURVE('',#5176,#5122,#70,.T.);
#6267=EDGE_CURVE('',#5176,#5177,#864,.T.);
#6268=EDGE_CURVE('',#5177,#5123,#71,.T.);
#6269=EDGE_CURVE('',#5177,#5178,#865,.T.);
#6270=EDGE_CURVE('',#5178,#5124,#72,.T.);
#6271=EDGE_CURVE('',#5178,#5179,#866,.T.);
#6272=EDGE_CURVE('',#5179,#5125,#73,.T.);
#6273=EDGE_CURVE('',#5179,#5180,#867,.T.);
#6274=EDGE_CURVE('',#5180,#5126,#74,.T.);
#6275=EDGE_CURVE('',#5180,#5181,#868,.T.);
#6276=EDGE_CURVE('',#5181,#5127,#75,.T.);
#6277=EDGE_CURVE('',#5181,#5182,#869,.T.);
#6278=EDGE_CURVE('',#5182,#5128,#76,.T.);
#6279=EDGE_CURVE('',#5182,#5183,#870,.T.);
#6280=EDGE_CURVE('',#5183,#5129,#77,.T.);
#6281=EDGE_CURVE('',#5183,#5184,#871,.T.);
#6282=EDGE_CURVE('',#5184,#5130,#78,.T.);
#6283=EDGE_CURVE('',#5184,#5185,#872,.T.);
#6284=EDGE_CURVE('',#5185,#5131,#79,.T.);
#6285=EDGE_CURVE('',#5185,#5186,#873,.T.);
#6286=EDGE_CURVE('',#5186,#5132,#80,.T.);
#6287=EDGE_CURVE('',#5186,#5187,#874,.T.);
#6288=EDGE_CURVE('',#5187,#5133,#81,.T.);
#6289=EDGE_CURVE('',#5187,#5188,#875,.T.);
#6290=EDGE_CURVE('',#5188,#5134,#82,.T.);
#6291=EDGE_CURVE('',#5188,#5189,#876,.T.);
#6292=EDGE_CURVE('',#5189,#5135,#83,.T.);
#6293=EDGE_CURVE('',#5189,#5190,#877,.T.);
#6294=EDGE_CURVE('',#5190,#5136,#84,.T.);
#6295=EDGE_CURVE('',#5190,#5155,#878,.T.);
#6296=EDGE_CURVE('',#5189,#5087,#879,.T.);
#6297=EDGE_CURVE('',#5190,#5086,#880,.T.);
#6298=EDGE_CURVE('',#5188,#5088,#881,.T.);
#6299=EDGE_CURVE('',#5187,#5089,#882,.T.);
#6300=EDGE_CURVE('',#5186,#5090,#883,.T.);
#6301=EDGE_CURVE('',#5185,#5091,#884,.T.);
#6302=EDGE_CURVE('',#5184,#5092,#885,.T.);
#6303=EDGE_CURVE('',#5183,#5093,#886,.T.);
#6304=EDGE_CURVE('',#5182,#5094,#887,.T.);
#6305=EDGE_CURVE('',#5181,#5095,#888,.T.);
#6306=EDGE_CURVE('',#5180,#5096,#889,.T.);
#6307=EDGE_CURVE('',#5179,#5097,#890,.T.);
#6308=EDGE_CURVE('',#5178,#5098,#891,.T.);
#6309=EDGE_CURVE('',#5177,#5099,#892,.T.);
#6310=EDGE_CURVE('',#5176,#5100,#893,.T.);
#6311=EDGE_CURVE('',#5175,#5101,#894,.T.);
#6312=EDGE_CURVE('',#5174,#5102,#895,.T.);
#6313=EDGE_CURVE('',#5173,#5103,#896,.T.);
#6314=EDGE_CURVE('',#5172,#5068,#897,.T.);
#6315=EDGE_CURVE('',#5105,#5191,#898,.T.);
#6316=EDGE_CURVE('',#5191,#5192,#4704,.T.);
#6317=EDGE_CURVE('',#5192,#5104,#899,.T.);
#6318=EDGE_CURVE('',#5193,#5115,#900,.T.);
#6319=EDGE_CURVE('',#5191,#5193,#901,.T.);
#6320=EDGE_CURVE('',#5106,#5194,#902,.T.);
#6321=EDGE_CURVE('',#5194,#5195,#4705,.T.);
#6322=EDGE_CURVE('',#5195,#5107,#903,.T.);
#6323=EDGE_CURVE('',#5196,#5195,#904,.T.);
#6324=EDGE_CURVE('',#5108,#5196,#905,.T.);
#6325=EDGE_CURVE('',#5196,#5197,#4706,.T.);
#6326=EDGE_CURVE('',#5197,#5109,#906,.T.);
#6327=EDGE_CURVE('',#5114,#5198,#907,.T.);
#6328=EDGE_CURVE('',#5198,#5193,#4707,.T.);
#6329=EDGE_CURVE('',#5199,#5113,#908,.T.);
#6330=EDGE_CURVE('',#5198,#5199,#909,.T.);
#6331=EDGE_CURVE('',#5110,#5200,#910,.T.);
#6332=EDGE_CURVE('',#5200,#5201,#4708,.T.);
#6333=EDGE_CURVE('',#5201,#5111,#911,.T.);
#6334=EDGE_CURVE('',#5202,#5201,#912,.T.);
#6335=EDGE_CURVE('',#5112,#5202,#913,.T.);
#6336=EDGE_CURVE('',#5202,#5199,#4709,.T.);
#6337=EDGE_CURVE('',#5155,#5085,#914,.T.);
#6338=EDGE_CURVE('',#5156,#5084,#915,.T.);
#6339=EDGE_CURVE('',#5157,#5083,#916,.T.);
#6340=EDGE_CURVE('',#5158,#5082,#917,.T.);
#6341=EDGE_CURVE('',#5159,#5081,#918,.T.);
#6342=EDGE_CURVE('',#5160,#5080,#919,.T.);
#6343=EDGE_CURVE('',#5161,#5079,#920,.T.);
#6344=EDGE_CURVE('',#5162,#5078,#921,.T.);
#6345=EDGE_CURVE('',#5163,#5077,#922,.T.);
#6346=EDGE_CURVE('',#5164,#5076,#923,.T.);
#6347=EDGE_CURVE('',#5165,#5075,#924,.T.);
#6348=EDGE_CURVE('',#5166,#5074,#925,.T.);
#6349=EDGE_CURVE('',#5167,#5073,#926,.T.);
#6350=EDGE_CURVE('',#5168,#5072,#927,.T.);
#6351=EDGE_CURVE('',#5169,#5071,#928,.T.);
#6352=EDGE_CURVE('',#5170,#5070,#929,.T.);
#6353=EDGE_CURVE('',#5171,#5069,#930,.T.);
#6354=EDGE_CURVE('',#5194,#5192,#931,.T.);
#6355=EDGE_CURVE('',#5200,#5197,#932,.T.);
#6356=EDGE_CURVE('',#5203,#5204,#933,.T.);
#6357=EDGE_CURVE('',#5204,#5205,#934,.T.);
#6358=EDGE_CURVE('',#5205,#5206,#935,.T.);
#6359=EDGE_CURVE('',#5203,#5206,#936,.T.);
#6360=EDGE_CURVE('',#5204,#5207,#937,.T.);
#6361=EDGE_CURVE('',#5207,#5208,#938,.T.);
#6362=EDGE_CURVE('',#5208,#5205,#939,.T.);
#6363=EDGE_CURVE('',#5207,#5209,#940,.T.);
#6364=EDGE_CURVE('',#5209,#5210,#941,.T.);
#6365=EDGE_CURVE('',#5210,#5208,#942,.T.);
#6366=EDGE_CURVE('',#5209,#5211,#943,.T.);
#6367=EDGE_CURVE('',#5211,#5212,#944,.T.);
#6368=EDGE_CURVE('',#5212,#5210,#945,.T.);
#6369=EDGE_CURVE('',#5213,#5212,#946,.T.);
#6370=EDGE_CURVE('',#5211,#5214,#947,.T.);
#6371=EDGE_CURVE('',#5214,#5213,#948,.T.);
#6372=EDGE_CURVE('',#5206,#5213,#949,.T.);
#6373=EDGE_CURVE('',#5214,#5203,#950,.T.);
#6374=EDGE_CURVE('',#5215,#5213,#951,.T.);
#6375=EDGE_CURVE('',#5215,#5216,#952,.T.);
#6376=EDGE_CURVE('',#5216,#5212,#953,.T.);
#6377=EDGE_CURVE('',#5217,#5206,#954,.T.);
#6378=EDGE_CURVE('',#5217,#5215,#955,.T.);
#6379=EDGE_CURVE('',#5218,#5205,#956,.T.);
#6380=EDGE_CURVE('',#5218,#5217,#957,.T.);
#6381=EDGE_CURVE('',#5219,#5220,#4710,.T.);
#6382=EDGE_CURVE('',#5221,#5219,#958,.T.);
#6383=EDGE_CURVE('',#5222,#5221,#4711,.T.);
#6384=EDGE_CURVE('',#5223,#5222,#959,.T.);
#6385=EDGE_CURVE('',#5224,#5223,#4712,.T.);
#6386=EDGE_CURVE('',#5225,#5224,#960,.T.);
#6387=EDGE_CURVE('',#5226,#5225,#4713,.T.);
#6388=EDGE_CURVE('',#5227,#5226,#961,.T.);
#6389=EDGE_CURVE('',#5228,#5227,#4714,.T.);
#6390=EDGE_CURVE('',#5229,#5228,#962,.T.);
#6391=EDGE_CURVE('',#5230,#5229,#4715,.T.);
#6392=EDGE_CURVE('',#5220,#5230,#963,.T.);
#6393=EDGE_CURVE('',#5220,#5231,#964,.T.);
#6394=EDGE_CURVE('',#5231,#5232,#4716,.T.);
#6395=EDGE_CURVE('',#5232,#5219,#965,.T.);
#6396=EDGE_CURVE('',#5230,#5233,#966,.T.);
#6397=EDGE_CURVE('',#5233,#5231,#967,.T.);
#6398=EDGE_CURVE('',#5229,#5234,#968,.T.);
#6399=EDGE_CURVE('',#5234,#5233,#4717,.T.);
#6400=EDGE_CURVE('',#5228,#5235,#969,.T.);
#6401=EDGE_CURVE('',#5235,#5234,#970,.T.);
#6402=EDGE_CURVE('',#5227,#5236,#971,.T.);
#6403=EDGE_CURVE('',#5236,#5235,#4718,.T.);
#6404=EDGE_CURVE('',#5226,#5237,#972,.T.);
#6405=EDGE_CURVE('',#5237,#5236,#973,.T.);
#6406=EDGE_CURVE('',#5225,#5238,#974,.T.);
#6407=EDGE_CURVE('',#5238,#5237,#4719,.T.);
#6408=EDGE_CURVE('',#5224,#5239,#975,.T.);
#6409=EDGE_CURVE('',#5239,#5238,#976,.T.);
#6410=EDGE_CURVE('',#5223,#5240,#977,.T.);
#6411=EDGE_CURVE('',#5240,#5239,#4720,.T.);
#6412=EDGE_CURVE('',#5222,#5241,#978,.T.);
#6413=EDGE_CURVE('',#5241,#5240,#979,.T.);
#6414=EDGE_CURVE('',#5221,#5242,#980,.T.);
#6415=EDGE_CURVE('',#5242,#5241,#4721,.T.);
#6416=EDGE_CURVE('',#5232,#5242,#981,.T.);
#6417=EDGE_CURVE('',#5243,#5239,#982,.T.);
#6418=EDGE_CURVE('',#5243,#5244,#983,.T.);
#6419=EDGE_CURVE('',#5238,#5244,#984,.T.);
#6420=EDGE_CURVE('',#5240,#5245,#985,.T.);
#6421=EDGE_CURVE('',#5245,#5243,#4722,.T.);
#6422=EDGE_CURVE('',#5246,#5241,#986,.T.);
#6423=EDGE_CURVE('',#5246,#5245,#987,.T.);
#6424=EDGE_CURVE('',#5242,#5247,#988,.T.);
#6425=EDGE_CURVE('',#5247,#5246,#4723,.T.);
#6426=EDGE_CURVE('',#5248,#5232,#989,.T.);
#6427=EDGE_CURVE('',#5248,#5247,#990,.T.);
#6428=EDGE_CURVE('',#5231,#5249,#991,.T.);
#6429=EDGE_CURVE('',#5249,#5248,#4724,.T.);
#6430=EDGE_CURVE('',#5250,#5249,#992,.T.);
#6431=EDGE_CURVE('',#5251,#5250,#4725,.T.);
#6432=EDGE_CURVE('',#5252,#5251,#993,.T.);
#6433=EDGE_CURVE('',#5253,#5252,#4726,.T.);
#6434=EDGE_CURVE('',#5254,#5253,#994,.T.);
#6435=EDGE_CURVE('',#5244,#5254,#4727,.T.);
#6436=EDGE_CURVE('',#5216,#5255,#995,.T.);
#6437=EDGE_CURVE('',#5256,#5218,#996,.T.);
#6438=EDGE_CURVE('',#5255,#5256,#997,.T.);
#6439=EDGE_CURVE('',#5250,#5233,#998,.T.);
#6440=EDGE_CURVE('',#5234,#5251,#999,.T.);
#6441=EDGE_CURVE('',#5236,#5253,#1000,.T.);
#6442=EDGE_CURVE('',#5252,#5235,#1001,.T.);
#6443=EDGE_CURVE('',#5254,#5237,#1002,.T.);
#6444=EDGE_CURVE('',#5256,#5208,#1003,.T.);
#6445=EDGE_CURVE('',#5255,#5210,#1004,.T.);
#6446=EDGE_CURVE('',#5257,#5258,#1005,.T.);
#6447=EDGE_CURVE('',#5258,#5259,#1006,.T.);
#6448=EDGE_CURVE('',#5259,#5260,#1007,.T.);
#6449=EDGE_CURVE('',#5257,#5260,#1008,.T.);
#6450=EDGE_CURVE('',#5258,#5261,#1009,.T.);
#6451=EDGE_CURVE('',#5261,#5262,#1010,.T.);
#6452=EDGE_CURVE('',#5262,#5259,#1011,.T.);
#6453=EDGE_CURVE('',#5261,#5263,#1012,.T.);
#6454=EDGE_CURVE('',#5263,#5264,#1013,.T.);
#6455=EDGE_CURVE('',#5264,#5262,#1014,.T.);
#6456=EDGE_CURVE('',#5263,#5265,#1015,.T.);
#6457=EDGE_CURVE('',#5265,#5266,#1016,.T.);
#6458=EDGE_CURVE('',#5266,#5264,#1017,.T.);
#6459=EDGE_CURVE('',#5267,#5266,#1018,.T.);
#6460=EDGE_CURVE('',#5265,#5268,#1019,.T.);
#6461=EDGE_CURVE('',#5268,#5267,#1020,.T.);
#6462=EDGE_CURVE('',#5260,#5267,#1021,.T.);
#6463=EDGE_CURVE('',#5268,#5257,#1022,.T.);
#6464=EDGE_CURVE('',#5269,#5267,#1023,.T.);
#6465=EDGE_CURVE('',#5269,#5270,#1024,.T.);
#6466=EDGE_CURVE('',#5270,#5266,#1025,.T.);
#6467=EDGE_CURVE('',#5271,#5260,#1026,.T.);
#6468=EDGE_CURVE('',#5271,#5269,#1027,.T.);
#6469=EDGE_CURVE('',#5272,#5259,#1028,.T.);
#6470=EDGE_CURVE('',#5272,#5271,#1029,.T.);
#6471=EDGE_CURVE('',#5273,#5274,#1030,.T.);
#6472=EDGE_CURVE('',#5275,#5273,#1031,.T.);
#6473=EDGE_CURVE('',#5276,#5275,#4728,.T.);
#6474=EDGE_CURVE('',#5277,#5276,#1032,.T.);
#6475=EDGE_CURVE('',#5278,#5277,#4729,.T.);
#6476=EDGE_CURVE('',#5279,#5278,#1033,.T.);
#6477=EDGE_CURVE('',#5280,#5279,#4730,.T.);
#6478=EDGE_CURVE('',#5281,#5280,#1034,.T.);
#6479=EDGE_CURVE('',#5282,#5281,#4731,.T.);
#6480=EDGE_CURVE('',#5274,#5282,#1035,.T.);
#6481=EDGE_CURVE('',#5274,#5283,#1036,.T.);
#6482=EDGE_CURVE('',#5283,#5284,#1037,.T.);
#6483=EDGE_CURVE('',#5273,#5284,#1038,.T.);
#6484=EDGE_CURVE('',#5284,#5285,#1039,.T.);
#6485=EDGE_CURVE('',#5285,#5275,#1040,.T.);
#6486=EDGE_CURVE('',#5285,#5286,#4732,.T.);
#6487=EDGE_CURVE('',#5286,#5276,#1041,.T.);
#6488=EDGE_CURVE('',#5287,#5277,#1042,.T.);
#6489=EDGE_CURVE('',#5286,#5287,#1043,.T.);
#6490=EDGE_CURVE('',#5287,#5288,#4733,.T.);
#6491=EDGE_CURVE('',#5288,#5278,#1044,.T.);
#6492=EDGE_CURVE('',#5289,#5279,#1045,.T.);
#6493=EDGE_CURVE('',#5288,#5289,#1046,.T.);
#6494=EDGE_CURVE('',#5289,#5290,#4734,.T.);
#6495=EDGE_CURVE('',#5290,#5280,#1047,.T.);
#6496=EDGE_CURVE('',#5291,#5281,#1048,.T.);
#6497=EDGE_CURVE('',#5290,#5291,#1049,.T.);
#6498=EDGE_CURVE('',#5291,#5292,#4735,.T.);
#6499=EDGE_CURVE('',#5292,#5282,#1050,.T.);
#6500=EDGE_CURVE('',#5292,#5283,#1051,.T.);
#6501=EDGE_CURVE('',#5287,#5293,#1052,.T.);
#6502=EDGE_CURVE('',#5293,#5294,#4736,.F.);
#6503=EDGE_CURVE('',#5294,#5288,#1053,.T.);
#6504=EDGE_CURVE('',#5295,#5286,#1054,.T.);
#6505=EDGE_CURVE('',#5293,#5295,#1055,.T.);
#6506=EDGE_CURVE('',#5285,#5296,#1056,.T.);
#6507=EDGE_CURVE('',#5296,#5295,#4737,.F.);
#6508=EDGE_CURVE('',#5297,#5284,#1057,.T.);
#6509=EDGE_CURVE('',#5298,#5297,#1058,.T.);
#6510=EDGE_CURVE('',#5296,#5298,#1059,.T.);
#6511=EDGE_CURVE('',#5299,#5283,#1060,.T.);
#6512=EDGE_CURVE('',#5297,#5299,#1061,.T.);
#6513=EDGE_CURVE('',#5300,#5301,#1062,.T.);
#6514=EDGE_CURVE('',#5301,#5302,#1063,.T.);
#6515=EDGE_CURVE('',#5302,#5303,#1064,.T.);
#6516=EDGE_CURVE('',#5300,#5303,#1065,.T.);
#6517=EDGE_CURVE('',#5303,#5304,#1066,.T.);
#6518=EDGE_CURVE('',#5304,#5305,#1067,.T.);
#6519=EDGE_CURVE('',#5305,#5300,#1068,.T.);
#6520=EDGE_CURVE('',#5304,#5306,#4738,.T.);
#6521=EDGE_CURVE('',#5306,#5307,#1069,.T.);
#6522=EDGE_CURVE('',#5307,#5305,#4739,.T.);
#6523=EDGE_CURVE('',#5308,#5309,#1070,.T.);
#6524=EDGE_CURVE('',#5309,#5307,#1071,.T.);
#6525=EDGE_CURVE('',#5306,#5308,#1072,.T.);
#6526=EDGE_CURVE('',#5308,#5310,#4740,.T.);
#6527=EDGE_CURVE('',#5310,#5311,#1073,.T.);
#6528=EDGE_CURVE('',#5311,#5309,#4741,.T.);
#6529=EDGE_CURVE('',#5312,#5313,#1074,.T.);
#6530=EDGE_CURVE('',#5313,#5311,#1075,.T.);
#6531=EDGE_CURVE('',#5310,#5312,#1076,.T.);
#6532=EDGE_CURVE('',#5312,#5314,#4742,.T.);
#6533=EDGE_CURVE('',#5314,#5315,#1077,.T.);
#6534=EDGE_CURVE('',#5315,#5313,#4743,.T.);
#6535=EDGE_CURVE('',#5316,#5317,#1078,.T.);
#6536=EDGE_CURVE('',#5317,#5315,#1079,.T.);
#6537=EDGE_CURVE('',#5314,#5316,#1080,.T.);
#6538=EDGE_CURVE('',#5316,#5318,#4744,.T.);
#6539=EDGE_CURVE('',#5318,#5319,#1081,.T.);
#6540=EDGE_CURVE('',#5319,#5317,#4745,.T.);
#6541=EDGE_CURVE('',#5301,#5319,#1082,.T.);
#6542=EDGE_CURVE('',#5318,#5302,#1083,.T.);
#6543=EDGE_CURVE('',#5308,#5320,#1084,.T.);
#6544=EDGE_CURVE('',#5320,#5321,#4746,.T.);
#6545=EDGE_CURVE('',#5321,#5310,#1085,.T.);
#6546=EDGE_CURVE('',#5322,#5306,#1086,.T.);
#6547=EDGE_CURVE('',#5322,#5320,#1087,.T.);
#6548=EDGE_CURVE('',#5304,#5323,#1088,.T.);
#6549=EDGE_CURVE('',#5323,#5322,#4747,.T.);
#6550=EDGE_CURVE('',#5324,#5303,#1089,.T.);
#6551=EDGE_CURVE('',#5325,#5324,#1090,.T.);
#6552=EDGE_CURVE('',#5326,#5325,#85,.F.);
#6553=EDGE_CURVE('',#5326,#5323,#1091,.T.);
#6554=EDGE_CURVE('',#5327,#5302,#1092,.T.);
#6555=EDGE_CURVE('',#5324,#5327,#1093,.T.);
#6556=EDGE_CURVE('',#5328,#5329,#1094,.T.);
#6557=EDGE_CURVE('',#5330,#5328,#1095,.T.);
#6558=EDGE_CURVE('',#5331,#5330,#1096,.T.);
#6559=EDGE_CURVE('',#5332,#5331,#1097,.T.);
#6560=EDGE_CURVE('',#5333,#5332,#1098,.T.);
#6561=EDGE_CURVE('',#5329,#5333,#1099,.T.);
#6562=EDGE_CURVE('',#5329,#5334,#1100,.T.);
#6563=EDGE_CURVE('',#5334,#5335,#1101,.T.);
#6564=EDGE_CURVE('',#5328,#5335,#1102,.T.);
#6565=EDGE_CURVE('',#5333,#5336,#1103,.T.);
#6566=EDGE_CURVE('',#5336,#5334,#1104,.T.);
#6567=EDGE_CURVE('',#5332,#5337,#1105,.T.);
#6568=EDGE_CURVE('',#5337,#5336,#1106,.T.);
#6569=EDGE_CURVE('',#5331,#5338,#1107,.T.);
#6570=EDGE_CURVE('',#5338,#5337,#1108,.T.);
#6571=EDGE_CURVE('',#5339,#5338,#1109,.T.);
#6572=EDGE_CURVE('',#5330,#5339,#1110,.T.);
#6573=EDGE_CURVE('',#5335,#5339,#1111,.T.);
#6574=EDGE_CURVE('',#5340,#5339,#1112,.T.);
#6575=EDGE_CURVE('',#5340,#5341,#1113,.T.);
#6576=EDGE_CURVE('',#5341,#5338,#1114,.T.);
#6577=EDGE_CURVE('',#5342,#5335,#1115,.T.);
#6578=EDGE_CURVE('',#5342,#5340,#1116,.T.);
#6579=EDGE_CURVE('',#5343,#5334,#1117,.T.);
#6580=EDGE_CURVE('',#5343,#5342,#1118,.T.);
#6581=EDGE_CURVE('',#5321,#5344,#1119,.T.);
#6582=EDGE_CURVE('',#5312,#5344,#1120,.T.);
#6583=EDGE_CURVE('',#5345,#5326,#1121,.T.);
#6584=EDGE_CURVE('',#5346,#5345,#1122,.T.);
#6585=EDGE_CURVE('',#5347,#5346,#4748,.T.);
#6586=EDGE_CURVE('',#5348,#5347,#1123,.T.);
#6587=EDGE_CURVE('',#5349,#5348,#4749,.T.);
#6588=EDGE_CURVE('',#5350,#5349,#1124,.T.);
#6589=EDGE_CURVE('',#5351,#5350,#4750,.T.);
#6590=EDGE_CURVE('',#5352,#5351,#1125,.T.);
#6591=EDGE_CURVE('',#5353,#5352,#4751,.T.);
#6592=EDGE_CURVE('',#5354,#5353,#1126,.T.);
#6593=EDGE_CURVE('',#5355,#5354,#1127,.T.);
#6594=EDGE_CURVE('',#5356,#5355,#1128,.T.);
#6595=EDGE_CURVE('',#5357,#5356,#4752,.T.);
#6596=EDGE_CURVE('',#5358,#5357,#1129,.T.);
#6597=EDGE_CURVE('',#5344,#5358,#4753,.T.);
#6598=EDGE_CURVE('',#5341,#5359,#1130,.T.);
#6599=EDGE_CURVE('',#5360,#5343,#1131,.T.);
#6600=EDGE_CURVE('',#5359,#5360,#1132,.T.);
#6601=EDGE_CURVE('',#5361,#5362,#1133,.T.);
#6602=EDGE_CURVE('',#5363,#5361,#1134,.T.);
#6603=EDGE_CURVE('',#5364,#5363,#1135,.T.);
#6604=EDGE_CURVE('',#5365,#5364,#1136,.T.);
#6605=EDGE_CURVE('',#5366,#5365,#1137,.T.);
#6606=EDGE_CURVE('',#5362,#5366,#1138,.T.);
#6607=EDGE_CURVE('',#5270,#5367,#1139,.T.);
#6608=EDGE_CURVE('',#5368,#5272,#1140,.T.);
#6609=EDGE_CURVE('',#5367,#5368,#1141,.T.);
#6610=EDGE_CURVE('',#5358,#5314,#1142,.T.);
#6611=EDGE_CURVE('',#5316,#5357,#1143,.T.);
#6612=EDGE_CURVE('',#5356,#5318,#1144,.T.);
#6613=EDGE_CURVE('',#5369,#5370,#4754,.F.);
#6614=EDGE_CURVE('',#5347,#5369,#4755,.T.);
#6615=EDGE_CURVE('',#5370,#5346,#4756,.T.);
#6616=EDGE_CURVE('',#5371,#5372,#4757,.F.);
#6617=EDGE_CURVE('',#5349,#5371,#4758,.T.);
#6618=EDGE_CURVE('',#5372,#5348,#4759,.T.);
#6619=EDGE_CURVE('',#5351,#5293,#4760,.T.);
#6620=EDGE_CURVE('',#5294,#5350,#4761,.T.);
#6621=EDGE_CURVE('',#5353,#5296,#4762,.T.);
#6622=EDGE_CURVE('',#5295,#5352,#4763,.T.);
#6623=EDGE_CURVE('',#5298,#5373,#1145,.T.);
#6624=EDGE_CURVE('',#5373,#5355,#86,.F.);
#6625=EDGE_CURVE('',#5354,#5298,#87,.T.);
#6626=EDGE_CURVE('',#5371,#5294,#1146,.T.);
#6627=EDGE_CURVE('',#5369,#5372,#1147,.T.);
#6628=EDGE_CURVE('',#5289,#5371,#1148,.T.);
#6629=EDGE_CURVE('',#5372,#5290,#1149,.T.);
#6630=EDGE_CURVE('',#5374,#5370,#1150,.T.);
#6631=EDGE_CURVE('',#5345,#5374,#88,.T.);
#6632=EDGE_CURVE('',#5291,#5369,#1151,.T.);
#6633=EDGE_CURVE('',#5370,#5292,#1152,.T.);
#6634=EDGE_CURVE('',#5325,#5374,#1153,.T.);
#6635=EDGE_CURVE('',#5374,#5299,#1154,.T.);
#6636=EDGE_CURVE('',#5299,#5324,#1155,.T.);
#6637=EDGE_CURVE('',#5361,#5375,#1156,.T.);
#6638=EDGE_CURVE('',#5376,#5375,#1157,.T.);
#6639=EDGE_CURVE('',#5363,#5376,#1158,.T.);
#6640=EDGE_CURVE('',#5377,#5376,#1159,.T.);
#6641=EDGE_CURVE('',#5364,#5377,#1160,.T.);
#6642=EDGE_CURVE('',#5378,#5377,#1161,.T.);
#6643=EDGE_CURVE('',#5365,#5378,#1162,.T.);
#6644=EDGE_CURVE('',#5379,#5378,#1163,.T.);
#6645=EDGE_CURVE('',#5366,#5379,#1164,.T.);
#6646=EDGE_CURVE('',#5380,#5379,#1165,.T.);
#6647=EDGE_CURVE('',#5362,#5380,#1166,.T.);
#6648=EDGE_CURVE('',#5375,#5380,#1167,.T.);
#6649=EDGE_CURVE('',#5368,#5262,#1168,.T.);
#6650=EDGE_CURVE('',#5367,#5264,#1169,.T.);
#6651=EDGE_CURVE('',#5360,#5336,#1170,.T.);
#6652=EDGE_CURVE('',#5359,#5337,#1171,.T.);
#6653=EDGE_CURVE('',#5327,#5297,#1172,.T.);
#6654=EDGE_CURVE('',#5373,#5327,#1173,.T.);
#6655=EDGE_CURVE('',#5381,#5382,#1174,.T.);
#6656=EDGE_CURVE('',#5382,#5383,#1175,.T.);
#6657=EDGE_CURVE('',#5383,#5384,#1176,.T.);
#6658=EDGE_CURVE('',#5381,#5384,#1177,.T.);
#6659=EDGE_CURVE('',#5382,#5385,#1178,.T.);
#6660=EDGE_CURVE('',#5385,#5386,#1179,.T.);
#6661=EDGE_CURVE('',#5386,#5383,#1180,.T.);
#6662=EDGE_CURVE('',#5385,#5387,#1181,.T.);
#6663=EDGE_CURVE('',#5387,#5388,#1182,.T.);
#6664=EDGE_CURVE('',#5388,#5386,#1183,.T.);
#6665=EDGE_CURVE('',#5387,#5389,#1184,.T.);
#6666=EDGE_CURVE('',#5389,#5390,#1185,.T.);
#6667=EDGE_CURVE('',#5390,#5388,#1186,.T.);
#6668=EDGE_CURVE('',#5391,#5390,#1187,.T.);
#6669=EDGE_CURVE('',#5389,#5392,#1188,.T.);
#6670=EDGE_CURVE('',#5392,#5391,#1189,.T.);
#6671=EDGE_CURVE('',#5384,#5391,#1190,.T.);
#6672=EDGE_CURVE('',#5392,#5381,#1191,.T.);
#6673=EDGE_CURVE('',#5393,#5391,#1192,.T.);
#6674=EDGE_CURVE('',#5393,#5394,#1193,.T.);
#6675=EDGE_CURVE('',#5394,#5390,#1194,.T.);
#6676=EDGE_CURVE('',#5395,#5384,#1195,.T.);
#6677=EDGE_CURVE('',#5395,#5393,#1196,.T.);
#6678=EDGE_CURVE('',#5396,#5383,#1197,.T.);
#6679=EDGE_CURVE('',#5396,#5395,#1198,.T.);
#6680=EDGE_CURVE('',#5397,#5398,#1199,.T.);
#6681=EDGE_CURVE('',#5399,#5397,#1200,.T.);
#6682=EDGE_CURVE('',#5400,#5399,#4764,.T.);
#6683=EDGE_CURVE('',#5401,#5400,#1201,.T.);
#6684=EDGE_CURVE('',#5402,#5401,#4765,.T.);
#6685=EDGE_CURVE('',#5403,#5402,#1202,.T.);
#6686=EDGE_CURVE('',#5404,#5403,#4766,.T.);
#6687=EDGE_CURVE('',#5405,#5404,#1203,.T.);
#6688=EDGE_CURVE('',#5406,#5405,#4767,.T.);
#6689=EDGE_CURVE('',#5398,#5406,#1204,.T.);
#6690=EDGE_CURVE('',#5398,#5407,#1205,.T.);
#6691=EDGE_CURVE('',#5407,#5408,#1206,.T.);
#6692=EDGE_CURVE('',#5397,#5408,#1207,.T.);
#6693=EDGE_CURVE('',#5408,#5409,#1208,.T.);
#6694=EDGE_CURVE('',#5409,#5399,#1209,.T.);
#6695=EDGE_CURVE('',#5409,#5410,#4768,.T.);
#6696=EDGE_CURVE('',#5410,#5400,#1210,.T.);
#6697=EDGE_CURVE('',#5411,#5401,#1211,.T.);
#6698=EDGE_CURVE('',#5410,#5411,#1212,.T.);
#6699=EDGE_CURVE('',#5411,#5412,#4769,.T.);
#6700=EDGE_CURVE('',#5412,#5402,#1213,.T.);
#6701=EDGE_CURVE('',#5413,#5403,#1214,.T.);
#6702=EDGE_CURVE('',#5412,#5413,#1215,.T.);
#6703=EDGE_CURVE('',#5413,#5414,#4770,.T.);
#6704=EDGE_CURVE('',#5414,#5404,#1216,.T.);
#6705=EDGE_CURVE('',#5415,#5405,#1217,.T.);
#6706=EDGE_CURVE('',#5414,#5415,#1218,.T.);
#6707=EDGE_CURVE('',#5415,#5416,#4771,.T.);
#6708=EDGE_CURVE('',#5416,#5406,#1219,.T.);
#6709=EDGE_CURVE('',#5416,#5407,#1220,.T.);
#6710=EDGE_CURVE('',#5411,#5417,#1221,.T.);
#6711=EDGE_CURVE('',#5417,#5418,#4772,.F.);
#6712=EDGE_CURVE('',#5418,#5412,#1222,.T.);
#6713=EDGE_CURVE('',#5419,#5410,#1223,.T.);
#6714=EDGE_CURVE('',#5417,#5419,#1224,.T.);
#6715=EDGE_CURVE('',#5409,#5420,#1225,.T.);
#6716=EDGE_CURVE('',#5420,#5419,#4773,.F.);
#6717=EDGE_CURVE('',#5421,#5408,#1226,.T.);
#6718=EDGE_CURVE('',#5422,#5421,#1227,.T.);
#6719=EDGE_CURVE('',#5420,#5422,#1228,.T.);
#6720=EDGE_CURVE('',#5423,#5407,#1229,.T.);
#6721=EDGE_CURVE('',#5421,#5423,#1230,.T.);
#6722=EDGE_CURVE('',#5424,#5425,#1231,.T.);
#6723=EDGE_CURVE('',#5425,#5426,#1232,.T.);
#6724=EDGE_CURVE('',#5426,#5427,#1233,.T.);
#6725=EDGE_CURVE('',#5427,#5424,#1234,.T.);
#6726=EDGE_CURVE('',#5427,#5428,#1235,.T.);
#6727=EDGE_CURVE('',#5428,#5429,#1236,.T.);
#6728=EDGE_CURVE('',#5429,#5424,#1237,.T.);
#6729=EDGE_CURVE('',#5430,#5431,#1238,.T.);
#6730=EDGE_CURVE('',#5431,#5432,#1239,.T.);
#6731=EDGE_CURVE('',#5432,#5433,#1240,.T.);
#6732=EDGE_CURVE('',#5433,#5430,#1241,.T.);
#6733=EDGE_CURVE('',#5431,#5434,#4774,.T.);
#6734=EDGE_CURVE('',#5434,#5435,#1242,.T.);
#6735=EDGE_CURVE('',#5435,#5432,#4775,.T.);
#6736=EDGE_CURVE('',#5428,#5435,#1243,.T.);
#6737=EDGE_CURVE('',#5434,#5429,#1244,.T.);
#6738=EDGE_CURVE('',#5436,#5430,#1245,.T.);
#6739=EDGE_CURVE('',#5433,#5437,#1246,.T.);
#6740=EDGE_CURVE('',#5437,#5436,#1247,.T.);
#6741=EDGE_CURVE('',#5425,#5438,#4776,.T.);
#6742=EDGE_CURVE('',#5438,#5439,#1248,.T.);
#6743=EDGE_CURVE('',#5439,#5426,#4777,.T.);
#6744=EDGE_CURVE('',#5437,#5439,#1249,.T.);
#6745=EDGE_CURVE('',#5438,#5436,#1250,.T.);
#6746=EDGE_CURVE('',#5440,#5429,#1251,.T.);
#6747=EDGE_CURVE('',#5441,#5440,#1252,.T.);
#6748=EDGE_CURVE('',#5441,#5424,#1253,.T.);
#6749=EDGE_CURVE('',#5442,#5434,#1254,.T.);
#6750=EDGE_CURVE('',#5442,#5443,#1255,.T.);
#6751=EDGE_CURVE('',#5444,#5443,#89,.F.);
#6752=EDGE_CURVE('',#5444,#5440,#1256,.T.);
#6753=EDGE_CURVE('',#5431,#5445,#1257,.T.);
#6754=EDGE_CURVE('',#5445,#5442,#4778,.T.);
#6755=EDGE_CURVE('',#5446,#5430,#1258,.T.);
#6756=EDGE_CURVE('',#5447,#5446,#1259,.T.);
#6757=EDGE_CURVE('',#5448,#5447,#90,.F.);
#6758=EDGE_CURVE('',#5448,#5445,#1260,.T.);
#6759=EDGE_CURVE('',#5449,#5450,#1261,.T.);
#6760=EDGE_CURVE('',#5451,#5449,#1262,.T.);
#6761=EDGE_CURVE('',#5452,#5451,#1263,.T.);
#6762=EDGE_CURVE('',#5453,#5452,#1264,.T.);
#6763=EDGE_CURVE('',#5454,#5453,#1265,.T.);
#6764=EDGE_CURVE('',#5450,#5454,#1266,.T.);
#6765=EDGE_CURVE('',#5450,#5455,#1267,.T.);
#6766=EDGE_CURVE('',#5455,#5456,#1268,.T.);
#6767=EDGE_CURVE('',#5449,#5456,#1269,.T.);
#6768=EDGE_CURVE('',#5454,#5457,#1270,.T.);
#6769=EDGE_CURVE('',#5457,#5455,#1271,.T.);
#6770=EDGE_CURVE('',#5453,#5458,#1272,.T.);
#6771=EDGE_CURVE('',#5458,#5457,#1273,.T.);
#6772=EDGE_CURVE('',#5452,#5459,#1274,.T.);
#6773=EDGE_CURVE('',#5459,#5458,#1275,.T.);
#6774=EDGE_CURVE('',#5460,#5459,#1276,.T.);
#6775=EDGE_CURVE('',#5451,#5460,#1277,.T.);
#6776=EDGE_CURVE('',#5456,#5460,#1278,.T.);
#6777=EDGE_CURVE('',#5461,#5460,#1279,.T.);
#6778=EDGE_CURVE('',#5461,#5462,#1280,.T.);
#6779=EDGE_CURVE('',#5462,#5459,#1281,.T.);
#6780=EDGE_CURVE('',#5463,#5456,#1282,.T.);
#6781=EDGE_CURVE('',#5463,#5461,#1283,.T.);
#6782=EDGE_CURVE('',#5464,#5455,#1284,.T.);
#6783=EDGE_CURVE('',#5464,#5463,#1285,.T.);
#6784=EDGE_CURVE('',#5465,#5466,#1286,.T.);
#6785=EDGE_CURVE('',#5466,#5467,#1287,.T.);
#6786=EDGE_CURVE('',#5467,#5468,#1288,.T.);
#6787=EDGE_CURVE('',#5465,#5468,#1289,.T.);
#6788=EDGE_CURVE('',#5466,#5469,#1290,.T.);
#6789=EDGE_CURVE('',#5469,#5470,#1291,.T.);
#6790=EDGE_CURVE('',#5470,#5467,#1292,.T.);
#6791=EDGE_CURVE('',#5469,#5471,#1293,.T.);
#6792=EDGE_CURVE('',#5471,#5472,#1294,.T.);
#6793=EDGE_CURVE('',#5472,#5470,#1295,.T.);
#6794=EDGE_CURVE('',#5471,#5473,#1296,.T.);
#6795=EDGE_CURVE('',#5473,#5474,#1297,.T.);
#6796=EDGE_CURVE('',#5474,#5472,#1298,.T.);
#6797=EDGE_CURVE('',#5475,#5474,#1299,.T.);
#6798=EDGE_CURVE('',#5473,#5476,#1300,.T.);
#6799=EDGE_CURVE('',#5476,#5475,#1301,.T.);
#6800=EDGE_CURVE('',#5468,#5475,#1302,.T.);
#6801=EDGE_CURVE('',#5476,#5465,#1303,.T.);
#6802=EDGE_CURVE('',#5477,#5475,#1304,.T.);
#6803=EDGE_CURVE('',#5477,#5478,#1305,.T.);
#6804=EDGE_CURVE('',#5478,#5474,#1306,.T.);
#6805=EDGE_CURVE('',#5479,#5468,#1307,.T.);
#6806=EDGE_CURVE('',#5479,#5477,#1308,.T.);
#6807=EDGE_CURVE('',#5480,#5467,#1309,.T.);
#6808=EDGE_CURVE('',#5480,#5479,#1310,.T.);
#6809=EDGE_CURVE('',#5481,#5482,#1311,.T.);
#6810=EDGE_CURVE('',#5483,#5481,#1312,.T.);
#6811=EDGE_CURVE('',#5484,#5483,#4779,.T.);
#6812=EDGE_CURVE('',#5485,#5484,#1313,.T.);
#6813=EDGE_CURVE('',#5486,#5485,#4780,.T.);
#6814=EDGE_CURVE('',#5487,#5486,#1314,.T.);
#6815=EDGE_CURVE('',#5488,#5487,#4781,.T.);
#6816=EDGE_CURVE('',#5489,#5488,#1315,.T.);
#6817=EDGE_CURVE('',#5490,#5489,#4782,.T.);
#6818=EDGE_CURVE('',#5482,#5490,#1316,.T.);
#6819=EDGE_CURVE('',#5482,#5491,#1317,.T.);
#6820=EDGE_CURVE('',#5491,#5492,#1318,.T.);
#6821=EDGE_CURVE('',#5481,#5492,#1319,.T.);
#6822=EDGE_CURVE('',#5492,#5493,#1320,.T.);
#6823=EDGE_CURVE('',#5493,#5483,#1321,.T.);
#6824=EDGE_CURVE('',#5493,#5494,#4783,.T.);
#6825=EDGE_CURVE('',#5494,#5484,#1322,.T.);
#6826=EDGE_CURVE('',#5495,#5485,#1323,.T.);
#6827=EDGE_CURVE('',#5494,#5495,#1324,.T.);
#6828=EDGE_CURVE('',#5495,#5496,#4784,.T.);
#6829=EDGE_CURVE('',#5496,#5486,#1325,.T.);
#6830=EDGE_CURVE('',#5497,#5487,#1326,.T.);
#6831=EDGE_CURVE('',#5496,#5497,#1327,.T.);
#6832=EDGE_CURVE('',#5497,#5498,#4785,.T.);
#6833=EDGE_CURVE('',#5498,#5488,#1328,.T.);
#6834=EDGE_CURVE('',#5499,#5489,#1329,.T.);
#6835=EDGE_CURVE('',#5498,#5499,#1330,.T.);
#6836=EDGE_CURVE('',#5499,#5500,#4786,.T.);
#6837=EDGE_CURVE('',#5500,#5490,#1331,.T.);
#6838=EDGE_CURVE('',#5500,#5491,#1332,.T.);
#6839=EDGE_CURVE('',#5495,#5501,#1333,.T.);
#6840=EDGE_CURVE('',#5501,#5502,#4787,.F.);
#6841=EDGE_CURVE('',#5502,#5496,#1334,.T.);
#6842=EDGE_CURVE('',#5503,#5494,#1335,.T.);
#6843=EDGE_CURVE('',#5501,#5503,#1336,.T.);
#6844=EDGE_CURVE('',#5493,#5504,#1337,.T.);
#6845=EDGE_CURVE('',#5504,#5503,#4788,.F.);
#6846=EDGE_CURVE('',#5505,#5492,#1338,.T.);
#6847=EDGE_CURVE('',#5506,#5505,#1339,.T.);
#6848=EDGE_CURVE('',#5504,#5506,#1340,.T.);
#6849=EDGE_CURVE('',#5507,#5491,#1341,.T.);
#6850=EDGE_CURVE('',#5505,#5507,#1342,.T.);
#6851=EDGE_CURVE('',#5422,#5444,#1343,.T.);
#6852=EDGE_CURVE('',#5443,#5508,#1344,.T.);
#6853=EDGE_CURVE('',#5508,#5422,#91,.T.);
#6854=EDGE_CURVE('',#5509,#5420,#4789,.T.);
#6855=EDGE_CURVE('',#5509,#5510,#4790,.T.);
#6856=EDGE_CURVE('',#5419,#5510,#4791,.T.);
#6857=EDGE_CURVE('',#5508,#5509,#1345,.T.);
#6858=EDGE_CURVE('',#5511,#5417,#4792,.T.);
#6859=EDGE_CURVE('',#5511,#5512,#4793,.T.);
#6860=EDGE_CURVE('',#5418,#5512,#4794,.T.);
#6861=EDGE_CURVE('',#5510,#5511,#1346,.T.);
#6862=EDGE_CURVE('',#5513,#5514,#4795,.F.);
#6863=EDGE_CURVE('',#5515,#5513,#4796,.T.);
#6864=EDGE_CURVE('',#5515,#5516,#4797,.T.);
#6865=EDGE_CURVE('',#5514,#5516,#4798,.T.);
#6866=EDGE_CURVE('',#5513,#5418,#1347,.T.);
#6867=EDGE_CURVE('',#5512,#5515,#1348,.T.);
#6868=EDGE_CURVE('',#5517,#5518,#4799,.F.);
#6869=EDGE_CURVE('',#5519,#5517,#4800,.T.);
#6870=EDGE_CURVE('',#5519,#5520,#4801,.T.);
#6871=EDGE_CURVE('',#5518,#5520,#4802,.T.);
#6872=EDGE_CURVE('',#5517,#5514,#1349,.T.);
#6873=EDGE_CURVE('',#5516,#5519,#1350,.T.);
#6874=EDGE_CURVE('',#5521,#5518,#1351,.T.);
#6875=EDGE_CURVE('',#5520,#5522,#1352,.T.);
#6876=EDGE_CURVE('',#5522,#5521,#92,.T.);
#6877=EDGE_CURVE('',#5415,#5517,#1353,.T.);
#6878=EDGE_CURVE('',#5518,#5416,#1354,.T.);
#6879=EDGE_CURVE('',#5522,#5523,#1355,.T.);
#6880=EDGE_CURVE('',#5523,#5524,#93,.F.);
#6881=EDGE_CURVE('',#5524,#5521,#1356,.T.);
#6882=EDGE_CURVE('',#5413,#5513,#1357,.T.);
#6883=EDGE_CURVE('',#5514,#5414,#1358,.T.);
#6884=EDGE_CURVE('',#5525,#5448,#1359,.T.);
#6885=EDGE_CURVE('',#5526,#5525,#1360,.T.);
#6886=EDGE_CURVE('',#5527,#5526,#4803,.T.);
#6887=EDGE_CURVE('',#5528,#5527,#1361,.T.);
#6888=EDGE_CURVE('',#5529,#5528,#4804,.T.);
#6889=EDGE_CURVE('',#5530,#5529,#1362,.T.);
#6890=EDGE_CURVE('',#5531,#5530,#4805,.T.);
#6891=EDGE_CURVE('',#5532,#5531,#1363,.T.);
#6892=EDGE_CURVE('',#5533,#5532,#4806,.T.);
#6893=EDGE_CURVE('',#5534,#5533,#1364,.T.);
#6894=EDGE_CURVE('',#5535,#5534,#1365,.T.);
#6895=EDGE_CURVE('',#5536,#5535,#1366,.T.);
#6896=EDGE_CURVE('',#5537,#5536,#4807,.T.);
#6897=EDGE_CURVE('',#5523,#5537,#1367,.T.);
#6898=EDGE_CURVE('',#5394,#5538,#1368,.T.);
#6899=EDGE_CURVE('',#5539,#5396,#1369,.T.);
#6900=EDGE_CURVE('',#5538,#5539,#1370,.T.);
#6901=EDGE_CURVE('',#5540,#5541,#1371,.T.);
#6902=EDGE_CURVE('',#5542,#5540,#1372,.T.);
#6903=EDGE_CURVE('',#5543,#5542,#1373,.T.);
#6904=EDGE_CURVE('',#5544,#5543,#1374,.T.);
#6905=EDGE_CURVE('',#5545,#5544,#1375,.T.);
#6906=EDGE_CURVE('',#5541,#5545,#1376,.T.);
#6907=EDGE_CURVE('',#5478,#5546,#1377,.T.);
#6908=EDGE_CURVE('',#5547,#5480,#1378,.T.);
#6909=EDGE_CURVE('',#5546,#5547,#1379,.T.);
#6910=EDGE_CURVE('',#5462,#5548,#1380,.T.);
#6911=EDGE_CURVE('',#5549,#5464,#1381,.T.);
#6912=EDGE_CURVE('',#5548,#5549,#1382,.T.);
#6913=EDGE_CURVE('',#5550,#5551,#1383,.T.);
#6914=EDGE_CURVE('',#5552,#5550,#1384,.T.);
#6915=EDGE_CURVE('',#5553,#5552,#1385,.T.);
#6916=EDGE_CURVE('',#5554,#5553,#1386,.T.);
#6917=EDGE_CURVE('',#5555,#5554,#1387,.T.);
#6918=EDGE_CURVE('',#5551,#5555,#1388,.T.);
#6919=EDGE_CURVE('',#5440,#5421,#1389,.T.);
#6920=EDGE_CURVE('',#5425,#5537,#1390,.T.);
#6921=EDGE_CURVE('',#5536,#5438,#1391,.T.);
#6922=EDGE_CURVE('',#5524,#5441,#1392,.T.);
#6923=EDGE_CURVE('',#5506,#5556,#1393,.T.);
#6924=EDGE_CURVE('',#5556,#5535,#94,.F.);
#6925=EDGE_CURVE('',#5534,#5506,#95,.T.);
#6926=EDGE_CURVE('',#5533,#5504,#4808,.T.);
#6927=EDGE_CURVE('',#5503,#5532,#4809,.T.);
#6928=EDGE_CURVE('',#5531,#5501,#4810,.T.);
#6929=EDGE_CURVE('',#5502,#5530,#4811,.T.);
#6930=EDGE_CURVE('',#5557,#5558,#4812,.F.);
#6931=EDGE_CURVE('',#5529,#5557,#4813,.T.);
#6932=EDGE_CURVE('',#5558,#5528,#4814,.T.);
#6933=EDGE_CURVE('',#5557,#5502,#1394,.T.);
#6934=EDGE_CURVE('',#5559,#5560,#4815,.F.);
#6935=EDGE_CURVE('',#5527,#5559,#4816,.T.);
#6936=EDGE_CURVE('',#5560,#5526,#4817,.T.);
#6937=EDGE_CURVE('',#5559,#5558,#1395,.T.);
#6938=EDGE_CURVE('',#5561,#5560,#1396,.T.);
#6939=EDGE_CURVE('',#5525,#5561,#96,.T.);
#6940=EDGE_CURVE('',#5499,#5559,#1397,.T.);
#6941=EDGE_CURVE('',#5560,#5500,#1398,.T.);
#6942=EDGE_CURVE('',#5447,#5561,#1399,.T.);
#6943=EDGE_CURVE('',#5497,#5557,#1400,.T.);
#6944=EDGE_CURVE('',#5558,#5498,#1401,.T.);
#6945=EDGE_CURVE('',#5562,#5505,#1402,.T.);
#6946=EDGE_CURVE('',#5556,#5562,#1403,.T.);
#6947=EDGE_CURVE('',#5423,#5441,#1404,.T.);
#6948=EDGE_CURVE('',#5563,#5564,#1405,.T.);
#6949=EDGE_CURVE('',#5564,#5565,#1406,.T.);
#6950=EDGE_CURVE('',#5565,#5566,#1407,.T.);
#6951=EDGE_CURVE('',#5566,#5567,#1408,.T.);
#6952=EDGE_CURVE('',#5567,#5568,#1409,.T.);
#6953=EDGE_CURVE('',#5568,#5563,#1410,.T.);
#6954=EDGE_CURVE('',#5562,#5436,#1411,.T.);
#6955=EDGE_CURVE('',#5446,#5562,#1412,.T.);
#6956=EDGE_CURVE('',#5507,#5446,#1413,.T.);
#6957=EDGE_CURVE('',#5569,#5570,#1414,.T.);
#6958=EDGE_CURVE('',#5570,#5571,#1415,.T.);
#6959=EDGE_CURVE('',#5571,#5572,#1416,.T.);
#6960=EDGE_CURVE('',#5572,#5573,#1417,.T.);
#6961=EDGE_CURVE('',#5573,#5574,#1418,.T.);
#6962=EDGE_CURVE('',#5574,#5569,#1419,.T.);
#6963=EDGE_CURVE('',#5550,#5563,#1420,.T.);
#6964=EDGE_CURVE('',#5552,#5568,#1421,.T.);
#6965=EDGE_CURVE('',#5553,#5567,#1422,.T.);
#6966=EDGE_CURVE('',#5554,#5566,#1423,.T.);
#6967=EDGE_CURVE('',#5555,#5565,#1424,.T.);
#6968=EDGE_CURVE('',#5551,#5564,#1425,.T.);
#6969=EDGE_CURVE('',#5539,#5386,#1426,.T.);
#6970=EDGE_CURVE('',#5538,#5388,#1427,.T.);
#6971=EDGE_CURVE('',#5547,#5470,#1428,.T.);
#6972=EDGE_CURVE('',#5546,#5472,#1429,.T.);
#6973=EDGE_CURVE('',#5540,#5569,#1430,.T.);
#6974=EDGE_CURVE('',#5542,#5574,#1431,.T.);
#6975=EDGE_CURVE('',#5543,#5573,#1432,.T.);
#6976=EDGE_CURVE('',#5544,#5572,#1433,.T.);
#6977=EDGE_CURVE('',#5545,#5571,#1434,.T.);
#6978=EDGE_CURVE('',#5541,#5570,#1435,.T.);
#6979=EDGE_CURVE('',#5549,#5457,#1436,.T.);
#6980=EDGE_CURVE('',#5548,#5458,#1437,.T.);
#6981=EDGE_CURVE('',#5561,#5507,#1438,.T.);
#6982=EDGE_CURVE('',#5521,#5423,#1439,.T.);
#6983=EDGE_CURVE('',#5575,#5576,#1440,.T.);
#6984=EDGE_CURVE('',#5576,#5577,#1441,.T.);
#6985=EDGE_CURVE('',#5577,#5578,#1442,.T.);
#6986=EDGE_CURVE('',#5575,#5578,#1443,.T.);
#6987=EDGE_CURVE('',#5576,#5579,#1444,.T.);
#6988=EDGE_CURVE('',#5579,#5580,#1445,.T.);
#6989=EDGE_CURVE('',#5580,#5577,#1446,.T.);
#6990=EDGE_CURVE('',#5579,#5581,#1447,.T.);
#6991=EDGE_CURVE('',#5581,#5582,#1448,.T.);
#6992=EDGE_CURVE('',#5582,#5580,#1449,.T.);
#6993=EDGE_CURVE('',#5581,#5583,#1450,.T.);
#6994=EDGE_CURVE('',#5583,#5584,#1451,.T.);
#6995=EDGE_CURVE('',#5584,#5582,#1452,.T.);
#6996=EDGE_CURVE('',#5585,#5584,#1453,.T.);
#6997=EDGE_CURVE('',#5583,#5586,#1454,.T.);
#6998=EDGE_CURVE('',#5586,#5585,#1455,.T.);
#6999=EDGE_CURVE('',#5578,#5585,#1456,.T.);
#7000=EDGE_CURVE('',#5586,#5575,#1457,.T.);
#7001=EDGE_CURVE('',#5587,#5585,#1458,.T.);
#7002=EDGE_CURVE('',#5587,#5588,#1459,.T.);
#7003=EDGE_CURVE('',#5588,#5584,#1460,.T.);
#7004=EDGE_CURVE('',#5589,#5578,#1461,.T.);
#7005=EDGE_CURVE('',#5589,#5587,#1462,.T.);
#7006=EDGE_CURVE('',#5590,#5577,#1463,.T.);
#7007=EDGE_CURVE('',#5590,#5589,#1464,.T.);
#7008=EDGE_CURVE('',#5591,#5592,#1465,.T.);
#7009=EDGE_CURVE('',#5593,#5591,#1466,.T.);
#7010=EDGE_CURVE('',#5594,#5593,#4818,.T.);
#7011=EDGE_CURVE('',#5595,#5594,#1467,.T.);
#7012=EDGE_CURVE('',#5596,#5595,#4819,.T.);
#7013=EDGE_CURVE('',#5597,#5596,#1468,.T.);
#7014=EDGE_CURVE('',#5598,#5597,#4820,.T.);
#7015=EDGE_CURVE('',#5599,#5598,#1469,.T.);
#7016=EDGE_CURVE('',#5600,#5599,#4821,.T.);
#7017=EDGE_CURVE('',#5592,#5600,#1470,.T.);
#7018=EDGE_CURVE('',#5592,#5601,#1471,.T.);
#7019=EDGE_CURVE('',#5601,#5602,#1472,.T.);
#7020=EDGE_CURVE('',#5591,#5602,#1473,.T.);
#7021=EDGE_CURVE('',#5602,#5603,#1474,.T.);
#7022=EDGE_CURVE('',#5603,#5593,#1475,.T.);
#7023=EDGE_CURVE('',#5603,#5604,#4822,.T.);
#7024=EDGE_CURVE('',#5604,#5594,#1476,.T.);
#7025=EDGE_CURVE('',#5605,#5595,#1477,.T.);
#7026=EDGE_CURVE('',#5604,#5605,#1478,.T.);
#7027=EDGE_CURVE('',#5605,#5606,#4823,.T.);
#7028=EDGE_CURVE('',#5606,#5596,#1479,.T.);
#7029=EDGE_CURVE('',#5607,#5597,#1480,.T.);
#7030=EDGE_CURVE('',#5606,#5607,#1481,.T.);
#7031=EDGE_CURVE('',#5607,#5608,#4824,.T.);
#7032=EDGE_CURVE('',#5608,#5598,#1482,.T.);
#7033=EDGE_CURVE('',#5609,#5599,#1483,.T.);
#7034=EDGE_CURVE('',#5608,#5609,#1484,.T.);
#7035=EDGE_CURVE('',#5609,#5610,#4825,.T.);
#7036=EDGE_CURVE('',#5610,#5600,#1485,.T.);
#7037=EDGE_CURVE('',#5610,#5601,#1486,.T.);
#7038=EDGE_CURVE('',#5605,#5611,#1487,.T.);
#7039=EDGE_CURVE('',#5611,#5612,#4826,.F.);
#7040=EDGE_CURVE('',#5612,#5606,#1488,.T.);
#7041=EDGE_CURVE('',#5613,#5604,#1489,.T.);
#7042=EDGE_CURVE('',#5611,#5613,#1490,.T.);
#7043=EDGE_CURVE('',#5603,#5614,#1491,.T.);
#7044=EDGE_CURVE('',#5614,#5613,#4827,.F.);
#7045=EDGE_CURVE('',#5615,#5602,#1492,.T.);
#7046=EDGE_CURVE('',#5616,#5615,#1493,.T.);
#7047=EDGE_CURVE('',#5614,#5616,#1494,.T.);
#7048=EDGE_CURVE('',#5617,#5601,#1495,.T.);
#7049=EDGE_CURVE('',#5615,#5617,#1496,.T.);
#7050=EDGE_CURVE('',#5618,#5619,#1497,.T.);
#7051=EDGE_CURVE('',#5619,#5620,#1498,.T.);
#7052=EDGE_CURVE('',#5620,#5621,#1499,.T.);
#7053=EDGE_CURVE('',#5618,#5621,#1500,.T.);
#7054=EDGE_CURVE('',#5619,#5622,#1501,.T.);
#7055=EDGE_CURVE('',#5622,#5623,#1502,.T.);
#7056=EDGE_CURVE('',#5623,#5620,#1503,.T.);
#7057=EDGE_CURVE('',#5622,#5624,#1504,.T.);
#7058=EDGE_CURVE('',#5624,#5625,#1505,.T.);
#7059=EDGE_CURVE('',#5625,#5623,#1506,.T.);
#7060=EDGE_CURVE('',#5624,#5626,#1507,.T.);
#7061=EDGE_CURVE('',#5626,#5627,#1508,.T.);
#7062=EDGE_CURVE('',#5627,#5625,#1509,.T.);
#7063=EDGE_CURVE('',#5628,#5627,#1510,.T.);
#7064=EDGE_CURVE('',#5626,#5629,#1511,.T.);
#7065=EDGE_CURVE('',#5629,#5628,#1512,.T.);
#7066=EDGE_CURVE('',#5621,#5628,#1513,.T.);
#7067=EDGE_CURVE('',#5629,#5618,#1514,.T.);
#7068=EDGE_CURVE('',#5630,#5628,#1515,.T.);
#7069=EDGE_CURVE('',#5631,#5630,#1516,.T.);
#7070=EDGE_CURVE('',#5632,#5631,#97,.F.);
#7071=EDGE_CURVE('',#5632,#5633,#1517,.T.);
#7072=EDGE_CURVE('',#5634,#5633,#98,.F.);
#7073=EDGE_CURVE('',#5634,#5635,#1518,.T.);
#7074=EDGE_CURVE('',#5635,#5627,#1519,.T.);
#7075=EDGE_CURVE('',#5636,#5621,#1520,.T.);
#7076=EDGE_CURVE('',#5630,#5636,#1521,.T.);
#7077=EDGE_CURVE('',#5637,#5620,#1522,.T.);
#7078=EDGE_CURVE('',#5638,#5637,#1523,.T.);
#7079=EDGE_CURVE('',#5639,#5638,#99,.F.);
#7080=EDGE_CURVE('',#5639,#5640,#1524,.T.);
#7081=EDGE_CURVE('',#5641,#5640,#100,.F.);
#7082=EDGE_CURVE('',#5641,#5636,#1525,.T.);
#7083=EDGE_CURVE('',#5642,#5643,#1526,.T.);
#7084=EDGE_CURVE('',#5644,#5642,#1527,.T.);
#7085=EDGE_CURVE('',#5645,#5644,#1528,.T.);
#7086=EDGE_CURVE('',#5646,#5645,#1529,.T.);
#7087=EDGE_CURVE('',#5647,#5646,#1530,.T.);
#7088=EDGE_CURVE('',#5643,#5647,#1531,.T.);
#7089=EDGE_CURVE('',#5643,#5648,#1532,.T.);
#7090=EDGE_CURVE('',#5648,#5649,#1533,.T.);
#7091=EDGE_CURVE('',#5642,#5649,#1534,.T.);
#7092=EDGE_CURVE('',#5647,#5650,#1535,.T.);
#7093=EDGE_CURVE('',#5650,#5648,#1536,.T.);
#7094=EDGE_CURVE('',#5646,#5651,#1537,.T.);
#7095=EDGE_CURVE('',#5651,#5650,#1538,.T.);
#7096=EDGE_CURVE('',#5645,#5652,#1539,.T.);
#7097=EDGE_CURVE('',#5652,#5651,#1540,.T.);
#7098=EDGE_CURVE('',#5653,#5652,#1541,.T.);
#7099=EDGE_CURVE('',#5644,#5653,#1542,.T.);
#7100=EDGE_CURVE('',#5649,#5653,#1543,.T.);
#7101=EDGE_CURVE('',#5654,#5653,#1544,.T.);
#7102=EDGE_CURVE('',#5654,#5655,#1545,.T.);
#7103=EDGE_CURVE('',#5655,#5652,#1546,.T.);
#7104=EDGE_CURVE('',#5656,#5649,#1547,.T.);
#7105=EDGE_CURVE('',#5656,#5654,#1548,.T.);
#7106=EDGE_CURVE('',#5657,#5648,#1549,.T.);
#7107=EDGE_CURVE('',#5657,#5656,#1550,.T.);
#7108=EDGE_CURVE('',#5658,#5659,#1551,.T.);
#7109=EDGE_CURVE('',#5659,#5660,#1552,.T.);
#7110=EDGE_CURVE('',#5660,#5661,#1553,.T.);
#7111=EDGE_CURVE('',#5658,#5661,#1554,.T.);
#7112=EDGE_CURVE('',#5659,#5662,#1555,.T.);
#7113=EDGE_CURVE('',#5662,#5663,#1556,.T.);
#7114=EDGE_CURVE('',#5663,#5660,#1557,.T.);
#7115=EDGE_CURVE('',#5662,#5664,#1558,.T.);
#7116=EDGE_CURVE('',#5664,#5665,#1559,.T.);
#7117=EDGE_CURVE('',#5665,#5663,#1560,.T.);
#7118=EDGE_CURVE('',#5664,#5666,#1561,.T.);
#7119=EDGE_CURVE('',#5666,#5667,#1562,.T.);
#7120=EDGE_CURVE('',#5667,#5665,#1563,.T.);
#7121=EDGE_CURVE('',#5668,#5667,#1564,.T.);
#7122=EDGE_CURVE('',#5666,#5669,#1565,.T.);
#7123=EDGE_CURVE('',#5669,#5668,#1566,.T.);
#7124=EDGE_CURVE('',#5661,#5668,#1567,.T.);
#7125=EDGE_CURVE('',#5669,#5658,#1568,.T.);
#7126=EDGE_CURVE('',#5670,#5668,#1569,.T.);
#7127=EDGE_CURVE('',#5670,#5671,#1570,.T.);
#7128=EDGE_CURVE('',#5671,#5667,#1571,.T.);
#7129=EDGE_CURVE('',#5672,#5661,#1572,.T.);
#7130=EDGE_CURVE('',#5672,#5670,#1573,.T.);
#7131=EDGE_CURVE('',#5673,#5660,#1574,.T.);
#7132=EDGE_CURVE('',#5673,#5672,#1575,.T.);
#7133=EDGE_CURVE('',#5674,#5675,#1576,.T.);
#7134=EDGE_CURVE('',#5676,#5674,#1577,.T.);
#7135=EDGE_CURVE('',#5677,#5676,#4828,.T.);
#7136=EDGE_CURVE('',#5678,#5677,#1578,.T.);
#7137=EDGE_CURVE('',#5679,#5678,#4829,.T.);
#7138=EDGE_CURVE('',#5680,#5679,#1579,.T.);
#7139=EDGE_CURVE('',#5681,#5680,#4830,.T.);
#7140=EDGE_CURVE('',#5682,#5681,#1580,.T.);
#7141=EDGE_CURVE('',#5683,#5682,#4831,.T.);
#7142=EDGE_CURVE('',#5675,#5683,#1581,.T.);
#7143=EDGE_CURVE('',#5675,#5684,#1582,.T.);
#7144=EDGE_CURVE('',#5684,#5685,#1583,.T.);
#7145=EDGE_CURVE('',#5674,#5685,#1584,.T.);
#7146=EDGE_CURVE('',#5685,#5686,#1585,.T.);
#7147=EDGE_CURVE('',#5686,#5676,#1586,.T.);
#7148=EDGE_CURVE('',#5686,#5687,#4832,.T.);
#7149=EDGE_CURVE('',#5687,#5677,#1587,.T.);
#7150=EDGE_CURVE('',#5688,#5678,#1588,.T.);
#7151=EDGE_CURVE('',#5687,#5688,#1589,.T.);
#7152=EDGE_CURVE('',#5688,#5689,#4833,.T.);
#7153=EDGE_CURVE('',#5689,#5679,#1590,.T.);
#7154=EDGE_CURVE('',#5690,#5680,#1591,.T.);
#7155=EDGE_CURVE('',#5689,#5690,#1592,.T.);
#7156=EDGE_CURVE('',#5690,#5691,#4834,.T.);
#7157=EDGE_CURVE('',#5691,#5681,#1593,.T.);
#7158=EDGE_CURVE('',#5692,#5682,#1594,.T.);
#7159=EDGE_CURVE('',#5691,#5692,#1595,.T.);
#7160=EDGE_CURVE('',#5692,#5693,#4835,.T.);
#7161=EDGE_CURVE('',#5693,#5683,#1596,.T.);
#7162=EDGE_CURVE('',#5693,#5684,#1597,.T.);
#7163=EDGE_CURVE('',#5688,#5694,#1598,.T.);
#7164=EDGE_CURVE('',#5694,#5695,#4836,.F.);
#7165=EDGE_CURVE('',#5695,#5689,#1599,.T.);
#7166=EDGE_CURVE('',#5696,#5687,#1600,.T.);
#7167=EDGE_CURVE('',#5694,#5696,#1601,.T.);
#7168=EDGE_CURVE('',#5686,#5697,#1602,.T.);
#7169=EDGE_CURVE('',#5697,#5696,#4837,.F.);
#7170=EDGE_CURVE('',#5698,#5685,#1603,.T.);
#7171=EDGE_CURVE('',#5699,#5698,#1604,.T.);
#7172=EDGE_CURVE('',#5697,#5699,#1605,.T.);
#7173=EDGE_CURVE('',#5700,#5684,#1606,.T.);
#7174=EDGE_CURVE('',#5698,#5700,#1607,.T.);
#7175=EDGE_CURVE('',#5701,#5702,#1608,.T.);
#7176=EDGE_CURVE('',#5702,#5703,#1609,.T.);
#7177=EDGE_CURVE('',#5703,#5704,#1610,.T.);
#7178=EDGE_CURVE('',#5701,#5704,#1611,.T.);
#7179=EDGE_CURVE('',#5702,#5705,#1612,.T.);
#7180=EDGE_CURVE('',#5705,#5706,#1613,.T.);
#7181=EDGE_CURVE('',#5706,#5703,#1614,.T.);
#7182=EDGE_CURVE('',#5705,#5707,#1615,.T.);
#7183=EDGE_CURVE('',#5707,#5708,#1616,.T.);
#7184=EDGE_CURVE('',#5708,#5706,#1617,.T.);
#7185=EDGE_CURVE('',#5707,#5709,#1618,.T.);
#7186=EDGE_CURVE('',#5709,#5710,#1619,.T.);
#7187=EDGE_CURVE('',#5710,#5708,#1620,.T.);
#7188=EDGE_CURVE('',#5711,#5710,#1621,.T.);
#7189=EDGE_CURVE('',#5709,#5712,#1622,.T.);
#7190=EDGE_CURVE('',#5712,#5711,#1623,.T.);
#7191=EDGE_CURVE('',#5704,#5711,#1624,.T.);
#7192=EDGE_CURVE('',#5712,#5701,#1625,.T.);
#7193=EDGE_CURVE('',#5713,#5711,#1626,.T.);
#7194=EDGE_CURVE('',#5713,#5714,#1627,.T.);
#7195=EDGE_CURVE('',#5714,#5710,#1628,.T.);
#7196=EDGE_CURVE('',#5715,#5704,#1629,.T.);
#7197=EDGE_CURVE('',#5715,#5713,#1630,.T.);
#7198=EDGE_CURVE('',#5716,#5703,#1631,.T.);
#7199=EDGE_CURVE('',#5716,#5715,#1632,.T.);
#7200=EDGE_CURVE('',#5717,#5718,#1633,.T.);
#7201=EDGE_CURVE('',#5719,#5717,#1634,.T.);
#7202=EDGE_CURVE('',#5720,#5719,#4838,.T.);
#7203=EDGE_CURVE('',#5721,#5720,#1635,.T.);
#7204=EDGE_CURVE('',#5722,#5721,#4839,.T.);
#7205=EDGE_CURVE('',#5723,#5722,#1636,.T.);
#7206=EDGE_CURVE('',#5724,#5723,#4840,.T.);
#7207=EDGE_CURVE('',#5725,#5724,#1637,.T.);
#7208=EDGE_CURVE('',#5726,#5725,#4841,.T.);
#7209=EDGE_CURVE('',#5718,#5726,#1638,.T.);
#7210=EDGE_CURVE('',#5718,#5727,#1639,.T.);
#7211=EDGE_CURVE('',#5727,#5728,#1640,.T.);
#7212=EDGE_CURVE('',#5717,#5728,#1641,.T.);
#7213=EDGE_CURVE('',#5728,#5729,#1642,.T.);
#7214=EDGE_CURVE('',#5729,#5719,#1643,.T.);
#7215=EDGE_CURVE('',#5729,#5730,#4842,.T.);
#7216=EDGE_CURVE('',#5730,#5720,#1644,.T.);
#7217=EDGE_CURVE('',#5731,#5721,#1645,.T.);
#7218=EDGE_CURVE('',#5730,#5731,#1646,.T.);
#7219=EDGE_CURVE('',#5731,#5732,#4843,.T.);
#7220=EDGE_CURVE('',#5732,#5722,#1647,.T.);
#7221=EDGE_CURVE('',#5733,#5723,#1648,.T.);
#7222=EDGE_CURVE('',#5732,#5733,#1649,.T.);
#7223=EDGE_CURVE('',#5733,#5734,#4844,.T.);
#7224=EDGE_CURVE('',#5734,#5724,#1650,.T.);
#7225=EDGE_CURVE('',#5735,#5725,#1651,.T.);
#7226=EDGE_CURVE('',#5734,#5735,#1652,.T.);
#7227=EDGE_CURVE('',#5735,#5736,#4845,.T.);
#7228=EDGE_CURVE('',#5736,#5726,#1653,.T.);
#7229=EDGE_CURVE('',#5736,#5727,#1654,.T.);
#7230=EDGE_CURVE('',#5731,#5737,#1655,.T.);
#7231=EDGE_CURVE('',#5737,#5738,#4846,.F.);
#7232=EDGE_CURVE('',#5738,#5732,#1656,.T.);
#7233=EDGE_CURVE('',#5739,#5730,#1657,.T.);
#7234=EDGE_CURVE('',#5737,#5739,#1658,.T.);
#7235=EDGE_CURVE('',#5729,#5740,#1659,.T.);
#7236=EDGE_CURVE('',#5740,#5739,#4847,.F.);
#7237=EDGE_CURVE('',#5741,#5728,#1660,.T.);
#7238=EDGE_CURVE('',#5742,#5741,#1661,.T.);
#7239=EDGE_CURVE('',#5740,#5742,#1662,.T.);
#7240=EDGE_CURVE('',#5743,#5727,#1663,.T.);
#7241=EDGE_CURVE('',#5741,#5743,#1664,.T.);
#7242=EDGE_CURVE('',#5616,#5634,#1665,.T.);
#7243=EDGE_CURVE('',#5633,#5744,#1666,.T.);
#7244=EDGE_CURVE('',#5744,#5616,#101,.T.);
#7245=EDGE_CURVE('',#5745,#5614,#4848,.T.);
#7246=EDGE_CURVE('',#5745,#5746,#4849,.T.);
#7247=EDGE_CURVE('',#5613,#5746,#4850,.T.);
#7248=EDGE_CURVE('',#5744,#5745,#1667,.T.);
#7249=EDGE_CURVE('',#5747,#5611,#4851,.T.);
#7250=EDGE_CURVE('',#5747,#5748,#4852,.T.);
#7251=EDGE_CURVE('',#5612,#5748,#4853,.T.);
#7252=EDGE_CURVE('',#5746,#5747,#1668,.T.);
#7253=EDGE_CURVE('',#5749,#5750,#4854,.F.);
#7254=EDGE_CURVE('',#5751,#5749,#4855,.T.);
#7255=EDGE_CURVE('',#5751,#5752,#4856,.T.);
#7256=EDGE_CURVE('',#5750,#5752,#4857,.T.);
#7257=EDGE_CURVE('',#5749,#5612,#1669,.T.);
#7258=EDGE_CURVE('',#5748,#5751,#1670,.T.);
#7259=EDGE_CURVE('',#5753,#5754,#4858,.F.);
#7260=EDGE_CURVE('',#5755,#5753,#4859,.T.);
#7261=EDGE_CURVE('',#5755,#5756,#4860,.T.);
#7262=EDGE_CURVE('',#5754,#5756,#4861,.T.);
#7263=EDGE_CURVE('',#5753,#5750,#1671,.T.);
#7264=EDGE_CURVE('',#5752,#5755,#1672,.T.);
#7265=EDGE_CURVE('',#5757,#5754,#1673,.T.);
#7266=EDGE_CURVE('',#5756,#5758,#1674,.T.);
#7267=EDGE_CURVE('',#5758,#5757,#102,.T.);
#7268=EDGE_CURVE('',#5609,#5753,#1675,.T.);
#7269=EDGE_CURVE('',#5754,#5610,#1676,.T.);
#7270=EDGE_CURVE('',#5607,#5749,#1677,.T.);
#7271=EDGE_CURVE('',#5750,#5608,#1678,.T.);
#7272=EDGE_CURVE('',#5758,#5759,#1679,.T.);
#7273=EDGE_CURVE('',#5759,#5760,#103,.F.);
#7274=EDGE_CURVE('',#5760,#5757,#1680,.T.);
#7275=EDGE_CURVE('',#5759,#5761,#1681,.T.);
#7276=EDGE_CURVE('',#5762,#5632,#1682,.T.);
#7277=EDGE_CURVE('',#5763,#5762,#1683,.T.);
#7278=EDGE_CURVE('',#5764,#5763,#4862,.T.);
#7279=EDGE_CURVE('',#5765,#5764,#1684,.T.);
#7280=EDGE_CURVE('',#5766,#5765,#4863,.T.);
#7281=EDGE_CURVE('',#5767,#5766,#1685,.T.);
#7282=EDGE_CURVE('',#5768,#5767,#4864,.T.);
#7283=EDGE_CURVE('',#5769,#5768,#1686,.T.);
#7284=EDGE_CURVE('',#5770,#5769,#4865,.T.);
#7285=EDGE_CURVE('',#5771,#5770,#1687,.T.);
#7286=EDGE_CURVE('',#5640,#5771,#1688,.T.);
#7287=EDGE_CURVE('',#5772,#5639,#1689,.T.);
#7288=EDGE_CURVE('',#5773,#5772,#1690,.T.);
#7289=EDGE_CURVE('',#5774,#5773,#4866,.T.);
#7290=EDGE_CURVE('',#5775,#5774,#1691,.T.);
#7291=EDGE_CURVE('',#5776,#5775,#4867,.T.);
#7292=EDGE_CURVE('',#5777,#5776,#1692,.T.);
#7293=EDGE_CURVE('',#5778,#5777,#4868,.T.);
#7294=EDGE_CURVE('',#5779,#5778,#1693,.T.);
#7295=EDGE_CURVE('',#5780,#5779,#4869,.T.);
#7296=EDGE_CURVE('',#5781,#5780,#1694,.T.);
#7297=EDGE_CURVE('',#5761,#5781,#1695,.T.);
#7298=EDGE_CURVE('',#5782,#5783,#1696,.T.);
#7299=EDGE_CURVE('',#5784,#5782,#1697,.T.);
#7300=EDGE_CURVE('',#5785,#5784,#1698,.T.);
#7301=EDGE_CURVE('',#5786,#5785,#1699,.T.);
#7302=EDGE_CURVE('',#5787,#5786,#1700,.T.);
#7303=EDGE_CURVE('',#5783,#5787,#1701,.T.);
#7304=EDGE_CURVE('',#5655,#5788,#1702,.T.);
#7305=EDGE_CURVE('',#5789,#5657,#1703,.T.);
#7306=EDGE_CURVE('',#5788,#5789,#1704,.T.);
#7307=EDGE_CURVE('',#5790,#5791,#1705,.T.);
#7308=EDGE_CURVE('',#5792,#5790,#1706,.T.);
#7309=EDGE_CURVE('',#5793,#5792,#1707,.T.);
#7310=EDGE_CURVE('',#5794,#5793,#1708,.T.);
#7311=EDGE_CURVE('',#5795,#5794,#1709,.T.);
#7312=EDGE_CURVE('',#5791,#5795,#1710,.T.);
#7313=EDGE_CURVE('',#5796,#5797,#1711,.T.);
#7314=EDGE_CURVE('',#5798,#5796,#1712,.T.);
#7315=EDGE_CURVE('',#5799,#5798,#1713,.T.);
#7316=EDGE_CURVE('',#5800,#5799,#1714,.T.);
#7317=EDGE_CURVE('',#5801,#5800,#1715,.T.);
#7318=EDGE_CURVE('',#5797,#5801,#1716,.T.);
#7319=EDGE_CURVE('',#5588,#5802,#1717,.T.);
#7320=EDGE_CURVE('',#5803,#5590,#1718,.T.);
#7321=EDGE_CURVE('',#5802,#5803,#1719,.T.);
#7322=EDGE_CURVE('',#5671,#5804,#1720,.T.);
#7323=EDGE_CURVE('',#5805,#5673,#1721,.T.);
#7324=EDGE_CURVE('',#5804,#5805,#1722,.T.);
#7325=EDGE_CURVE('',#5714,#5806,#1723,.T.);
#7326=EDGE_CURVE('',#5807,#5716,#1724,.T.);
#7327=EDGE_CURVE('',#5806,#5807,#1725,.T.);
#7328=EDGE_CURVE('',#5635,#5615,#1726,.T.);
#7329=EDGE_CURVE('',#5742,#5808,#1727,.T.);
#7330=EDGE_CURVE('',#5808,#5761,#104,.F.);
#7331=EDGE_CURVE('',#5781,#5742,#105,.T.);
#7332=EDGE_CURVE('',#5780,#5740,#4870,.T.);
#7333=EDGE_CURVE('',#5739,#5779,#4871,.T.);
#7334=EDGE_CURVE('',#5778,#5737,#4872,.T.);
#7335=EDGE_CURVE('',#5738,#5777,#4873,.T.);
#7336=EDGE_CURVE('',#5809,#5810,#4874,.F.);
#7337=EDGE_CURVE('',#5776,#5809,#4875,.T.);
#7338=EDGE_CURVE('',#5810,#5775,#4876,.T.);
#7339=EDGE_CURVE('',#5809,#5738,#1728,.T.);
#7340=EDGE_CURVE('',#5811,#5812,#4877,.F.);
#7341=EDGE_CURVE('',#5774,#5811,#4878,.T.);
#7342=EDGE_CURVE('',#5812,#5773,#4879,.T.);
#7343=EDGE_CURVE('',#5811,#5810,#1729,.T.);
#7344=EDGE_CURVE('',#5813,#5812,#1730,.T.);
#7345=EDGE_CURVE('',#5772,#5813,#106,.T.);
#7346=EDGE_CURVE('',#5735,#5811,#1731,.T.);
#7347=EDGE_CURVE('',#5812,#5736,#1732,.T.);
#7348=EDGE_CURVE('',#5733,#5809,#1733,.T.);
#7349=EDGE_CURVE('',#5810,#5734,#1734,.T.);
#7350=EDGE_CURVE('',#5638,#5813,#1735,.T.);
#7351=EDGE_CURVE('',#5814,#5741,#1736,.T.);
#7352=EDGE_CURVE('',#5808,#5814,#1737,.T.);
#7353=EDGE_CURVE('',#5699,#5641,#1738,.T.);
#7354=EDGE_CURVE('',#5771,#5699,#107,.T.);
#7355=EDGE_CURVE('',#5770,#5697,#4880,.T.);
#7356=EDGE_CURVE('',#5696,#5769,#4881,.T.);
#7357=EDGE_CURVE('',#5768,#5694,#4882,.T.);
#7358=EDGE_CURVE('',#5695,#5767,#4883,.T.);
#7359=EDGE_CURVE('',#5815,#5816,#4884,.F.);
#7360=EDGE_CURVE('',#5766,#5815,#4885,.T.);
#7361=EDGE_CURVE('',#5816,#5765,#4886,.T.);
#7362=EDGE_CURVE('',#5815,#5695,#1739,.T.);
#7363=EDGE_CURVE('',#5817,#5818,#4887,.F.);
#7364=EDGE_CURVE('',#5764,#5817,#4888,.T.);
#7365=EDGE_CURVE('',#5818,#5763,#4889,.T.);
#7366=EDGE_CURVE('',#5817,#5816,#1740,.T.);
#7367=EDGE_CURVE('',#5819,#5818,#1741,.T.);
#7368=EDGE_CURVE('',#5762,#5819,#108,.T.);
#7369=EDGE_CURVE('',#5692,#5817,#1742,.T.);
#7370=EDGE_CURVE('',#5818,#5693,#1743,.T.);
#7371=EDGE_CURVE('',#5631,#5819,#1744,.T.);
#7372=EDGE_CURVE('',#5690,#5815,#1745,.T.);
#7373=EDGE_CURVE('',#5816,#5691,#1746,.T.);
#7374=EDGE_CURVE('',#5636,#5698,#1747,.T.);
#7375=EDGE_CURVE('',#5743,#5637,#1748,.T.);
#7376=EDGE_CURVE('',#5637,#5814,#1749,.T.);
#7377=EDGE_CURVE('',#5820,#5821,#1750,.T.);
#7378=EDGE_CURVE('',#5821,#5822,#1751,.T.);
#7379=EDGE_CURVE('',#5822,#5823,#1752,.T.);
#7380=EDGE_CURVE('',#5823,#5824,#1753,.T.);
#7381=EDGE_CURVE('',#5824,#5825,#1754,.T.);
#7382=EDGE_CURVE('',#5825,#5820,#1755,.T.);
#7383=EDGE_CURVE('',#5700,#5630,#1756,.T.);
#7384=EDGE_CURVE('',#5826,#5827,#1757,.T.);
#7385=EDGE_CURVE('',#5827,#5828,#1758,.T.);
#7386=EDGE_CURVE('',#5828,#5829,#1759,.T.);
#7387=EDGE_CURVE('',#5829,#5830,#1760,.T.);
#7388=EDGE_CURVE('',#5830,#5831,#1761,.T.);
#7389=EDGE_CURVE('',#5831,#5826,#1762,.T.);
#7390=EDGE_CURVE('',#5832,#5635,#1763,.T.);
#7391=EDGE_CURVE('',#5832,#5625,#1764,.T.);
#7392=EDGE_CURVE('',#5814,#5623,#1765,.T.);
#7393=EDGE_CURVE('',#5617,#5832,#1766,.T.);
#7394=EDGE_CURVE('',#5833,#5834,#1767,.T.);
#7395=EDGE_CURVE('',#5834,#5835,#1768,.T.);
#7396=EDGE_CURVE('',#5835,#5836,#1769,.T.);
#7397=EDGE_CURVE('',#5836,#5837,#1770,.T.);
#7398=EDGE_CURVE('',#5837,#5838,#1771,.T.);
#7399=EDGE_CURVE('',#5838,#5833,#1772,.T.);
#7400=EDGE_CURVE('',#5796,#5826,#1773,.T.);
#7401=EDGE_CURVE('',#5798,#5831,#1774,.T.);
#7402=EDGE_CURVE('',#5799,#5830,#1775,.T.);
#7403=EDGE_CURVE('',#5800,#5829,#1776,.T.);
#7404=EDGE_CURVE('',#5801,#5828,#1777,.T.);
#7405=EDGE_CURVE('',#5797,#5827,#1778,.T.);
#7406=EDGE_CURVE('',#5790,#5833,#1779,.T.);
#7407=EDGE_CURVE('',#5792,#5838,#1780,.T.);
#7408=EDGE_CURVE('',#5793,#5837,#1781,.T.);
#7409=EDGE_CURVE('',#5794,#5836,#1782,.T.);
#7410=EDGE_CURVE('',#5795,#5835,#1783,.T.);
#7411=EDGE_CURVE('',#5791,#5834,#1784,.T.);
#7412=EDGE_CURVE('',#5805,#5663,#1785,.T.);
#7413=EDGE_CURVE('',#5804,#5665,#1786,.T.);
#7414=EDGE_CURVE('',#5782,#5820,#1787,.T.);
#7415=EDGE_CURVE('',#5784,#5825,#1788,.T.);
#7416=EDGE_CURVE('',#5785,#5824,#1789,.T.);
#7417=EDGE_CURVE('',#5786,#5823,#1790,.T.);
#7418=EDGE_CURVE('',#5787,#5822,#1791,.T.);
#7419=EDGE_CURVE('',#5783,#5821,#1792,.T.);
#7420=EDGE_CURVE('',#5807,#5706,#1793,.T.);
#7421=EDGE_CURVE('',#5806,#5708,#1794,.T.);
#7422=EDGE_CURVE('',#5803,#5580,#1795,.T.);
#7423=EDGE_CURVE('',#5802,#5582,#1796,.T.);
#7424=EDGE_CURVE('',#5789,#5650,#1797,.T.);
#7425=EDGE_CURVE('',#5788,#5651,#1798,.T.);
#7426=EDGE_CURVE('',#5813,#5743,#1799,.T.);
#7427=EDGE_CURVE('',#5760,#5832,#1800,.T.);
#7428=EDGE_CURVE('',#5757,#5617,#1801,.T.);
#7429=EDGE_CURVE('',#5819,#5700,#1802,.T.);
#7430=ORIENTED_EDGE('',*,*,#5839,.F.);
#7431=ORIENTED_EDGE('',*,*,#5840,.F.);
#7432=ORIENTED_EDGE('',*,*,#5841,.F.);
#7433=ORIENTED_EDGE('',*,*,#5842,.T.);
#7434=ORIENTED_EDGE('',*,*,#5843,.T.);
#7435=ORIENTED_EDGE('',*,*,#5840,.T.);
#7436=ORIENTED_EDGE('',*,*,#5844,.T.);
#7437=ORIENTED_EDGE('',*,*,#5845,.F.);
#7438=ORIENTED_EDGE('',*,*,#5846,.F.);
#7439=ORIENTED_EDGE('',*,*,#5847,.F.);
#7440=ORIENTED_EDGE('',*,*,#5848,.T.);
#7441=ORIENTED_EDGE('',*,*,#5849,.T.);
#7442=ORIENTED_EDGE('',*,*,#5846,.T.);
#7443=ORIENTED_EDGE('',*,*,#5850,.T.);
#7444=ORIENTED_EDGE('',*,*,#5851,.F.);
#7445=ORIENTED_EDGE('',*,*,#5852,.F.);
#7446=ORIENTED_EDGE('',*,*,#5853,.F.);
#7447=ORIENTED_EDGE('',*,*,#5854,.T.);
#7448=ORIENTED_EDGE('',*,*,#5855,.T.);
#7449=ORIENTED_EDGE('',*,*,#5852,.T.);
#7450=ORIENTED_EDGE('',*,*,#5856,.T.);
#7451=ORIENTED_EDGE('',*,*,#5857,.F.);
#7452=ORIENTED_EDGE('',*,*,#5858,.F.);
#7453=ORIENTED_EDGE('',*,*,#5859,.F.);
#7454=ORIENTED_EDGE('',*,*,#5860,.T.);
#7455=ORIENTED_EDGE('',*,*,#5861,.T.);
#7456=ORIENTED_EDGE('',*,*,#5858,.T.);
#7457=ORIENTED_EDGE('',*,*,#5862,.T.);
#7458=ORIENTED_EDGE('',*,*,#5863,.F.);
#7459=ORIENTED_EDGE('',*,*,#5864,.F.);
#7460=ORIENTED_EDGE('',*,*,#5865,.F.);
#7461=ORIENTED_EDGE('',*,*,#5866,.T.);
#7462=ORIENTED_EDGE('',*,*,#5867,.T.);
#7463=ORIENTED_EDGE('',*,*,#5864,.T.);
#7464=ORIENTED_EDGE('',*,*,#5868,.T.);
#7465=ORIENTED_EDGE('',*,*,#5869,.F.);
#7466=ORIENTED_EDGE('',*,*,#5870,.F.);
#7467=ORIENTED_EDGE('',*,*,#5871,.F.);
#7468=ORIENTED_EDGE('',*,*,#5872,.T.);
#7469=ORIENTED_EDGE('',*,*,#5873,.T.);
#7470=ORIENTED_EDGE('',*,*,#5870,.T.);
#7471=ORIENTED_EDGE('',*,*,#5874,.T.);
#7472=ORIENTED_EDGE('',*,*,#5844,.F.);
#7473=ORIENTED_EDGE('',*,*,#5875,.F.);
#7474=ORIENTED_EDGE('',*,*,#5855,.F.);
#7475=ORIENTED_EDGE('',*,*,#5876,.F.);
#7476=ORIENTED_EDGE('',*,*,#5856,.F.);
#7477=ORIENTED_EDGE('',*,*,#5877,.F.);
#7478=ORIENTED_EDGE('',*,*,#5867,.F.);
#7479=ORIENTED_EDGE('',*,*,#5878,.F.);
#7480=ORIENTED_EDGE('',*,*,#5868,.F.);
#7481=ORIENTED_EDGE('',*,*,#5879,.F.);
#7482=ORIENTED_EDGE('',*,*,#5873,.F.);
#7483=ORIENTED_EDGE('',*,*,#5880,.F.);
#7484=ORIENTED_EDGE('',*,*,#5881,.F.);
#7485=ORIENTED_EDGE('',*,*,#5882,.F.);
#7486=ORIENTED_EDGE('',*,*,#5883,.F.);
#7487=ORIENTED_EDGE('',*,*,#5884,.F.);
#7488=ORIENTED_EDGE('',*,*,#5885,.F.);
#7489=ORIENTED_EDGE('',*,*,#5886,.F.);
#7490=ORIENTED_EDGE('',*,*,#5887,.F.);
#7491=ORIENTED_EDGE('',*,*,#5888,.F.);
#7492=ORIENTED_EDGE('',*,*,#5889,.F.);
#7493=ORIENTED_EDGE('',*,*,#5890,.F.);
#7494=ORIENTED_EDGE('',*,*,#5891,.F.);
#7495=ORIENTED_EDGE('',*,*,#5892,.F.);
#7496=ORIENTED_EDGE('',*,*,#5893,.F.);
#7497=ORIENTED_EDGE('',*,*,#5894,.F.);
#7498=ORIENTED_EDGE('',*,*,#5895,.F.);
#7499=ORIENTED_EDGE('',*,*,#5896,.F.);
#7500=ORIENTED_EDGE('',*,*,#5897,.F.);
#7501=ORIENTED_EDGE('',*,*,#5898,.F.);
#7502=ORIENTED_EDGE('',*,*,#5899,.F.);
#7503=ORIENTED_EDGE('',*,*,#5900,.F.);
#7504=ORIENTED_EDGE('',*,*,#5901,.F.);
#7505=ORIENTED_EDGE('',*,*,#5894,.T.);
#7506=ORIENTED_EDGE('',*,*,#5902,.F.);
#7507=ORIENTED_EDGE('',*,*,#5903,.F.);
#7508=ORIENTED_EDGE('',*,*,#5904,.F.);
#7509=ORIENTED_EDGE('',*,*,#5898,.T.);
#7510=ORIENTED_EDGE('',*,*,#5905,.F.);
#7511=ORIENTED_EDGE('',*,*,#5906,.F.);
#7512=ORIENTED_EDGE('',*,*,#5907,.F.);
#7513=ORIENTED_EDGE('',*,*,#5891,.T.);
#7514=ORIENTED_EDGE('',*,*,#5908,.F.);
#7515=ORIENTED_EDGE('',*,*,#5909,.F.);
#7516=ORIENTED_EDGE('',*,*,#5910,.T.);
#7517=ORIENTED_EDGE('',*,*,#5911,.F.);
#7518=ORIENTED_EDGE('',*,*,#5912,.F.);
#7519=ORIENTED_EDGE('',*,*,#5913,.F.);
#7520=ORIENTED_EDGE('',*,*,#5914,.F.);
#7521=ORIENTED_EDGE('',*,*,#5883,.T.);
#7522=ORIENTED_EDGE('',*,*,#5915,.T.);
#7523=ORIENTED_EDGE('',*,*,#5916,.F.);
#7524=ORIENTED_EDGE('',*,*,#5917,.F.);
#7525=ORIENTED_EDGE('',*,*,#5918,.F.);
#7526=ORIENTED_EDGE('',*,*,#5916,.T.);
#7527=ORIENTED_EDGE('',*,*,#5919,.T.);
#7528=ORIENTED_EDGE('',*,*,#5909,.T.);
#7529=ORIENTED_EDGE('',*,*,#5920,.T.);
#7530=ORIENTED_EDGE('',*,*,#5903,.T.);
#7531=ORIENTED_EDGE('',*,*,#5921,.T.);
#7532=ORIENTED_EDGE('',*,*,#5917,.T.);
#7533=ORIENTED_EDGE('',*,*,#5922,.T.);
#7534=ORIENTED_EDGE('',*,*,#5923,.F.);
#7535=ORIENTED_EDGE('',*,*,#5924,.F.);
#7536=ORIENTED_EDGE('',*,*,#5925,.F.);
#7537=ORIENTED_EDGE('',*,*,#5888,.T.);
#7538=ORIENTED_EDGE('',*,*,#5926,.T.);
#7539=ORIENTED_EDGE('',*,*,#5927,.F.);
#7540=ORIENTED_EDGE('',*,*,#5928,.F.);
#7541=ORIENTED_EDGE('',*,*,#5929,.F.);
#7542=ORIENTED_EDGE('',*,*,#5930,.F.);
#7543=ORIENTED_EDGE('',*,*,#5931,.F.);
#7544=ORIENTED_EDGE('',*,*,#5932,.F.);
#7545=ORIENTED_EDGE('',*,*,#5886,.T.);
#7546=ORIENTED_EDGE('',*,*,#5933,.T.);
#7547=ORIENTED_EDGE('',*,*,#5934,.F.);
#7548=ORIENTED_EDGE('',*,*,#5935,.F.);
#7549=ORIENTED_EDGE('',*,*,#5936,.F.);
#7550=ORIENTED_EDGE('',*,*,#5934,.T.);
#7551=ORIENTED_EDGE('',*,*,#5937,.T.);
#7552=ORIENTED_EDGE('',*,*,#5918,.T.);
#7553=ORIENTED_EDGE('',*,*,#5938,.T.);
#7554=ORIENTED_EDGE('',*,*,#5913,.T.);
#7555=ORIENTED_EDGE('',*,*,#5939,.T.);
#7556=ORIENTED_EDGE('',*,*,#5935,.T.);
#7557=ORIENTED_EDGE('',*,*,#5940,.T.);
#7558=ORIENTED_EDGE('',*,*,#5941,.T.);
#7559=ORIENTED_EDGE('',*,*,#5942,.F.);
#7560=ORIENTED_EDGE('',*,*,#5943,.F.);
#7561=ORIENTED_EDGE('',*,*,#5944,.F.);
#7562=ORIENTED_EDGE('',*,*,#5945,.T.);
#7563=ORIENTED_EDGE('',*,*,#5946,.F.);
#7564=ORIENTED_EDGE('',*,*,#5947,.F.);
#7565=ORIENTED_EDGE('',*,*,#5948,.F.);
#7566=ORIENTED_EDGE('',*,*,#5946,.T.);
#7567=ORIENTED_EDGE('',*,*,#5949,.T.);
#7568=ORIENTED_EDGE('',*,*,#5936,.T.);
#7569=ORIENTED_EDGE('',*,*,#5950,.T.);
#7570=ORIENTED_EDGE('',*,*,#5931,.T.);
#7571=ORIENTED_EDGE('',*,*,#5951,.T.);
#7572=ORIENTED_EDGE('',*,*,#5947,.T.);
#7573=ORIENTED_EDGE('',*,*,#5952,.T.);
#7574=ORIENTED_EDGE('',*,*,#5942,.T.);
#7575=ORIENTED_EDGE('',*,*,#5953,.T.);
#7576=ORIENTED_EDGE('',*,*,#5948,.T.);
#7577=ORIENTED_EDGE('',*,*,#5954,.T.);
#7578=ORIENTED_EDGE('',*,*,#5924,.T.);
#7579=ORIENTED_EDGE('',*,*,#5955,.T.);
#7580=ORIENTED_EDGE('',*,*,#5943,.T.);
#7581=ORIENTED_EDGE('',*,*,#5956,.T.);
#7582=ORIENTED_EDGE('',*,*,#5927,.T.);
#7583=ORIENTED_EDGE('',*,*,#5957,.T.);
#7584=ORIENTED_EDGE('',*,*,#5944,.T.);
#7585=ORIENTED_EDGE('',*,*,#5958,.T.);
#7586=ORIENTED_EDGE('',*,*,#5912,.T.);
#7587=ORIENTED_EDGE('',*,*,#5882,.T.);
#7588=ORIENTED_EDGE('',*,*,#5853,.T.);
#7589=ORIENTED_EDGE('',*,*,#5875,.T.);
#7590=ORIENTED_EDGE('',*,*,#5839,.T.);
#7591=ORIENTED_EDGE('',*,*,#5884,.T.);
#7592=ORIENTED_EDGE('',*,*,#5932,.T.);
#7593=ORIENTED_EDGE('',*,*,#5959,.T.);
#7594=ORIENTED_EDGE('',*,*,#5930,.T.);
#7595=ORIENTED_EDGE('',*,*,#5885,.T.);
#7596=ORIENTED_EDGE('',*,*,#5841,.T.);
#7597=ORIENTED_EDGE('',*,*,#5960,.T.);
#7598=ORIENTED_EDGE('',*,*,#5845,.T.);
#7599=ORIENTED_EDGE('',*,*,#5889,.T.);
#7600=ORIENTED_EDGE('',*,*,#5925,.T.);
#7601=ORIENTED_EDGE('',*,*,#5961,.T.);
#7602=ORIENTED_EDGE('',*,*,#5906,.T.);
#7603=ORIENTED_EDGE('',*,*,#5962,.T.);
#7604=ORIENTED_EDGE('',*,*,#5928,.T.);
#7605=ORIENTED_EDGE('',*,*,#5963,.T.);
#7606=ORIENTED_EDGE('',*,*,#5911,.T.);
#7607=ORIENTED_EDGE('',*,*,#5964,.T.);
#7608=ORIENTED_EDGE('',*,*,#5929,.T.);
#7609=ORIENTED_EDGE('',*,*,#5965,.T.);
#7610=ORIENTED_EDGE('',*,*,#5923,.T.);
#7611=ORIENTED_EDGE('',*,*,#5887,.T.);
#7612=ORIENTED_EDGE('',*,*,#5847,.T.);
#7613=ORIENTED_EDGE('',*,*,#5966,.T.);
#7614=ORIENTED_EDGE('',*,*,#5857,.T.);
#7615=ORIENTED_EDGE('',*,*,#5892,.T.);
#7616=ORIENTED_EDGE('',*,*,#5907,.T.);
#7617=ORIENTED_EDGE('',*,*,#5967,.T.);
#7618=ORIENTED_EDGE('',*,*,#5902,.T.);
#7619=ORIENTED_EDGE('',*,*,#5897,.T.);
#7620=ORIENTED_EDGE('',*,*,#5865,.T.);
#7621=ORIENTED_EDGE('',*,*,#5877,.T.);
#7622=ORIENTED_EDGE('',*,*,#5851,.T.);
#7623=ORIENTED_EDGE('',*,*,#5881,.T.);
#7624=ORIENTED_EDGE('',*,*,#5914,.T.);
#7625=ORIENTED_EDGE('',*,*,#5968,.T.);
#7626=ORIENTED_EDGE('',*,*,#5900,.T.);
#7627=ORIENTED_EDGE('',*,*,#5969,.T.);
#7628=ORIENTED_EDGE('',*,*,#5908,.T.);
#7629=ORIENTED_EDGE('',*,*,#5970,.T.);
#7630=ORIENTED_EDGE('',*,*,#5905,.T.);
#7631=ORIENTED_EDGE('',*,*,#5890,.T.);
#7632=ORIENTED_EDGE('',*,*,#5859,.T.);
#7633=ORIENTED_EDGE('',*,*,#5971,.T.);
#7634=ORIENTED_EDGE('',*,*,#5869,.T.);
#7635=ORIENTED_EDGE('',*,*,#5895,.T.);
#7636=ORIENTED_EDGE('',*,*,#5901,.T.);
#7637=ORIENTED_EDGE('',*,*,#5972,.T.);
#7638=ORIENTED_EDGE('',*,*,#5899,.T.);
#7639=ORIENTED_EDGE('',*,*,#5893,.T.);
#7640=ORIENTED_EDGE('',*,*,#5871,.T.);
#7641=ORIENTED_EDGE('',*,*,#5879,.T.);
#7642=ORIENTED_EDGE('',*,*,#5863,.T.);
#7643=ORIENTED_EDGE('',*,*,#5896,.T.);
#7644=ORIENTED_EDGE('',*,*,#5904,.T.);
#7645=ORIENTED_EDGE('',*,*,#5973,.T.);
#7646=ORIENTED_EDGE('',*,*,#5920,.F.);
#7647=ORIENTED_EDGE('',*,*,#5969,.F.);
#7648=ORIENTED_EDGE('',*,*,#5973,.F.);
#7649=ORIENTED_EDGE('',*,*,#5922,.F.);
#7650=ORIENTED_EDGE('',*,*,#5921,.F.);
#7651=ORIENTED_EDGE('',*,*,#5968,.F.);
#7652=ORIENTED_EDGE('',*,*,#5940,.F.);
#7653=ORIENTED_EDGE('',*,*,#5938,.F.);
#7654=ORIENTED_EDGE('',*,*,#5939,.F.);
#7655=ORIENTED_EDGE('',*,*,#5959,.F.);
#7656=ORIENTED_EDGE('',*,*,#5952,.F.);
#7657=ORIENTED_EDGE('',*,*,#5950,.F.);
#7658=ORIENTED_EDGE('',*,*,#5974,.F.);
#7659=ORIENTED_EDGE('',*,*,#5975,.T.);
#7660=ORIENTED_EDGE('',*,*,#5976,.F.);
#7661=ORIENTED_EDGE('',*,*,#5977,.T.);
#7662=ORIENTED_EDGE('',*,*,#5978,.F.);
#7663=ORIENTED_EDGE('',*,*,#5979,.T.);
#7664=ORIENTED_EDGE('',*,*,#5980,.F.);
#7665=ORIENTED_EDGE('',*,*,#5981,.T.);
#7666=ORIENTED_EDGE('',*,*,#5982,.F.);
#7667=ORIENTED_EDGE('',*,*,#5983,.T.);
#7668=ORIENTED_EDGE('',*,*,#5984,.F.);
#7669=ORIENTED_EDGE('',*,*,#5985,.T.);
#7670=ORIENTED_EDGE('',*,*,#5945,.F.);
#7671=ORIENTED_EDGE('',*,*,#5953,.F.);
#7672=ORIENTED_EDGE('',*,*,#5941,.F.);
#7673=ORIENTED_EDGE('',*,*,#5957,.F.);
#7674=ORIENTED_EDGE('',*,*,#5926,.F.);
#7675=ORIENTED_EDGE('',*,*,#5964,.F.);
#7676=ORIENTED_EDGE('',*,*,#5910,.F.);
#7677=ORIENTED_EDGE('',*,*,#5919,.F.);
#7678=ORIENTED_EDGE('',*,*,#5915,.F.);
#7679=ORIENTED_EDGE('',*,*,#5937,.F.);
#7680=ORIENTED_EDGE('',*,*,#5933,.F.);
#7681=ORIENTED_EDGE('',*,*,#5949,.F.);
#7682=ORIENTED_EDGE('',*,*,#5951,.F.);
#7683=ORIENTED_EDGE('',*,*,#5961,.F.);
#7684=ORIENTED_EDGE('',*,*,#5956,.F.);
#7685=ORIENTED_EDGE('',*,*,#5954,.F.);
#7686=ORIENTED_EDGE('',*,*,#5955,.F.);
#7687=ORIENTED_EDGE('',*,*,#5967,.F.);
#7688=ORIENTED_EDGE('',*,*,#5963,.F.);
#7689=ORIENTED_EDGE('',*,*,#5958,.F.);
#7690=ORIENTED_EDGE('',*,*,#5962,.F.);
#7691=ORIENTED_EDGE('',*,*,#5972,.F.);
#7692=ORIENTED_EDGE('',*,*,#5970,.F.);
#7693=ORIENTED_EDGE('',*,*,#5965,.F.);
#7694=ORIENTED_EDGE('',*,*,#5986,.T.);
#7695=ORIENTED_EDGE('',*,*,#5987,.T.);
#7696=ORIENTED_EDGE('',*,*,#5974,.T.);
#7697=ORIENTED_EDGE('',*,*,#5988,.T.);
#7698=ORIENTED_EDGE('',*,*,#5987,.F.);
#7699=ORIENTED_EDGE('',*,*,#5989,.F.);
#7700=ORIENTED_EDGE('',*,*,#5990,.F.);
#7701=ORIENTED_EDGE('',*,*,#5975,.F.);
#7702=ORIENTED_EDGE('',*,*,#5986,.F.);
#7703=ORIENTED_EDGE('',*,*,#5991,.T.);
#7704=ORIENTED_EDGE('',*,*,#5992,.F.);
#7705=ORIENTED_EDGE('',*,*,#5993,.T.);
#7706=ORIENTED_EDGE('',*,*,#5994,.F.);
#7707=ORIENTED_EDGE('',*,*,#5995,.T.);
#7708=ORIENTED_EDGE('',*,*,#5996,.F.);
#7709=ORIENTED_EDGE('',*,*,#5997,.T.);
#7710=ORIENTED_EDGE('',*,*,#5998,.F.);
#7711=ORIENTED_EDGE('',*,*,#5999,.T.);
#7712=ORIENTED_EDGE('',*,*,#6000,.F.);
#7713=ORIENTED_EDGE('',*,*,#5989,.T.);
#7714=ORIENTED_EDGE('',*,*,#6001,.T.);
#7715=ORIENTED_EDGE('',*,*,#5860,.F.);
#7716=ORIENTED_EDGE('',*,*,#6002,.T.);
#7717=ORIENTED_EDGE('',*,*,#5848,.F.);
#7718=ORIENTED_EDGE('',*,*,#6003,.T.);
#7719=ORIENTED_EDGE('',*,*,#5842,.F.);
#7720=ORIENTED_EDGE('',*,*,#5876,.T.);
#7721=ORIENTED_EDGE('',*,*,#5854,.F.);
#7722=ORIENTED_EDGE('',*,*,#5878,.T.);
#7723=ORIENTED_EDGE('',*,*,#5866,.F.);
#7724=ORIENTED_EDGE('',*,*,#5880,.T.);
#7725=ORIENTED_EDGE('',*,*,#5872,.F.);
#7726=ORIENTED_EDGE('',*,*,#5992,.T.);
#7727=ORIENTED_EDGE('',*,*,#6004,.T.);
#7728=ORIENTED_EDGE('',*,*,#5984,.T.);
#7729=ORIENTED_EDGE('',*,*,#6005,.T.);
#7730=ORIENTED_EDGE('',*,*,#6005,.F.);
#7731=ORIENTED_EDGE('',*,*,#5983,.F.);
#7732=ORIENTED_EDGE('',*,*,#6006,.F.);
#7733=ORIENTED_EDGE('',*,*,#5993,.F.);
#7734=ORIENTED_EDGE('',*,*,#5994,.T.);
#7735=ORIENTED_EDGE('',*,*,#6006,.T.);
#7736=ORIENTED_EDGE('',*,*,#5982,.T.);
#7737=ORIENTED_EDGE('',*,*,#6007,.T.);
#7738=ORIENTED_EDGE('',*,*,#6000,.T.);
#7739=ORIENTED_EDGE('',*,*,#6008,.T.);
#7740=ORIENTED_EDGE('',*,*,#5976,.T.);
#7741=ORIENTED_EDGE('',*,*,#5990,.T.);
#7742=ORIENTED_EDGE('',*,*,#6008,.F.);
#7743=ORIENTED_EDGE('',*,*,#5999,.F.);
#7744=ORIENTED_EDGE('',*,*,#6009,.F.);
#7745=ORIENTED_EDGE('',*,*,#5977,.F.);
#7746=ORIENTED_EDGE('',*,*,#5998,.T.);
#7747=ORIENTED_EDGE('',*,*,#6010,.T.);
#7748=ORIENTED_EDGE('',*,*,#5978,.T.);
#7749=ORIENTED_EDGE('',*,*,#6009,.T.);
#7750=ORIENTED_EDGE('',*,*,#6010,.F.);
#7751=ORIENTED_EDGE('',*,*,#5997,.F.);
#7752=ORIENTED_EDGE('',*,*,#6011,.F.);
#7753=ORIENTED_EDGE('',*,*,#5979,.F.);
#7754=ORIENTED_EDGE('',*,*,#5996,.T.);
#7755=ORIENTED_EDGE('',*,*,#6012,.T.);
#7756=ORIENTED_EDGE('',*,*,#5980,.T.);
#7757=ORIENTED_EDGE('',*,*,#6011,.T.);
#7758=ORIENTED_EDGE('',*,*,#5861,.F.);
#7759=ORIENTED_EDGE('',*,*,#6001,.F.);
#7760=ORIENTED_EDGE('',*,*,#5874,.F.);
#7761=ORIENTED_EDGE('',*,*,#5971,.F.);
#7762=ORIENTED_EDGE('',*,*,#5849,.F.);
#7763=ORIENTED_EDGE('',*,*,#6002,.F.);
#7764=ORIENTED_EDGE('',*,*,#5862,.F.);
#7765=ORIENTED_EDGE('',*,*,#5966,.F.);
#7766=ORIENTED_EDGE('',*,*,#5843,.F.);
#7767=ORIENTED_EDGE('',*,*,#6003,.F.);
#7768=ORIENTED_EDGE('',*,*,#5850,.F.);
#7769=ORIENTED_EDGE('',*,*,#5960,.F.);
#7770=ORIENTED_EDGE('',*,*,#6007,.F.);
#7771=ORIENTED_EDGE('',*,*,#5981,.F.);
#7772=ORIENTED_EDGE('',*,*,#6012,.F.);
#7773=ORIENTED_EDGE('',*,*,#5995,.F.);
#7774=ORIENTED_EDGE('',*,*,#5988,.F.);
#7775=ORIENTED_EDGE('',*,*,#5985,.F.);
#7776=ORIENTED_EDGE('',*,*,#6004,.F.);
#7777=ORIENTED_EDGE('',*,*,#5991,.F.);
#7778=ORIENTED_EDGE('',*,*,#6013,.T.);
#7779=ORIENTED_EDGE('',*,*,#6014,.T.);
#7780=ORIENTED_EDGE('',*,*,#6015,.T.);
#7781=ORIENTED_EDGE('',*,*,#6014,.F.);
#7782=ORIENTED_EDGE('',*,*,#6016,.F.);
#7783=ORIENTED_EDGE('',*,*,#6017,.T.);
#7784=ORIENTED_EDGE('',*,*,#6013,.F.);
#7785=ORIENTED_EDGE('',*,*,#6017,.F.);
#7786=ORIENTED_EDGE('',*,*,#6015,.F.);
#7787=ORIENTED_EDGE('',*,*,#6018,.T.);
#7788=ORIENTED_EDGE('',*,*,#6019,.T.);
#7789=ORIENTED_EDGE('',*,*,#6020,.T.);
#7790=ORIENTED_EDGE('',*,*,#6019,.F.);
#7791=ORIENTED_EDGE('',*,*,#6021,.F.);
#7792=ORIENTED_EDGE('',*,*,#6022,.T.);
#7793=ORIENTED_EDGE('',*,*,#6018,.F.);
#7794=ORIENTED_EDGE('',*,*,#6022,.F.);
#7795=ORIENTED_EDGE('',*,*,#6020,.F.);
#7796=ORIENTED_EDGE('',*,*,#6023,.T.);
#7797=ORIENTED_EDGE('',*,*,#6024,.T.);
#7798=ORIENTED_EDGE('',*,*,#6025,.T.);
#7799=ORIENTED_EDGE('',*,*,#6024,.F.);
#7800=ORIENTED_EDGE('',*,*,#6026,.F.);
#7801=ORIENTED_EDGE('',*,*,#6027,.T.);
#7802=ORIENTED_EDGE('',*,*,#6023,.F.);
#7803=ORIENTED_EDGE('',*,*,#6027,.F.);
#7804=ORIENTED_EDGE('',*,*,#6025,.F.);
#7805=ORIENTED_EDGE('',*,*,#6028,.T.);
#7806=ORIENTED_EDGE('',*,*,#6029,.T.);
#7807=ORIENTED_EDGE('',*,*,#6030,.T.);
#7808=ORIENTED_EDGE('',*,*,#6029,.F.);
#7809=ORIENTED_EDGE('',*,*,#6031,.F.);
#7810=ORIENTED_EDGE('',*,*,#6032,.T.);
#7811=ORIENTED_EDGE('',*,*,#6028,.F.);
#7812=ORIENTED_EDGE('',*,*,#6032,.F.);
#7813=ORIENTED_EDGE('',*,*,#6030,.F.);
#7814=ORIENTED_EDGE('',*,*,#6033,.T.);
#7815=ORIENTED_EDGE('',*,*,#6034,.T.);
#7816=ORIENTED_EDGE('',*,*,#6035,.T.);
#7817=ORIENTED_EDGE('',*,*,#6034,.F.);
#7818=ORIENTED_EDGE('',*,*,#6035,.F.);
#7819=ORIENTED_EDGE('',*,*,#6036,.T.);
#7820=ORIENTED_EDGE('',*,*,#6037,.F.);
#7821=ORIENTED_EDGE('',*,*,#6036,.F.);
#7822=ORIENTED_EDGE('',*,*,#6033,.F.);
#7823=ORIENTED_EDGE('',*,*,#6016,.T.);
#7824=ORIENTED_EDGE('',*,*,#6038,.T.);
#7825=ORIENTED_EDGE('',*,*,#6039,.T.);
#7826=ORIENTED_EDGE('',*,*,#6040,.T.);
#7827=ORIENTED_EDGE('',*,*,#6039,.F.);
#7828=ORIENTED_EDGE('',*,*,#6040,.F.);
#7829=ORIENTED_EDGE('',*,*,#6041,.T.);
#7830=ORIENTED_EDGE('',*,*,#6042,.F.);
#7831=ORIENTED_EDGE('',*,*,#6041,.F.);
#7832=ORIENTED_EDGE('',*,*,#6038,.F.);
#7833=ORIENTED_EDGE('',*,*,#6021,.T.);
#7834=ORIENTED_EDGE('',*,*,#6043,.T.);
#7835=ORIENTED_EDGE('',*,*,#6044,.T.);
#7836=ORIENTED_EDGE('',*,*,#6045,.T.);
#7837=ORIENTED_EDGE('',*,*,#6044,.F.);
#7838=ORIENTED_EDGE('',*,*,#6045,.F.);
#7839=ORIENTED_EDGE('',*,*,#6046,.T.);
#7840=ORIENTED_EDGE('',*,*,#6047,.F.);
#7841=ORIENTED_EDGE('',*,*,#6046,.F.);
#7842=ORIENTED_EDGE('',*,*,#6043,.F.);
#7843=ORIENTED_EDGE('',*,*,#6026,.T.);
#7844=ORIENTED_EDGE('',*,*,#6048,.T.);
#7845=ORIENTED_EDGE('',*,*,#6049,.T.);
#7846=ORIENTED_EDGE('',*,*,#6050,.T.);
#7847=ORIENTED_EDGE('',*,*,#6049,.F.);
#7848=ORIENTED_EDGE('',*,*,#6050,.F.);
#7849=ORIENTED_EDGE('',*,*,#6051,.T.);
#7850=ORIENTED_EDGE('',*,*,#6052,.F.);
#7851=ORIENTED_EDGE('',*,*,#6051,.F.);
#7852=ORIENTED_EDGE('',*,*,#6048,.F.);
#7853=ORIENTED_EDGE('',*,*,#6031,.T.);
#7854=ORIENTED_EDGE('',*,*,#6053,.T.);
#7855=ORIENTED_EDGE('',*,*,#6054,.T.);
#7856=ORIENTED_EDGE('',*,*,#6055,.T.);
#7857=ORIENTED_EDGE('',*,*,#6056,.T.);
#7858=ORIENTED_EDGE('',*,*,#6053,.F.);
#7859=ORIENTED_EDGE('',*,*,#6057,.T.);
#7860=ORIENTED_EDGE('',*,*,#6058,.F.);
#7861=ORIENTED_EDGE('',*,*,#6059,.T.);
#7862=ORIENTED_EDGE('',*,*,#6060,.F.);
#7863=ORIENTED_EDGE('',*,*,#6061,.T.);
#7864=ORIENTED_EDGE('',*,*,#6062,.F.);
#7865=ORIENTED_EDGE('',*,*,#6063,.T.);
#7866=ORIENTED_EDGE('',*,*,#6064,.F.);
#7867=ORIENTED_EDGE('',*,*,#6065,.T.);
#7868=ORIENTED_EDGE('',*,*,#6066,.F.);
#7869=ORIENTED_EDGE('',*,*,#6067,.T.);
#7870=ORIENTED_EDGE('',*,*,#6052,.T.);
#7871=ORIENTED_EDGE('',*,*,#6047,.T.);
#7872=ORIENTED_EDGE('',*,*,#6042,.T.);
#7873=ORIENTED_EDGE('',*,*,#6037,.T.);
#7874=ORIENTED_EDGE('',*,*,#6056,.F.);
#7875=ORIENTED_EDGE('',*,*,#6068,.T.);
#7876=ORIENTED_EDGE('',*,*,#6069,.F.);
#7877=ORIENTED_EDGE('',*,*,#6057,.F.);
#7878=ORIENTED_EDGE('',*,*,#6058,.T.);
#7879=ORIENTED_EDGE('',*,*,#6069,.T.);
#7880=ORIENTED_EDGE('',*,*,#6070,.T.);
#7881=ORIENTED_EDGE('',*,*,#6071,.T.);
#7882=ORIENTED_EDGE('',*,*,#6066,.T.);
#7883=ORIENTED_EDGE('',*,*,#6072,.T.);
#7884=ORIENTED_EDGE('',*,*,#6073,.T.);
#7885=ORIENTED_EDGE('',*,*,#6074,.T.);
#7886=ORIENTED_EDGE('',*,*,#6072,.F.);
#7887=ORIENTED_EDGE('',*,*,#6065,.F.);
#7888=ORIENTED_EDGE('',*,*,#6075,.F.);
#7889=ORIENTED_EDGE('',*,*,#6076,.T.);
#7890=ORIENTED_EDGE('',*,*,#6060,.T.);
#7891=ORIENTED_EDGE('',*,*,#6077,.T.);
#7892=ORIENTED_EDGE('',*,*,#6078,.T.);
#7893=ORIENTED_EDGE('',*,*,#6079,.T.);
#7894=ORIENTED_EDGE('',*,*,#6071,.F.);
#7895=ORIENTED_EDGE('',*,*,#6080,.T.);
#7896=ORIENTED_EDGE('',*,*,#6077,.F.);
#7897=ORIENTED_EDGE('',*,*,#6059,.F.);
#7898=ORIENTED_EDGE('',*,*,#6062,.T.);
#7899=ORIENTED_EDGE('',*,*,#6081,.T.);
#7900=ORIENTED_EDGE('',*,*,#6082,.T.);
#7901=ORIENTED_EDGE('',*,*,#6083,.T.);
#7902=ORIENTED_EDGE('',*,*,#6083,.F.);
#7903=ORIENTED_EDGE('',*,*,#6084,.T.);
#7904=ORIENTED_EDGE('',*,*,#6085,.F.);
#7905=ORIENTED_EDGE('',*,*,#6063,.F.);
#7906=ORIENTED_EDGE('',*,*,#6064,.T.);
#7907=ORIENTED_EDGE('',*,*,#6085,.T.);
#7908=ORIENTED_EDGE('',*,*,#6086,.T.);
#7909=ORIENTED_EDGE('',*,*,#6075,.T.);
#7910=ORIENTED_EDGE('',*,*,#6079,.F.);
#7911=ORIENTED_EDGE('',*,*,#6087,.T.);
#7912=ORIENTED_EDGE('',*,*,#6081,.F.);
#7913=ORIENTED_EDGE('',*,*,#6061,.F.);
#7914=ORIENTED_EDGE('',*,*,#6054,.F.);
#7915=ORIENTED_EDGE('',*,*,#6067,.F.);
#7916=ORIENTED_EDGE('',*,*,#6074,.F.);
#7917=ORIENTED_EDGE('',*,*,#6088,.T.);
#7918=ORIENTED_EDGE('',*,*,#6055,.F.);
#7919=ORIENTED_EDGE('',*,*,#6088,.F.);
#7920=ORIENTED_EDGE('',*,*,#6073,.F.);
#7921=ORIENTED_EDGE('',*,*,#6076,.F.);
#7922=ORIENTED_EDGE('',*,*,#6086,.F.);
#7923=ORIENTED_EDGE('',*,*,#6084,.F.);
#7924=ORIENTED_EDGE('',*,*,#6082,.F.);
#7925=ORIENTED_EDGE('',*,*,#6087,.F.);
#7926=ORIENTED_EDGE('',*,*,#6078,.F.);
#7927=ORIENTED_EDGE('',*,*,#6080,.F.);
#7928=ORIENTED_EDGE('',*,*,#6070,.F.);
#7929=ORIENTED_EDGE('',*,*,#6068,.F.);
#7930=ORIENTED_EDGE('',*,*,#6089,.T.);
#7931=ORIENTED_EDGE('',*,*,#6090,.T.);
#7932=ORIENTED_EDGE('',*,*,#6091,.T.);
#7933=ORIENTED_EDGE('',*,*,#6090,.F.);
#7934=ORIENTED_EDGE('',*,*,#6092,.T.);
#7935=ORIENTED_EDGE('',*,*,#6093,.F.);
#7936=ORIENTED_EDGE('',*,*,#6094,.T.);
#7937=ORIENTED_EDGE('',*,*,#6092,.F.);
#7938=ORIENTED_EDGE('',*,*,#6089,.F.);
#7939=ORIENTED_EDGE('',*,*,#6094,.F.);
#7940=ORIENTED_EDGE('',*,*,#6091,.F.);
#7941=ORIENTED_EDGE('',*,*,#6095,.T.);
#7942=ORIENTED_EDGE('',*,*,#6096,.F.);
#7943=ORIENTED_EDGE('',*,*,#6097,.F.);
#7944=ORIENTED_EDGE('',*,*,#6098,.F.);
#7945=ORIENTED_EDGE('',*,*,#6099,.T.);
#7946=ORIENTED_EDGE('',*,*,#6100,.F.);
#7947=ORIENTED_EDGE('',*,*,#6101,.F.);
#7948=ORIENTED_EDGE('',*,*,#6102,.F.);
#7949=ORIENTED_EDGE('',*,*,#6100,.T.);
#7950=ORIENTED_EDGE('',*,*,#6103,.T.);
#7951=ORIENTED_EDGE('',*,*,#6098,.T.);
#7952=ORIENTED_EDGE('',*,*,#6104,.T.);
#7953=ORIENTED_EDGE('',*,*,#6105,.T.);
#7954=ORIENTED_EDGE('',*,*,#6106,.T.);
#7955=ORIENTED_EDGE('',*,*,#6101,.T.);
#7956=ORIENTED_EDGE('',*,*,#6107,.T.);
#7957=ORIENTED_EDGE('',*,*,#6108,.T.);
#7958=ORIENTED_EDGE('',*,*,#6109,.F.);
#7959=ORIENTED_EDGE('',*,*,#6110,.F.);
#7960=ORIENTED_EDGE('',*,*,#6111,.F.);
#7961=ORIENTED_EDGE('',*,*,#6112,.F.);
#7962=ORIENTED_EDGE('',*,*,#6113,.F.);
#7963=ORIENTED_EDGE('',*,*,#6114,.T.);
#7964=ORIENTED_EDGE('',*,*,#6115,.F.);
#7965=ORIENTED_EDGE('',*,*,#6109,.T.);
#7966=ORIENTED_EDGE('',*,*,#6116,.T.);
#7967=ORIENTED_EDGE('',*,*,#6113,.T.);
#7968=ORIENTED_EDGE('',*,*,#6117,.T.);
#7969=ORIENTED_EDGE('',*,*,#6115,.T.);
#7970=ORIENTED_EDGE('',*,*,#6118,.T.);
#7971=ORIENTED_EDGE('',*,*,#6102,.T.);
#7972=ORIENTED_EDGE('',*,*,#6119,.T.);
#7973=ORIENTED_EDGE('',*,*,#6120,.T.);
#7974=ORIENTED_EDGE('',*,*,#6121,.T.);
#7975=ORIENTED_EDGE('',*,*,#6112,.T.);
#7976=ORIENTED_EDGE('',*,*,#6122,.T.);
#7977=ORIENTED_EDGE('',*,*,#6123,.T.);
#7978=ORIENTED_EDGE('',*,*,#6124,.T.);
#7979=ORIENTED_EDGE('',*,*,#6110,.T.);
#7980=ORIENTED_EDGE('',*,*,#6125,.T.);
#7981=ORIENTED_EDGE('',*,*,#6096,.T.);
#7982=ORIENTED_EDGE('',*,*,#6126,.T.);
#7983=ORIENTED_EDGE('',*,*,#6111,.T.);
#7984=ORIENTED_EDGE('',*,*,#6127,.T.);
#7985=ORIENTED_EDGE('',*,*,#6128,.T.);
#7986=ORIENTED_EDGE('',*,*,#6129,.T.);
#7987=ORIENTED_EDGE('',*,*,#6097,.T.);
#7988=ORIENTED_EDGE('',*,*,#6130,.T.);
#7989=ORIENTED_EDGE('',*,*,#6107,.F.);
#7990=ORIENTED_EDGE('',*,*,#6104,.F.);
#7991=ORIENTED_EDGE('',*,*,#6129,.F.);
#7992=ORIENTED_EDGE('',*,*,#6131,.F.);
#7993=ORIENTED_EDGE('',*,*,#6130,.F.);
#7994=ORIENTED_EDGE('',*,*,#6127,.F.);
#7995=ORIENTED_EDGE('',*,*,#6124,.F.);
#7996=ORIENTED_EDGE('',*,*,#6132,.F.);
#7997=ORIENTED_EDGE('',*,*,#6105,.F.);
#7998=ORIENTED_EDGE('',*,*,#6131,.T.);
#7999=ORIENTED_EDGE('',*,*,#6128,.F.);
#8000=ORIENTED_EDGE('',*,*,#6132,.T.);
#8001=ORIENTED_EDGE('',*,*,#6123,.F.);
#8002=ORIENTED_EDGE('',*,*,#6133,.T.);
#8003=ORIENTED_EDGE('',*,*,#6120,.F.);
#8004=ORIENTED_EDGE('',*,*,#6134,.T.);
#8005=ORIENTED_EDGE('',*,*,#6135,.T.);
#8006=ORIENTED_EDGE('',*,*,#6136,.T.);
#8007=ORIENTED_EDGE('',*,*,#6137,.T.);
#8008=ORIENTED_EDGE('',*,*,#6138,.T.);
#8009=ORIENTED_EDGE('',*,*,#6139,.T.);
#8010=ORIENTED_EDGE('',*,*,#6140,.T.);
#8011=ORIENTED_EDGE('',*,*,#6141,.T.);
#8012=ORIENTED_EDGE('',*,*,#6142,.T.);
#8013=ORIENTED_EDGE('',*,*,#6143,.T.);
#8014=ORIENTED_EDGE('',*,*,#6144,.T.);
#8015=ORIENTED_EDGE('',*,*,#6145,.T.);
#8016=ORIENTED_EDGE('',*,*,#6146,.T.);
#8017=ORIENTED_EDGE('',*,*,#6147,.T.);
#8018=ORIENTED_EDGE('',*,*,#6148,.T.);
#8019=ORIENTED_EDGE('',*,*,#6149,.T.);
#8020=ORIENTED_EDGE('',*,*,#6150,.T.);
#8021=ORIENTED_EDGE('',*,*,#6151,.T.);
#8022=ORIENTED_EDGE('',*,*,#6152,.T.);
#8023=ORIENTED_EDGE('',*,*,#6153,.T.);
#8024=ORIENTED_EDGE('',*,*,#6154,.T.);
#8025=ORIENTED_EDGE('',*,*,#6155,.T.);
#8026=ORIENTED_EDGE('',*,*,#6156,.T.);
#8027=ORIENTED_EDGE('',*,*,#6157,.T.);
#8028=ORIENTED_EDGE('',*,*,#6158,.T.);
#8029=ORIENTED_EDGE('',*,*,#6159,.T.);
#8030=ORIENTED_EDGE('',*,*,#6160,.T.);
#8031=ORIENTED_EDGE('',*,*,#6161,.T.);
#8032=ORIENTED_EDGE('',*,*,#6162,.T.);
#8033=ORIENTED_EDGE('',*,*,#6163,.T.);
#8034=ORIENTED_EDGE('',*,*,#6164,.T.);
#8035=ORIENTED_EDGE('',*,*,#6165,.T.);
#8036=ORIENTED_EDGE('',*,*,#6166,.T.);
#8037=ORIENTED_EDGE('',*,*,#6167,.T.);
#8038=ORIENTED_EDGE('',*,*,#6168,.T.);
#8039=ORIENTED_EDGE('',*,*,#6169,.T.);
#8040=ORIENTED_EDGE('',*,*,#6170,.T.);
#8041=ORIENTED_EDGE('',*,*,#6171,.F.);
#8042=ORIENTED_EDGE('',*,*,#6172,.T.);
#8043=ORIENTED_EDGE('',*,*,#6173,.F.);
#8044=ORIENTED_EDGE('',*,*,#6174,.T.);
#8045=ORIENTED_EDGE('',*,*,#6175,.F.);
#8046=ORIENTED_EDGE('',*,*,#6176,.T.);
#8047=ORIENTED_EDGE('',*,*,#6177,.F.);
#8048=ORIENTED_EDGE('',*,*,#6178,.T.);
#8049=ORIENTED_EDGE('',*,*,#6179,.F.);
#8050=ORIENTED_EDGE('',*,*,#6180,.T.);
#8051=ORIENTED_EDGE('',*,*,#6181,.F.);
#8052=ORIENTED_EDGE('',*,*,#6182,.T.);
#8053=ORIENTED_EDGE('',*,*,#6114,.F.);
#8054=ORIENTED_EDGE('',*,*,#6116,.F.);
#8055=ORIENTED_EDGE('',*,*,#6108,.F.);
#8056=ORIENTED_EDGE('',*,*,#6126,.F.);
#8057=ORIENTED_EDGE('',*,*,#6095,.F.);
#8058=ORIENTED_EDGE('',*,*,#6103,.F.);
#8059=ORIENTED_EDGE('',*,*,#6099,.F.);
#8060=ORIENTED_EDGE('',*,*,#6118,.F.);
#8061=ORIENTED_EDGE('',*,*,#6183,.T.);
#8062=ORIENTED_EDGE('',*,*,#6184,.T.);
#8063=ORIENTED_EDGE('',*,*,#6185,.T.);
#8064=ORIENTED_EDGE('',*,*,#6184,.F.);
#8065=ORIENTED_EDGE('',*,*,#6186,.F.);
#8066=ORIENTED_EDGE('',*,*,#6187,.F.);
#8067=ORIENTED_EDGE('',*,*,#6188,.F.);
#8068=ORIENTED_EDGE('',*,*,#6189,.F.);
#8069=ORIENTED_EDGE('',*,*,#6190,.F.);
#8070=ORIENTED_EDGE('',*,*,#6191,.F.);
#8071=ORIENTED_EDGE('',*,*,#6192,.F.);
#8072=ORIENTED_EDGE('',*,*,#6193,.F.);
#8073=ORIENTED_EDGE('',*,*,#6194,.F.);
#8074=ORIENTED_EDGE('',*,*,#6195,.F.);
#8075=ORIENTED_EDGE('',*,*,#6196,.F.);
#8076=ORIENTED_EDGE('',*,*,#6197,.F.);
#8077=ORIENTED_EDGE('',*,*,#6198,.F.);
#8078=ORIENTED_EDGE('',*,*,#6199,.F.);
#8079=ORIENTED_EDGE('',*,*,#6200,.F.);
#8080=ORIENTED_EDGE('',*,*,#6201,.F.);
#8081=ORIENTED_EDGE('',*,*,#6202,.F.);
#8082=ORIENTED_EDGE('',*,*,#6203,.F.);
#8083=ORIENTED_EDGE('',*,*,#6204,.F.);
#8084=ORIENTED_EDGE('',*,*,#6205,.F.);
#8085=ORIENTED_EDGE('',*,*,#6206,.F.);
#8086=ORIENTED_EDGE('',*,*,#6207,.F.);
#8087=ORIENTED_EDGE('',*,*,#6208,.F.);
#8088=ORIENTED_EDGE('',*,*,#6209,.F.);
#8089=ORIENTED_EDGE('',*,*,#6210,.F.);
#8090=ORIENTED_EDGE('',*,*,#6211,.F.);
#8091=ORIENTED_EDGE('',*,*,#6212,.F.);
#8092=ORIENTED_EDGE('',*,*,#6213,.F.);
#8093=ORIENTED_EDGE('',*,*,#6214,.F.);
#8094=ORIENTED_EDGE('',*,*,#6215,.F.);
#8095=ORIENTED_EDGE('',*,*,#6216,.F.);
#8096=ORIENTED_EDGE('',*,*,#6217,.F.);
#8097=ORIENTED_EDGE('',*,*,#6218,.F.);
#8098=ORIENTED_EDGE('',*,*,#6219,.F.);
#8099=ORIENTED_EDGE('',*,*,#6220,.F.);
#8100=ORIENTED_EDGE('',*,*,#6221,.F.);
#8101=ORIENTED_EDGE('',*,*,#6185,.F.);
#8102=ORIENTED_EDGE('',*,*,#6222,.F.);
#8103=ORIENTED_EDGE('',*,*,#6223,.T.);
#8104=ORIENTED_EDGE('',*,*,#6183,.F.);
#8105=ORIENTED_EDGE('',*,*,#6223,.F.);
#8106=ORIENTED_EDGE('',*,*,#6224,.T.);
#8107=ORIENTED_EDGE('',*,*,#6225,.T.);
#8108=ORIENTED_EDGE('',*,*,#6205,.T.);
#8109=ORIENTED_EDGE('',*,*,#6226,.F.);
#8110=ORIENTED_EDGE('',*,*,#6227,.T.);
#8111=ORIENTED_EDGE('',*,*,#6228,.T.);
#8112=ORIENTED_EDGE('',*,*,#6206,.T.);
#8113=ORIENTED_EDGE('',*,*,#6225,.F.);
#8114=ORIENTED_EDGE('',*,*,#6229,.T.);
#8115=ORIENTED_EDGE('',*,*,#6230,.T.);
#8116=ORIENTED_EDGE('',*,*,#6207,.T.);
#8117=ORIENTED_EDGE('',*,*,#6228,.F.);
#8118=ORIENTED_EDGE('',*,*,#6231,.T.);
#8119=ORIENTED_EDGE('',*,*,#6232,.T.);
#8120=ORIENTED_EDGE('',*,*,#6208,.T.);
#8121=ORIENTED_EDGE('',*,*,#6230,.F.);
#8122=ORIENTED_EDGE('',*,*,#6233,.T.);
#8123=ORIENTED_EDGE('',*,*,#6234,.T.);
#8124=ORIENTED_EDGE('',*,*,#6209,.T.);
#8125=ORIENTED_EDGE('',*,*,#6232,.F.);
#8126=ORIENTED_EDGE('',*,*,#6235,.T.);
#8127=ORIENTED_EDGE('',*,*,#6236,.T.);
#8128=ORIENTED_EDGE('',*,*,#6210,.T.);
#8129=ORIENTED_EDGE('',*,*,#6234,.F.);
#8130=ORIENTED_EDGE('',*,*,#6237,.T.);
#8131=ORIENTED_EDGE('',*,*,#6238,.T.);
#8132=ORIENTED_EDGE('',*,*,#6211,.T.);
#8133=ORIENTED_EDGE('',*,*,#6236,.F.);
#8134=ORIENTED_EDGE('',*,*,#6239,.T.);
#8135=ORIENTED_EDGE('',*,*,#6240,.T.);
#8136=ORIENTED_EDGE('',*,*,#6212,.T.);
#8137=ORIENTED_EDGE('',*,*,#6238,.F.);
#8138=ORIENTED_EDGE('',*,*,#6241,.T.);
#8139=ORIENTED_EDGE('',*,*,#6242,.T.);
#8140=ORIENTED_EDGE('',*,*,#6213,.T.);
#8141=ORIENTED_EDGE('',*,*,#6240,.F.);
#8142=ORIENTED_EDGE('',*,*,#6243,.T.);
#8143=ORIENTED_EDGE('',*,*,#6244,.T.);
#8144=ORIENTED_EDGE('',*,*,#6214,.T.);
#8145=ORIENTED_EDGE('',*,*,#6242,.F.);
#8146=ORIENTED_EDGE('',*,*,#6245,.T.);
#8147=ORIENTED_EDGE('',*,*,#6246,.T.);
#8148=ORIENTED_EDGE('',*,*,#6215,.T.);
#8149=ORIENTED_EDGE('',*,*,#6244,.F.);
#8150=ORIENTED_EDGE('',*,*,#6247,.T.);
#8151=ORIENTED_EDGE('',*,*,#6248,.T.);
#8152=ORIENTED_EDGE('',*,*,#6216,.T.);
#8153=ORIENTED_EDGE('',*,*,#6246,.F.);
#8154=ORIENTED_EDGE('',*,*,#6249,.T.);
#8155=ORIENTED_EDGE('',*,*,#6250,.T.);
#8156=ORIENTED_EDGE('',*,*,#6217,.T.);
#8157=ORIENTED_EDGE('',*,*,#6248,.F.);
#8158=ORIENTED_EDGE('',*,*,#6251,.T.);
#8159=ORIENTED_EDGE('',*,*,#6252,.T.);
#8160=ORIENTED_EDGE('',*,*,#6218,.T.);
#8161=ORIENTED_EDGE('',*,*,#6250,.F.);
#8162=ORIENTED_EDGE('',*,*,#6253,.T.);
#8163=ORIENTED_EDGE('',*,*,#6254,.T.);
#8164=ORIENTED_EDGE('',*,*,#6219,.T.);
#8165=ORIENTED_EDGE('',*,*,#6252,.F.);
#8166=ORIENTED_EDGE('',*,*,#6255,.T.);
#8167=ORIENTED_EDGE('',*,*,#6256,.T.);
#8168=ORIENTED_EDGE('',*,*,#6220,.T.);
#8169=ORIENTED_EDGE('',*,*,#6254,.F.);
#8170=ORIENTED_EDGE('',*,*,#6186,.T.);
#8171=ORIENTED_EDGE('',*,*,#6257,.T.);
#8172=ORIENTED_EDGE('',*,*,#6258,.T.);
#8173=ORIENTED_EDGE('',*,*,#6259,.T.);
#8174=ORIENTED_EDGE('',*,*,#6260,.T.);
#8175=ORIENTED_EDGE('',*,*,#6257,.F.);
#8176=ORIENTED_EDGE('',*,*,#6221,.T.);
#8177=ORIENTED_EDGE('',*,*,#6256,.F.);
#8178=ORIENTED_EDGE('',*,*,#6187,.T.);
#8179=ORIENTED_EDGE('',*,*,#6259,.F.);
#8180=ORIENTED_EDGE('',*,*,#6261,.T.);
#8181=ORIENTED_EDGE('',*,*,#6262,.T.);
#8182=ORIENTED_EDGE('',*,*,#6188,.T.);
#8183=ORIENTED_EDGE('',*,*,#6262,.F.);
#8184=ORIENTED_EDGE('',*,*,#6263,.T.);
#8185=ORIENTED_EDGE('',*,*,#6264,.T.);
#8186=ORIENTED_EDGE('',*,*,#6189,.T.);
#8187=ORIENTED_EDGE('',*,*,#6264,.F.);
#8188=ORIENTED_EDGE('',*,*,#6265,.T.);
#8189=ORIENTED_EDGE('',*,*,#6266,.T.);
#8190=ORIENTED_EDGE('',*,*,#6190,.T.);
#8191=ORIENTED_EDGE('',*,*,#6266,.F.);
#8192=ORIENTED_EDGE('',*,*,#6267,.T.);
#8193=ORIENTED_EDGE('',*,*,#6268,.T.);
#8194=ORIENTED_EDGE('',*,*,#6191,.T.);
#8195=ORIENTED_EDGE('',*,*,#6268,.F.);
#8196=ORIENTED_EDGE('',*,*,#6269,.T.);
#8197=ORIENTED_EDGE('',*,*,#6270,.T.);
#8198=ORIENTED_EDGE('',*,*,#6192,.T.);
#8199=ORIENTED_EDGE('',*,*,#6270,.F.);
#8200=ORIENTED_EDGE('',*,*,#6271,.T.);
#8201=ORIENTED_EDGE('',*,*,#6272,.T.);
#8202=ORIENTED_EDGE('',*,*,#6193,.T.);
#8203=ORIENTED_EDGE('',*,*,#6272,.F.);
#8204=ORIENTED_EDGE('',*,*,#6273,.T.);
#8205=ORIENTED_EDGE('',*,*,#6274,.T.);
#8206=ORIENTED_EDGE('',*,*,#6194,.T.);
#8207=ORIENTED_EDGE('',*,*,#6274,.F.);
#8208=ORIENTED_EDGE('',*,*,#6275,.T.);
#8209=ORIENTED_EDGE('',*,*,#6276,.T.);
#8210=ORIENTED_EDGE('',*,*,#6195,.T.);
#8211=ORIENTED_EDGE('',*,*,#6276,.F.);
#8212=ORIENTED_EDGE('',*,*,#6277,.T.);
#8213=ORIENTED_EDGE('',*,*,#6278,.T.);
#8214=ORIENTED_EDGE('',*,*,#6196,.T.);
#8215=ORIENTED_EDGE('',*,*,#6278,.F.);
#8216=ORIENTED_EDGE('',*,*,#6279,.T.);
#8217=ORIENTED_EDGE('',*,*,#6280,.T.);
#8218=ORIENTED_EDGE('',*,*,#6197,.T.);
#8219=ORIENTED_EDGE('',*,*,#6280,.F.);
#8220=ORIENTED_EDGE('',*,*,#6281,.T.);
#8221=ORIENTED_EDGE('',*,*,#6282,.T.);
#8222=ORIENTED_EDGE('',*,*,#6198,.T.);
#8223=ORIENTED_EDGE('',*,*,#6282,.F.);
#8224=ORIENTED_EDGE('',*,*,#6283,.T.);
#8225=ORIENTED_EDGE('',*,*,#6284,.T.);
#8226=ORIENTED_EDGE('',*,*,#6199,.T.);
#8227=ORIENTED_EDGE('',*,*,#6284,.F.);
#8228=ORIENTED_EDGE('',*,*,#6285,.T.);
#8229=ORIENTED_EDGE('',*,*,#6286,.T.);
#8230=ORIENTED_EDGE('',*,*,#6200,.T.);
#8231=ORIENTED_EDGE('',*,*,#6286,.F.);
#8232=ORIENTED_EDGE('',*,*,#6287,.T.);
#8233=ORIENTED_EDGE('',*,*,#6288,.T.);
#8234=ORIENTED_EDGE('',*,*,#6201,.T.);
#8235=ORIENTED_EDGE('',*,*,#6288,.F.);
#8236=ORIENTED_EDGE('',*,*,#6289,.T.);
#8237=ORIENTED_EDGE('',*,*,#6290,.T.);
#8238=ORIENTED_EDGE('',*,*,#6202,.T.);
#8239=ORIENTED_EDGE('',*,*,#6290,.F.);
#8240=ORIENTED_EDGE('',*,*,#6291,.T.);
#8241=ORIENTED_EDGE('',*,*,#6292,.T.);
#8242=ORIENTED_EDGE('',*,*,#6203,.T.);
#8243=ORIENTED_EDGE('',*,*,#6292,.F.);
#8244=ORIENTED_EDGE('',*,*,#6293,.T.);
#8245=ORIENTED_EDGE('',*,*,#6294,.T.);
#8246=ORIENTED_EDGE('',*,*,#6204,.T.);
#8247=ORIENTED_EDGE('',*,*,#6294,.F.);
#8248=ORIENTED_EDGE('',*,*,#6295,.T.);
#8249=ORIENTED_EDGE('',*,*,#6226,.T.);
#8250=ORIENTED_EDGE('',*,*,#6293,.F.);
#8251=ORIENTED_EDGE('',*,*,#6296,.T.);
#8252=ORIENTED_EDGE('',*,*,#6153,.F.);
#8253=ORIENTED_EDGE('',*,*,#6297,.F.);
#8254=ORIENTED_EDGE('',*,*,#6291,.F.);
#8255=ORIENTED_EDGE('',*,*,#6298,.T.);
#8256=ORIENTED_EDGE('',*,*,#6154,.F.);
#8257=ORIENTED_EDGE('',*,*,#6296,.F.);
#8258=ORIENTED_EDGE('',*,*,#6289,.F.);
#8259=ORIENTED_EDGE('',*,*,#6299,.T.);
#8260=ORIENTED_EDGE('',*,*,#6155,.F.);
#8261=ORIENTED_EDGE('',*,*,#6298,.F.);
#8262=ORIENTED_EDGE('',*,*,#6287,.F.);
#8263=ORIENTED_EDGE('',*,*,#6300,.T.);
#8264=ORIENTED_EDGE('',*,*,#6156,.F.);
#8265=ORIENTED_EDGE('',*,*,#6299,.F.);
#8266=ORIENTED_EDGE('',*,*,#6285,.F.);
#8267=ORIENTED_EDGE('',*,*,#6301,.T.);
#8268=ORIENTED_EDGE('',*,*,#6157,.F.);
#8269=ORIENTED_EDGE('',*,*,#6300,.F.);
#8270=ORIENTED_EDGE('',*,*,#6283,.F.);
#8271=ORIENTED_EDGE('',*,*,#6302,.T.);
#8272=ORIENTED_EDGE('',*,*,#6158,.F.);
#8273=ORIENTED_EDGE('',*,*,#6301,.F.);
#8274=ORIENTED_EDGE('',*,*,#6281,.F.);
#8275=ORIENTED_EDGE('',*,*,#6303,.T.);
#8276=ORIENTED_EDGE('',*,*,#6159,.F.);
#8277=ORIENTED_EDGE('',*,*,#6302,.F.);
#8278=ORIENTED_EDGE('',*,*,#6279,.F.);
#8279=ORIENTED_EDGE('',*,*,#6304,.T.);
#8280=ORIENTED_EDGE('',*,*,#6160,.F.);
#8281=ORIENTED_EDGE('',*,*,#6303,.F.);
#8282=ORIENTED_EDGE('',*,*,#6277,.F.);
#8283=ORIENTED_EDGE('',*,*,#6305,.T.);
#8284=ORIENTED_EDGE('',*,*,#6161,.F.);
#8285=ORIENTED_EDGE('',*,*,#6304,.F.);
#8286=ORIENTED_EDGE('',*,*,#6275,.F.);
#8287=ORIENTED_EDGE('',*,*,#6306,.T.);
#8288=ORIENTED_EDGE('',*,*,#6162,.F.);
#8289=ORIENTED_EDGE('',*,*,#6305,.F.);
#8290=ORIENTED_EDGE('',*,*,#6273,.F.);
#8291=ORIENTED_EDGE('',*,*,#6307,.T.);
#8292=ORIENTED_EDGE('',*,*,#6163,.F.);
#8293=ORIENTED_EDGE('',*,*,#6306,.F.);
#8294=ORIENTED_EDGE('',*,*,#6271,.F.);
#8295=ORIENTED_EDGE('',*,*,#6308,.T.);
#8296=ORIENTED_EDGE('',*,*,#6164,.F.);
#8297=ORIENTED_EDGE('',*,*,#6307,.F.);
#8298=ORIENTED_EDGE('',*,*,#6269,.F.);
#8299=ORIENTED_EDGE('',*,*,#6309,.T.);
#8300=ORIENTED_EDGE('',*,*,#6165,.F.);
#8301=ORIENTED_EDGE('',*,*,#6308,.F.);
#8302=ORIENTED_EDGE('',*,*,#6267,.F.);
#8303=ORIENTED_EDGE('',*,*,#6310,.T.);
#8304=ORIENTED_EDGE('',*,*,#6166,.F.);
#8305=ORIENTED_EDGE('',*,*,#6309,.F.);
#8306=ORIENTED_EDGE('',*,*,#6265,.F.);
#8307=ORIENTED_EDGE('',*,*,#6311,.T.);
#8308=ORIENTED_EDGE('',*,*,#6167,.F.);
#8309=ORIENTED_EDGE('',*,*,#6310,.F.);
#8310=ORIENTED_EDGE('',*,*,#6263,.F.);
#8311=ORIENTED_EDGE('',*,*,#6312,.T.);
#8312=ORIENTED_EDGE('',*,*,#6168,.F.);
#8313=ORIENTED_EDGE('',*,*,#6311,.F.);
#8314=ORIENTED_EDGE('',*,*,#6261,.F.);
#8315=ORIENTED_EDGE('',*,*,#6313,.T.);
#8316=ORIENTED_EDGE('',*,*,#6169,.F.);
#8317=ORIENTED_EDGE('',*,*,#6312,.F.);
#8318=ORIENTED_EDGE('',*,*,#6258,.F.);
#8319=ORIENTED_EDGE('',*,*,#6314,.T.);
#8320=ORIENTED_EDGE('',*,*,#6170,.F.);
#8321=ORIENTED_EDGE('',*,*,#6313,.F.);
#8322=ORIENTED_EDGE('',*,*,#6171,.T.);
#8323=ORIENTED_EDGE('',*,*,#6315,.T.);
#8324=ORIENTED_EDGE('',*,*,#6316,.T.);
#8325=ORIENTED_EDGE('',*,*,#6317,.T.);
#8326=ORIENTED_EDGE('',*,*,#6315,.F.);
#8327=ORIENTED_EDGE('',*,*,#6182,.F.);
#8328=ORIENTED_EDGE('',*,*,#6318,.F.);
#8329=ORIENTED_EDGE('',*,*,#6319,.F.);
#8330=ORIENTED_EDGE('',*,*,#6173,.T.);
#8331=ORIENTED_EDGE('',*,*,#6320,.T.);
#8332=ORIENTED_EDGE('',*,*,#6321,.T.);
#8333=ORIENTED_EDGE('',*,*,#6322,.T.);
#8334=ORIENTED_EDGE('',*,*,#6322,.F.);
#8335=ORIENTED_EDGE('',*,*,#6323,.F.);
#8336=ORIENTED_EDGE('',*,*,#6324,.F.);
#8337=ORIENTED_EDGE('',*,*,#6174,.F.);
#8338=ORIENTED_EDGE('',*,*,#6175,.T.);
#8339=ORIENTED_EDGE('',*,*,#6324,.T.);
#8340=ORIENTED_EDGE('',*,*,#6325,.T.);
#8341=ORIENTED_EDGE('',*,*,#6326,.T.);
#8342=ORIENTED_EDGE('',*,*,#6181,.T.);
#8343=ORIENTED_EDGE('',*,*,#6327,.T.);
#8344=ORIENTED_EDGE('',*,*,#6328,.T.);
#8345=ORIENTED_EDGE('',*,*,#6318,.T.);
#8346=ORIENTED_EDGE('',*,*,#6327,.F.);
#8347=ORIENTED_EDGE('',*,*,#6180,.F.);
#8348=ORIENTED_EDGE('',*,*,#6329,.F.);
#8349=ORIENTED_EDGE('',*,*,#6330,.F.);
#8350=ORIENTED_EDGE('',*,*,#6177,.T.);
#8351=ORIENTED_EDGE('',*,*,#6331,.T.);
#8352=ORIENTED_EDGE('',*,*,#6332,.T.);
#8353=ORIENTED_EDGE('',*,*,#6333,.T.);
#8354=ORIENTED_EDGE('',*,*,#6333,.F.);
#8355=ORIENTED_EDGE('',*,*,#6334,.F.);
#8356=ORIENTED_EDGE('',*,*,#6335,.F.);
#8357=ORIENTED_EDGE('',*,*,#6178,.F.);
#8358=ORIENTED_EDGE('',*,*,#6179,.T.);
#8359=ORIENTED_EDGE('',*,*,#6335,.T.);
#8360=ORIENTED_EDGE('',*,*,#6336,.T.);
#8361=ORIENTED_EDGE('',*,*,#6329,.T.);
#8362=ORIENTED_EDGE('',*,*,#6222,.T.);
#8363=ORIENTED_EDGE('',*,*,#6093,.T.);
#8364=ORIENTED_EDGE('',*,*,#6121,.F.);
#8365=ORIENTED_EDGE('',*,*,#6133,.F.);
#8366=ORIENTED_EDGE('',*,*,#6125,.F.);
#8367=ORIENTED_EDGE('',*,*,#6117,.F.);
#8368=ORIENTED_EDGE('',*,*,#6295,.F.);
#8369=ORIENTED_EDGE('',*,*,#6297,.T.);
#8370=ORIENTED_EDGE('',*,*,#6152,.F.);
#8371=ORIENTED_EDGE('',*,*,#6337,.F.);
#8372=ORIENTED_EDGE('',*,*,#6224,.F.);
#8373=ORIENTED_EDGE('',*,*,#6337,.T.);
#8374=ORIENTED_EDGE('',*,*,#6151,.F.);
#8375=ORIENTED_EDGE('',*,*,#6338,.F.);
#8376=ORIENTED_EDGE('',*,*,#6227,.F.);
#8377=ORIENTED_EDGE('',*,*,#6338,.T.);
#8378=ORIENTED_EDGE('',*,*,#6150,.F.);
#8379=ORIENTED_EDGE('',*,*,#6339,.F.);
#8380=ORIENTED_EDGE('',*,*,#6229,.F.);
#8381=ORIENTED_EDGE('',*,*,#6339,.T.);
#8382=ORIENTED_EDGE('',*,*,#6149,.F.);
#8383=ORIENTED_EDGE('',*,*,#6340,.F.);
#8384=ORIENTED_EDGE('',*,*,#6231,.F.);
#8385=ORIENTED_EDGE('',*,*,#6340,.T.);
#8386=ORIENTED_EDGE('',*,*,#6148,.F.);
#8387=ORIENTED_EDGE('',*,*,#6341,.F.);
#8388=ORIENTED_EDGE('',*,*,#6233,.F.);
#8389=ORIENTED_EDGE('',*,*,#6341,.T.);
#8390=ORIENTED_EDGE('',*,*,#6147,.F.);
#8391=ORIENTED_EDGE('',*,*,#6342,.F.);
#8392=ORIENTED_EDGE('',*,*,#6235,.F.);
#8393=ORIENTED_EDGE('',*,*,#6342,.T.);
#8394=ORIENTED_EDGE('',*,*,#6146,.F.);
#8395=ORIENTED_EDGE('',*,*,#6343,.F.);
#8396=ORIENTED_EDGE('',*,*,#6237,.F.);
#8397=ORIENTED_EDGE('',*,*,#6343,.T.);
#8398=ORIENTED_EDGE('',*,*,#6145,.F.);
#8399=ORIENTED_EDGE('',*,*,#6344,.F.);
#8400=ORIENTED_EDGE('',*,*,#6239,.F.);
#8401=ORIENTED_EDGE('',*,*,#6344,.T.);
#8402=ORIENTED_EDGE('',*,*,#6144,.F.);
#8403=ORIENTED_EDGE('',*,*,#6345,.F.);
#8404=ORIENTED_EDGE('',*,*,#6241,.F.);
#8405=ORIENTED_EDGE('',*,*,#6345,.T.);
#8406=ORIENTED_EDGE('',*,*,#6143,.F.);
#8407=ORIENTED_EDGE('',*,*,#6346,.F.);
#8408=ORIENTED_EDGE('',*,*,#6243,.F.);
#8409=ORIENTED_EDGE('',*,*,#6346,.T.);
#8410=ORIENTED_EDGE('',*,*,#6142,.F.);
#8411=ORIENTED_EDGE('',*,*,#6347,.F.);
#8412=ORIENTED_EDGE('',*,*,#6245,.F.);
#8413=ORIENTED_EDGE('',*,*,#6347,.T.);
#8414=ORIENTED_EDGE('',*,*,#6141,.F.);
#8415=ORIENTED_EDGE('',*,*,#6348,.F.);
#8416=ORIENTED_EDGE('',*,*,#6247,.F.);
#8417=ORIENTED_EDGE('',*,*,#6348,.T.);
#8418=ORIENTED_EDGE('',*,*,#6140,.F.);
#8419=ORIENTED_EDGE('',*,*,#6349,.F.);
#8420=ORIENTED_EDGE('',*,*,#6249,.F.);
#8421=ORIENTED_EDGE('',*,*,#6349,.T.);
#8422=ORIENTED_EDGE('',*,*,#6139,.F.);
#8423=ORIENTED_EDGE('',*,*,#6350,.F.);
#8424=ORIENTED_EDGE('',*,*,#6251,.F.);
#8425=ORIENTED_EDGE('',*,*,#6350,.T.);
#8426=ORIENTED_EDGE('',*,*,#6138,.F.);
#8427=ORIENTED_EDGE('',*,*,#6351,.F.);
#8428=ORIENTED_EDGE('',*,*,#6253,.F.);
#8429=ORIENTED_EDGE('',*,*,#6351,.T.);
#8430=ORIENTED_EDGE('',*,*,#6137,.F.);
#8431=ORIENTED_EDGE('',*,*,#6352,.F.);
#8432=ORIENTED_EDGE('',*,*,#6255,.F.);
#8433=ORIENTED_EDGE('',*,*,#6352,.T.);
#8434=ORIENTED_EDGE('',*,*,#6136,.F.);
#8435=ORIENTED_EDGE('',*,*,#6353,.F.);
#8436=ORIENTED_EDGE('',*,*,#6260,.F.);
#8437=ORIENTED_EDGE('',*,*,#6353,.T.);
#8438=ORIENTED_EDGE('',*,*,#6135,.F.);
#8439=ORIENTED_EDGE('',*,*,#6314,.F.);
#8440=ORIENTED_EDGE('',*,*,#6106,.F.);
#8441=ORIENTED_EDGE('',*,*,#6134,.F.);
#8442=ORIENTED_EDGE('',*,*,#6122,.F.);
#8443=ORIENTED_EDGE('',*,*,#6119,.F.);
#8444=ORIENTED_EDGE('',*,*,#6317,.F.);
#8445=ORIENTED_EDGE('',*,*,#6354,.F.);
#8446=ORIENTED_EDGE('',*,*,#6320,.F.);
#8447=ORIENTED_EDGE('',*,*,#6172,.F.);
#8448=ORIENTED_EDGE('',*,*,#6326,.F.);
#8449=ORIENTED_EDGE('',*,*,#6355,.F.);
#8450=ORIENTED_EDGE('',*,*,#6331,.F.);
#8451=ORIENTED_EDGE('',*,*,#6176,.F.);
#8452=ORIENTED_EDGE('',*,*,#6316,.F.);
#8453=ORIENTED_EDGE('',*,*,#6319,.T.);
#8454=ORIENTED_EDGE('',*,*,#6328,.F.);
#8455=ORIENTED_EDGE('',*,*,#6330,.T.);
#8456=ORIENTED_EDGE('',*,*,#6336,.F.);
#8457=ORIENTED_EDGE('',*,*,#6334,.T.);
#8458=ORIENTED_EDGE('',*,*,#6332,.F.);
#8459=ORIENTED_EDGE('',*,*,#6355,.T.);
#8460=ORIENTED_EDGE('',*,*,#6325,.F.);
#8461=ORIENTED_EDGE('',*,*,#6323,.T.);
#8462=ORIENTED_EDGE('',*,*,#6321,.F.);
#8463=ORIENTED_EDGE('',*,*,#6354,.T.);
#8464=ORIENTED_EDGE('',*,*,#6356,.T.);
#8465=ORIENTED_EDGE('',*,*,#6357,.T.);
#8466=ORIENTED_EDGE('',*,*,#6358,.T.);
#8467=ORIENTED_EDGE('',*,*,#6359,.F.);
#8468=ORIENTED_EDGE('',*,*,#6360,.T.);
#8469=ORIENTED_EDGE('',*,*,#6361,.T.);
#8470=ORIENTED_EDGE('',*,*,#6362,.T.);
#8471=ORIENTED_EDGE('',*,*,#6357,.F.);
#8472=ORIENTED_EDGE('',*,*,#6363,.T.);
#8473=ORIENTED_EDGE('',*,*,#6364,.T.);
#8474=ORIENTED_EDGE('',*,*,#6365,.T.);
#8475=ORIENTED_EDGE('',*,*,#6361,.F.);
#8476=ORIENTED_EDGE('',*,*,#6366,.T.);
#8477=ORIENTED_EDGE('',*,*,#6367,.T.);
#8478=ORIENTED_EDGE('',*,*,#6368,.T.);
#8479=ORIENTED_EDGE('',*,*,#6364,.F.);
#8480=ORIENTED_EDGE('',*,*,#6369,.T.);
#8481=ORIENTED_EDGE('',*,*,#6367,.F.);
#8482=ORIENTED_EDGE('',*,*,#6370,.T.);
#8483=ORIENTED_EDGE('',*,*,#6371,.T.);
#8484=ORIENTED_EDGE('',*,*,#6372,.T.);
#8485=ORIENTED_EDGE('',*,*,#6371,.F.);
#8486=ORIENTED_EDGE('',*,*,#6373,.T.);
#8487=ORIENTED_EDGE('',*,*,#6359,.T.);
#8488=ORIENTED_EDGE('',*,*,#6369,.F.);
#8489=ORIENTED_EDGE('',*,*,#6374,.F.);
#8490=ORIENTED_EDGE('',*,*,#6375,.T.);
#8491=ORIENTED_EDGE('',*,*,#6376,.T.);
#8492=ORIENTED_EDGE('',*,*,#6372,.F.);
#8493=ORIENTED_EDGE('',*,*,#6377,.F.);
#8494=ORIENTED_EDGE('',*,*,#6378,.T.);
#8495=ORIENTED_EDGE('',*,*,#6374,.T.);
#8496=ORIENTED_EDGE('',*,*,#6358,.F.);
#8497=ORIENTED_EDGE('',*,*,#6379,.F.);
#8498=ORIENTED_EDGE('',*,*,#6380,.T.);
#8499=ORIENTED_EDGE('',*,*,#6377,.T.);
#8500=ORIENTED_EDGE('',*,*,#6381,.F.);
#8501=ORIENTED_EDGE('',*,*,#6382,.F.);
#8502=ORIENTED_EDGE('',*,*,#6383,.F.);
#8503=ORIENTED_EDGE('',*,*,#6384,.F.);
#8504=ORIENTED_EDGE('',*,*,#6385,.F.);
#8505=ORIENTED_EDGE('',*,*,#6386,.F.);
#8506=ORIENTED_EDGE('',*,*,#6387,.F.);
#8507=ORIENTED_EDGE('',*,*,#6388,.F.);
#8508=ORIENTED_EDGE('',*,*,#6389,.F.);
#8509=ORIENTED_EDGE('',*,*,#6390,.F.);
#8510=ORIENTED_EDGE('',*,*,#6391,.F.);
#8511=ORIENTED_EDGE('',*,*,#6392,.F.);
#8512=ORIENTED_EDGE('',*,*,#6356,.F.);
#8513=ORIENTED_EDGE('',*,*,#6373,.F.);
#8514=ORIENTED_EDGE('',*,*,#6370,.F.);
#8515=ORIENTED_EDGE('',*,*,#6366,.F.);
#8516=ORIENTED_EDGE('',*,*,#6363,.F.);
#8517=ORIENTED_EDGE('',*,*,#6360,.F.);
#8518=ORIENTED_EDGE('',*,*,#6393,.T.);
#8519=ORIENTED_EDGE('',*,*,#6394,.T.);
#8520=ORIENTED_EDGE('',*,*,#6395,.T.);
#8521=ORIENTED_EDGE('',*,*,#6381,.T.);
#8522=ORIENTED_EDGE('',*,*,#6393,.F.);
#8523=ORIENTED_EDGE('',*,*,#6392,.T.);
#8524=ORIENTED_EDGE('',*,*,#6396,.T.);
#8525=ORIENTED_EDGE('',*,*,#6397,.T.);
#8526=ORIENTED_EDGE('',*,*,#6398,.T.);
#8527=ORIENTED_EDGE('',*,*,#6399,.T.);
#8528=ORIENTED_EDGE('',*,*,#6396,.F.);
#8529=ORIENTED_EDGE('',*,*,#6391,.T.);
#8530=ORIENTED_EDGE('',*,*,#6398,.F.);
#8531=ORIENTED_EDGE('',*,*,#6390,.T.);
#8532=ORIENTED_EDGE('',*,*,#6400,.T.);
#8533=ORIENTED_EDGE('',*,*,#6401,.T.);
#8534=ORIENTED_EDGE('',*,*,#6402,.T.);
#8535=ORIENTED_EDGE('',*,*,#6403,.T.);
#8536=ORIENTED_EDGE('',*,*,#6400,.F.);
#8537=ORIENTED_EDGE('',*,*,#6389,.T.);
#8538=ORIENTED_EDGE('',*,*,#6402,.F.);
#8539=ORIENTED_EDGE('',*,*,#6388,.T.);
#8540=ORIENTED_EDGE('',*,*,#6404,.T.);
#8541=ORIENTED_EDGE('',*,*,#6405,.T.);
#8542=ORIENTED_EDGE('',*,*,#6406,.T.);
#8543=ORIENTED_EDGE('',*,*,#6407,.T.);
#8544=ORIENTED_EDGE('',*,*,#6404,.F.);
#8545=ORIENTED_EDGE('',*,*,#6387,.T.);
#8546=ORIENTED_EDGE('',*,*,#6406,.F.);
#8547=ORIENTED_EDGE('',*,*,#6386,.T.);
#8548=ORIENTED_EDGE('',*,*,#6408,.T.);
#8549=ORIENTED_EDGE('',*,*,#6409,.T.);
#8550=ORIENTED_EDGE('',*,*,#6410,.T.);
#8551=ORIENTED_EDGE('',*,*,#6411,.T.);
#8552=ORIENTED_EDGE('',*,*,#6408,.F.);
#8553=ORIENTED_EDGE('',*,*,#6385,.T.);
#8554=ORIENTED_EDGE('',*,*,#6410,.F.);
#8555=ORIENTED_EDGE('',*,*,#6384,.T.);
#8556=ORIENTED_EDGE('',*,*,#6412,.T.);
#8557=ORIENTED_EDGE('',*,*,#6413,.T.);
#8558=ORIENTED_EDGE('',*,*,#6414,.T.);
#8559=ORIENTED_EDGE('',*,*,#6415,.T.);
#8560=ORIENTED_EDGE('',*,*,#6412,.F.);
#8561=ORIENTED_EDGE('',*,*,#6383,.T.);
#8562=ORIENTED_EDGE('',*,*,#6414,.F.);
#8563=ORIENTED_EDGE('',*,*,#6382,.T.);
#8564=ORIENTED_EDGE('',*,*,#6395,.F.);
#8565=ORIENTED_EDGE('',*,*,#6416,.T.);
#8566=ORIENTED_EDGE('',*,*,#6409,.F.);
#8567=ORIENTED_EDGE('',*,*,#6417,.F.);
#8568=ORIENTED_EDGE('',*,*,#6418,.T.);
#8569=ORIENTED_EDGE('',*,*,#6419,.F.);
#8570=ORIENTED_EDGE('',*,*,#6411,.F.);
#8571=ORIENTED_EDGE('',*,*,#6420,.T.);
#8572=ORIENTED_EDGE('',*,*,#6421,.T.);
#8573=ORIENTED_EDGE('',*,*,#6417,.T.);
#8574=ORIENTED_EDGE('',*,*,#6413,.F.);
#8575=ORIENTED_EDGE('',*,*,#6422,.F.);
#8576=ORIENTED_EDGE('',*,*,#6423,.T.);
#8577=ORIENTED_EDGE('',*,*,#6420,.F.);
#8578=ORIENTED_EDGE('',*,*,#6415,.F.);
#8579=ORIENTED_EDGE('',*,*,#6424,.T.);
#8580=ORIENTED_EDGE('',*,*,#6425,.T.);
#8581=ORIENTED_EDGE('',*,*,#6422,.T.);
#8582=ORIENTED_EDGE('',*,*,#6416,.F.);
#8583=ORIENTED_EDGE('',*,*,#6426,.F.);
#8584=ORIENTED_EDGE('',*,*,#6427,.T.);
#8585=ORIENTED_EDGE('',*,*,#6424,.F.);
#8586=ORIENTED_EDGE('',*,*,#6394,.F.);
#8587=ORIENTED_EDGE('',*,*,#6428,.T.);
#8588=ORIENTED_EDGE('',*,*,#6429,.T.);
#8589=ORIENTED_EDGE('',*,*,#6426,.T.);
#8590=ORIENTED_EDGE('',*,*,#6429,.F.);
#8591=ORIENTED_EDGE('',*,*,#6430,.F.);
#8592=ORIENTED_EDGE('',*,*,#6431,.F.);
#8593=ORIENTED_EDGE('',*,*,#6432,.F.);
#8594=ORIENTED_EDGE('',*,*,#6433,.F.);
#8595=ORIENTED_EDGE('',*,*,#6434,.F.);
#8596=ORIENTED_EDGE('',*,*,#6435,.F.);
#8597=ORIENTED_EDGE('',*,*,#6418,.F.);
#8598=ORIENTED_EDGE('',*,*,#6421,.F.);
#8599=ORIENTED_EDGE('',*,*,#6423,.F.);
#8600=ORIENTED_EDGE('',*,*,#6425,.F.);
#8601=ORIENTED_EDGE('',*,*,#6427,.F.);
#8602=ORIENTED_EDGE('',*,*,#6436,.F.);
#8603=ORIENTED_EDGE('',*,*,#6375,.F.);
#8604=ORIENTED_EDGE('',*,*,#6378,.F.);
#8605=ORIENTED_EDGE('',*,*,#6380,.F.);
#8606=ORIENTED_EDGE('',*,*,#6437,.F.);
#8607=ORIENTED_EDGE('',*,*,#6438,.F.);
#8608=ORIENTED_EDGE('',*,*,#6397,.F.);
#8609=ORIENTED_EDGE('',*,*,#6439,.F.);
#8610=ORIENTED_EDGE('',*,*,#6430,.T.);
#8611=ORIENTED_EDGE('',*,*,#6428,.F.);
#8612=ORIENTED_EDGE('',*,*,#6399,.F.);
#8613=ORIENTED_EDGE('',*,*,#6440,.T.);
#8614=ORIENTED_EDGE('',*,*,#6431,.T.);
#8615=ORIENTED_EDGE('',*,*,#6439,.T.);
#8616=ORIENTED_EDGE('',*,*,#6403,.F.);
#8617=ORIENTED_EDGE('',*,*,#6441,.T.);
#8618=ORIENTED_EDGE('',*,*,#6433,.T.);
#8619=ORIENTED_EDGE('',*,*,#6442,.T.);
#8620=ORIENTED_EDGE('',*,*,#6405,.F.);
#8621=ORIENTED_EDGE('',*,*,#6443,.F.);
#8622=ORIENTED_EDGE('',*,*,#6434,.T.);
#8623=ORIENTED_EDGE('',*,*,#6441,.F.);
#8624=ORIENTED_EDGE('',*,*,#6407,.F.);
#8625=ORIENTED_EDGE('',*,*,#6419,.T.);
#8626=ORIENTED_EDGE('',*,*,#6435,.T.);
#8627=ORIENTED_EDGE('',*,*,#6443,.T.);
#8628=ORIENTED_EDGE('',*,*,#6362,.F.);
#8629=ORIENTED_EDGE('',*,*,#6444,.F.);
#8630=ORIENTED_EDGE('',*,*,#6437,.T.);
#8631=ORIENTED_EDGE('',*,*,#6379,.T.);
#8632=ORIENTED_EDGE('',*,*,#6365,.F.);
#8633=ORIENTED_EDGE('',*,*,#6445,.F.);
#8634=ORIENTED_EDGE('',*,*,#6438,.T.);
#8635=ORIENTED_EDGE('',*,*,#6444,.T.);
#8636=ORIENTED_EDGE('',*,*,#6368,.F.);
#8637=ORIENTED_EDGE('',*,*,#6376,.F.);
#8638=ORIENTED_EDGE('',*,*,#6436,.T.);
#8639=ORIENTED_EDGE('',*,*,#6445,.T.);
#8640=ORIENTED_EDGE('',*,*,#6401,.F.);
#8641=ORIENTED_EDGE('',*,*,#6442,.F.);
#8642=ORIENTED_EDGE('',*,*,#6432,.T.);
#8643=ORIENTED_EDGE('',*,*,#6440,.F.);
#8644=ORIENTED_EDGE('',*,*,#6446,.T.);
#8645=ORIENTED_EDGE('',*,*,#6447,.T.);
#8646=ORIENTED_EDGE('',*,*,#6448,.T.);
#8647=ORIENTED_EDGE('',*,*,#6449,.F.);
#8648=ORIENTED_EDGE('',*,*,#6450,.T.);
#8649=ORIENTED_EDGE('',*,*,#6451,.T.);
#8650=ORIENTED_EDGE('',*,*,#6452,.T.);
#8651=ORIENTED_EDGE('',*,*,#6447,.F.);
#8652=ORIENTED_EDGE('',*,*,#6453,.T.);
#8653=ORIENTED_EDGE('',*,*,#6454,.T.);
#8654=ORIENTED_EDGE('',*,*,#6455,.T.);
#8655=ORIENTED_EDGE('',*,*,#6451,.F.);
#8656=ORIENTED_EDGE('',*,*,#6456,.T.);
#8657=ORIENTED_EDGE('',*,*,#6457,.T.);
#8658=ORIENTED_EDGE('',*,*,#6458,.T.);
#8659=ORIENTED_EDGE('',*,*,#6454,.F.);
#8660=ORIENTED_EDGE('',*,*,#6459,.T.);
#8661=ORIENTED_EDGE('',*,*,#6457,.F.);
#8662=ORIENTED_EDGE('',*,*,#6460,.T.);
#8663=ORIENTED_EDGE('',*,*,#6461,.T.);
#8664=ORIENTED_EDGE('',*,*,#6462,.T.);
#8665=ORIENTED_EDGE('',*,*,#6461,.F.);
#8666=ORIENTED_EDGE('',*,*,#6463,.T.);
#8667=ORIENTED_EDGE('',*,*,#6449,.T.);
#8668=ORIENTED_EDGE('',*,*,#6459,.F.);
#8669=ORIENTED_EDGE('',*,*,#6464,.F.);
#8670=ORIENTED_EDGE('',*,*,#6465,.T.);
#8671=ORIENTED_EDGE('',*,*,#6466,.T.);
#8672=ORIENTED_EDGE('',*,*,#6462,.F.);
#8673=ORIENTED_EDGE('',*,*,#6467,.F.);
#8674=ORIENTED_EDGE('',*,*,#6468,.T.);
#8675=ORIENTED_EDGE('',*,*,#6464,.T.);
#8676=ORIENTED_EDGE('',*,*,#6448,.F.);
#8677=ORIENTED_EDGE('',*,*,#6469,.F.);
#8678=ORIENTED_EDGE('',*,*,#6470,.T.);
#8679=ORIENTED_EDGE('',*,*,#6467,.T.);
#8680=ORIENTED_EDGE('',*,*,#6471,.F.);
#8681=ORIENTED_EDGE('',*,*,#6472,.F.);
#8682=ORIENTED_EDGE('',*,*,#6473,.F.);
#8683=ORIENTED_EDGE('',*,*,#6474,.F.);
#8684=ORIENTED_EDGE('',*,*,#6475,.F.);
#8685=ORIENTED_EDGE('',*,*,#6476,.F.);
#8686=ORIENTED_EDGE('',*,*,#6477,.F.);
#8687=ORIENTED_EDGE('',*,*,#6478,.F.);
#8688=ORIENTED_EDGE('',*,*,#6479,.F.);
#8689=ORIENTED_EDGE('',*,*,#6480,.F.);
#8690=ORIENTED_EDGE('',*,*,#6446,.F.);
#8691=ORIENTED_EDGE('',*,*,#6463,.F.);
#8692=ORIENTED_EDGE('',*,*,#6460,.F.);
#8693=ORIENTED_EDGE('',*,*,#6456,.F.);
#8694=ORIENTED_EDGE('',*,*,#6453,.F.);
#8695=ORIENTED_EDGE('',*,*,#6450,.F.);
#8696=ORIENTED_EDGE('',*,*,#6471,.T.);
#8697=ORIENTED_EDGE('',*,*,#6481,.T.);
#8698=ORIENTED_EDGE('',*,*,#6482,.T.);
#8699=ORIENTED_EDGE('',*,*,#6483,.F.);
#8700=ORIENTED_EDGE('',*,*,#6484,.T.);
#8701=ORIENTED_EDGE('',*,*,#6485,.T.);
#8702=ORIENTED_EDGE('',*,*,#6472,.T.);
#8703=ORIENTED_EDGE('',*,*,#6483,.T.);
#8704=ORIENTED_EDGE('',*,*,#6485,.F.);
#8705=ORIENTED_EDGE('',*,*,#6486,.T.);
#8706=ORIENTED_EDGE('',*,*,#6487,.T.);
#8707=ORIENTED_EDGE('',*,*,#6473,.T.);
#8708=ORIENTED_EDGE('',*,*,#6488,.T.);
#8709=ORIENTED_EDGE('',*,*,#6474,.T.);
#8710=ORIENTED_EDGE('',*,*,#6487,.F.);
#8711=ORIENTED_EDGE('',*,*,#6489,.T.);
#8712=ORIENTED_EDGE('',*,*,#6488,.F.);
#8713=ORIENTED_EDGE('',*,*,#6490,.T.);
#8714=ORIENTED_EDGE('',*,*,#6491,.T.);
#8715=ORIENTED_EDGE('',*,*,#6475,.T.);
#8716=ORIENTED_EDGE('',*,*,#6492,.T.);
#8717=ORIENTED_EDGE('',*,*,#6476,.T.);
#8718=ORIENTED_EDGE('',*,*,#6491,.F.);
#8719=ORIENTED_EDGE('',*,*,#6493,.T.);
#8720=ORIENTED_EDGE('',*,*,#6492,.F.);
#8721=ORIENTED_EDGE('',*,*,#6494,.T.);
#8722=ORIENTED_EDGE('',*,*,#6495,.T.);
#8723=ORIENTED_EDGE('',*,*,#6477,.T.);
#8724=ORIENTED_EDGE('',*,*,#6496,.T.);
#8725=ORIENTED_EDGE('',*,*,#6478,.T.);
#8726=ORIENTED_EDGE('',*,*,#6495,.F.);
#8727=ORIENTED_EDGE('',*,*,#6497,.T.);
#8728=ORIENTED_EDGE('',*,*,#6496,.F.);
#8729=ORIENTED_EDGE('',*,*,#6498,.T.);
#8730=ORIENTED_EDGE('',*,*,#6499,.T.);
#8731=ORIENTED_EDGE('',*,*,#6479,.T.);
#8732=ORIENTED_EDGE('',*,*,#6480,.T.);
#8733=ORIENTED_EDGE('',*,*,#6499,.F.);
#8734=ORIENTED_EDGE('',*,*,#6500,.T.);
#8735=ORIENTED_EDGE('',*,*,#6481,.F.);
#8736=ORIENTED_EDGE('',*,*,#6490,.F.);
#8737=ORIENTED_EDGE('',*,*,#6501,.T.);
#8738=ORIENTED_EDGE('',*,*,#6502,.T.);
#8739=ORIENTED_EDGE('',*,*,#6503,.T.);
#8740=ORIENTED_EDGE('',*,*,#6489,.F.);
#8741=ORIENTED_EDGE('',*,*,#6504,.F.);
#8742=ORIENTED_EDGE('',*,*,#6505,.F.);
#8743=ORIENTED_EDGE('',*,*,#6501,.F.);
#8744=ORIENTED_EDGE('',*,*,#6486,.F.);
#8745=ORIENTED_EDGE('',*,*,#6506,.T.);
#8746=ORIENTED_EDGE('',*,*,#6507,.T.);
#8747=ORIENTED_EDGE('',*,*,#6504,.T.);
#8748=ORIENTED_EDGE('',*,*,#6484,.F.);
#8749=ORIENTED_EDGE('',*,*,#6508,.F.);
#8750=ORIENTED_EDGE('',*,*,#6509,.F.);
#8751=ORIENTED_EDGE('',*,*,#6510,.F.);
#8752=ORIENTED_EDGE('',*,*,#6506,.F.);
#8753=ORIENTED_EDGE('',*,*,#6482,.F.);
#8754=ORIENTED_EDGE('',*,*,#6511,.F.);
#8755=ORIENTED_EDGE('',*,*,#6512,.F.);
#8756=ORIENTED_EDGE('',*,*,#6508,.T.);
#8757=ORIENTED_EDGE('',*,*,#6513,.T.);
#8758=ORIENTED_EDGE('',*,*,#6514,.T.);
#8759=ORIENTED_EDGE('',*,*,#6515,.T.);
#8760=ORIENTED_EDGE('',*,*,#6516,.F.);
#8761=ORIENTED_EDGE('',*,*,#6517,.T.);
#8762=ORIENTED_EDGE('',*,*,#6518,.T.);
#8763=ORIENTED_EDGE('',*,*,#6519,.T.);
#8764=ORIENTED_EDGE('',*,*,#6516,.T.);
#8765=ORIENTED_EDGE('',*,*,#6518,.F.);
#8766=ORIENTED_EDGE('',*,*,#6520,.T.);
#8767=ORIENTED_EDGE('',*,*,#6521,.T.);
#8768=ORIENTED_EDGE('',*,*,#6522,.T.);
#8769=ORIENTED_EDGE('',*,*,#6523,.T.);
#8770=ORIENTED_EDGE('',*,*,#6524,.T.);
#8771=ORIENTED_EDGE('',*,*,#6521,.F.);
#8772=ORIENTED_EDGE('',*,*,#6525,.T.);
#8773=ORIENTED_EDGE('',*,*,#6523,.F.);
#8774=ORIENTED_EDGE('',*,*,#6526,.T.);
#8775=ORIENTED_EDGE('',*,*,#6527,.T.);
#8776=ORIENTED_EDGE('',*,*,#6528,.T.);
#8777=ORIENTED_EDGE('',*,*,#6529,.T.);
#8778=ORIENTED_EDGE('',*,*,#6530,.T.);
#8779=ORIENTED_EDGE('',*,*,#6527,.F.);
#8780=ORIENTED_EDGE('',*,*,#6531,.T.);
#8781=ORIENTED_EDGE('',*,*,#6529,.F.);
#8782=ORIENTED_EDGE('',*,*,#6532,.T.);
#8783=ORIENTED_EDGE('',*,*,#6533,.T.);
#8784=ORIENTED_EDGE('',*,*,#6534,.T.);
#8785=ORIENTED_EDGE('',*,*,#6535,.T.);
#8786=ORIENTED_EDGE('',*,*,#6536,.T.);
#8787=ORIENTED_EDGE('',*,*,#6533,.F.);
#8788=ORIENTED_EDGE('',*,*,#6537,.T.);
#8789=ORIENTED_EDGE('',*,*,#6535,.F.);
#8790=ORIENTED_EDGE('',*,*,#6538,.T.);
#8791=ORIENTED_EDGE('',*,*,#6539,.T.);
#8792=ORIENTED_EDGE('',*,*,#6540,.T.);
#8793=ORIENTED_EDGE('',*,*,#6541,.T.);
#8794=ORIENTED_EDGE('',*,*,#6539,.F.);
#8795=ORIENTED_EDGE('',*,*,#6542,.T.);
#8796=ORIENTED_EDGE('',*,*,#6514,.F.);
#8797=ORIENTED_EDGE('',*,*,#6526,.F.);
#8798=ORIENTED_EDGE('',*,*,#6543,.T.);
#8799=ORIENTED_EDGE('',*,*,#6544,.T.);
#8800=ORIENTED_EDGE('',*,*,#6545,.T.);
#8801=ORIENTED_EDGE('',*,*,#6525,.F.);
#8802=ORIENTED_EDGE('',*,*,#6546,.F.);
#8803=ORIENTED_EDGE('',*,*,#6547,.T.);
#8804=ORIENTED_EDGE('',*,*,#6543,.F.);
#8805=ORIENTED_EDGE('',*,*,#6520,.F.);
#8806=ORIENTED_EDGE('',*,*,#6548,.T.);
#8807=ORIENTED_EDGE('',*,*,#6549,.T.);
#8808=ORIENTED_EDGE('',*,*,#6546,.T.);
#8809=ORIENTED_EDGE('',*,*,#6517,.F.);
#8810=ORIENTED_EDGE('',*,*,#6550,.F.);
#8811=ORIENTED_EDGE('',*,*,#6551,.F.);
#8812=ORIENTED_EDGE('',*,*,#6552,.F.);
#8813=ORIENTED_EDGE('',*,*,#6553,.T.);
#8814=ORIENTED_EDGE('',*,*,#6548,.F.);
#8815=ORIENTED_EDGE('',*,*,#6515,.F.);
#8816=ORIENTED_EDGE('',*,*,#6554,.F.);
#8817=ORIENTED_EDGE('',*,*,#6555,.F.);
#8818=ORIENTED_EDGE('',*,*,#6550,.T.);
#8819=ORIENTED_EDGE('',*,*,#6513,.F.);
#8820=ORIENTED_EDGE('',*,*,#6519,.F.);
#8821=ORIENTED_EDGE('',*,*,#6522,.F.);
#8822=ORIENTED_EDGE('',*,*,#6524,.F.);
#8823=ORIENTED_EDGE('',*,*,#6528,.F.);
#8824=ORIENTED_EDGE('',*,*,#6530,.F.);
#8825=ORIENTED_EDGE('',*,*,#6534,.F.);
#8826=ORIENTED_EDGE('',*,*,#6536,.F.);
#8827=ORIENTED_EDGE('',*,*,#6540,.F.);
#8828=ORIENTED_EDGE('',*,*,#6541,.F.);
#8829=ORIENTED_EDGE('',*,*,#6556,.F.);
#8830=ORIENTED_EDGE('',*,*,#6557,.F.);
#8831=ORIENTED_EDGE('',*,*,#6558,.F.);
#8832=ORIENTED_EDGE('',*,*,#6559,.F.);
#8833=ORIENTED_EDGE('',*,*,#6560,.F.);
#8834=ORIENTED_EDGE('',*,*,#6561,.F.);
#8835=ORIENTED_EDGE('',*,*,#6556,.T.);
#8836=ORIENTED_EDGE('',*,*,#6562,.T.);
#8837=ORIENTED_EDGE('',*,*,#6563,.T.);
#8838=ORIENTED_EDGE('',*,*,#6564,.F.);
#8839=ORIENTED_EDGE('',*,*,#6561,.T.);
#8840=ORIENTED_EDGE('',*,*,#6565,.T.);
#8841=ORIENTED_EDGE('',*,*,#6566,.T.);
#8842=ORIENTED_EDGE('',*,*,#6562,.F.);
#8843=ORIENTED_EDGE('',*,*,#6560,.T.);
#8844=ORIENTED_EDGE('',*,*,#6567,.T.);
#8845=ORIENTED_EDGE('',*,*,#6568,.T.);
#8846=ORIENTED_EDGE('',*,*,#6565,.F.);
#8847=ORIENTED_EDGE('',*,*,#6559,.T.);
#8848=ORIENTED_EDGE('',*,*,#6569,.T.);
#8849=ORIENTED_EDGE('',*,*,#6570,.T.);
#8850=ORIENTED_EDGE('',*,*,#6567,.F.);
#8851=ORIENTED_EDGE('',*,*,#6571,.T.);
#8852=ORIENTED_EDGE('',*,*,#6569,.F.);
#8853=ORIENTED_EDGE('',*,*,#6558,.T.);
#8854=ORIENTED_EDGE('',*,*,#6572,.T.);
#8855=ORIENTED_EDGE('',*,*,#6573,.T.);
#8856=ORIENTED_EDGE('',*,*,#6572,.F.);
#8857=ORIENTED_EDGE('',*,*,#6557,.T.);
#8858=ORIENTED_EDGE('',*,*,#6564,.T.);
#8859=ORIENTED_EDGE('',*,*,#6571,.F.);
#8860=ORIENTED_EDGE('',*,*,#6574,.F.);
#8861=ORIENTED_EDGE('',*,*,#6575,.T.);
#8862=ORIENTED_EDGE('',*,*,#6576,.T.);
#8863=ORIENTED_EDGE('',*,*,#6573,.F.);
#8864=ORIENTED_EDGE('',*,*,#6577,.F.);
#8865=ORIENTED_EDGE('',*,*,#6578,.T.);
#8866=ORIENTED_EDGE('',*,*,#6574,.T.);
#8867=ORIENTED_EDGE('',*,*,#6563,.F.);
#8868=ORIENTED_EDGE('',*,*,#6579,.F.);
#8869=ORIENTED_EDGE('',*,*,#6580,.T.);
#8870=ORIENTED_EDGE('',*,*,#6577,.T.);
#8871=ORIENTED_EDGE('',*,*,#6531,.F.);
#8872=ORIENTED_EDGE('',*,*,#6545,.F.);
#8873=ORIENTED_EDGE('',*,*,#6581,.T.);
#8874=ORIENTED_EDGE('',*,*,#6582,.F.);
#8875=ORIENTED_EDGE('',*,*,#6549,.F.);
#8876=ORIENTED_EDGE('',*,*,#6553,.F.);
#8877=ORIENTED_EDGE('',*,*,#6583,.F.);
#8878=ORIENTED_EDGE('',*,*,#6584,.F.);
#8879=ORIENTED_EDGE('',*,*,#6585,.F.);
#8880=ORIENTED_EDGE('',*,*,#6586,.F.);
#8881=ORIENTED_EDGE('',*,*,#6587,.F.);
#8882=ORIENTED_EDGE('',*,*,#6588,.F.);
#8883=ORIENTED_EDGE('',*,*,#6589,.F.);
#8884=ORIENTED_EDGE('',*,*,#6590,.F.);
#8885=ORIENTED_EDGE('',*,*,#6591,.F.);
#8886=ORIENTED_EDGE('',*,*,#6592,.F.);
#8887=ORIENTED_EDGE('',*,*,#6593,.F.);
#8888=ORIENTED_EDGE('',*,*,#6594,.F.);
#8889=ORIENTED_EDGE('',*,*,#6595,.F.);
#8890=ORIENTED_EDGE('',*,*,#6596,.F.);
#8891=ORIENTED_EDGE('',*,*,#6597,.F.);
#8892=ORIENTED_EDGE('',*,*,#6581,.F.);
#8893=ORIENTED_EDGE('',*,*,#6544,.F.);
#8894=ORIENTED_EDGE('',*,*,#6547,.F.);
#8895=ORIENTED_EDGE('',*,*,#6598,.F.);
#8896=ORIENTED_EDGE('',*,*,#6575,.F.);
#8897=ORIENTED_EDGE('',*,*,#6578,.F.);
#8898=ORIENTED_EDGE('',*,*,#6580,.F.);
#8899=ORIENTED_EDGE('',*,*,#6599,.F.);
#8900=ORIENTED_EDGE('',*,*,#6600,.F.);
#8901=ORIENTED_EDGE('',*,*,#6601,.F.);
#8902=ORIENTED_EDGE('',*,*,#6602,.F.);
#8903=ORIENTED_EDGE('',*,*,#6603,.F.);
#8904=ORIENTED_EDGE('',*,*,#6604,.F.);
#8905=ORIENTED_EDGE('',*,*,#6605,.F.);
#8906=ORIENTED_EDGE('',*,*,#6606,.F.);
#8907=ORIENTED_EDGE('',*,*,#6607,.F.);
#8908=ORIENTED_EDGE('',*,*,#6465,.F.);
#8909=ORIENTED_EDGE('',*,*,#6468,.F.);
#8910=ORIENTED_EDGE('',*,*,#6470,.F.);
#8911=ORIENTED_EDGE('',*,*,#6608,.F.);
#8912=ORIENTED_EDGE('',*,*,#6609,.F.);
#8913=ORIENTED_EDGE('',*,*,#6532,.F.);
#8914=ORIENTED_EDGE('',*,*,#6582,.T.);
#8915=ORIENTED_EDGE('',*,*,#6597,.T.);
#8916=ORIENTED_EDGE('',*,*,#6610,.T.);
#8917=ORIENTED_EDGE('',*,*,#6537,.F.);
#8918=ORIENTED_EDGE('',*,*,#6610,.F.);
#8919=ORIENTED_EDGE('',*,*,#6596,.T.);
#8920=ORIENTED_EDGE('',*,*,#6611,.F.);
#8921=ORIENTED_EDGE('',*,*,#6538,.F.);
#8922=ORIENTED_EDGE('',*,*,#6611,.T.);
#8923=ORIENTED_EDGE('',*,*,#6595,.T.);
#8924=ORIENTED_EDGE('',*,*,#6612,.T.);
#8925=ORIENTED_EDGE('',*,*,#6613,.F.);
#8926=ORIENTED_EDGE('',*,*,#6614,.F.);
#8927=ORIENTED_EDGE('',*,*,#6585,.T.);
#8928=ORIENTED_EDGE('',*,*,#6615,.F.);
#8929=ORIENTED_EDGE('',*,*,#6616,.F.);
#8930=ORIENTED_EDGE('',*,*,#6617,.F.);
#8931=ORIENTED_EDGE('',*,*,#6587,.T.);
#8932=ORIENTED_EDGE('',*,*,#6618,.F.);
#8933=ORIENTED_EDGE('',*,*,#6502,.F.);
#8934=ORIENTED_EDGE('',*,*,#6619,.F.);
#8935=ORIENTED_EDGE('',*,*,#6589,.T.);
#8936=ORIENTED_EDGE('',*,*,#6620,.F.);
#8937=ORIENTED_EDGE('',*,*,#6507,.F.);
#8938=ORIENTED_EDGE('',*,*,#6621,.F.);
#8939=ORIENTED_EDGE('',*,*,#6591,.T.);
#8940=ORIENTED_EDGE('',*,*,#6622,.F.);
#8941=ORIENTED_EDGE('',*,*,#6623,.T.);
#8942=ORIENTED_EDGE('',*,*,#6624,.T.);
#8943=ORIENTED_EDGE('',*,*,#6593,.T.);
#8944=ORIENTED_EDGE('',*,*,#6625,.T.);
#8945=ORIENTED_EDGE('',*,*,#6592,.T.);
#8946=ORIENTED_EDGE('',*,*,#6621,.T.);
#8947=ORIENTED_EDGE('',*,*,#6510,.T.);
#8948=ORIENTED_EDGE('',*,*,#6625,.F.);
#8949=ORIENTED_EDGE('',*,*,#6619,.T.);
#8950=ORIENTED_EDGE('',*,*,#6505,.T.);
#8951=ORIENTED_EDGE('',*,*,#6622,.T.);
#8952=ORIENTED_EDGE('',*,*,#6590,.T.);
#8953=ORIENTED_EDGE('',*,*,#6617,.T.);
#8954=ORIENTED_EDGE('',*,*,#6626,.T.);
#8955=ORIENTED_EDGE('',*,*,#6620,.T.);
#8956=ORIENTED_EDGE('',*,*,#6588,.T.);
#8957=ORIENTED_EDGE('',*,*,#6614,.T.);
#8958=ORIENTED_EDGE('',*,*,#6627,.T.);
#8959=ORIENTED_EDGE('',*,*,#6618,.T.);
#8960=ORIENTED_EDGE('',*,*,#6586,.T.);
#8961=ORIENTED_EDGE('',*,*,#6494,.F.);
#8962=ORIENTED_EDGE('',*,*,#6628,.T.);
#8963=ORIENTED_EDGE('',*,*,#6616,.T.);
#8964=ORIENTED_EDGE('',*,*,#6629,.T.);
#8965=ORIENTED_EDGE('',*,*,#6630,.T.);
#8966=ORIENTED_EDGE('',*,*,#6615,.T.);
#8967=ORIENTED_EDGE('',*,*,#6584,.T.);
#8968=ORIENTED_EDGE('',*,*,#6631,.T.);
#8969=ORIENTED_EDGE('',*,*,#6498,.F.);
#8970=ORIENTED_EDGE('',*,*,#6632,.T.);
#8971=ORIENTED_EDGE('',*,*,#6613,.T.);
#8972=ORIENTED_EDGE('',*,*,#6633,.T.);
#8973=ORIENTED_EDGE('',*,*,#6583,.T.);
#8974=ORIENTED_EDGE('',*,*,#6552,.T.);
#8975=ORIENTED_EDGE('',*,*,#6634,.T.);
#8976=ORIENTED_EDGE('',*,*,#6631,.F.);
#8977=ORIENTED_EDGE('',*,*,#6493,.F.);
#8978=ORIENTED_EDGE('',*,*,#6503,.F.);
#8979=ORIENTED_EDGE('',*,*,#6626,.F.);
#8980=ORIENTED_EDGE('',*,*,#6628,.F.);
#8981=ORIENTED_EDGE('',*,*,#6497,.F.);
#8982=ORIENTED_EDGE('',*,*,#6629,.F.);
#8983=ORIENTED_EDGE('',*,*,#6627,.F.);
#8984=ORIENTED_EDGE('',*,*,#6632,.F.);
#8985=ORIENTED_EDGE('',*,*,#6500,.F.);
#8986=ORIENTED_EDGE('',*,*,#6633,.F.);
#8987=ORIENTED_EDGE('',*,*,#6630,.F.);
#8988=ORIENTED_EDGE('',*,*,#6635,.T.);
#8989=ORIENTED_EDGE('',*,*,#6511,.T.);
#8990=ORIENTED_EDGE('',*,*,#6634,.F.);
#8991=ORIENTED_EDGE('',*,*,#6551,.T.);
#8992=ORIENTED_EDGE('',*,*,#6636,.F.);
#8993=ORIENTED_EDGE('',*,*,#6635,.F.);
#8994=ORIENTED_EDGE('',*,*,#6602,.T.);
#8995=ORIENTED_EDGE('',*,*,#6637,.T.);
#8996=ORIENTED_EDGE('',*,*,#6638,.F.);
#8997=ORIENTED_EDGE('',*,*,#6639,.F.);
#8998=ORIENTED_EDGE('',*,*,#6603,.T.);
#8999=ORIENTED_EDGE('',*,*,#6639,.T.);
#9000=ORIENTED_EDGE('',*,*,#6640,.F.);
#9001=ORIENTED_EDGE('',*,*,#6641,.F.);
#9002=ORIENTED_EDGE('',*,*,#6604,.T.);
#9003=ORIENTED_EDGE('',*,*,#6641,.T.);
#9004=ORIENTED_EDGE('',*,*,#6642,.F.);
#9005=ORIENTED_EDGE('',*,*,#6643,.F.);
#9006=ORIENTED_EDGE('',*,*,#6605,.T.);
#9007=ORIENTED_EDGE('',*,*,#6643,.T.);
#9008=ORIENTED_EDGE('',*,*,#6644,.F.);
#9009=ORIENTED_EDGE('',*,*,#6645,.F.);
#9010=ORIENTED_EDGE('',*,*,#6606,.T.);
#9011=ORIENTED_EDGE('',*,*,#6645,.T.);
#9012=ORIENTED_EDGE('',*,*,#6646,.F.);
#9013=ORIENTED_EDGE('',*,*,#6647,.F.);
#9014=ORIENTED_EDGE('',*,*,#6601,.T.);
#9015=ORIENTED_EDGE('',*,*,#6647,.T.);
#9016=ORIENTED_EDGE('',*,*,#6648,.F.);
#9017=ORIENTED_EDGE('',*,*,#6637,.F.);
#9018=ORIENTED_EDGE('',*,*,#6452,.F.);
#9019=ORIENTED_EDGE('',*,*,#6649,.F.);
#9020=ORIENTED_EDGE('',*,*,#6608,.T.);
#9021=ORIENTED_EDGE('',*,*,#6469,.T.);
#9022=ORIENTED_EDGE('',*,*,#6455,.F.);
#9023=ORIENTED_EDGE('',*,*,#6650,.F.);
#9024=ORIENTED_EDGE('',*,*,#6609,.T.);
#9025=ORIENTED_EDGE('',*,*,#6649,.T.);
#9026=ORIENTED_EDGE('',*,*,#6458,.F.);
#9027=ORIENTED_EDGE('',*,*,#6466,.F.);
#9028=ORIENTED_EDGE('',*,*,#6607,.T.);
#9029=ORIENTED_EDGE('',*,*,#6650,.T.);
#9030=ORIENTED_EDGE('',*,*,#6566,.F.);
#9031=ORIENTED_EDGE('',*,*,#6651,.F.);
#9032=ORIENTED_EDGE('',*,*,#6599,.T.);
#9033=ORIENTED_EDGE('',*,*,#6579,.T.);
#9034=ORIENTED_EDGE('',*,*,#6568,.F.);
#9035=ORIENTED_EDGE('',*,*,#6652,.F.);
#9036=ORIENTED_EDGE('',*,*,#6600,.T.);
#9037=ORIENTED_EDGE('',*,*,#6651,.T.);
#9038=ORIENTED_EDGE('',*,*,#6570,.F.);
#9039=ORIENTED_EDGE('',*,*,#6576,.F.);
#9040=ORIENTED_EDGE('',*,*,#6598,.T.);
#9041=ORIENTED_EDGE('',*,*,#6652,.T.);
#9042=ORIENTED_EDGE('',*,*,#6623,.F.);
#9043=ORIENTED_EDGE('',*,*,#6509,.T.);
#9044=ORIENTED_EDGE('',*,*,#6653,.F.);
#9045=ORIENTED_EDGE('',*,*,#6654,.F.);
#9046=ORIENTED_EDGE('',*,*,#6542,.F.);
#9047=ORIENTED_EDGE('',*,*,#6612,.F.);
#9048=ORIENTED_EDGE('',*,*,#6594,.T.);
#9049=ORIENTED_EDGE('',*,*,#6624,.F.);
#9050=ORIENTED_EDGE('',*,*,#6654,.T.);
#9051=ORIENTED_EDGE('',*,*,#6554,.T.);
#9052=ORIENTED_EDGE('',*,*,#6512,.T.);
#9053=ORIENTED_EDGE('',*,*,#6636,.T.);
#9054=ORIENTED_EDGE('',*,*,#6555,.T.);
#9055=ORIENTED_EDGE('',*,*,#6653,.T.);
#9056=ORIENTED_EDGE('',*,*,#6648,.T.);
#9057=ORIENTED_EDGE('',*,*,#6646,.T.);
#9058=ORIENTED_EDGE('',*,*,#6644,.T.);
#9059=ORIENTED_EDGE('',*,*,#6642,.T.);
#9060=ORIENTED_EDGE('',*,*,#6640,.T.);
#9061=ORIENTED_EDGE('',*,*,#6638,.T.);
#9062=ORIENTED_EDGE('',*,*,#6655,.T.);
#9063=ORIENTED_EDGE('',*,*,#6656,.T.);
#9064=ORIENTED_EDGE('',*,*,#6657,.T.);
#9065=ORIENTED_EDGE('',*,*,#6658,.F.);
#9066=ORIENTED_EDGE('',*,*,#6659,.T.);
#9067=ORIENTED_EDGE('',*,*,#6660,.T.);
#9068=ORIENTED_EDGE('',*,*,#6661,.T.);
#9069=ORIENTED_EDGE('',*,*,#6656,.F.);
#9070=ORIENTED_EDGE('',*,*,#6662,.T.);
#9071=ORIENTED_EDGE('',*,*,#6663,.T.);
#9072=ORIENTED_EDGE('',*,*,#6664,.T.);
#9073=ORIENTED_EDGE('',*,*,#6660,.F.);
#9074=ORIENTED_EDGE('',*,*,#6665,.T.);
#9075=ORIENTED_EDGE('',*,*,#6666,.T.);
#9076=ORIENTED_EDGE('',*,*,#6667,.T.);
#9077=ORIENTED_EDGE('',*,*,#6663,.F.);
#9078=ORIENTED_EDGE('',*,*,#6668,.T.);
#9079=ORIENTED_EDGE('',*,*,#6666,.F.);
#9080=ORIENTED_EDGE('',*,*,#6669,.T.);
#9081=ORIENTED_EDGE('',*,*,#6670,.T.);
#9082=ORIENTED_EDGE('',*,*,#6671,.T.);
#9083=ORIENTED_EDGE('',*,*,#6670,.F.);
#9084=ORIENTED_EDGE('',*,*,#6672,.T.);
#9085=ORIENTED_EDGE('',*,*,#6658,.T.);
#9086=ORIENTED_EDGE('',*,*,#6668,.F.);
#9087=ORIENTED_EDGE('',*,*,#6673,.F.);
#9088=ORIENTED_EDGE('',*,*,#6674,.T.);
#9089=ORIENTED_EDGE('',*,*,#6675,.T.);
#9090=ORIENTED_EDGE('',*,*,#6671,.F.);
#9091=ORIENTED_EDGE('',*,*,#6676,.F.);
#9092=ORIENTED_EDGE('',*,*,#6677,.T.);
#9093=ORIENTED_EDGE('',*,*,#6673,.T.);
#9094=ORIENTED_EDGE('',*,*,#6657,.F.);
#9095=ORIENTED_EDGE('',*,*,#6678,.F.);
#9096=ORIENTED_EDGE('',*,*,#6679,.T.);
#9097=ORIENTED_EDGE('',*,*,#6676,.T.);
#9098=ORIENTED_EDGE('',*,*,#6680,.F.);
#9099=ORIENTED_EDGE('',*,*,#6681,.F.);
#9100=ORIENTED_EDGE('',*,*,#6682,.F.);
#9101=ORIENTED_EDGE('',*,*,#6683,.F.);
#9102=ORIENTED_EDGE('',*,*,#6684,.F.);
#9103=ORIENTED_EDGE('',*,*,#6685,.F.);
#9104=ORIENTED_EDGE('',*,*,#6686,.F.);
#9105=ORIENTED_EDGE('',*,*,#6687,.F.);
#9106=ORIENTED_EDGE('',*,*,#6688,.F.);
#9107=ORIENTED_EDGE('',*,*,#6689,.F.);
#9108=ORIENTED_EDGE('',*,*,#6655,.F.);
#9109=ORIENTED_EDGE('',*,*,#6672,.F.);
#9110=ORIENTED_EDGE('',*,*,#6669,.F.);
#9111=ORIENTED_EDGE('',*,*,#6665,.F.);
#9112=ORIENTED_EDGE('',*,*,#6662,.F.);
#9113=ORIENTED_EDGE('',*,*,#6659,.F.);
#9114=ORIENTED_EDGE('',*,*,#6680,.T.);
#9115=ORIENTED_EDGE('',*,*,#6690,.T.);
#9116=ORIENTED_EDGE('',*,*,#6691,.T.);
#9117=ORIENTED_EDGE('',*,*,#6692,.F.);
#9118=ORIENTED_EDGE('',*,*,#6693,.T.);
#9119=ORIENTED_EDGE('',*,*,#6694,.T.);
#9120=ORIENTED_EDGE('',*,*,#6681,.T.);
#9121=ORIENTED_EDGE('',*,*,#6692,.T.);
#9122=ORIENTED_EDGE('',*,*,#6694,.F.);
#9123=ORIENTED_EDGE('',*,*,#6695,.T.);
#9124=ORIENTED_EDGE('',*,*,#6696,.T.);
#9125=ORIENTED_EDGE('',*,*,#6682,.T.);
#9126=ORIENTED_EDGE('',*,*,#6697,.T.);
#9127=ORIENTED_EDGE('',*,*,#6683,.T.);
#9128=ORIENTED_EDGE('',*,*,#6696,.F.);
#9129=ORIENTED_EDGE('',*,*,#6698,.T.);
#9130=ORIENTED_EDGE('',*,*,#6697,.F.);
#9131=ORIENTED_EDGE('',*,*,#6699,.T.);
#9132=ORIENTED_EDGE('',*,*,#6700,.T.);
#9133=ORIENTED_EDGE('',*,*,#6684,.T.);
#9134=ORIENTED_EDGE('',*,*,#6701,.T.);
#9135=ORIENTED_EDGE('',*,*,#6685,.T.);
#9136=ORIENTED_EDGE('',*,*,#6700,.F.);
#9137=ORIENTED_EDGE('',*,*,#6702,.T.);
#9138=ORIENTED_EDGE('',*,*,#6701,.F.);
#9139=ORIENTED_EDGE('',*,*,#6703,.T.);
#9140=ORIENTED_EDGE('',*,*,#6704,.T.);
#9141=ORIENTED_EDGE('',*,*,#6686,.T.);
#9142=ORIENTED_EDGE('',*,*,#6705,.T.);
#9143=ORIENTED_EDGE('',*,*,#6687,.T.);
#9144=ORIENTED_EDGE('',*,*,#6704,.F.);
#9145=ORIENTED_EDGE('',*,*,#6706,.T.);
#9146=ORIENTED_EDGE('',*,*,#6705,.F.);
#9147=ORIENTED_EDGE('',*,*,#6707,.T.);
#9148=ORIENTED_EDGE('',*,*,#6708,.T.);
#9149=ORIENTED_EDGE('',*,*,#6688,.T.);
#9150=ORIENTED_EDGE('',*,*,#6689,.T.);
#9151=ORIENTED_EDGE('',*,*,#6708,.F.);
#9152=ORIENTED_EDGE('',*,*,#6709,.T.);
#9153=ORIENTED_EDGE('',*,*,#6690,.F.);
#9154=ORIENTED_EDGE('',*,*,#6699,.F.);
#9155=ORIENTED_EDGE('',*,*,#6710,.T.);
#9156=ORIENTED_EDGE('',*,*,#6711,.T.);
#9157=ORIENTED_EDGE('',*,*,#6712,.T.);
#9158=ORIENTED_EDGE('',*,*,#6698,.F.);
#9159=ORIENTED_EDGE('',*,*,#6713,.F.);
#9160=ORIENTED_EDGE('',*,*,#6714,.F.);
#9161=ORIENTED_EDGE('',*,*,#6710,.F.);
#9162=ORIENTED_EDGE('',*,*,#6695,.F.);
#9163=ORIENTED_EDGE('',*,*,#6715,.T.);
#9164=ORIENTED_EDGE('',*,*,#6716,.T.);
#9165=ORIENTED_EDGE('',*,*,#6713,.T.);
#9166=ORIENTED_EDGE('',*,*,#6693,.F.);
#9167=ORIENTED_EDGE('',*,*,#6717,.F.);
#9168=ORIENTED_EDGE('',*,*,#6718,.F.);
#9169=ORIENTED_EDGE('',*,*,#6719,.F.);
#9170=ORIENTED_EDGE('',*,*,#6715,.F.);
#9171=ORIENTED_EDGE('',*,*,#6691,.F.);
#9172=ORIENTED_EDGE('',*,*,#6720,.F.);
#9173=ORIENTED_EDGE('',*,*,#6721,.F.);
#9174=ORIENTED_EDGE('',*,*,#6717,.T.);
#9175=ORIENTED_EDGE('',*,*,#6722,.T.);
#9176=ORIENTED_EDGE('',*,*,#6723,.T.);
#9177=ORIENTED_EDGE('',*,*,#6724,.T.);
#9178=ORIENTED_EDGE('',*,*,#6725,.T.);
#9179=ORIENTED_EDGE('',*,*,#6726,.T.);
#9180=ORIENTED_EDGE('',*,*,#6727,.T.);
#9181=ORIENTED_EDGE('',*,*,#6728,.T.);
#9182=ORIENTED_EDGE('',*,*,#6725,.F.);
#9183=ORIENTED_EDGE('',*,*,#6729,.T.);
#9184=ORIENTED_EDGE('',*,*,#6730,.T.);
#9185=ORIENTED_EDGE('',*,*,#6731,.T.);
#9186=ORIENTED_EDGE('',*,*,#6732,.T.);
#9187=ORIENTED_EDGE('',*,*,#6730,.F.);
#9188=ORIENTED_EDGE('',*,*,#6733,.T.);
#9189=ORIENTED_EDGE('',*,*,#6734,.T.);
#9190=ORIENTED_EDGE('',*,*,#6735,.T.);
#9191=ORIENTED_EDGE('',*,*,#6736,.T.);
#9192=ORIENTED_EDGE('',*,*,#6734,.F.);
#9193=ORIENTED_EDGE('',*,*,#6737,.T.);
#9194=ORIENTED_EDGE('',*,*,#6727,.F.);
#9195=ORIENTED_EDGE('',*,*,#6738,.T.);
#9196=ORIENTED_EDGE('',*,*,#6732,.F.);
#9197=ORIENTED_EDGE('',*,*,#6739,.T.);
#9198=ORIENTED_EDGE('',*,*,#6740,.T.);
#9199=ORIENTED_EDGE('',*,*,#6723,.F.);
#9200=ORIENTED_EDGE('',*,*,#6741,.T.);
#9201=ORIENTED_EDGE('',*,*,#6742,.T.);
#9202=ORIENTED_EDGE('',*,*,#6743,.T.);
#9203=ORIENTED_EDGE('',*,*,#6744,.T.);
#9204=ORIENTED_EDGE('',*,*,#6742,.F.);
#9205=ORIENTED_EDGE('',*,*,#6745,.T.);
#9206=ORIENTED_EDGE('',*,*,#6740,.F.);
#9207=ORIENTED_EDGE('',*,*,#6728,.F.);
#9208=ORIENTED_EDGE('',*,*,#6746,.F.);
#9209=ORIENTED_EDGE('',*,*,#6747,.F.);
#9210=ORIENTED_EDGE('',*,*,#6748,.T.);
#9211=ORIENTED_EDGE('',*,*,#6737,.F.);
#9212=ORIENTED_EDGE('',*,*,#6749,.F.);
#9213=ORIENTED_EDGE('',*,*,#6750,.T.);
#9214=ORIENTED_EDGE('',*,*,#6751,.F.);
#9215=ORIENTED_EDGE('',*,*,#6752,.T.);
#9216=ORIENTED_EDGE('',*,*,#6746,.T.);
#9217=ORIENTED_EDGE('',*,*,#6733,.F.);
#9218=ORIENTED_EDGE('',*,*,#6753,.T.);
#9219=ORIENTED_EDGE('',*,*,#6754,.T.);
#9220=ORIENTED_EDGE('',*,*,#6749,.T.);
#9221=ORIENTED_EDGE('',*,*,#6729,.F.);
#9222=ORIENTED_EDGE('',*,*,#6755,.F.);
#9223=ORIENTED_EDGE('',*,*,#6756,.F.);
#9224=ORIENTED_EDGE('',*,*,#6757,.F.);
#9225=ORIENTED_EDGE('',*,*,#6758,.T.);
#9226=ORIENTED_EDGE('',*,*,#6753,.F.);
#9227=ORIENTED_EDGE('',*,*,#6731,.F.);
#9228=ORIENTED_EDGE('',*,*,#6735,.F.);
#9229=ORIENTED_EDGE('',*,*,#6736,.F.);
#9230=ORIENTED_EDGE('',*,*,#6726,.F.);
#9231=ORIENTED_EDGE('',*,*,#6724,.F.);
#9232=ORIENTED_EDGE('',*,*,#6743,.F.);
#9233=ORIENTED_EDGE('',*,*,#6744,.F.);
#9234=ORIENTED_EDGE('',*,*,#6739,.F.);
#9235=ORIENTED_EDGE('',*,*,#6759,.F.);
#9236=ORIENTED_EDGE('',*,*,#6760,.F.);
#9237=ORIENTED_EDGE('',*,*,#6761,.F.);
#9238=ORIENTED_EDGE('',*,*,#6762,.F.);
#9239=ORIENTED_EDGE('',*,*,#6763,.F.);
#9240=ORIENTED_EDGE('',*,*,#6764,.F.);
#9241=ORIENTED_EDGE('',*,*,#6759,.T.);
#9242=ORIENTED_EDGE('',*,*,#6765,.T.);
#9243=ORIENTED_EDGE('',*,*,#6766,.T.);
#9244=ORIENTED_EDGE('',*,*,#6767,.F.);
#9245=ORIENTED_EDGE('',*,*,#6764,.T.);
#9246=ORIENTED_EDGE('',*,*,#6768,.T.);
#9247=ORIENTED_EDGE('',*,*,#6769,.T.);
#9248=ORIENTED_EDGE('',*,*,#6765,.F.);
#9249=ORIENTED_EDGE('',*,*,#6763,.T.);
#9250=ORIENTED_EDGE('',*,*,#6770,.T.);
#9251=ORIENTED_EDGE('',*,*,#6771,.T.);
#9252=ORIENTED_EDGE('',*,*,#6768,.F.);
#9253=ORIENTED_EDGE('',*,*,#6762,.T.);
#9254=ORIENTED_EDGE('',*,*,#6772,.T.);
#9255=ORIENTED_EDGE('',*,*,#6773,.T.);
#9256=ORIENTED_EDGE('',*,*,#6770,.F.);
#9257=ORIENTED_EDGE('',*,*,#6774,.T.);
#9258=ORIENTED_EDGE('',*,*,#6772,.F.);
#9259=ORIENTED_EDGE('',*,*,#6761,.T.);
#9260=ORIENTED_EDGE('',*,*,#6775,.T.);
#9261=ORIENTED_EDGE('',*,*,#6776,.T.);
#9262=ORIENTED_EDGE('',*,*,#6775,.F.);
#9263=ORIENTED_EDGE('',*,*,#6760,.T.);
#9264=ORIENTED_EDGE('',*,*,#6767,.T.);
#9265=ORIENTED_EDGE('',*,*,#6774,.F.);
#9266=ORIENTED_EDGE('',*,*,#6777,.F.);
#9267=ORIENTED_EDGE('',*,*,#6778,.T.);
#9268=ORIENTED_EDGE('',*,*,#6779,.T.);
#9269=ORIENTED_EDGE('',*,*,#6776,.F.);
#9270=ORIENTED_EDGE('',*,*,#6780,.F.);
#9271=ORIENTED_EDGE('',*,*,#6781,.T.);
#9272=ORIENTED_EDGE('',*,*,#6777,.T.);
#9273=ORIENTED_EDGE('',*,*,#6766,.F.);
#9274=ORIENTED_EDGE('',*,*,#6782,.F.);
#9275=ORIENTED_EDGE('',*,*,#6783,.T.);
#9276=ORIENTED_EDGE('',*,*,#6780,.T.);
#9277=ORIENTED_EDGE('',*,*,#6784,.T.);
#9278=ORIENTED_EDGE('',*,*,#6785,.T.);
#9279=ORIENTED_EDGE('',*,*,#6786,.T.);
#9280=ORIENTED_EDGE('',*,*,#6787,.F.);
#9281=ORIENTED_EDGE('',*,*,#6788,.T.);
#9282=ORIENTED_EDGE('',*,*,#6789,.T.);
#9283=ORIENTED_EDGE('',*,*,#6790,.T.);
#9284=ORIENTED_EDGE('',*,*,#6785,.F.);
#9285=ORIENTED_EDGE('',*,*,#6791,.T.);
#9286=ORIENTED_EDGE('',*,*,#6792,.T.);
#9287=ORIENTED_EDGE('',*,*,#6793,.T.);
#9288=ORIENTED_EDGE('',*,*,#6789,.F.);
#9289=ORIENTED_EDGE('',*,*,#6794,.T.);
#9290=ORIENTED_EDGE('',*,*,#6795,.T.);
#9291=ORIENTED_EDGE('',*,*,#6796,.T.);
#9292=ORIENTED_EDGE('',*,*,#6792,.F.);
#9293=ORIENTED_EDGE('',*,*,#6797,.T.);
#9294=ORIENTED_EDGE('',*,*,#6795,.F.);
#9295=ORIENTED_EDGE('',*,*,#6798,.T.);
#9296=ORIENTED_EDGE('',*,*,#6799,.T.);
#9297=ORIENTED_EDGE('',*,*,#6800,.T.);
#9298=ORIENTED_EDGE('',*,*,#6799,.F.);
#9299=ORIENTED_EDGE('',*,*,#6801,.T.);
#9300=ORIENTED_EDGE('',*,*,#6787,.T.);
#9301=ORIENTED_EDGE('',*,*,#6797,.F.);
#9302=ORIENTED_EDGE('',*,*,#6802,.F.);
#9303=ORIENTED_EDGE('',*,*,#6803,.T.);
#9304=ORIENTED_EDGE('',*,*,#6804,.T.);
#9305=ORIENTED_EDGE('',*,*,#6800,.F.);
#9306=ORIENTED_EDGE('',*,*,#6805,.F.);
#9307=ORIENTED_EDGE('',*,*,#6806,.T.);
#9308=ORIENTED_EDGE('',*,*,#6802,.T.);
#9309=ORIENTED_EDGE('',*,*,#6786,.F.);
#9310=ORIENTED_EDGE('',*,*,#6807,.F.);
#9311=ORIENTED_EDGE('',*,*,#6808,.T.);
#9312=ORIENTED_EDGE('',*,*,#6805,.T.);
#9313=ORIENTED_EDGE('',*,*,#6809,.F.);
#9314=ORIENTED_EDGE('',*,*,#6810,.F.);
#9315=ORIENTED_EDGE('',*,*,#6811,.F.);
#9316=ORIENTED_EDGE('',*,*,#6812,.F.);
#9317=ORIENTED_EDGE('',*,*,#6813,.F.);
#9318=ORIENTED_EDGE('',*,*,#6814,.F.);
#9319=ORIENTED_EDGE('',*,*,#6815,.F.);
#9320=ORIENTED_EDGE('',*,*,#6816,.F.);
#9321=ORIENTED_EDGE('',*,*,#6817,.F.);
#9322=ORIENTED_EDGE('',*,*,#6818,.F.);
#9323=ORIENTED_EDGE('',*,*,#6784,.F.);
#9324=ORIENTED_EDGE('',*,*,#6801,.F.);
#9325=ORIENTED_EDGE('',*,*,#6798,.F.);
#9326=ORIENTED_EDGE('',*,*,#6794,.F.);
#9327=ORIENTED_EDGE('',*,*,#6791,.F.);
#9328=ORIENTED_EDGE('',*,*,#6788,.F.);
#9329=ORIENTED_EDGE('',*,*,#6809,.T.);
#9330=ORIENTED_EDGE('',*,*,#6819,.T.);
#9331=ORIENTED_EDGE('',*,*,#6820,.T.);
#9332=ORIENTED_EDGE('',*,*,#6821,.F.);
#9333=ORIENTED_EDGE('',*,*,#6822,.T.);
#9334=ORIENTED_EDGE('',*,*,#6823,.T.);
#9335=ORIENTED_EDGE('',*,*,#6810,.T.);
#9336=ORIENTED_EDGE('',*,*,#6821,.T.);
#9337=ORIENTED_EDGE('',*,*,#6823,.F.);
#9338=ORIENTED_EDGE('',*,*,#6824,.T.);
#9339=ORIENTED_EDGE('',*,*,#6825,.T.);
#9340=ORIENTED_EDGE('',*,*,#6811,.T.);
#9341=ORIENTED_EDGE('',*,*,#6826,.T.);
#9342=ORIENTED_EDGE('',*,*,#6812,.T.);
#9343=ORIENTED_EDGE('',*,*,#6825,.F.);
#9344=ORIENTED_EDGE('',*,*,#6827,.T.);
#9345=ORIENTED_EDGE('',*,*,#6826,.F.);
#9346=ORIENTED_EDGE('',*,*,#6828,.T.);
#9347=ORIENTED_EDGE('',*,*,#6829,.T.);
#9348=ORIENTED_EDGE('',*,*,#6813,.T.);
#9349=ORIENTED_EDGE('',*,*,#6830,.T.);
#9350=ORIENTED_EDGE('',*,*,#6814,.T.);
#9351=ORIENTED_EDGE('',*,*,#6829,.F.);
#9352=ORIENTED_EDGE('',*,*,#6831,.T.);
#9353=ORIENTED_EDGE('',*,*,#6830,.F.);
#9354=ORIENTED_EDGE('',*,*,#6832,.T.);
#9355=ORIENTED_EDGE('',*,*,#6833,.T.);
#9356=ORIENTED_EDGE('',*,*,#6815,.T.);
#9357=ORIENTED_EDGE('',*,*,#6834,.T.);
#9358=ORIENTED_EDGE('',*,*,#6816,.T.);
#9359=ORIENTED_EDGE('',*,*,#6833,.F.);
#9360=ORIENTED_EDGE('',*,*,#6835,.T.);
#9361=ORIENTED_EDGE('',*,*,#6834,.F.);
#9362=ORIENTED_EDGE('',*,*,#6836,.T.);
#9363=ORIENTED_EDGE('',*,*,#6837,.T.);
#9364=ORIENTED_EDGE('',*,*,#6817,.T.);
#9365=ORIENTED_EDGE('',*,*,#6818,.T.);
#9366=ORIENTED_EDGE('',*,*,#6837,.F.);
#9367=ORIENTED_EDGE('',*,*,#6838,.T.);
#9368=ORIENTED_EDGE('',*,*,#6819,.F.);
#9369=ORIENTED_EDGE('',*,*,#6828,.F.);
#9370=ORIENTED_EDGE('',*,*,#6839,.T.);
#9371=ORIENTED_EDGE('',*,*,#6840,.T.);
#9372=ORIENTED_EDGE('',*,*,#6841,.T.);
#9373=ORIENTED_EDGE('',*,*,#6827,.F.);
#9374=ORIENTED_EDGE('',*,*,#6842,.F.);
#9375=ORIENTED_EDGE('',*,*,#6843,.F.);
#9376=ORIENTED_EDGE('',*,*,#6839,.F.);
#9377=ORIENTED_EDGE('',*,*,#6824,.F.);
#9378=ORIENTED_EDGE('',*,*,#6844,.T.);
#9379=ORIENTED_EDGE('',*,*,#6845,.T.);
#9380=ORIENTED_EDGE('',*,*,#6842,.T.);
#9381=ORIENTED_EDGE('',*,*,#6822,.F.);
#9382=ORIENTED_EDGE('',*,*,#6846,.F.);
#9383=ORIENTED_EDGE('',*,*,#6847,.F.);
#9384=ORIENTED_EDGE('',*,*,#6848,.F.);
#9385=ORIENTED_EDGE('',*,*,#6844,.F.);
#9386=ORIENTED_EDGE('',*,*,#6820,.F.);
#9387=ORIENTED_EDGE('',*,*,#6849,.F.);
#9388=ORIENTED_EDGE('',*,*,#6850,.F.);
#9389=ORIENTED_EDGE('',*,*,#6846,.T.);
#9390=ORIENTED_EDGE('',*,*,#6851,.T.);
#9391=ORIENTED_EDGE('',*,*,#6751,.T.);
#9392=ORIENTED_EDGE('',*,*,#6852,.T.);
#9393=ORIENTED_EDGE('',*,*,#6853,.T.);
#9394=ORIENTED_EDGE('',*,*,#6716,.F.);
#9395=ORIENTED_EDGE('',*,*,#6854,.F.);
#9396=ORIENTED_EDGE('',*,*,#6855,.T.);
#9397=ORIENTED_EDGE('',*,*,#6856,.F.);
#9398=ORIENTED_EDGE('',*,*,#6857,.T.);
#9399=ORIENTED_EDGE('',*,*,#6854,.T.);
#9400=ORIENTED_EDGE('',*,*,#6719,.T.);
#9401=ORIENTED_EDGE('',*,*,#6853,.F.);
#9402=ORIENTED_EDGE('',*,*,#6711,.F.);
#9403=ORIENTED_EDGE('',*,*,#6858,.F.);
#9404=ORIENTED_EDGE('',*,*,#6859,.T.);
#9405=ORIENTED_EDGE('',*,*,#6860,.F.);
#9406=ORIENTED_EDGE('',*,*,#6858,.T.);
#9407=ORIENTED_EDGE('',*,*,#6714,.T.);
#9408=ORIENTED_EDGE('',*,*,#6856,.T.);
#9409=ORIENTED_EDGE('',*,*,#6861,.T.);
#9410=ORIENTED_EDGE('',*,*,#6862,.F.);
#9411=ORIENTED_EDGE('',*,*,#6863,.F.);
#9412=ORIENTED_EDGE('',*,*,#6864,.T.);
#9413=ORIENTED_EDGE('',*,*,#6865,.F.);
#9414=ORIENTED_EDGE('',*,*,#6863,.T.);
#9415=ORIENTED_EDGE('',*,*,#6866,.T.);
#9416=ORIENTED_EDGE('',*,*,#6860,.T.);
#9417=ORIENTED_EDGE('',*,*,#6867,.T.);
#9418=ORIENTED_EDGE('',*,*,#6868,.F.);
#9419=ORIENTED_EDGE('',*,*,#6869,.F.);
#9420=ORIENTED_EDGE('',*,*,#6870,.T.);
#9421=ORIENTED_EDGE('',*,*,#6871,.F.);
#9422=ORIENTED_EDGE('',*,*,#6869,.T.);
#9423=ORIENTED_EDGE('',*,*,#6872,.T.);
#9424=ORIENTED_EDGE('',*,*,#6865,.T.);
#9425=ORIENTED_EDGE('',*,*,#6873,.T.);
#9426=ORIENTED_EDGE('',*,*,#6874,.T.);
#9427=ORIENTED_EDGE('',*,*,#6871,.T.);
#9428=ORIENTED_EDGE('',*,*,#6875,.T.);
#9429=ORIENTED_EDGE('',*,*,#6876,.T.);
#9430=ORIENTED_EDGE('',*,*,#6707,.F.);
#9431=ORIENTED_EDGE('',*,*,#6877,.T.);
#9432=ORIENTED_EDGE('',*,*,#6868,.T.);
#9433=ORIENTED_EDGE('',*,*,#6878,.T.);
#9434=ORIENTED_EDGE('',*,*,#6879,.T.);
#9435=ORIENTED_EDGE('',*,*,#6880,.T.);
#9436=ORIENTED_EDGE('',*,*,#6881,.T.);
#9437=ORIENTED_EDGE('',*,*,#6876,.F.);
#9438=ORIENTED_EDGE('',*,*,#6703,.F.);
#9439=ORIENTED_EDGE('',*,*,#6882,.T.);
#9440=ORIENTED_EDGE('',*,*,#6862,.T.);
#9441=ORIENTED_EDGE('',*,*,#6883,.T.);
#9442=ORIENTED_EDGE('',*,*,#6754,.F.);
#9443=ORIENTED_EDGE('',*,*,#6758,.F.);
#9444=ORIENTED_EDGE('',*,*,#6884,.F.);
#9445=ORIENTED_EDGE('',*,*,#6885,.F.);
#9446=ORIENTED_EDGE('',*,*,#6886,.F.);
#9447=ORIENTED_EDGE('',*,*,#6887,.F.);
#9448=ORIENTED_EDGE('',*,*,#6888,.F.);
#9449=ORIENTED_EDGE('',*,*,#6889,.F.);
#9450=ORIENTED_EDGE('',*,*,#6890,.F.);
#9451=ORIENTED_EDGE('',*,*,#6891,.F.);
#9452=ORIENTED_EDGE('',*,*,#6892,.F.);
#9453=ORIENTED_EDGE('',*,*,#6893,.F.);
#9454=ORIENTED_EDGE('',*,*,#6894,.F.);
#9455=ORIENTED_EDGE('',*,*,#6895,.F.);
#9456=ORIENTED_EDGE('',*,*,#6896,.F.);
#9457=ORIENTED_EDGE('',*,*,#6897,.F.);
#9458=ORIENTED_EDGE('',*,*,#6879,.F.);
#9459=ORIENTED_EDGE('',*,*,#6875,.F.);
#9460=ORIENTED_EDGE('',*,*,#6870,.F.);
#9461=ORIENTED_EDGE('',*,*,#6873,.F.);
#9462=ORIENTED_EDGE('',*,*,#6864,.F.);
#9463=ORIENTED_EDGE('',*,*,#6867,.F.);
#9464=ORIENTED_EDGE('',*,*,#6859,.F.);
#9465=ORIENTED_EDGE('',*,*,#6861,.F.);
#9466=ORIENTED_EDGE('',*,*,#6855,.F.);
#9467=ORIENTED_EDGE('',*,*,#6857,.F.);
#9468=ORIENTED_EDGE('',*,*,#6852,.F.);
#9469=ORIENTED_EDGE('',*,*,#6750,.F.);
#9470=ORIENTED_EDGE('',*,*,#6898,.F.);
#9471=ORIENTED_EDGE('',*,*,#6674,.F.);
#9472=ORIENTED_EDGE('',*,*,#6677,.F.);
#9473=ORIENTED_EDGE('',*,*,#6679,.F.);
#9474=ORIENTED_EDGE('',*,*,#6899,.F.);
#9475=ORIENTED_EDGE('',*,*,#6900,.F.);
#9476=ORIENTED_EDGE('',*,*,#6901,.F.);
#9477=ORIENTED_EDGE('',*,*,#6902,.F.);
#9478=ORIENTED_EDGE('',*,*,#6903,.F.);
#9479=ORIENTED_EDGE('',*,*,#6904,.F.);
#9480=ORIENTED_EDGE('',*,*,#6905,.F.);
#9481=ORIENTED_EDGE('',*,*,#6906,.F.);
#9482=ORIENTED_EDGE('',*,*,#6907,.F.);
#9483=ORIENTED_EDGE('',*,*,#6803,.F.);
#9484=ORIENTED_EDGE('',*,*,#6806,.F.);
#9485=ORIENTED_EDGE('',*,*,#6808,.F.);
#9486=ORIENTED_EDGE('',*,*,#6908,.F.);
#9487=ORIENTED_EDGE('',*,*,#6909,.F.);
#9488=ORIENTED_EDGE('',*,*,#6910,.F.);
#9489=ORIENTED_EDGE('',*,*,#6778,.F.);
#9490=ORIENTED_EDGE('',*,*,#6781,.F.);
#9491=ORIENTED_EDGE('',*,*,#6783,.F.);
#9492=ORIENTED_EDGE('',*,*,#6911,.F.);
#9493=ORIENTED_EDGE('',*,*,#6912,.F.);
#9494=ORIENTED_EDGE('',*,*,#6913,.F.);
#9495=ORIENTED_EDGE('',*,*,#6914,.F.);
#9496=ORIENTED_EDGE('',*,*,#6915,.F.);
#9497=ORIENTED_EDGE('',*,*,#6916,.F.);
#9498=ORIENTED_EDGE('',*,*,#6917,.F.);
#9499=ORIENTED_EDGE('',*,*,#6918,.F.);
#9500=ORIENTED_EDGE('',*,*,#6851,.F.);
#9501=ORIENTED_EDGE('',*,*,#6718,.T.);
#9502=ORIENTED_EDGE('',*,*,#6919,.F.);
#9503=ORIENTED_EDGE('',*,*,#6752,.F.);
#9504=ORIENTED_EDGE('',*,*,#6741,.F.);
#9505=ORIENTED_EDGE('',*,*,#6920,.T.);
#9506=ORIENTED_EDGE('',*,*,#6896,.T.);
#9507=ORIENTED_EDGE('',*,*,#6921,.T.);
#9508=ORIENTED_EDGE('',*,*,#6722,.F.);
#9509=ORIENTED_EDGE('',*,*,#6748,.F.);
#9510=ORIENTED_EDGE('',*,*,#6922,.F.);
#9511=ORIENTED_EDGE('',*,*,#6880,.F.);
#9512=ORIENTED_EDGE('',*,*,#6897,.T.);
#9513=ORIENTED_EDGE('',*,*,#6920,.F.);
#9514=ORIENTED_EDGE('',*,*,#6923,.T.);
#9515=ORIENTED_EDGE('',*,*,#6924,.T.);
#9516=ORIENTED_EDGE('',*,*,#6894,.T.);
#9517=ORIENTED_EDGE('',*,*,#6925,.T.);
#9518=ORIENTED_EDGE('',*,*,#6845,.F.);
#9519=ORIENTED_EDGE('',*,*,#6926,.F.);
#9520=ORIENTED_EDGE('',*,*,#6892,.T.);
#9521=ORIENTED_EDGE('',*,*,#6927,.F.);
#9522=ORIENTED_EDGE('',*,*,#6893,.T.);
#9523=ORIENTED_EDGE('',*,*,#6926,.T.);
#9524=ORIENTED_EDGE('',*,*,#6848,.T.);
#9525=ORIENTED_EDGE('',*,*,#6925,.F.);
#9526=ORIENTED_EDGE('',*,*,#6840,.F.);
#9527=ORIENTED_EDGE('',*,*,#6928,.F.);
#9528=ORIENTED_EDGE('',*,*,#6890,.T.);
#9529=ORIENTED_EDGE('',*,*,#6929,.F.);
#9530=ORIENTED_EDGE('',*,*,#6928,.T.);
#9531=ORIENTED_EDGE('',*,*,#6843,.T.);
#9532=ORIENTED_EDGE('',*,*,#6927,.T.);
#9533=ORIENTED_EDGE('',*,*,#6891,.T.);
#9534=ORIENTED_EDGE('',*,*,#6930,.F.);
#9535=ORIENTED_EDGE('',*,*,#6931,.F.);
#9536=ORIENTED_EDGE('',*,*,#6888,.T.);
#9537=ORIENTED_EDGE('',*,*,#6932,.F.);
#9538=ORIENTED_EDGE('',*,*,#6931,.T.);
#9539=ORIENTED_EDGE('',*,*,#6933,.T.);
#9540=ORIENTED_EDGE('',*,*,#6929,.T.);
#9541=ORIENTED_EDGE('',*,*,#6889,.T.);
#9542=ORIENTED_EDGE('',*,*,#6934,.F.);
#9543=ORIENTED_EDGE('',*,*,#6935,.F.);
#9544=ORIENTED_EDGE('',*,*,#6886,.T.);
#9545=ORIENTED_EDGE('',*,*,#6936,.F.);
#9546=ORIENTED_EDGE('',*,*,#6935,.T.);
#9547=ORIENTED_EDGE('',*,*,#6937,.T.);
#9548=ORIENTED_EDGE('',*,*,#6932,.T.);
#9549=ORIENTED_EDGE('',*,*,#6887,.T.);
#9550=ORIENTED_EDGE('',*,*,#6938,.T.);
#9551=ORIENTED_EDGE('',*,*,#6936,.T.);
#9552=ORIENTED_EDGE('',*,*,#6885,.T.);
#9553=ORIENTED_EDGE('',*,*,#6939,.T.);
#9554=ORIENTED_EDGE('',*,*,#6836,.F.);
#9555=ORIENTED_EDGE('',*,*,#6940,.T.);
#9556=ORIENTED_EDGE('',*,*,#6934,.T.);
#9557=ORIENTED_EDGE('',*,*,#6941,.T.);
#9558=ORIENTED_EDGE('',*,*,#6884,.T.);
#9559=ORIENTED_EDGE('',*,*,#6757,.T.);
#9560=ORIENTED_EDGE('',*,*,#6942,.T.);
#9561=ORIENTED_EDGE('',*,*,#6939,.F.);
#9562=ORIENTED_EDGE('',*,*,#6832,.F.);
#9563=ORIENTED_EDGE('',*,*,#6943,.T.);
#9564=ORIENTED_EDGE('',*,*,#6930,.T.);
#9565=ORIENTED_EDGE('',*,*,#6944,.T.);
#9566=ORIENTED_EDGE('',*,*,#6923,.F.);
#9567=ORIENTED_EDGE('',*,*,#6847,.T.);
#9568=ORIENTED_EDGE('',*,*,#6945,.F.);
#9569=ORIENTED_EDGE('',*,*,#6946,.F.);
#9570=ORIENTED_EDGE('',*,*,#6721,.T.);
#9571=ORIENTED_EDGE('',*,*,#6947,.T.);
#9572=ORIENTED_EDGE('',*,*,#6747,.T.);
#9573=ORIENTED_EDGE('',*,*,#6919,.T.);
#9574=ORIENTED_EDGE('',*,*,#6948,.T.);
#9575=ORIENTED_EDGE('',*,*,#6949,.T.);
#9576=ORIENTED_EDGE('',*,*,#6950,.T.);
#9577=ORIENTED_EDGE('',*,*,#6951,.T.);
#9578=ORIENTED_EDGE('',*,*,#6952,.T.);
#9579=ORIENTED_EDGE('',*,*,#6953,.T.);
#9580=ORIENTED_EDGE('',*,*,#6738,.F.);
#9581=ORIENTED_EDGE('',*,*,#6954,.F.);
#9582=ORIENTED_EDGE('',*,*,#6955,.F.);
#9583=ORIENTED_EDGE('',*,*,#6755,.T.);
#9584=ORIENTED_EDGE('',*,*,#6955,.T.);
#9585=ORIENTED_EDGE('',*,*,#6945,.T.);
#9586=ORIENTED_EDGE('',*,*,#6850,.T.);
#9587=ORIENTED_EDGE('',*,*,#6956,.T.);
#9588=ORIENTED_EDGE('',*,*,#6957,.T.);
#9589=ORIENTED_EDGE('',*,*,#6958,.T.);
#9590=ORIENTED_EDGE('',*,*,#6959,.T.);
#9591=ORIENTED_EDGE('',*,*,#6960,.T.);
#9592=ORIENTED_EDGE('',*,*,#6961,.T.);
#9593=ORIENTED_EDGE('',*,*,#6962,.T.);
#9594=ORIENTED_EDGE('',*,*,#6914,.T.);
#9595=ORIENTED_EDGE('',*,*,#6963,.T.);
#9596=ORIENTED_EDGE('',*,*,#6953,.F.);
#9597=ORIENTED_EDGE('',*,*,#6964,.F.);
#9598=ORIENTED_EDGE('',*,*,#6915,.T.);
#9599=ORIENTED_EDGE('',*,*,#6964,.T.);
#9600=ORIENTED_EDGE('',*,*,#6952,.F.);
#9601=ORIENTED_EDGE('',*,*,#6965,.F.);
#9602=ORIENTED_EDGE('',*,*,#6916,.T.);
#9603=ORIENTED_EDGE('',*,*,#6965,.T.);
#9604=ORIENTED_EDGE('',*,*,#6951,.F.);
#9605=ORIENTED_EDGE('',*,*,#6966,.F.);
#9606=ORIENTED_EDGE('',*,*,#6917,.T.);
#9607=ORIENTED_EDGE('',*,*,#6966,.T.);
#9608=ORIENTED_EDGE('',*,*,#6950,.F.);
#9609=ORIENTED_EDGE('',*,*,#6967,.F.);
#9610=ORIENTED_EDGE('',*,*,#6918,.T.);
#9611=ORIENTED_EDGE('',*,*,#6967,.T.);
#9612=ORIENTED_EDGE('',*,*,#6949,.F.);
#9613=ORIENTED_EDGE('',*,*,#6968,.F.);
#9614=ORIENTED_EDGE('',*,*,#6913,.T.);
#9615=ORIENTED_EDGE('',*,*,#6968,.T.);
#9616=ORIENTED_EDGE('',*,*,#6948,.F.);
#9617=ORIENTED_EDGE('',*,*,#6963,.F.);
#9618=ORIENTED_EDGE('',*,*,#6661,.F.);
#9619=ORIENTED_EDGE('',*,*,#6969,.F.);
#9620=ORIENTED_EDGE('',*,*,#6899,.T.);
#9621=ORIENTED_EDGE('',*,*,#6678,.T.);
#9622=ORIENTED_EDGE('',*,*,#6664,.F.);
#9623=ORIENTED_EDGE('',*,*,#6970,.F.);
#9624=ORIENTED_EDGE('',*,*,#6900,.T.);
#9625=ORIENTED_EDGE('',*,*,#6969,.T.);
#9626=ORIENTED_EDGE('',*,*,#6667,.F.);
#9627=ORIENTED_EDGE('',*,*,#6675,.F.);
#9628=ORIENTED_EDGE('',*,*,#6898,.T.);
#9629=ORIENTED_EDGE('',*,*,#6970,.T.);
#9630=ORIENTED_EDGE('',*,*,#6790,.F.);
#9631=ORIENTED_EDGE('',*,*,#6971,.F.);
#9632=ORIENTED_EDGE('',*,*,#6908,.T.);
#9633=ORIENTED_EDGE('',*,*,#6807,.T.);
#9634=ORIENTED_EDGE('',*,*,#6793,.F.);
#9635=ORIENTED_EDGE('',*,*,#6972,.F.);
#9636=ORIENTED_EDGE('',*,*,#6909,.T.);
#9637=ORIENTED_EDGE('',*,*,#6971,.T.);
#9638=ORIENTED_EDGE('',*,*,#6796,.F.);
#9639=ORIENTED_EDGE('',*,*,#6804,.F.);
#9640=ORIENTED_EDGE('',*,*,#6907,.T.);
#9641=ORIENTED_EDGE('',*,*,#6972,.T.);
#9642=ORIENTED_EDGE('',*,*,#6902,.T.);
#9643=ORIENTED_EDGE('',*,*,#6973,.T.);
#9644=ORIENTED_EDGE('',*,*,#6962,.F.);
#9645=ORIENTED_EDGE('',*,*,#6974,.F.);
#9646=ORIENTED_EDGE('',*,*,#6903,.T.);
#9647=ORIENTED_EDGE('',*,*,#6974,.T.);
#9648=ORIENTED_EDGE('',*,*,#6961,.F.);
#9649=ORIENTED_EDGE('',*,*,#6975,.F.);
#9650=ORIENTED_EDGE('',*,*,#6904,.T.);
#9651=ORIENTED_EDGE('',*,*,#6975,.T.);
#9652=ORIENTED_EDGE('',*,*,#6960,.F.);
#9653=ORIENTED_EDGE('',*,*,#6976,.F.);
#9654=ORIENTED_EDGE('',*,*,#6905,.T.);
#9655=ORIENTED_EDGE('',*,*,#6976,.T.);
#9656=ORIENTED_EDGE('',*,*,#6959,.F.);
#9657=ORIENTED_EDGE('',*,*,#6977,.F.);
#9658=ORIENTED_EDGE('',*,*,#6906,.T.);
#9659=ORIENTED_EDGE('',*,*,#6977,.T.);
#9660=ORIENTED_EDGE('',*,*,#6958,.F.);
#9661=ORIENTED_EDGE('',*,*,#6978,.F.);
#9662=ORIENTED_EDGE('',*,*,#6901,.T.);
#9663=ORIENTED_EDGE('',*,*,#6978,.T.);
#9664=ORIENTED_EDGE('',*,*,#6957,.F.);
#9665=ORIENTED_EDGE('',*,*,#6973,.F.);
#9666=ORIENTED_EDGE('',*,*,#6769,.F.);
#9667=ORIENTED_EDGE('',*,*,#6979,.F.);
#9668=ORIENTED_EDGE('',*,*,#6911,.T.);
#9669=ORIENTED_EDGE('',*,*,#6782,.T.);
#9670=ORIENTED_EDGE('',*,*,#6771,.F.);
#9671=ORIENTED_EDGE('',*,*,#6980,.F.);
#9672=ORIENTED_EDGE('',*,*,#6912,.T.);
#9673=ORIENTED_EDGE('',*,*,#6979,.T.);
#9674=ORIENTED_EDGE('',*,*,#6773,.F.);
#9675=ORIENTED_EDGE('',*,*,#6779,.F.);
#9676=ORIENTED_EDGE('',*,*,#6910,.T.);
#9677=ORIENTED_EDGE('',*,*,#6980,.T.);
#9678=ORIENTED_EDGE('',*,*,#6942,.F.);
#9679=ORIENTED_EDGE('',*,*,#6756,.T.);
#9680=ORIENTED_EDGE('',*,*,#6956,.F.);
#9681=ORIENTED_EDGE('',*,*,#6981,.F.);
#9682=ORIENTED_EDGE('',*,*,#6838,.F.);
#9683=ORIENTED_EDGE('',*,*,#6941,.F.);
#9684=ORIENTED_EDGE('',*,*,#6938,.F.);
#9685=ORIENTED_EDGE('',*,*,#6981,.T.);
#9686=ORIENTED_EDGE('',*,*,#6849,.T.);
#9687=ORIENTED_EDGE('',*,*,#6835,.F.);
#9688=ORIENTED_EDGE('',*,*,#6944,.F.);
#9689=ORIENTED_EDGE('',*,*,#6937,.F.);
#9690=ORIENTED_EDGE('',*,*,#6940,.F.);
#9691=ORIENTED_EDGE('',*,*,#6831,.F.);
#9692=ORIENTED_EDGE('',*,*,#6841,.F.);
#9693=ORIENTED_EDGE('',*,*,#6933,.F.);
#9694=ORIENTED_EDGE('',*,*,#6943,.F.);
#9695=ORIENTED_EDGE('',*,*,#6745,.F.);
#9696=ORIENTED_EDGE('',*,*,#6921,.F.);
#9697=ORIENTED_EDGE('',*,*,#6895,.T.);
#9698=ORIENTED_EDGE('',*,*,#6924,.F.);
#9699=ORIENTED_EDGE('',*,*,#6946,.T.);
#9700=ORIENTED_EDGE('',*,*,#6954,.T.);
#9701=ORIENTED_EDGE('',*,*,#6881,.F.);
#9702=ORIENTED_EDGE('',*,*,#6922,.T.);
#9703=ORIENTED_EDGE('',*,*,#6947,.F.);
#9704=ORIENTED_EDGE('',*,*,#6982,.F.);
#9705=ORIENTED_EDGE('',*,*,#6709,.F.);
#9706=ORIENTED_EDGE('',*,*,#6878,.F.);
#9707=ORIENTED_EDGE('',*,*,#6874,.F.);
#9708=ORIENTED_EDGE('',*,*,#6982,.T.);
#9709=ORIENTED_EDGE('',*,*,#6720,.T.);
#9710=ORIENTED_EDGE('',*,*,#6706,.F.);
#9711=ORIENTED_EDGE('',*,*,#6883,.F.);
#9712=ORIENTED_EDGE('',*,*,#6872,.F.);
#9713=ORIENTED_EDGE('',*,*,#6877,.F.);
#9714=ORIENTED_EDGE('',*,*,#6702,.F.);
#9715=ORIENTED_EDGE('',*,*,#6712,.F.);
#9716=ORIENTED_EDGE('',*,*,#6866,.F.);
#9717=ORIENTED_EDGE('',*,*,#6882,.F.);
#9718=ORIENTED_EDGE('',*,*,#6983,.T.);
#9719=ORIENTED_EDGE('',*,*,#6984,.T.);
#9720=ORIENTED_EDGE('',*,*,#6985,.T.);
#9721=ORIENTED_EDGE('',*,*,#6986,.F.);
#9722=ORIENTED_EDGE('',*,*,#6987,.T.);
#9723=ORIENTED_EDGE('',*,*,#6988,.T.);
#9724=ORIENTED_EDGE('',*,*,#6989,.T.);
#9725=ORIENTED_EDGE('',*,*,#6984,.F.);
#9726=ORIENTED_EDGE('',*,*,#6990,.T.);
#9727=ORIENTED_EDGE('',*,*,#6991,.T.);
#9728=ORIENTED_EDGE('',*,*,#6992,.T.);
#9729=ORIENTED_EDGE('',*,*,#6988,.F.);
#9730=ORIENTED_EDGE('',*,*,#6993,.T.);
#9731=ORIENTED_EDGE('',*,*,#6994,.T.);
#9732=ORIENTED_EDGE('',*,*,#6995,.T.);
#9733=ORIENTED_EDGE('',*,*,#6991,.F.);
#9734=ORIENTED_EDGE('',*,*,#6996,.T.);
#9735=ORIENTED_EDGE('',*,*,#6994,.F.);
#9736=ORIENTED_EDGE('',*,*,#6997,.T.);
#9737=ORIENTED_EDGE('',*,*,#6998,.T.);
#9738=ORIENTED_EDGE('',*,*,#6999,.T.);
#9739=ORIENTED_EDGE('',*,*,#6998,.F.);
#9740=ORIENTED_EDGE('',*,*,#7000,.T.);
#9741=ORIENTED_EDGE('',*,*,#6986,.T.);
#9742=ORIENTED_EDGE('',*,*,#6996,.F.);
#9743=ORIENTED_EDGE('',*,*,#7001,.F.);
#9744=ORIENTED_EDGE('',*,*,#7002,.T.);
#9745=ORIENTED_EDGE('',*,*,#7003,.T.);
#9746=ORIENTED_EDGE('',*,*,#6999,.F.);
#9747=ORIENTED_EDGE('',*,*,#7004,.F.);
#9748=ORIENTED_EDGE('',*,*,#7005,.T.);
#9749=ORIENTED_EDGE('',*,*,#7001,.T.);
#9750=ORIENTED_EDGE('',*,*,#6985,.F.);
#9751=ORIENTED_EDGE('',*,*,#7006,.F.);
#9752=ORIENTED_EDGE('',*,*,#7007,.T.);
#9753=ORIENTED_EDGE('',*,*,#7004,.T.);
#9754=ORIENTED_EDGE('',*,*,#7008,.F.);
#9755=ORIENTED_EDGE('',*,*,#7009,.F.);
#9756=ORIENTED_EDGE('',*,*,#7010,.F.);
#9757=ORIENTED_EDGE('',*,*,#7011,.F.);
#9758=ORIENTED_EDGE('',*,*,#7012,.F.);
#9759=ORIENTED_EDGE('',*,*,#7013,.F.);
#9760=ORIENTED_EDGE('',*,*,#7014,.F.);
#9761=ORIENTED_EDGE('',*,*,#7015,.F.);
#9762=ORIENTED_EDGE('',*,*,#7016,.F.);
#9763=ORIENTED_EDGE('',*,*,#7017,.F.);
#9764=ORIENTED_EDGE('',*,*,#6983,.F.);
#9765=ORIENTED_EDGE('',*,*,#7000,.F.);
#9766=ORIENTED_EDGE('',*,*,#6997,.F.);
#9767=ORIENTED_EDGE('',*,*,#6993,.F.);
#9768=ORIENTED_EDGE('',*,*,#6990,.F.);
#9769=ORIENTED_EDGE('',*,*,#6987,.F.);
#9770=ORIENTED_EDGE('',*,*,#7008,.T.);
#9771=ORIENTED_EDGE('',*,*,#7018,.T.);
#9772=ORIENTED_EDGE('',*,*,#7019,.T.);
#9773=ORIENTED_EDGE('',*,*,#7020,.F.);
#9774=ORIENTED_EDGE('',*,*,#7021,.T.);
#9775=ORIENTED_EDGE('',*,*,#7022,.T.);
#9776=ORIENTED_EDGE('',*,*,#7009,.T.);
#9777=ORIENTED_EDGE('',*,*,#7020,.T.);
#9778=ORIENTED_EDGE('',*,*,#7022,.F.);
#9779=ORIENTED_EDGE('',*,*,#7023,.T.);
#9780=ORIENTED_EDGE('',*,*,#7024,.T.);
#9781=ORIENTED_EDGE('',*,*,#7010,.T.);
#9782=ORIENTED_EDGE('',*,*,#7025,.T.);
#9783=ORIENTED_EDGE('',*,*,#7011,.T.);
#9784=ORIENTED_EDGE('',*,*,#7024,.F.);
#9785=ORIENTED_EDGE('',*,*,#7026,.T.);
#9786=ORIENTED_EDGE('',*,*,#7025,.F.);
#9787=ORIENTED_EDGE('',*,*,#7027,.T.);
#9788=ORIENTED_EDGE('',*,*,#7028,.T.);
#9789=ORIENTED_EDGE('',*,*,#7012,.T.);
#9790=ORIENTED_EDGE('',*,*,#7029,.T.);
#9791=ORIENTED_EDGE('',*,*,#7013,.T.);
#9792=ORIENTED_EDGE('',*,*,#7028,.F.);
#9793=ORIENTED_EDGE('',*,*,#7030,.T.);
#9794=ORIENTED_EDGE('',*,*,#7029,.F.);
#9795=ORIENTED_EDGE('',*,*,#7031,.T.);
#9796=ORIENTED_EDGE('',*,*,#7032,.T.);
#9797=ORIENTED_EDGE('',*,*,#7014,.T.);
#9798=ORIENTED_EDGE('',*,*,#7033,.T.);
#9799=ORIENTED_EDGE('',*,*,#7015,.T.);
#9800=ORIENTED_EDGE('',*,*,#7032,.F.);
#9801=ORIENTED_EDGE('',*,*,#7034,.T.);
#9802=ORIENTED_EDGE('',*,*,#7033,.F.);
#9803=ORIENTED_EDGE('',*,*,#7035,.T.);
#9804=ORIENTED_EDGE('',*,*,#7036,.T.);
#9805=ORIENTED_EDGE('',*,*,#7016,.T.);
#9806=ORIENTED_EDGE('',*,*,#7017,.T.);
#9807=ORIENTED_EDGE('',*,*,#7036,.F.);
#9808=ORIENTED_EDGE('',*,*,#7037,.T.);
#9809=ORIENTED_EDGE('',*,*,#7018,.F.);
#9810=ORIENTED_EDGE('',*,*,#7027,.F.);
#9811=ORIENTED_EDGE('',*,*,#7038,.T.);
#9812=ORIENTED_EDGE('',*,*,#7039,.T.);
#9813=ORIENTED_EDGE('',*,*,#7040,.T.);
#9814=ORIENTED_EDGE('',*,*,#7026,.F.);
#9815=ORIENTED_EDGE('',*,*,#7041,.F.);
#9816=ORIENTED_EDGE('',*,*,#7042,.F.);
#9817=ORIENTED_EDGE('',*,*,#7038,.F.);
#9818=ORIENTED_EDGE('',*,*,#7023,.F.);
#9819=ORIENTED_EDGE('',*,*,#7043,.T.);
#9820=ORIENTED_EDGE('',*,*,#7044,.T.);
#9821=ORIENTED_EDGE('',*,*,#7041,.T.);
#9822=ORIENTED_EDGE('',*,*,#7021,.F.);
#9823=ORIENTED_EDGE('',*,*,#7045,.F.);
#9824=ORIENTED_EDGE('',*,*,#7046,.F.);
#9825=ORIENTED_EDGE('',*,*,#7047,.F.);
#9826=ORIENTED_EDGE('',*,*,#7043,.F.);
#9827=ORIENTED_EDGE('',*,*,#7019,.F.);
#9828=ORIENTED_EDGE('',*,*,#7048,.F.);
#9829=ORIENTED_EDGE('',*,*,#7049,.F.);
#9830=ORIENTED_EDGE('',*,*,#7045,.T.);
#9831=ORIENTED_EDGE('',*,*,#7050,.T.);
#9832=ORIENTED_EDGE('',*,*,#7051,.T.);
#9833=ORIENTED_EDGE('',*,*,#7052,.T.);
#9834=ORIENTED_EDGE('',*,*,#7053,.F.);
#9835=ORIENTED_EDGE('',*,*,#7054,.T.);
#9836=ORIENTED_EDGE('',*,*,#7055,.T.);
#9837=ORIENTED_EDGE('',*,*,#7056,.T.);
#9838=ORIENTED_EDGE('',*,*,#7051,.F.);
#9839=ORIENTED_EDGE('',*,*,#7057,.T.);
#9840=ORIENTED_EDGE('',*,*,#7058,.T.);
#9841=ORIENTED_EDGE('',*,*,#7059,.T.);
#9842=ORIENTED_EDGE('',*,*,#7055,.F.);
#9843=ORIENTED_EDGE('',*,*,#7060,.T.);
#9844=ORIENTED_EDGE('',*,*,#7061,.T.);
#9845=ORIENTED_EDGE('',*,*,#7062,.T.);
#9846=ORIENTED_EDGE('',*,*,#7058,.F.);
#9847=ORIENTED_EDGE('',*,*,#7063,.T.);
#9848=ORIENTED_EDGE('',*,*,#7061,.F.);
#9849=ORIENTED_EDGE('',*,*,#7064,.T.);
#9850=ORIENTED_EDGE('',*,*,#7065,.T.);
#9851=ORIENTED_EDGE('',*,*,#7066,.T.);
#9852=ORIENTED_EDGE('',*,*,#7065,.F.);
#9853=ORIENTED_EDGE('',*,*,#7067,.T.);
#9854=ORIENTED_EDGE('',*,*,#7053,.T.);
#9855=ORIENTED_EDGE('',*,*,#7063,.F.);
#9856=ORIENTED_EDGE('',*,*,#7068,.F.);
#9857=ORIENTED_EDGE('',*,*,#7069,.F.);
#9858=ORIENTED_EDGE('',*,*,#7070,.F.);
#9859=ORIENTED_EDGE('',*,*,#7071,.T.);
#9860=ORIENTED_EDGE('',*,*,#7072,.F.);
#9861=ORIENTED_EDGE('',*,*,#7073,.T.);
#9862=ORIENTED_EDGE('',*,*,#7074,.T.);
#9863=ORIENTED_EDGE('',*,*,#7066,.F.);
#9864=ORIENTED_EDGE('',*,*,#7075,.F.);
#9865=ORIENTED_EDGE('',*,*,#7076,.F.);
#9866=ORIENTED_EDGE('',*,*,#7068,.T.);
#9867=ORIENTED_EDGE('',*,*,#7052,.F.);
#9868=ORIENTED_EDGE('',*,*,#7077,.F.);
#9869=ORIENTED_EDGE('',*,*,#7078,.F.);
#9870=ORIENTED_EDGE('',*,*,#7079,.F.);
#9871=ORIENTED_EDGE('',*,*,#7080,.T.);
#9872=ORIENTED_EDGE('',*,*,#7081,.F.);
#9873=ORIENTED_EDGE('',*,*,#7082,.T.);
#9874=ORIENTED_EDGE('',*,*,#7075,.T.);
#9875=ORIENTED_EDGE('',*,*,#7050,.F.);
#9876=ORIENTED_EDGE('',*,*,#7067,.F.);
#9877=ORIENTED_EDGE('',*,*,#7064,.F.);
#9878=ORIENTED_EDGE('',*,*,#7060,.F.);
#9879=ORIENTED_EDGE('',*,*,#7057,.F.);
#9880=ORIENTED_EDGE('',*,*,#7054,.F.);
#9881=ORIENTED_EDGE('',*,*,#7083,.F.);
#9882=ORIENTED_EDGE('',*,*,#7084,.F.);
#9883=ORIENTED_EDGE('',*,*,#7085,.F.);
#9884=ORIENTED_EDGE('',*,*,#7086,.F.);
#9885=ORIENTED_EDGE('',*,*,#7087,.F.);
#9886=ORIENTED_EDGE('',*,*,#7088,.F.);
#9887=ORIENTED_EDGE('',*,*,#7083,.T.);
#9888=ORIENTED_EDGE('',*,*,#7089,.T.);
#9889=ORIENTED_EDGE('',*,*,#7090,.T.);
#9890=ORIENTED_EDGE('',*,*,#7091,.F.);
#9891=ORIENTED_EDGE('',*,*,#7088,.T.);
#9892=ORIENTED_EDGE('',*,*,#7092,.T.);
#9893=ORIENTED_EDGE('',*,*,#7093,.T.);
#9894=ORIENTED_EDGE('',*,*,#7089,.F.);
#9895=ORIENTED_EDGE('',*,*,#7087,.T.);
#9896=ORIENTED_EDGE('',*,*,#7094,.T.);
#9897=ORIENTED_EDGE('',*,*,#7095,.T.);
#9898=ORIENTED_EDGE('',*,*,#7092,.F.);
#9899=ORIENTED_EDGE('',*,*,#7086,.T.);
#9900=ORIENTED_EDGE('',*,*,#7096,.T.);
#9901=ORIENTED_EDGE('',*,*,#7097,.T.);
#9902=ORIENTED_EDGE('',*,*,#7094,.F.);
#9903=ORIENTED_EDGE('',*,*,#7098,.T.);
#9904=ORIENTED_EDGE('',*,*,#7096,.F.);
#9905=ORIENTED_EDGE('',*,*,#7085,.T.);
#9906=ORIENTED_EDGE('',*,*,#7099,.T.);
#9907=ORIENTED_EDGE('',*,*,#7100,.T.);
#9908=ORIENTED_EDGE('',*,*,#7099,.F.);
#9909=ORIENTED_EDGE('',*,*,#7084,.T.);
#9910=ORIENTED_EDGE('',*,*,#7091,.T.);
#9911=ORIENTED_EDGE('',*,*,#7098,.F.);
#9912=ORIENTED_EDGE('',*,*,#7101,.F.);
#9913=ORIENTED_EDGE('',*,*,#7102,.T.);
#9914=ORIENTED_EDGE('',*,*,#7103,.T.);
#9915=ORIENTED_EDGE('',*,*,#7100,.F.);
#9916=ORIENTED_EDGE('',*,*,#7104,.F.);
#9917=ORIENTED_EDGE('',*,*,#7105,.T.);
#9918=ORIENTED_EDGE('',*,*,#7101,.T.);
#9919=ORIENTED_EDGE('',*,*,#7090,.F.);
#9920=ORIENTED_EDGE('',*,*,#7106,.F.);
#9921=ORIENTED_EDGE('',*,*,#7107,.T.);
#9922=ORIENTED_EDGE('',*,*,#7104,.T.);
#9923=ORIENTED_EDGE('',*,*,#7108,.T.);
#9924=ORIENTED_EDGE('',*,*,#7109,.T.);
#9925=ORIENTED_EDGE('',*,*,#7110,.T.);
#9926=ORIENTED_EDGE('',*,*,#7111,.F.);
#9927=ORIENTED_EDGE('',*,*,#7112,.T.);
#9928=ORIENTED_EDGE('',*,*,#7113,.T.);
#9929=ORIENTED_EDGE('',*,*,#7114,.T.);
#9930=ORIENTED_EDGE('',*,*,#7109,.F.);
#9931=ORIENTED_EDGE('',*,*,#7115,.T.);
#9932=ORIENTED_EDGE('',*,*,#7116,.T.);
#9933=ORIENTED_EDGE('',*,*,#7117,.T.);
#9934=ORIENTED_EDGE('',*,*,#7113,.F.);
#9935=ORIENTED_EDGE('',*,*,#7118,.T.);
#9936=ORIENTED_EDGE('',*,*,#7119,.T.);
#9937=ORIENTED_EDGE('',*,*,#7120,.T.);
#9938=ORIENTED_EDGE('',*,*,#7116,.F.);
#9939=ORIENTED_EDGE('',*,*,#7121,.T.);
#9940=ORIENTED_EDGE('',*,*,#7119,.F.);
#9941=ORIENTED_EDGE('',*,*,#7122,.T.);
#9942=ORIENTED_EDGE('',*,*,#7123,.T.);
#9943=ORIENTED_EDGE('',*,*,#7124,.T.);
#9944=ORIENTED_EDGE('',*,*,#7123,.F.);
#9945=ORIENTED_EDGE('',*,*,#7125,.T.);
#9946=ORIENTED_EDGE('',*,*,#7111,.T.);
#9947=ORIENTED_EDGE('',*,*,#7121,.F.);
#9948=ORIENTED_EDGE('',*,*,#7126,.F.);
#9949=ORIENTED_EDGE('',*,*,#7127,.T.);
#9950=ORIENTED_EDGE('',*,*,#7128,.T.);
#9951=ORIENTED_EDGE('',*,*,#7124,.F.);
#9952=ORIENTED_EDGE('',*,*,#7129,.F.);
#9953=ORIENTED_EDGE('',*,*,#7130,.T.);
#9954=ORIENTED_EDGE('',*,*,#7126,.T.);
#9955=ORIENTED_EDGE('',*,*,#7110,.F.);
#9956=ORIENTED_EDGE('',*,*,#7131,.F.);
#9957=ORIENTED_EDGE('',*,*,#7132,.T.);
#9958=ORIENTED_EDGE('',*,*,#7129,.T.);
#9959=ORIENTED_EDGE('',*,*,#7133,.F.);
#9960=ORIENTED_EDGE('',*,*,#7134,.F.);
#9961=ORIENTED_EDGE('',*,*,#7135,.F.);
#9962=ORIENTED_EDGE('',*,*,#7136,.F.);
#9963=ORIENTED_EDGE('',*,*,#7137,.F.);
#9964=ORIENTED_EDGE('',*,*,#7138,.F.);
#9965=ORIENTED_EDGE('',*,*,#7139,.F.);
#9966=ORIENTED_EDGE('',*,*,#7140,.F.);
#9967=ORIENTED_EDGE('',*,*,#7141,.F.);
#9968=ORIENTED_EDGE('',*,*,#7142,.F.);
#9969=ORIENTED_EDGE('',*,*,#7108,.F.);
#9970=ORIENTED_EDGE('',*,*,#7125,.F.);
#9971=ORIENTED_EDGE('',*,*,#7122,.F.);
#9972=ORIENTED_EDGE('',*,*,#7118,.F.);
#9973=ORIENTED_EDGE('',*,*,#7115,.F.);
#9974=ORIENTED_EDGE('',*,*,#7112,.F.);
#9975=ORIENTED_EDGE('',*,*,#7133,.T.);
#9976=ORIENTED_EDGE('',*,*,#7143,.T.);
#9977=ORIENTED_EDGE('',*,*,#7144,.T.);
#9978=ORIENTED_EDGE('',*,*,#7145,.F.);
#9979=ORIENTED_EDGE('',*,*,#7146,.T.);
#9980=ORIENTED_EDGE('',*,*,#7147,.T.);
#9981=ORIENTED_EDGE('',*,*,#7134,.T.);
#9982=ORIENTED_EDGE('',*,*,#7145,.T.);
#9983=ORIENTED_EDGE('',*,*,#7147,.F.);
#9984=ORIENTED_EDGE('',*,*,#7148,.T.);
#9985=ORIENTED_EDGE('',*,*,#7149,.T.);
#9986=ORIENTED_EDGE('',*,*,#7135,.T.);
#9987=ORIENTED_EDGE('',*,*,#7150,.T.);
#9988=ORIENTED_EDGE('',*,*,#7136,.T.);
#9989=ORIENTED_EDGE('',*,*,#7149,.F.);
#9990=ORIENTED_EDGE('',*,*,#7151,.T.);
#9991=ORIENTED_EDGE('',*,*,#7150,.F.);
#9992=ORIENTED_EDGE('',*,*,#7152,.T.);
#9993=ORIENTED_EDGE('',*,*,#7153,.T.);
#9994=ORIENTED_EDGE('',*,*,#7137,.T.);
#9995=ORIENTED_EDGE('',*,*,#7154,.T.);
#9996=ORIENTED_EDGE('',*,*,#7138,.T.);
#9997=ORIENTED_EDGE('',*,*,#7153,.F.);
#9998=ORIENTED_EDGE('',*,*,#7155,.T.);
#9999=ORIENTED_EDGE('',*,*,#7154,.F.);
#10000=ORIENTED_EDGE('',*,*,#7156,.T.);
#10001=ORIENTED_EDGE('',*,*,#7157,.T.);
#10002=ORIENTED_EDGE('',*,*,#7139,.T.);
#10003=ORIENTED_EDGE('',*,*,#7158,.T.);
#10004=ORIENTED_EDGE('',*,*,#7140,.T.);
#10005=ORIENTED_EDGE('',*,*,#7157,.F.);
#10006=ORIENTED_EDGE('',*,*,#7159,.T.);
#10007=ORIENTED_EDGE('',*,*,#7158,.F.);
#10008=ORIENTED_EDGE('',*,*,#7160,.T.);
#10009=ORIENTED_EDGE('',*,*,#7161,.T.);
#10010=ORIENTED_EDGE('',*,*,#7141,.T.);
#10011=ORIENTED_EDGE('',*,*,#7142,.T.);
#10012=ORIENTED_EDGE('',*,*,#7161,.F.);
#10013=ORIENTED_EDGE('',*,*,#7162,.T.);
#10014=ORIENTED_EDGE('',*,*,#7143,.F.);
#10015=ORIENTED_EDGE('',*,*,#7152,.F.);
#10016=ORIENTED_EDGE('',*,*,#7163,.T.);
#10017=ORIENTED_EDGE('',*,*,#7164,.T.);
#10018=ORIENTED_EDGE('',*,*,#7165,.T.);
#10019=ORIENTED_EDGE('',*,*,#7151,.F.);
#10020=ORIENTED_EDGE('',*,*,#7166,.F.);
#10021=ORIENTED_EDGE('',*,*,#7167,.F.);
#10022=ORIENTED_EDGE('',*,*,#7163,.F.);
#10023=ORIENTED_EDGE('',*,*,#7148,.F.);
#10024=ORIENTED_EDGE('',*,*,#7168,.T.);
#10025=ORIENTED_EDGE('',*,*,#7169,.T.);
#10026=ORIENTED_EDGE('',*,*,#7166,.T.);
#10027=ORIENTED_EDGE('',*,*,#7146,.F.);
#10028=ORIENTED_EDGE('',*,*,#7170,.F.);
#10029=ORIENTED_EDGE('',*,*,#7171,.F.);
#10030=ORIENTED_EDGE('',*,*,#7172,.F.);
#10031=ORIENTED_EDGE('',*,*,#7168,.F.);
#10032=ORIENTED_EDGE('',*,*,#7144,.F.);
#10033=ORIENTED_EDGE('',*,*,#7173,.F.);
#10034=ORIENTED_EDGE('',*,*,#7174,.F.);
#10035=ORIENTED_EDGE('',*,*,#7170,.T.);
#10036=ORIENTED_EDGE('',*,*,#7175,.T.);
#10037=ORIENTED_EDGE('',*,*,#7176,.T.);
#10038=ORIENTED_EDGE('',*,*,#7177,.T.);
#10039=ORIENTED_EDGE('',*,*,#7178,.F.);
#10040=ORIENTED_EDGE('',*,*,#7179,.T.);
#10041=ORIENTED_EDGE('',*,*,#7180,.T.);
#10042=ORIENTED_EDGE('',*,*,#7181,.T.);
#10043=ORIENTED_EDGE('',*,*,#7176,.F.);
#10044=ORIENTED_EDGE('',*,*,#7182,.T.);
#10045=ORIENTED_EDGE('',*,*,#7183,.T.);
#10046=ORIENTED_EDGE('',*,*,#7184,.T.);
#10047=ORIENTED_EDGE('',*,*,#7180,.F.);
#10048=ORIENTED_EDGE('',*,*,#7185,.T.);
#10049=ORIENTED_EDGE('',*,*,#7186,.T.);
#10050=ORIENTED_EDGE('',*,*,#7187,.T.);
#10051=ORIENTED_EDGE('',*,*,#7183,.F.);
#10052=ORIENTED_EDGE('',*,*,#7188,.T.);
#10053=ORIENTED_EDGE('',*,*,#7186,.F.);
#10054=ORIENTED_EDGE('',*,*,#7189,.T.);
#10055=ORIENTED_EDGE('',*,*,#7190,.T.);
#10056=ORIENTED_EDGE('',*,*,#7191,.T.);
#10057=ORIENTED_EDGE('',*,*,#7190,.F.);
#10058=ORIENTED_EDGE('',*,*,#7192,.T.);
#10059=ORIENTED_EDGE('',*,*,#7178,.T.);
#10060=ORIENTED_EDGE('',*,*,#7188,.F.);
#10061=ORIENTED_EDGE('',*,*,#7193,.F.);
#10062=ORIENTED_EDGE('',*,*,#7194,.T.);
#10063=ORIENTED_EDGE('',*,*,#7195,.T.);
#10064=ORIENTED_EDGE('',*,*,#7191,.F.);
#10065=ORIENTED_EDGE('',*,*,#7196,.F.);
#10066=ORIENTED_EDGE('',*,*,#7197,.T.);
#10067=ORIENTED_EDGE('',*,*,#7193,.T.);
#10068=ORIENTED_EDGE('',*,*,#7177,.F.);
#10069=ORIENTED_EDGE('',*,*,#7198,.F.);
#10070=ORIENTED_EDGE('',*,*,#7199,.T.);
#10071=ORIENTED_EDGE('',*,*,#7196,.T.);
#10072=ORIENTED_EDGE('',*,*,#7200,.F.);
#10073=ORIENTED_EDGE('',*,*,#7201,.F.);
#10074=ORIENTED_EDGE('',*,*,#7202,.F.);
#10075=ORIENTED_EDGE('',*,*,#7203,.F.);
#10076=ORIENTED_EDGE('',*,*,#7204,.F.);
#10077=ORIENTED_EDGE('',*,*,#7205,.F.);
#10078=ORIENTED_EDGE('',*,*,#7206,.F.);
#10079=ORIENTED_EDGE('',*,*,#7207,.F.);
#10080=ORIENTED_EDGE('',*,*,#7208,.F.);
#10081=ORIENTED_EDGE('',*,*,#7209,.F.);
#10082=ORIENTED_EDGE('',*,*,#7175,.F.);
#10083=ORIENTED_EDGE('',*,*,#7192,.F.);
#10084=ORIENTED_EDGE('',*,*,#7189,.F.);
#10085=ORIENTED_EDGE('',*,*,#7185,.F.);
#10086=ORIENTED_EDGE('',*,*,#7182,.F.);
#10087=ORIENTED_EDGE('',*,*,#7179,.F.);
#10088=ORIENTED_EDGE('',*,*,#7200,.T.);
#10089=ORIENTED_EDGE('',*,*,#7210,.T.);
#10090=ORIENTED_EDGE('',*,*,#7211,.T.);
#10091=ORIENTED_EDGE('',*,*,#7212,.F.);
#10092=ORIENTED_EDGE('',*,*,#7213,.T.);
#10093=ORIENTED_EDGE('',*,*,#7214,.T.);
#10094=ORIENTED_EDGE('',*,*,#7201,.T.);
#10095=ORIENTED_EDGE('',*,*,#7212,.T.);
#10096=ORIENTED_EDGE('',*,*,#7214,.F.);
#10097=ORIENTED_EDGE('',*,*,#7215,.T.);
#10098=ORIENTED_EDGE('',*,*,#7216,.T.);
#10099=ORIENTED_EDGE('',*,*,#7202,.T.);
#10100=ORIENTED_EDGE('',*,*,#7217,.T.);
#10101=ORIENTED_EDGE('',*,*,#7203,.T.);
#10102=ORIENTED_EDGE('',*,*,#7216,.F.);
#10103=ORIENTED_EDGE('',*,*,#7218,.T.);
#10104=ORIENTED_EDGE('',*,*,#7217,.F.);
#10105=ORIENTED_EDGE('',*,*,#7219,.T.);
#10106=ORIENTED_EDGE('',*,*,#7220,.T.);
#10107=ORIENTED_EDGE('',*,*,#7204,.T.);
#10108=ORIENTED_EDGE('',*,*,#7221,.T.);
#10109=ORIENTED_EDGE('',*,*,#7205,.T.);
#10110=ORIENTED_EDGE('',*,*,#7220,.F.);
#10111=ORIENTED_EDGE('',*,*,#7222,.T.);
#10112=ORIENTED_EDGE('',*,*,#7221,.F.);
#10113=ORIENTED_EDGE('',*,*,#7223,.T.);
#10114=ORIENTED_EDGE('',*,*,#7224,.T.);
#10115=ORIENTED_EDGE('',*,*,#7206,.T.);
#10116=ORIENTED_EDGE('',*,*,#7225,.T.);
#10117=ORIENTED_EDGE('',*,*,#7207,.T.);
#10118=ORIENTED_EDGE('',*,*,#7224,.F.);
#10119=ORIENTED_EDGE('',*,*,#7226,.T.);
#10120=ORIENTED_EDGE('',*,*,#7225,.F.);
#10121=ORIENTED_EDGE('',*,*,#7227,.T.);
#10122=ORIENTED_EDGE('',*,*,#7228,.T.);
#10123=ORIENTED_EDGE('',*,*,#7208,.T.);
#10124=ORIENTED_EDGE('',*,*,#7209,.T.);
#10125=ORIENTED_EDGE('',*,*,#7228,.F.);
#10126=ORIENTED_EDGE('',*,*,#7229,.T.);
#10127=ORIENTED_EDGE('',*,*,#7210,.F.);
#10128=ORIENTED_EDGE('',*,*,#7219,.F.);
#10129=ORIENTED_EDGE('',*,*,#7230,.T.);
#10130=ORIENTED_EDGE('',*,*,#7231,.T.);
#10131=ORIENTED_EDGE('',*,*,#7232,.T.);
#10132=ORIENTED_EDGE('',*,*,#7218,.F.);
#10133=ORIENTED_EDGE('',*,*,#7233,.F.);
#10134=ORIENTED_EDGE('',*,*,#7234,.F.);
#10135=ORIENTED_EDGE('',*,*,#7230,.F.);
#10136=ORIENTED_EDGE('',*,*,#7215,.F.);
#10137=ORIENTED_EDGE('',*,*,#7235,.T.);
#10138=ORIENTED_EDGE('',*,*,#7236,.T.);
#10139=ORIENTED_EDGE('',*,*,#7233,.T.);
#10140=ORIENTED_EDGE('',*,*,#7213,.F.);
#10141=ORIENTED_EDGE('',*,*,#7237,.F.);
#10142=ORIENTED_EDGE('',*,*,#7238,.F.);
#10143=ORIENTED_EDGE('',*,*,#7239,.F.);
#10144=ORIENTED_EDGE('',*,*,#7235,.F.);
#10145=ORIENTED_EDGE('',*,*,#7211,.F.);
#10146=ORIENTED_EDGE('',*,*,#7240,.F.);
#10147=ORIENTED_EDGE('',*,*,#7241,.F.);
#10148=ORIENTED_EDGE('',*,*,#7237,.T.);
#10149=ORIENTED_EDGE('',*,*,#7242,.T.);
#10150=ORIENTED_EDGE('',*,*,#7072,.T.);
#10151=ORIENTED_EDGE('',*,*,#7243,.T.);
#10152=ORIENTED_EDGE('',*,*,#7244,.T.);
#10153=ORIENTED_EDGE('',*,*,#7044,.F.);
#10154=ORIENTED_EDGE('',*,*,#7245,.F.);
#10155=ORIENTED_EDGE('',*,*,#7246,.T.);
#10156=ORIENTED_EDGE('',*,*,#7247,.F.);
#10157=ORIENTED_EDGE('',*,*,#7248,.T.);
#10158=ORIENTED_EDGE('',*,*,#7245,.T.);
#10159=ORIENTED_EDGE('',*,*,#7047,.T.);
#10160=ORIENTED_EDGE('',*,*,#7244,.F.);
#10161=ORIENTED_EDGE('',*,*,#7039,.F.);
#10162=ORIENTED_EDGE('',*,*,#7249,.F.);
#10163=ORIENTED_EDGE('',*,*,#7250,.T.);
#10164=ORIENTED_EDGE('',*,*,#7251,.F.);
#10165=ORIENTED_EDGE('',*,*,#7249,.T.);
#10166=ORIENTED_EDGE('',*,*,#7042,.T.);
#10167=ORIENTED_EDGE('',*,*,#7247,.T.);
#10168=ORIENTED_EDGE('',*,*,#7252,.T.);
#10169=ORIENTED_EDGE('',*,*,#7253,.F.);
#10170=ORIENTED_EDGE('',*,*,#7254,.F.);
#10171=ORIENTED_EDGE('',*,*,#7255,.T.);
#10172=ORIENTED_EDGE('',*,*,#7256,.F.);
#10173=ORIENTED_EDGE('',*,*,#7254,.T.);
#10174=ORIENTED_EDGE('',*,*,#7257,.T.);
#10175=ORIENTED_EDGE('',*,*,#7251,.T.);
#10176=ORIENTED_EDGE('',*,*,#7258,.T.);
#10177=ORIENTED_EDGE('',*,*,#7259,.F.);
#10178=ORIENTED_EDGE('',*,*,#7260,.F.);
#10179=ORIENTED_EDGE('',*,*,#7261,.T.);
#10180=ORIENTED_EDGE('',*,*,#7262,.F.);
#10181=ORIENTED_EDGE('',*,*,#7260,.T.);
#10182=ORIENTED_EDGE('',*,*,#7263,.T.);
#10183=ORIENTED_EDGE('',*,*,#7256,.T.);
#10184=ORIENTED_EDGE('',*,*,#7264,.T.);
#10185=ORIENTED_EDGE('',*,*,#7265,.T.);
#10186=ORIENTED_EDGE('',*,*,#7262,.T.);
#10187=ORIENTED_EDGE('',*,*,#7266,.T.);
#10188=ORIENTED_EDGE('',*,*,#7267,.T.);
#10189=ORIENTED_EDGE('',*,*,#7035,.F.);
#10190=ORIENTED_EDGE('',*,*,#7268,.T.);
#10191=ORIENTED_EDGE('',*,*,#7259,.T.);
#10192=ORIENTED_EDGE('',*,*,#7269,.T.);
#10193=ORIENTED_EDGE('',*,*,#7031,.F.);
#10194=ORIENTED_EDGE('',*,*,#7270,.T.);
#10195=ORIENTED_EDGE('',*,*,#7253,.T.);
#10196=ORIENTED_EDGE('',*,*,#7271,.T.);
#10197=ORIENTED_EDGE('',*,*,#7272,.T.);
#10198=ORIENTED_EDGE('',*,*,#7273,.T.);
#10199=ORIENTED_EDGE('',*,*,#7274,.T.);
#10200=ORIENTED_EDGE('',*,*,#7267,.F.);
#10201=ORIENTED_EDGE('',*,*,#7275,.F.);
#10202=ORIENTED_EDGE('',*,*,#7272,.F.);
#10203=ORIENTED_EDGE('',*,*,#7266,.F.);
#10204=ORIENTED_EDGE('',*,*,#7261,.F.);
#10205=ORIENTED_EDGE('',*,*,#7264,.F.);
#10206=ORIENTED_EDGE('',*,*,#7255,.F.);
#10207=ORIENTED_EDGE('',*,*,#7258,.F.);
#10208=ORIENTED_EDGE('',*,*,#7250,.F.);
#10209=ORIENTED_EDGE('',*,*,#7252,.F.);
#10210=ORIENTED_EDGE('',*,*,#7246,.F.);
#10211=ORIENTED_EDGE('',*,*,#7248,.F.);
#10212=ORIENTED_EDGE('',*,*,#7243,.F.);
#10213=ORIENTED_EDGE('',*,*,#7071,.F.);
#10214=ORIENTED_EDGE('',*,*,#7276,.F.);
#10215=ORIENTED_EDGE('',*,*,#7277,.F.);
#10216=ORIENTED_EDGE('',*,*,#7278,.F.);
#10217=ORIENTED_EDGE('',*,*,#7279,.F.);
#10218=ORIENTED_EDGE('',*,*,#7280,.F.);
#10219=ORIENTED_EDGE('',*,*,#7281,.F.);
#10220=ORIENTED_EDGE('',*,*,#7282,.F.);
#10221=ORIENTED_EDGE('',*,*,#7283,.F.);
#10222=ORIENTED_EDGE('',*,*,#7284,.F.);
#10223=ORIENTED_EDGE('',*,*,#7285,.F.);
#10224=ORIENTED_EDGE('',*,*,#7286,.F.);
#10225=ORIENTED_EDGE('',*,*,#7080,.F.);
#10226=ORIENTED_EDGE('',*,*,#7287,.F.);
#10227=ORIENTED_EDGE('',*,*,#7288,.F.);
#10228=ORIENTED_EDGE('',*,*,#7289,.F.);
#10229=ORIENTED_EDGE('',*,*,#7290,.F.);
#10230=ORIENTED_EDGE('',*,*,#7291,.F.);
#10231=ORIENTED_EDGE('',*,*,#7292,.F.);
#10232=ORIENTED_EDGE('',*,*,#7293,.F.);
#10233=ORIENTED_EDGE('',*,*,#7294,.F.);
#10234=ORIENTED_EDGE('',*,*,#7295,.F.);
#10235=ORIENTED_EDGE('',*,*,#7296,.F.);
#10236=ORIENTED_EDGE('',*,*,#7297,.F.);
#10237=ORIENTED_EDGE('',*,*,#7298,.F.);
#10238=ORIENTED_EDGE('',*,*,#7299,.F.);
#10239=ORIENTED_EDGE('',*,*,#7300,.F.);
#10240=ORIENTED_EDGE('',*,*,#7301,.F.);
#10241=ORIENTED_EDGE('',*,*,#7302,.F.);
#10242=ORIENTED_EDGE('',*,*,#7303,.F.);
#10243=ORIENTED_EDGE('',*,*,#7304,.F.);
#10244=ORIENTED_EDGE('',*,*,#7102,.F.);
#10245=ORIENTED_EDGE('',*,*,#7105,.F.);
#10246=ORIENTED_EDGE('',*,*,#7107,.F.);
#10247=ORIENTED_EDGE('',*,*,#7305,.F.);
#10248=ORIENTED_EDGE('',*,*,#7306,.F.);
#10249=ORIENTED_EDGE('',*,*,#7307,.F.);
#10250=ORIENTED_EDGE('',*,*,#7308,.F.);
#10251=ORIENTED_EDGE('',*,*,#7309,.F.);
#10252=ORIENTED_EDGE('',*,*,#7310,.F.);
#10253=ORIENTED_EDGE('',*,*,#7311,.F.);
#10254=ORIENTED_EDGE('',*,*,#7312,.F.);
#10255=ORIENTED_EDGE('',*,*,#7313,.F.);
#10256=ORIENTED_EDGE('',*,*,#7314,.F.);
#10257=ORIENTED_EDGE('',*,*,#7315,.F.);
#10258=ORIENTED_EDGE('',*,*,#7316,.F.);
#10259=ORIENTED_EDGE('',*,*,#7317,.F.);
#10260=ORIENTED_EDGE('',*,*,#7318,.F.);
#10261=ORIENTED_EDGE('',*,*,#7319,.F.);
#10262=ORIENTED_EDGE('',*,*,#7002,.F.);
#10263=ORIENTED_EDGE('',*,*,#7005,.F.);
#10264=ORIENTED_EDGE('',*,*,#7007,.F.);
#10265=ORIENTED_EDGE('',*,*,#7320,.F.);
#10266=ORIENTED_EDGE('',*,*,#7321,.F.);
#10267=ORIENTED_EDGE('',*,*,#7322,.F.);
#10268=ORIENTED_EDGE('',*,*,#7127,.F.);
#10269=ORIENTED_EDGE('',*,*,#7130,.F.);
#10270=ORIENTED_EDGE('',*,*,#7132,.F.);
#10271=ORIENTED_EDGE('',*,*,#7323,.F.);
#10272=ORIENTED_EDGE('',*,*,#7324,.F.);
#10273=ORIENTED_EDGE('',*,*,#7325,.F.);
#10274=ORIENTED_EDGE('',*,*,#7194,.F.);
#10275=ORIENTED_EDGE('',*,*,#7197,.F.);
#10276=ORIENTED_EDGE('',*,*,#7199,.F.);
#10277=ORIENTED_EDGE('',*,*,#7326,.F.);
#10278=ORIENTED_EDGE('',*,*,#7327,.F.);
#10279=ORIENTED_EDGE('',*,*,#7242,.F.);
#10280=ORIENTED_EDGE('',*,*,#7046,.T.);
#10281=ORIENTED_EDGE('',*,*,#7328,.F.);
#10282=ORIENTED_EDGE('',*,*,#7073,.F.);
#10283=ORIENTED_EDGE('',*,*,#7329,.T.);
#10284=ORIENTED_EDGE('',*,*,#7330,.T.);
#10285=ORIENTED_EDGE('',*,*,#7297,.T.);
#10286=ORIENTED_EDGE('',*,*,#7331,.T.);
#10287=ORIENTED_EDGE('',*,*,#7236,.F.);
#10288=ORIENTED_EDGE('',*,*,#7332,.F.);
#10289=ORIENTED_EDGE('',*,*,#7295,.T.);
#10290=ORIENTED_EDGE('',*,*,#7333,.F.);
#10291=ORIENTED_EDGE('',*,*,#7296,.T.);
#10292=ORIENTED_EDGE('',*,*,#7332,.T.);
#10293=ORIENTED_EDGE('',*,*,#7239,.T.);
#10294=ORIENTED_EDGE('',*,*,#7331,.F.);
#10295=ORIENTED_EDGE('',*,*,#7231,.F.);
#10296=ORIENTED_EDGE('',*,*,#7334,.F.);
#10297=ORIENTED_EDGE('',*,*,#7293,.T.);
#10298=ORIENTED_EDGE('',*,*,#7335,.F.);
#10299=ORIENTED_EDGE('',*,*,#7334,.T.);
#10300=ORIENTED_EDGE('',*,*,#7234,.T.);
#10301=ORIENTED_EDGE('',*,*,#7333,.T.);
#10302=ORIENTED_EDGE('',*,*,#7294,.T.);
#10303=ORIENTED_EDGE('',*,*,#7336,.F.);
#10304=ORIENTED_EDGE('',*,*,#7337,.F.);
#10305=ORIENTED_EDGE('',*,*,#7291,.T.);
#10306=ORIENTED_EDGE('',*,*,#7338,.F.);
#10307=ORIENTED_EDGE('',*,*,#7337,.T.);
#10308=ORIENTED_EDGE('',*,*,#7339,.T.);
#10309=ORIENTED_EDGE('',*,*,#7335,.T.);
#10310=ORIENTED_EDGE('',*,*,#7292,.T.);
#10311=ORIENTED_EDGE('',*,*,#7340,.F.);
#10312=ORIENTED_EDGE('',*,*,#7341,.F.);
#10313=ORIENTED_EDGE('',*,*,#7289,.T.);
#10314=ORIENTED_EDGE('',*,*,#7342,.F.);
#10315=ORIENTED_EDGE('',*,*,#7341,.T.);
#10316=ORIENTED_EDGE('',*,*,#7343,.T.);
#10317=ORIENTED_EDGE('',*,*,#7338,.T.);
#10318=ORIENTED_EDGE('',*,*,#7290,.T.);
#10319=ORIENTED_EDGE('',*,*,#7344,.T.);
#10320=ORIENTED_EDGE('',*,*,#7342,.T.);
#10321=ORIENTED_EDGE('',*,*,#7288,.T.);
#10322=ORIENTED_EDGE('',*,*,#7345,.T.);
#10323=ORIENTED_EDGE('',*,*,#7227,.F.);
#10324=ORIENTED_EDGE('',*,*,#7346,.T.);
#10325=ORIENTED_EDGE('',*,*,#7340,.T.);
#10326=ORIENTED_EDGE('',*,*,#7347,.T.);
#10327=ORIENTED_EDGE('',*,*,#7223,.F.);
#10328=ORIENTED_EDGE('',*,*,#7348,.T.);
#10329=ORIENTED_EDGE('',*,*,#7336,.T.);
#10330=ORIENTED_EDGE('',*,*,#7349,.T.);
#10331=ORIENTED_EDGE('',*,*,#7287,.T.);
#10332=ORIENTED_EDGE('',*,*,#7079,.T.);
#10333=ORIENTED_EDGE('',*,*,#7350,.T.);
#10334=ORIENTED_EDGE('',*,*,#7345,.F.);
#10335=ORIENTED_EDGE('',*,*,#7329,.F.);
#10336=ORIENTED_EDGE('',*,*,#7238,.T.);
#10337=ORIENTED_EDGE('',*,*,#7351,.F.);
#10338=ORIENTED_EDGE('',*,*,#7352,.F.);
#10339=ORIENTED_EDGE('',*,*,#7353,.T.);
#10340=ORIENTED_EDGE('',*,*,#7081,.T.);
#10341=ORIENTED_EDGE('',*,*,#7286,.T.);
#10342=ORIENTED_EDGE('',*,*,#7354,.T.);
#10343=ORIENTED_EDGE('',*,*,#7169,.F.);
#10344=ORIENTED_EDGE('',*,*,#7355,.F.);
#10345=ORIENTED_EDGE('',*,*,#7284,.T.);
#10346=ORIENTED_EDGE('',*,*,#7356,.F.);
#10347=ORIENTED_EDGE('',*,*,#7285,.T.);
#10348=ORIENTED_EDGE('',*,*,#7355,.T.);
#10349=ORIENTED_EDGE('',*,*,#7172,.T.);
#10350=ORIENTED_EDGE('',*,*,#7354,.F.);
#10351=ORIENTED_EDGE('',*,*,#7164,.F.);
#10352=ORIENTED_EDGE('',*,*,#7357,.F.);
#10353=ORIENTED_EDGE('',*,*,#7282,.T.);
#10354=ORIENTED_EDGE('',*,*,#7358,.F.);
#10355=ORIENTED_EDGE('',*,*,#7357,.T.);
#10356=ORIENTED_EDGE('',*,*,#7167,.T.);
#10357=ORIENTED_EDGE('',*,*,#7356,.T.);
#10358=ORIENTED_EDGE('',*,*,#7283,.T.);
#10359=ORIENTED_EDGE('',*,*,#7359,.F.);
#10360=ORIENTED_EDGE('',*,*,#7360,.F.);
#10361=ORIENTED_EDGE('',*,*,#7280,.T.);
#10362=ORIENTED_EDGE('',*,*,#7361,.F.);
#10363=ORIENTED_EDGE('',*,*,#7360,.T.);
#10364=ORIENTED_EDGE('',*,*,#7362,.T.);
#10365=ORIENTED_EDGE('',*,*,#7358,.T.);
#10366=ORIENTED_EDGE('',*,*,#7281,.T.);
#10367=ORIENTED_EDGE('',*,*,#7363,.F.);
#10368=ORIENTED_EDGE('',*,*,#7364,.F.);
#10369=ORIENTED_EDGE('',*,*,#7278,.T.);
#10370=ORIENTED_EDGE('',*,*,#7365,.F.);
#10371=ORIENTED_EDGE('',*,*,#7364,.T.);
#10372=ORIENTED_EDGE('',*,*,#7366,.T.);
#10373=ORIENTED_EDGE('',*,*,#7361,.T.);
#10374=ORIENTED_EDGE('',*,*,#7279,.T.);
#10375=ORIENTED_EDGE('',*,*,#7367,.T.);
#10376=ORIENTED_EDGE('',*,*,#7365,.T.);
#10377=ORIENTED_EDGE('',*,*,#7277,.T.);
#10378=ORIENTED_EDGE('',*,*,#7368,.T.);
#10379=ORIENTED_EDGE('',*,*,#7160,.F.);
#10380=ORIENTED_EDGE('',*,*,#7369,.T.);
#10381=ORIENTED_EDGE('',*,*,#7363,.T.);
#10382=ORIENTED_EDGE('',*,*,#7370,.T.);
#10383=ORIENTED_EDGE('',*,*,#7276,.T.);
#10384=ORIENTED_EDGE('',*,*,#7070,.T.);
#10385=ORIENTED_EDGE('',*,*,#7371,.T.);
#10386=ORIENTED_EDGE('',*,*,#7368,.F.);
#10387=ORIENTED_EDGE('',*,*,#7156,.F.);
#10388=ORIENTED_EDGE('',*,*,#7372,.T.);
#10389=ORIENTED_EDGE('',*,*,#7359,.T.);
#10390=ORIENTED_EDGE('',*,*,#7373,.T.);
#10391=ORIENTED_EDGE('',*,*,#7353,.F.);
#10392=ORIENTED_EDGE('',*,*,#7171,.T.);
#10393=ORIENTED_EDGE('',*,*,#7374,.F.);
#10394=ORIENTED_EDGE('',*,*,#7082,.F.);
#10395=ORIENTED_EDGE('',*,*,#7241,.T.);
#10396=ORIENTED_EDGE('',*,*,#7375,.T.);
#10397=ORIENTED_EDGE('',*,*,#7376,.T.);
#10398=ORIENTED_EDGE('',*,*,#7351,.T.);
#10399=ORIENTED_EDGE('',*,*,#7377,.T.);
#10400=ORIENTED_EDGE('',*,*,#7378,.T.);
#10401=ORIENTED_EDGE('',*,*,#7379,.T.);
#10402=ORIENTED_EDGE('',*,*,#7380,.T.);
#10403=ORIENTED_EDGE('',*,*,#7381,.T.);
#10404=ORIENTED_EDGE('',*,*,#7382,.T.);
#10405=ORIENTED_EDGE('',*,*,#7174,.T.);
#10406=ORIENTED_EDGE('',*,*,#7383,.T.);
#10407=ORIENTED_EDGE('',*,*,#7076,.T.);
#10408=ORIENTED_EDGE('',*,*,#7374,.T.);
#10409=ORIENTED_EDGE('',*,*,#7384,.T.);
#10410=ORIENTED_EDGE('',*,*,#7385,.T.);
#10411=ORIENTED_EDGE('',*,*,#7386,.T.);
#10412=ORIENTED_EDGE('',*,*,#7387,.T.);
#10413=ORIENTED_EDGE('',*,*,#7388,.T.);
#10414=ORIENTED_EDGE('',*,*,#7389,.T.);
#10415=ORIENTED_EDGE('',*,*,#7062,.F.);
#10416=ORIENTED_EDGE('',*,*,#7074,.F.);
#10417=ORIENTED_EDGE('',*,*,#7390,.F.);
#10418=ORIENTED_EDGE('',*,*,#7391,.T.);
#10419=ORIENTED_EDGE('',*,*,#7056,.F.);
#10420=ORIENTED_EDGE('',*,*,#7392,.F.);
#10421=ORIENTED_EDGE('',*,*,#7376,.F.);
#10422=ORIENTED_EDGE('',*,*,#7077,.T.);
#10423=ORIENTED_EDGE('',*,*,#7049,.T.);
#10424=ORIENTED_EDGE('',*,*,#7393,.T.);
#10425=ORIENTED_EDGE('',*,*,#7390,.T.);
#10426=ORIENTED_EDGE('',*,*,#7328,.T.);
#10427=ORIENTED_EDGE('',*,*,#7394,.T.);
#10428=ORIENTED_EDGE('',*,*,#7395,.T.);
#10429=ORIENTED_EDGE('',*,*,#7396,.T.);
#10430=ORIENTED_EDGE('',*,*,#7397,.T.);
#10431=ORIENTED_EDGE('',*,*,#7398,.T.);
#10432=ORIENTED_EDGE('',*,*,#7399,.T.);
#10433=ORIENTED_EDGE('',*,*,#7314,.T.);
#10434=ORIENTED_EDGE('',*,*,#7400,.T.);
#10435=ORIENTED_EDGE('',*,*,#7389,.F.);
#10436=ORIENTED_EDGE('',*,*,#7401,.F.);
#10437=ORIENTED_EDGE('',*,*,#7315,.T.);
#10438=ORIENTED_EDGE('',*,*,#7401,.T.);
#10439=ORIENTED_EDGE('',*,*,#7388,.F.);
#10440=ORIENTED_EDGE('',*,*,#7402,.F.);
#10441=ORIENTED_EDGE('',*,*,#7316,.T.);
#10442=ORIENTED_EDGE('',*,*,#7402,.T.);
#10443=ORIENTED_EDGE('',*,*,#7387,.F.);
#10444=ORIENTED_EDGE('',*,*,#7403,.F.);
#10445=ORIENTED_EDGE('',*,*,#7317,.T.);
#10446=ORIENTED_EDGE('',*,*,#7403,.T.);
#10447=ORIENTED_EDGE('',*,*,#7386,.F.);
#10448=ORIENTED_EDGE('',*,*,#7404,.F.);
#10449=ORIENTED_EDGE('',*,*,#7318,.T.);
#10450=ORIENTED_EDGE('',*,*,#7404,.T.);
#10451=ORIENTED_EDGE('',*,*,#7385,.F.);
#10452=ORIENTED_EDGE('',*,*,#7405,.F.);
#10453=ORIENTED_EDGE('',*,*,#7313,.T.);
#10454=ORIENTED_EDGE('',*,*,#7405,.T.);
#10455=ORIENTED_EDGE('',*,*,#7384,.F.);
#10456=ORIENTED_EDGE('',*,*,#7400,.F.);
#10457=ORIENTED_EDGE('',*,*,#7308,.T.);
#10458=ORIENTED_EDGE('',*,*,#7406,.T.);
#10459=ORIENTED_EDGE('',*,*,#7399,.F.);
#10460=ORIENTED_EDGE('',*,*,#7407,.F.);
#10461=ORIENTED_EDGE('',*,*,#7309,.T.);
#10462=ORIENTED_EDGE('',*,*,#7407,.T.);
#10463=ORIENTED_EDGE('',*,*,#7398,.F.);
#10464=ORIENTED_EDGE('',*,*,#7408,.F.);
#10465=ORIENTED_EDGE('',*,*,#7310,.T.);
#10466=ORIENTED_EDGE('',*,*,#7408,.T.);
#10467=ORIENTED_EDGE('',*,*,#7397,.F.);
#10468=ORIENTED_EDGE('',*,*,#7409,.F.);
#10469=ORIENTED_EDGE('',*,*,#7311,.T.);
#10470=ORIENTED_EDGE('',*,*,#7409,.T.);
#10471=ORIENTED_EDGE('',*,*,#7396,.F.);
#10472=ORIENTED_EDGE('',*,*,#7410,.F.);
#10473=ORIENTED_EDGE('',*,*,#7312,.T.);
#10474=ORIENTED_EDGE('',*,*,#7410,.T.);
#10475=ORIENTED_EDGE('',*,*,#7395,.F.);
#10476=ORIENTED_EDGE('',*,*,#7411,.F.);
#10477=ORIENTED_EDGE('',*,*,#7307,.T.);
#10478=ORIENTED_EDGE('',*,*,#7411,.T.);
#10479=ORIENTED_EDGE('',*,*,#7394,.F.);
#10480=ORIENTED_EDGE('',*,*,#7406,.F.);
#10481=ORIENTED_EDGE('',*,*,#7114,.F.);
#10482=ORIENTED_EDGE('',*,*,#7412,.F.);
#10483=ORIENTED_EDGE('',*,*,#7323,.T.);
#10484=ORIENTED_EDGE('',*,*,#7131,.T.);
#10485=ORIENTED_EDGE('',*,*,#7117,.F.);
#10486=ORIENTED_EDGE('',*,*,#7413,.F.);
#10487=ORIENTED_EDGE('',*,*,#7324,.T.);
#10488=ORIENTED_EDGE('',*,*,#7412,.T.);
#10489=ORIENTED_EDGE('',*,*,#7120,.F.);
#10490=ORIENTED_EDGE('',*,*,#7128,.F.);
#10491=ORIENTED_EDGE('',*,*,#7322,.T.);
#10492=ORIENTED_EDGE('',*,*,#7413,.T.);
#10493=ORIENTED_EDGE('',*,*,#7299,.T.);
#10494=ORIENTED_EDGE('',*,*,#7414,.T.);
#10495=ORIENTED_EDGE('',*,*,#7382,.F.);
#10496=ORIENTED_EDGE('',*,*,#7415,.F.);
#10497=ORIENTED_EDGE('',*,*,#7300,.T.);
#10498=ORIENTED_EDGE('',*,*,#7415,.T.);
#10499=ORIENTED_EDGE('',*,*,#7381,.F.);
#10500=ORIENTED_EDGE('',*,*,#7416,.F.);
#10501=ORIENTED_EDGE('',*,*,#7301,.T.);
#10502=ORIENTED_EDGE('',*,*,#7416,.T.);
#10503=ORIENTED_EDGE('',*,*,#7380,.F.);
#10504=ORIENTED_EDGE('',*,*,#7417,.F.);
#10505=ORIENTED_EDGE('',*,*,#7302,.T.);
#10506=ORIENTED_EDGE('',*,*,#7417,.T.);
#10507=ORIENTED_EDGE('',*,*,#7379,.F.);
#10508=ORIENTED_EDGE('',*,*,#7418,.F.);
#10509=ORIENTED_EDGE('',*,*,#7303,.T.);
#10510=ORIENTED_EDGE('',*,*,#7418,.T.);
#10511=ORIENTED_EDGE('',*,*,#7378,.F.);
#10512=ORIENTED_EDGE('',*,*,#7419,.F.);
#10513=ORIENTED_EDGE('',*,*,#7298,.T.);
#10514=ORIENTED_EDGE('',*,*,#7419,.T.);
#10515=ORIENTED_EDGE('',*,*,#7377,.F.);
#10516=ORIENTED_EDGE('',*,*,#7414,.F.);
#10517=ORIENTED_EDGE('',*,*,#7181,.F.);
#10518=ORIENTED_EDGE('',*,*,#7420,.F.);
#10519=ORIENTED_EDGE('',*,*,#7326,.T.);
#10520=ORIENTED_EDGE('',*,*,#7198,.T.);
#10521=ORIENTED_EDGE('',*,*,#7184,.F.);
#10522=ORIENTED_EDGE('',*,*,#7421,.F.);
#10523=ORIENTED_EDGE('',*,*,#7327,.T.);
#10524=ORIENTED_EDGE('',*,*,#7420,.T.);
#10525=ORIENTED_EDGE('',*,*,#7187,.F.);
#10526=ORIENTED_EDGE('',*,*,#7195,.F.);
#10527=ORIENTED_EDGE('',*,*,#7325,.T.);
#10528=ORIENTED_EDGE('',*,*,#7421,.T.);
#10529=ORIENTED_EDGE('',*,*,#6989,.F.);
#10530=ORIENTED_EDGE('',*,*,#7422,.F.);
#10531=ORIENTED_EDGE('',*,*,#7320,.T.);
#10532=ORIENTED_EDGE('',*,*,#7006,.T.);
#10533=ORIENTED_EDGE('',*,*,#6992,.F.);
#10534=ORIENTED_EDGE('',*,*,#7423,.F.);
#10535=ORIENTED_EDGE('',*,*,#7321,.T.);
#10536=ORIENTED_EDGE('',*,*,#7422,.T.);
#10537=ORIENTED_EDGE('',*,*,#6995,.F.);
#10538=ORIENTED_EDGE('',*,*,#7003,.F.);
#10539=ORIENTED_EDGE('',*,*,#7319,.T.);
#10540=ORIENTED_EDGE('',*,*,#7423,.T.);
#10541=ORIENTED_EDGE('',*,*,#7093,.F.);
#10542=ORIENTED_EDGE('',*,*,#7424,.F.);
#10543=ORIENTED_EDGE('',*,*,#7305,.T.);
#10544=ORIENTED_EDGE('',*,*,#7106,.T.);
#10545=ORIENTED_EDGE('',*,*,#7095,.F.);
#10546=ORIENTED_EDGE('',*,*,#7425,.F.);
#10547=ORIENTED_EDGE('',*,*,#7306,.T.);
#10548=ORIENTED_EDGE('',*,*,#7424,.T.);
#10549=ORIENTED_EDGE('',*,*,#7097,.F.);
#10550=ORIENTED_EDGE('',*,*,#7103,.F.);
#10551=ORIENTED_EDGE('',*,*,#7304,.T.);
#10552=ORIENTED_EDGE('',*,*,#7425,.T.);
#10553=ORIENTED_EDGE('',*,*,#7350,.F.);
#10554=ORIENTED_EDGE('',*,*,#7078,.T.);
#10555=ORIENTED_EDGE('',*,*,#7375,.F.);
#10556=ORIENTED_EDGE('',*,*,#7426,.F.);
#10557=ORIENTED_EDGE('',*,*,#7229,.F.);
#10558=ORIENTED_EDGE('',*,*,#7347,.F.);
#10559=ORIENTED_EDGE('',*,*,#7344,.F.);
#10560=ORIENTED_EDGE('',*,*,#7426,.T.);
#10561=ORIENTED_EDGE('',*,*,#7240,.T.);
#10562=ORIENTED_EDGE('',*,*,#7226,.F.);
#10563=ORIENTED_EDGE('',*,*,#7349,.F.);
#10564=ORIENTED_EDGE('',*,*,#7343,.F.);
#10565=ORIENTED_EDGE('',*,*,#7346,.F.);
#10566=ORIENTED_EDGE('',*,*,#7222,.F.);
#10567=ORIENTED_EDGE('',*,*,#7232,.F.);
#10568=ORIENTED_EDGE('',*,*,#7339,.F.);
#10569=ORIENTED_EDGE('',*,*,#7348,.F.);
#10570=ORIENTED_EDGE('',*,*,#7059,.F.);
#10571=ORIENTED_EDGE('',*,*,#7391,.F.);
#10572=ORIENTED_EDGE('',*,*,#7427,.F.);
#10573=ORIENTED_EDGE('',*,*,#7273,.F.);
#10574=ORIENTED_EDGE('',*,*,#7275,.T.);
#10575=ORIENTED_EDGE('',*,*,#7330,.F.);
#10576=ORIENTED_EDGE('',*,*,#7352,.T.);
#10577=ORIENTED_EDGE('',*,*,#7392,.T.);
#10578=ORIENTED_EDGE('',*,*,#7274,.F.);
#10579=ORIENTED_EDGE('',*,*,#7427,.T.);
#10580=ORIENTED_EDGE('',*,*,#7393,.F.);
#10581=ORIENTED_EDGE('',*,*,#7428,.F.);
#10582=ORIENTED_EDGE('',*,*,#7037,.F.);
#10583=ORIENTED_EDGE('',*,*,#7269,.F.);
#10584=ORIENTED_EDGE('',*,*,#7265,.F.);
#10585=ORIENTED_EDGE('',*,*,#7428,.T.);
#10586=ORIENTED_EDGE('',*,*,#7048,.T.);
#10587=ORIENTED_EDGE('',*,*,#7034,.F.);
#10588=ORIENTED_EDGE('',*,*,#7271,.F.);
#10589=ORIENTED_EDGE('',*,*,#7263,.F.);
#10590=ORIENTED_EDGE('',*,*,#7268,.F.);
#10591=ORIENTED_EDGE('',*,*,#7030,.F.);
#10592=ORIENTED_EDGE('',*,*,#7040,.F.);
#10593=ORIENTED_EDGE('',*,*,#7257,.F.);
#10594=ORIENTED_EDGE('',*,*,#7270,.F.);
#10595=ORIENTED_EDGE('',*,*,#7371,.F.);
#10596=ORIENTED_EDGE('',*,*,#7069,.T.);
#10597=ORIENTED_EDGE('',*,*,#7383,.F.);
#10598=ORIENTED_EDGE('',*,*,#7429,.F.);
#10599=ORIENTED_EDGE('',*,*,#7162,.F.);
#10600=ORIENTED_EDGE('',*,*,#7370,.F.);
#10601=ORIENTED_EDGE('',*,*,#7367,.F.);
#10602=ORIENTED_EDGE('',*,*,#7429,.T.);
#10603=ORIENTED_EDGE('',*,*,#7173,.T.);
#10604=ORIENTED_EDGE('',*,*,#7159,.F.);
#10605=ORIENTED_EDGE('',*,*,#7373,.F.);
#10606=ORIENTED_EDGE('',*,*,#7366,.F.);
#10607=ORIENTED_EDGE('',*,*,#7369,.F.);
#10608=ORIENTED_EDGE('',*,*,#7155,.F.);
#10609=ORIENTED_EDGE('',*,*,#7165,.F.);
#10610=ORIENTED_EDGE('',*,*,#7362,.F.);
#10611=ORIENTED_EDGE('',*,*,#7372,.F.);
#10612=SPHERICAL_SURFACE('',#11306,0.799999999999998);
#10613=SPHERICAL_SURFACE('',#11312,0.800000000000001);
#10614=SPHERICAL_SURFACE('',#11318,0.799999999999996);
#10615=SPHERICAL_SURFACE('',#11324,0.800000000000002);
#10616=SPHERICAL_SURFACE('',#11330,0.800000000000001);
#10617=SPHERICAL_SURFACE('',#11336,0.800000000000001);
#10618=ADVANCED_FACE('',(#3159),#10612,.T.);
#10619=ADVANCED_FACE('',(#3160),#2985,.T.);
#10620=ADVANCED_FACE('',(#3161),#10613,.T.);
#10621=ADVANCED_FACE('',(#3162),#2986,.T.);
#10622=ADVANCED_FACE('',(#3163),#10614,.T.);
#10623=ADVANCED_FACE('',(#3164),#2987,.T.);
#10624=ADVANCED_FACE('',(#3165),#10615,.T.);
#10625=ADVANCED_FACE('',(#3166),#2988,.T.);
#10626=ADVANCED_FACE('',(#3167),#10616,.T.);
#10627=ADVANCED_FACE('',(#3168),#2989,.T.);
#10628=ADVANCED_FACE('',(#3169),#10617,.T.);
#10629=ADVANCED_FACE('',(#3170),#2990,.T.);
#10630=ADVANCED_FACE('',(#3171),#219,.T.);
#10631=ADVANCED_FACE('',(#3172),#220,.T.);
#10632=ADVANCED_FACE('',(#3173),#221,.T.);
#10633=ADVANCED_FACE('',(#3174),#222,.T.);
#10634=ADVANCED_FACE('',(#3175),#223,.T.);
#10635=ADVANCED_FACE('',(#3176),#224,.T.);
#10636=ADVANCED_FACE('',(#3177),#225,.T.);
#10637=ADVANCED_FACE('',(#3178),#226,.T.);
#10638=ADVANCED_FACE('',(#3179),#227,.T.);
#10639=ADVANCED_FACE('',(#3180),#169,.T.);
#10640=ADVANCED_FACE('',(#3181),#170,.T.);
#10641=ADVANCED_FACE('',(#3182),#171,.T.);
#10642=ADVANCED_FACE('',(#3183),#172,.T.);
#10643=ADVANCED_FACE('',(#3184),#173,.T.);
#10644=ADVANCED_FACE('',(#3185),#174,.T.);
#10645=ADVANCED_FACE('',(#3186),#2991,.T.);
#10646=ADVANCED_FACE('',(#3187),#2992,.F.);
#10647=ADVANCED_FACE('',(#3188),#175,.T.);
#10648=ADVANCED_FACE('',(#3189),#176,.T.);
#10649=ADVANCED_FACE('',(#3190),#177,.T.);
#10650=ADVANCED_FACE('',(#3191),#178,.T.);
#10651=ADVANCED_FACE('',(#3192),#2993,.T.);
#10652=ADVANCED_FACE('',(#3193),#2994,.F.);
#10653=ADVANCED_FACE('',(#3194),#179,.T.);
#10654=ADVANCED_FACE('',(#3195),#180,.T.);
#10655=ADVANCED_FACE('',(#3196),#2995,.T.);
#10656=ADVANCED_FACE('',(#3197),#2996,.F.);
#10657=ADVANCED_FACE('',(#3198),#2997,.T.);
#10658=ADVANCED_FACE('',(#3199),#2998,.F.);
#10659=ADVANCED_FACE('',(#3200),#2999,.T.);
#10660=ADVANCED_FACE('',(#3201),#3000,.T.);
#10661=ADVANCED_FACE('',(#3202),#3001,.T.);
#10662=ADVANCED_FACE('',(#3203),#3002,.F.);
#10663=ADVANCED_FACE('',(#3204),#3003,.T.);
#10664=ADVANCED_FACE('',(#3205),#3004,.T.);
#10665=ADVANCED_FACE('',(#3206),#3005,.T.);
#10666=ADVANCED_FACE('',(#3207),#3006,.F.);
#10667=ADVANCED_FACE('',(#3208),#3007,.T.);
#10668=ADVANCED_FACE('',(#3209),#3008,.T.);
#10669=ADVANCED_FACE('',(#3210),#228,.T.);
#10670=ADVANCED_FACE('',(#3211),#229,.T.);
#10671=ADVANCED_FACE('',(#3212),#230,.T.);
#10672=ADVANCED_FACE('',(#3213,#123),#231,.T.);
#10673=ADVANCED_FACE('',(#3214),#232,.T.);
#10674=ADVANCED_FACE('',(#3215),#233,.T.);
#10675=ADVANCED_FACE('',(#3216),#234,.T.);
#10676=ADVANCED_FACE('',(#3217),#3009,.T.);
#10677=ADVANCED_FACE('',(#3218),#235,.T.);
#10678=ADVANCED_FACE('',(#3219,#124),#236,.T.);
#10679=ADVANCED_FACE('',(#3220),#3010,.T.);
#10680=ADVANCED_FACE('',(#3221),#237,.T.);
#10681=ADVANCED_FACE('',(#3222),#3011,.T.);
#10682=ADVANCED_FACE('',(#3223),#3012,.T.);
#10683=ADVANCED_FACE('',(#3224),#238,.T.);
#10684=ADVANCED_FACE('',(#3225),#3013,.T.);
#10685=ADVANCED_FACE('',(#3226),#239,.T.);
#10686=ADVANCED_FACE('',(#3227),#3014,.T.);
#10687=ADVANCED_FACE('',(#3228),#240,.T.);
#10688=ADVANCED_FACE('',(#3229),#241,.T.);
#10689=ADVANCED_FACE('',(#3230),#242,.T.);
#10690=ADVANCED_FACE('',(#3231),#243,.T.);
#10691=ADVANCED_FACE('',(#3232),#244,.T.);
#10692=ADVANCED_FACE('',(#3233),#181,.F.);
#10693=ADVANCED_FACE('',(#3234),#3015,.F.);
#10694=ADVANCED_FACE('',(#3235),#245,.T.);
#10695=ADVANCED_FACE('',(#3236),#182,.F.);
#10696=ADVANCED_FACE('',(#3237),#3016,.F.);
#10697=ADVANCED_FACE('',(#3238),#246,.T.);
#10698=ADVANCED_FACE('',(#3239),#183,.F.);
#10699=ADVANCED_FACE('',(#3240),#3017,.F.);
#10700=ADVANCED_FACE('',(#3241),#247,.T.);
#10701=ADVANCED_FACE('',(#3242),#184,.F.);
#10702=ADVANCED_FACE('',(#3243),#3018,.F.);
#10703=ADVANCED_FACE('',(#3244),#248,.T.);
#10704=ADVANCED_FACE('',(#3245),#185,.T.);
#10705=ADVANCED_FACE('',(#3246),#3019,.T.);
#10706=ADVANCED_FACE('',(#3247,#125),#249,.T.);
#10707=ADVANCED_FACE('',(#3248),#186,.T.);
#10708=ADVANCED_FACE('',(#3249),#3020,.T.);
#10709=ADVANCED_FACE('',(#3250,#126),#250,.T.);
#10710=ADVANCED_FACE('',(#3251),#187,.T.);
#10711=ADVANCED_FACE('',(#3252),#3021,.T.);
#10712=ADVANCED_FACE('',(#3253,#127),#251,.T.);
#10713=ADVANCED_FACE('',(#3254),#188,.T.);
#10714=ADVANCED_FACE('',(#3255),#3022,.T.);
#10715=ADVANCED_FACE('',(#3256,#128),#252,.T.);
#10716=ADVANCED_FACE('',(#3257),#3023,.T.);
#10717=ADVANCED_FACE('',(#3258,#129,#130,#131,#132),#253,.T.);
#10718=ADVANCED_FACE('',(#3259),#254,.T.);
#10719=ADVANCED_FACE('',(#3260),#3024,.T.);
#10720=ADVANCED_FACE('',(#3261),#3025,.T.);
#10721=ADVANCED_FACE('',(#3262),#255,.T.);
#10722=ADVANCED_FACE('',(#3263),#3026,.T.);
#10723=ADVANCED_FACE('',(#3264),#256,.T.);
#10724=ADVANCED_FACE('',(#3265),#3027,.T.);
#10725=ADVANCED_FACE('',(#3266),#257,.T.);
#10726=ADVANCED_FACE('',(#3267),#3028,.T.);
#10727=ADVANCED_FACE('',(#3268),#258,.T.);
#10728=ADVANCED_FACE('',(#3269),#259,.T.);
#10729=ADVANCED_FACE('',(#3270),#260,.F.);
#10730=ADVANCED_FACE('',(#3271),#189,.F.);
#10731=ADVANCED_FACE('',(#3272),#3029,.F.);
#10732=ADVANCED_FACE('',(#3273),#261,.T.);
#10733=ADVANCED_FACE('',(#3274),#190,.F.);
#10734=ADVANCED_FACE('',(#3275),#191,.F.);
#10735=ADVANCED_FACE('',(#3276),#3030,.F.);
#10736=ADVANCED_FACE('',(#3277),#3031,.T.);
#10737=ADVANCED_FACE('',(#3278),#192,.F.);
#10738=ADVANCED_FACE('',(#3279),#193,.F.);
#10739=ADVANCED_FACE('',(#3280),#3032,.F.);
#10740=ADVANCED_FACE('',(#3281),#3033,.F.);
#10741=ADVANCED_FACE('',(#3282),#3034,.T.);
#10742=ADVANCED_FACE('',(#3283),#3035,.T.);
#10743=ADVANCED_FACE('',(#3284),#3036,.F.);
#10744=ADVANCED_FACE('',(#3285),#3037,.T.);
#10745=ADVANCED_FACE('',(#3286),#262,.T.);
#10746=ADVANCED_FACE('',(#3287),#263,.T.);
#10747=ADVANCED_FACE('',(#3288,#133),#264,.T.);
#10748=ADVANCED_FACE('',(#3289,#134),#265,.T.);
#10749=ADVANCED_FACE('',(#3290),#194,.F.);
#10750=ADVANCED_FACE('',(#3291,#135),#266,.T.);
#10751=ADVANCED_FACE('',(#3292),#3038,.T.);
#10752=ADVANCED_FACE('',(#3293),#3039,.F.);
#10753=ADVANCED_FACE('',(#3294),#3040,.F.);
#10754=ADVANCED_FACE('',(#3295),#3041,.F.);
#10755=ADVANCED_FACE('',(#3296),#3042,.F.);
#10756=ADVANCED_FACE('',(#3297),#3043,.F.);
#10757=ADVANCED_FACE('',(#3298),#3044,.F.);
#10758=ADVANCED_FACE('',(#3299),#3045,.F.);
#10759=ADVANCED_FACE('',(#3300),#3046,.F.);
#10760=ADVANCED_FACE('',(#3301),#3047,.F.);
#10761=ADVANCED_FACE('',(#3302),#3048,.F.);
#10762=ADVANCED_FACE('',(#3303),#3049,.F.);
#10763=ADVANCED_FACE('',(#3304),#3050,.F.);
#10764=ADVANCED_FACE('',(#3305),#3051,.F.);
#10765=ADVANCED_FACE('',(#3306),#3052,.F.);
#10766=ADVANCED_FACE('',(#3307),#3053,.F.);
#10767=ADVANCED_FACE('',(#3308),#3054,.F.);
#10768=ADVANCED_FACE('',(#3309),#3055,.F.);
#10769=ADVANCED_FACE('',(#3310),#3056,.F.);
#10770=ADVANCED_FACE('',(#3311),#3057,.F.);
#10771=ADVANCED_FACE('',(#3312),#3058,.F.);
#10772=ADVANCED_FACE('',(#3313),#3059,.F.);
#10773=ADVANCED_FACE('',(#3314),#3060,.F.);
#10774=ADVANCED_FACE('',(#3315),#3061,.F.);
#10775=ADVANCED_FACE('',(#3316),#3062,.F.);
#10776=ADVANCED_FACE('',(#3317),#3063,.F.);
#10777=ADVANCED_FACE('',(#3318),#3064,.F.);
#10778=ADVANCED_FACE('',(#3319),#3065,.F.);
#10779=ADVANCED_FACE('',(#3320),#3066,.F.);
#10780=ADVANCED_FACE('',(#3321),#3067,.F.);
#10781=ADVANCED_FACE('',(#3322),#3068,.F.);
#10782=ADVANCED_FACE('',(#3323),#3069,.F.);
#10783=ADVANCED_FACE('',(#3324),#3070,.F.);
#10784=ADVANCED_FACE('',(#3325),#3071,.F.);
#10785=ADVANCED_FACE('',(#3326),#3072,.F.);
#10786=ADVANCED_FACE('',(#3327),#3073,.F.);
#10787=ADVANCED_FACE('',(#3328),#3074,.F.);
#10788=ADVANCED_FACE('',(#3329),#267,.T.);
#10789=ADVANCED_FACE('',(#3330),#268,.T.);
#10790=ADVANCED_FACE('',(#3331),#269,.T.);
#10791=ADVANCED_FACE('',(#3332),#270,.T.);
#10792=ADVANCED_FACE('',(#3333),#271,.T.);
#10793=ADVANCED_FACE('',(#3334),#272,.T.);
#10794=ADVANCED_FACE('',(#3335),#273,.T.);
#10795=ADVANCED_FACE('',(#3336),#274,.T.);
#10796=ADVANCED_FACE('',(#3337),#275,.T.);
#10797=ADVANCED_FACE('',(#3338),#276,.T.);
#10798=ADVANCED_FACE('',(#3339),#277,.T.);
#10799=ADVANCED_FACE('',(#3340),#278,.T.);
#10800=ADVANCED_FACE('',(#3341),#279,.T.);
#10801=ADVANCED_FACE('',(#3342),#280,.T.);
#10802=ADVANCED_FACE('',(#3343),#281,.T.);
#10803=ADVANCED_FACE('',(#3344),#282,.T.);
#10804=ADVANCED_FACE('',(#3345),#283,.T.);
#10805=ADVANCED_FACE('',(#3346),#284,.T.);
#10806=ADVANCED_FACE('',(#3347),#3075,.T.);
#10807=ADVANCED_FACE('',(#3348),#285,.T.);
#10808=ADVANCED_FACE('',(#3349),#3076,.T.);
#10809=ADVANCED_FACE('',(#3350),#286,.T.);
#10810=ADVANCED_FACE('',(#3351),#3077,.T.);
#10811=ADVANCED_FACE('',(#3352),#3078,.T.);
#10812=ADVANCED_FACE('',(#3353),#287,.T.);
#10813=ADVANCED_FACE('',(#3354),#3079,.T.);
#10814=ADVANCED_FACE('',(#3355),#288,.T.);
#10815=ADVANCED_FACE('',(#3356),#3080,.T.);
#10816=ADVANCED_FACE('',(#3357,#136),#289,.F.);
#10817=ADVANCED_FACE('',(#3358),#290,.T.);
#10818=ADVANCED_FACE('',(#3359),#291,.T.);
#10819=ADVANCED_FACE('',(#3360),#292,.T.);
#10820=ADVANCED_FACE('',(#3361),#293,.T.);
#10821=ADVANCED_FACE('',(#3362),#294,.T.);
#10822=ADVANCED_FACE('',(#3363),#295,.T.);
#10823=ADVANCED_FACE('',(#3364),#296,.T.);
#10824=ADVANCED_FACE('',(#3365),#297,.T.);
#10825=ADVANCED_FACE('',(#3366),#298,.T.);
#10826=ADVANCED_FACE('',(#3367),#299,.T.);
#10827=ADVANCED_FACE('',(#3368),#300,.T.);
#10828=ADVANCED_FACE('',(#3369),#301,.T.);
#10829=ADVANCED_FACE('',(#3370),#302,.T.);
#10830=ADVANCED_FACE('',(#3371),#303,.T.);
#10831=ADVANCED_FACE('',(#3372),#304,.T.);
#10832=ADVANCED_FACE('',(#3373),#305,.T.);
#10833=ADVANCED_FACE('',(#3374),#306,.T.);
#10834=ADVANCED_FACE('',(#3375),#307,.T.);
#10835=ADVANCED_FACE('',(#3376),#308,.T.);
#10836=ADVANCED_FACE('',(#3377),#309,.T.);
#10837=ADVANCED_FACE('',(#3378),#310,.T.);
#10838=ADVANCED_FACE('',(#3379),#311,.T.);
#10839=ADVANCED_FACE('',(#3380),#312,.T.);
#10840=ADVANCED_FACE('',(#3381),#313,.T.);
#10841=ADVANCED_FACE('',(#3382),#314,.T.);
#10842=ADVANCED_FACE('',(#3383),#315,.T.);
#10843=ADVANCED_FACE('',(#3384),#316,.T.);
#10844=ADVANCED_FACE('',(#3385),#317,.T.);
#10845=ADVANCED_FACE('',(#3386),#318,.T.);
#10846=ADVANCED_FACE('',(#3387),#319,.T.);
#10847=ADVANCED_FACE('',(#3388),#320,.T.);
#10848=ADVANCED_FACE('',(#3389),#321,.T.);
#10849=ADVANCED_FACE('',(#3390,#137),#322,.T.);
#10850=ADVANCED_FACE('',(#3391),#13,.T.);
#10851=ADVANCED_FACE('',(#3392),#323,.T.);
#10852=ADVANCED_FACE('',(#3393),#14,.T.);
#10853=ADVANCED_FACE('',(#3394),#324,.T.);
#10854=ADVANCED_FACE('',(#3395),#15,.T.);
#10855=ADVANCED_FACE('',(#3396),#325,.T.);
#10856=ADVANCED_FACE('',(#3397),#16,.T.);
#10857=ADVANCED_FACE('',(#3398),#326,.T.);
#10858=ADVANCED_FACE('',(#3399),#17,.T.);
#10859=ADVANCED_FACE('',(#3400),#327,.T.);
#10860=ADVANCED_FACE('',(#3401),#18,.T.);
#10861=ADVANCED_FACE('',(#3402),#328,.T.);
#10862=ADVANCED_FACE('',(#3403),#329,.T.);
#10863=ADVANCED_FACE('',(#3404),#3081,.T.);
#10864=ADVANCED_FACE('',(#3405),#330,.T.);
#10865=ADVANCED_FACE('',(#3406),#3082,.T.);
#10866=ADVANCED_FACE('',(#3407),#331,.T.);
#10867=ADVANCED_FACE('',(#3408),#3083,.T.);
#10868=ADVANCED_FACE('',(#3409,#138),#332,.F.);
#10869=ADVANCED_FACE('',(#3410),#333,.T.);
#10870=ADVANCED_FACE('',(#3411),#3084,.T.);
#10871=ADVANCED_FACE('',(#3412),#3085,.T.);
#10872=ADVANCED_FACE('',(#3413),#334,.T.);
#10873=ADVANCED_FACE('',(#3414),#3086,.T.);
#10874=ADVANCED_FACE('',(#3415),#335,.T.);
#10875=ADVANCED_FACE('',(#3416),#336,.T.);
#10876=ADVANCED_FACE('',(#3417),#337,.T.);
#10877=ADVANCED_FACE('',(#3418),#338,.T.);
#10878=ADVANCED_FACE('',(#3419),#339,.T.);
#10879=ADVANCED_FACE('',(#3420),#340,.T.);
#10880=ADVANCED_FACE('',(#3421),#341,.T.);
#10881=ADVANCED_FACE('',(#3422),#342,.T.);
#10882=ADVANCED_FACE('',(#3423),#343,.T.);
#10883=ADVANCED_FACE('',(#3424),#344,.T.);
#10884=ADVANCED_FACE('',(#3425),#345,.T.);
#10885=ADVANCED_FACE('',(#3426),#346,.T.);
#10886=ADVANCED_FACE('',(#3427),#347,.T.);
#10887=ADVANCED_FACE('',(#3428,#139),#348,.T.);
#10888=ADVANCED_FACE('',(#3429),#349,.T.);
#10889=ADVANCED_FACE('',(#3430),#350,.T.);
#10890=ADVANCED_FACE('',(#3431),#19,.T.);
#10891=ADVANCED_FACE('',(#3432),#351,.T.);
#10892=ADVANCED_FACE('',(#3433),#20,.T.);
#10893=ADVANCED_FACE('',(#3434),#352,.T.);
#10894=ADVANCED_FACE('',(#3435),#21,.T.);
#10895=ADVANCED_FACE('',(#3436),#353,.T.);
#10896=ADVANCED_FACE('',(#3437),#22,.T.);
#10897=ADVANCED_FACE('',(#3438),#354,.T.);
#10898=ADVANCED_FACE('',(#3439),#3087,.T.);
#10899=ADVANCED_FACE('',(#3440),#355,.T.);
#10900=ADVANCED_FACE('',(#3441),#3088,.T.);
#10901=ADVANCED_FACE('',(#3442),#356,.T.);
#10902=ADVANCED_FACE('',(#3443),#357,.T.);
#10903=ADVANCED_FACE('',(#3444),#358,.T.);
#10904=ADVANCED_FACE('',(#3445),#359,.T.);
#10905=ADVANCED_FACE('',(#3446),#23,.T.);
#10906=ADVANCED_FACE('',(#3447),#360,.T.);
#10907=ADVANCED_FACE('',(#3448),#24,.T.);
#10908=ADVANCED_FACE('',(#3449),#361,.T.);
#10909=ADVANCED_FACE('',(#3450),#25,.T.);
#10910=ADVANCED_FACE('',(#3451),#362,.T.);
#10911=ADVANCED_FACE('',(#3452),#26,.T.);
#10912=ADVANCED_FACE('',(#3453),#363,.T.);
#10913=ADVANCED_FACE('',(#3454),#3089,.T.);
#10914=ADVANCED_FACE('',(#3455),#364,.T.);
#10915=ADVANCED_FACE('',(#3456),#3090,.T.);
#10916=ADVANCED_FACE('',(#3457),#365,.T.);
#10917=ADVANCED_FACE('',(#3458),#366,.T.);
#10918=ADVANCED_FACE('',(#3459,#140),#367,.T.);
#10919=ADVANCED_FACE('',(#3460),#368,.T.);
#10920=ADVANCED_FACE('',(#3461),#369,.T.);
#10921=ADVANCED_FACE('',(#3462),#370,.T.);
#10922=ADVANCED_FACE('',(#3463),#371,.T.);
#10923=ADVANCED_FACE('',(#3464),#372,.T.);
#10924=ADVANCED_FACE('',(#3465),#373,.T.);
#10925=ADVANCED_FACE('',(#3466),#374,.T.);
#10926=ADVANCED_FACE('',(#3467),#375,.T.);
#10927=ADVANCED_FACE('',(#3468),#376,.T.);
#10928=ADVANCED_FACE('',(#3469),#377,.T.);
#10929=ADVANCED_FACE('',(#3470,#141,#142,#143),#378,.F.);
#10930=ADVANCED_FACE('',(#3471),#3091,.T.);
#10931=ADVANCED_FACE('',(#3472),#379,.T.);
#10932=ADVANCED_FACE('',(#3473),#3092,.T.);
#10933=ADVANCED_FACE('',(#3474),#195,.T.);
#10934=ADVANCED_FACE('',(#3475),#196,.T.);
#10935=ADVANCED_FACE('',(#3476),#197,.T.);
#10936=ADVANCED_FACE('',(#3477),#198,.T.);
#10937=ADVANCED_FACE('',(#3478),#3093,.T.);
#10938=ADVANCED_FACE('',(#3479),#3094,.T.);
#10939=ADVANCED_FACE('',(#3480),#3095,.T.);
#10940=ADVANCED_FACE('',(#3481),#3096,.T.);
#10941=ADVANCED_FACE('',(#3482),#3097,.T.);
#10942=ADVANCED_FACE('',(#3483),#3098,.T.);
#10943=ADVANCED_FACE('',(#3484),#3099,.T.);
#10944=ADVANCED_FACE('',(#3485),#3100,.T.);
#10945=ADVANCED_FACE('',(#3486),#3101,.T.);
#10946=ADVANCED_FACE('',(#3487),#380,.T.);
#10947=ADVANCED_FACE('',(#3488),#381,.T.);
#10948=ADVANCED_FACE('',(#3489),#382,.T.);
#10949=ADVANCED_FACE('',(#3490),#383,.T.);
#10950=ADVANCED_FACE('',(#3491),#384,.T.);
#10951=ADVANCED_FACE('',(#3492),#385,.T.);
#10952=ADVANCED_FACE('',(#3493),#386,.T.);
#10953=ADVANCED_FACE('',(#3494),#387,.T.);
#10954=ADVANCED_FACE('',(#3495),#388,.T.);
#10955=ADVANCED_FACE('',(#3496),#389,.T.);
#10956=ADVANCED_FACE('',(#3497),#390,.T.);
#10957=ADVANCED_FACE('',(#3498),#391,.T.);
#10958=ADVANCED_FACE('',(#3499),#392,.T.);
#10959=ADVANCED_FACE('',(#3500),#393,.T.);
#10960=ADVANCED_FACE('',(#3501),#394,.T.);
#10961=ADVANCED_FACE('',(#3502),#395,.T.);
#10962=ADVANCED_FACE('',(#3503),#396,.T.);
#10963=ADVANCED_FACE('',(#3504),#397,.T.);
#10964=ADVANCED_FACE('',(#3505,#144),#398,.T.);
#10965=ADVANCED_FACE('',(#3506),#399,.T.);
#10966=ADVANCED_FACE('',(#3507),#400,.T.);
#10967=ADVANCED_FACE('',(#3508),#401,.T.);
#10968=ADVANCED_FACE('',(#3509),#402,.T.);
#10969=ADVANCED_FACE('',(#3510),#403,.T.);
#10970=ADVANCED_FACE('',(#3511),#404,.T.);
#10971=ADVANCED_FACE('',(#3512),#405,.T.);
#10972=ADVANCED_FACE('',(#3513),#406,.T.);
#10973=ADVANCED_FACE('',(#3514),#407,.T.);
#10974=ADVANCED_FACE('',(#3515,#145),#408,.T.);
#10975=ADVANCED_FACE('',(#3516),#409,.T.);
#10976=ADVANCED_FACE('',(#3517),#410,.T.);
#10977=ADVANCED_FACE('',(#3518),#27,.T.);
#10978=ADVANCED_FACE('',(#3519),#411,.T.);
#10979=ADVANCED_FACE('',(#3520),#28,.T.);
#10980=ADVANCED_FACE('',(#3521),#412,.T.);
#10981=ADVANCED_FACE('',(#3522),#29,.T.);
#10982=ADVANCED_FACE('',(#3523),#413,.T.);
#10983=ADVANCED_FACE('',(#3524),#30,.T.);
#10984=ADVANCED_FACE('',(#3525),#414,.T.);
#10985=ADVANCED_FACE('',(#3526),#3102,.T.);
#10986=ADVANCED_FACE('',(#3527),#415,.T.);
#10987=ADVANCED_FACE('',(#3528),#3103,.T.);
#10988=ADVANCED_FACE('',(#3529),#416,.T.);
#10989=ADVANCED_FACE('',(#3530),#417,.T.);
#10990=ADVANCED_FACE('',(#3531),#418,.T.);
#10991=ADVANCED_FACE('',(#3532),#419,.T.);
#10992=ADVANCED_FACE('',(#3533),#420,.T.);
#10993=ADVANCED_FACE('',(#3534),#31,.T.);
#10994=ADVANCED_FACE('',(#3535),#421,.T.);
#10995=ADVANCED_FACE('',(#3536),#422,.T.);
#10996=ADVANCED_FACE('',(#3537),#32,.T.);
#10997=ADVANCED_FACE('',(#3538),#423,.T.);
#10998=ADVANCED_FACE('',(#3539),#424,.T.);
#10999=ADVANCED_FACE('',(#3540),#425,.T.);
#11000=ADVANCED_FACE('',(#3541),#3104,.T.);
#11001=ADVANCED_FACE('',(#3542),#426,.T.);
#11002=ADVANCED_FACE('',(#3543,#146),#427,.T.);
#11003=ADVANCED_FACE('',(#3544),#428,.T.);
#11004=ADVANCED_FACE('',(#3545),#429,.T.);
#11005=ADVANCED_FACE('',(#3546),#430,.T.);
#11006=ADVANCED_FACE('',(#3547),#431,.T.);
#11007=ADVANCED_FACE('',(#3548),#432,.T.);
#11008=ADVANCED_FACE('',(#3549),#433,.T.);
#11009=ADVANCED_FACE('',(#3550),#434,.T.);
#11010=ADVANCED_FACE('',(#3551),#435,.T.);
#11011=ADVANCED_FACE('',(#3552),#436,.T.);
#11012=ADVANCED_FACE('',(#3553),#437,.T.);
#11013=ADVANCED_FACE('',(#3554),#438,.T.);
#11014=ADVANCED_FACE('',(#3555),#439,.T.);
#11015=ADVANCED_FACE('',(#3556),#440,.T.);
#11016=ADVANCED_FACE('',(#3557),#441,.T.);
#11017=ADVANCED_FACE('',(#3558),#442,.T.);
#11018=ADVANCED_FACE('',(#3559),#443,.T.);
#11019=ADVANCED_FACE('',(#3560),#444,.T.);
#11020=ADVANCED_FACE('',(#3561),#445,.T.);
#11021=ADVANCED_FACE('',(#3562,#147),#446,.T.);
#11022=ADVANCED_FACE('',(#3563),#447,.T.);
#11023=ADVANCED_FACE('',(#3564),#448,.T.);
#11024=ADVANCED_FACE('',(#3565),#33,.T.);
#11025=ADVANCED_FACE('',(#3566),#449,.T.);
#11026=ADVANCED_FACE('',(#3567),#34,.T.);
#11027=ADVANCED_FACE('',(#3568),#450,.T.);
#11028=ADVANCED_FACE('',(#3569),#35,.T.);
#11029=ADVANCED_FACE('',(#3570),#451,.T.);
#11030=ADVANCED_FACE('',(#3571),#36,.T.);
#11031=ADVANCED_FACE('',(#3572),#452,.T.);
#11032=ADVANCED_FACE('',(#3573),#3105,.T.);
#11033=ADVANCED_FACE('',(#3574),#453,.T.);
#11034=ADVANCED_FACE('',(#3575),#3106,.T.);
#11035=ADVANCED_FACE('',(#3576),#454,.T.);
#11036=ADVANCED_FACE('',(#3577),#455,.T.);
#11037=ADVANCED_FACE('',(#3578),#3107,.T.);
#11038=ADVANCED_FACE('',(#3579),#199,.T.);
#11039=ADVANCED_FACE('',(#3580),#3108,.T.);
#11040=ADVANCED_FACE('',(#3581),#200,.T.);
#11041=ADVANCED_FACE('',(#3582),#3109,.T.);
#11042=ADVANCED_FACE('',(#3583),#201,.T.);
#11043=ADVANCED_FACE('',(#3584),#3110,.T.);
#11044=ADVANCED_FACE('',(#3585),#202,.T.);
#11045=ADVANCED_FACE('',(#3586),#3111,.T.);
#11046=ADVANCED_FACE('',(#3587),#3112,.T.);
#11047=ADVANCED_FACE('',(#3588),#3113,.T.);
#11048=ADVANCED_FACE('',(#3589),#3114,.T.);
#11049=ADVANCED_FACE('',(#3590),#3115,.T.);
#11050=ADVANCED_FACE('',(#3591,#148,#149,#150,#151,#152),#456,.F.);
#11051=ADVANCED_FACE('',(#3592),#457,.T.);
#11052=ADVANCED_FACE('',(#3593),#3116,.T.);
#11053=ADVANCED_FACE('',(#3594),#458,.T.);
#11054=ADVANCED_FACE('',(#3595),#3117,.T.);
#11055=ADVANCED_FACE('',(#3596),#203,.T.);
#11056=ADVANCED_FACE('',(#3597),#3118,.T.);
#11057=ADVANCED_FACE('',(#3598),#204,.T.);
#11058=ADVANCED_FACE('',(#3599),#3119,.T.);
#11059=ADVANCED_FACE('',(#3600),#205,.T.);
#11060=ADVANCED_FACE('',(#3601),#3120,.T.);
#11061=ADVANCED_FACE('',(#3602),#206,.T.);
#11062=ADVANCED_FACE('',(#3603),#3121,.T.);
#11063=ADVANCED_FACE('',(#3604),#3122,.T.);
#11064=ADVANCED_FACE('',(#3605),#3123,.T.);
#11065=ADVANCED_FACE('',(#3606),#3124,.T.);
#11066=ADVANCED_FACE('',(#3607),#3125,.T.);
#11067=ADVANCED_FACE('',(#3608),#459,.T.);
#11068=ADVANCED_FACE('',(#3609,#153),#460,.T.);
#11069=ADVANCED_FACE('',(#3610),#461,.T.);
#11070=ADVANCED_FACE('',(#3611,#154),#462,.T.);
#11071=ADVANCED_FACE('',(#3612),#463,.T.);
#11072=ADVANCED_FACE('',(#3613),#464,.T.);
#11073=ADVANCED_FACE('',(#3614),#465,.T.);
#11074=ADVANCED_FACE('',(#3615),#466,.T.);
#11075=ADVANCED_FACE('',(#3616),#467,.T.);
#11076=ADVANCED_FACE('',(#3617),#468,.T.);
#11077=ADVANCED_FACE('',(#3618),#469,.T.);
#11078=ADVANCED_FACE('',(#3619),#470,.T.);
#11079=ADVANCED_FACE('',(#3620),#471,.T.);
#11080=ADVANCED_FACE('',(#3621),#472,.T.);
#11081=ADVANCED_FACE('',(#3622),#473,.T.);
#11082=ADVANCED_FACE('',(#3623),#474,.T.);
#11083=ADVANCED_FACE('',(#3624),#475,.T.);
#11084=ADVANCED_FACE('',(#3625),#476,.T.);
#11085=ADVANCED_FACE('',(#3626),#477,.T.);
#11086=ADVANCED_FACE('',(#3627),#478,.T.);
#11087=ADVANCED_FACE('',(#3628),#479,.T.);
#11088=ADVANCED_FACE('',(#3629),#480,.T.);
#11089=ADVANCED_FACE('',(#3630),#481,.T.);
#11090=ADVANCED_FACE('',(#3631),#482,.T.);
#11091=ADVANCED_FACE('',(#3632),#483,.T.);
#11092=ADVANCED_FACE('',(#3633),#484,.T.);
#11093=ADVANCED_FACE('',(#3634),#485,.T.);
#11094=ADVANCED_FACE('',(#3635),#486,.T.);
#11095=ADVANCED_FACE('',(#3636),#487,.T.);
#11096=ADVANCED_FACE('',(#3637),#488,.T.);
#11097=ADVANCED_FACE('',(#3638),#489,.T.);
#11098=ADVANCED_FACE('',(#3639),#490,.T.);
#11099=ADVANCED_FACE('',(#3640),#491,.T.);
#11100=ADVANCED_FACE('',(#3641),#492,.T.);
#11101=ADVANCED_FACE('',(#3642),#493,.T.);
#11102=ADVANCED_FACE('',(#3643),#494,.T.);
#11103=ADVANCED_FACE('',(#3644),#495,.T.);
#11104=ADVANCED_FACE('',(#3645),#496,.T.);
#11105=ADVANCED_FACE('',(#3646),#497,.T.);
#11106=ADVANCED_FACE('',(#3647),#498,.T.);
#11107=ADVANCED_FACE('',(#3648),#499,.T.);
#11108=ADVANCED_FACE('',(#3649),#500,.T.);
#11109=ADVANCED_FACE('',(#3650),#501,.T.);
#11110=ADVANCED_FACE('',(#3651,#155),#502,.T.);
#11111=ADVANCED_FACE('',(#3652),#503,.T.);
#11112=ADVANCED_FACE('',(#3653),#504,.T.);
#11113=ADVANCED_FACE('',(#3654),#37,.T.);
#11114=ADVANCED_FACE('',(#3655),#505,.T.);
#11115=ADVANCED_FACE('',(#3656),#38,.T.);
#11116=ADVANCED_FACE('',(#3657),#506,.T.);
#11117=ADVANCED_FACE('',(#3658),#39,.T.);
#11118=ADVANCED_FACE('',(#3659),#507,.T.);
#11119=ADVANCED_FACE('',(#3660),#40,.T.);
#11120=ADVANCED_FACE('',(#3661),#508,.T.);
#11121=ADVANCED_FACE('',(#3662),#3126,.T.);
#11122=ADVANCED_FACE('',(#3663),#509,.T.);
#11123=ADVANCED_FACE('',(#3664),#3127,.T.);
#11124=ADVANCED_FACE('',(#3665),#510,.T.);
#11125=ADVANCED_FACE('',(#3666),#511,.T.);
#11126=ADVANCED_FACE('',(#3667),#512,.T.);
#11127=ADVANCED_FACE('',(#3668),#513,.T.);
#11128=ADVANCED_FACE('',(#3669),#514,.T.);
#11129=ADVANCED_FACE('',(#3670),#515,.T.);
#11130=ADVANCED_FACE('',(#3671),#516,.T.);
#11131=ADVANCED_FACE('',(#3672),#517,.T.);
#11132=ADVANCED_FACE('',(#3673),#518,.T.);
#11133=ADVANCED_FACE('',(#3674),#519,.T.);
#11134=ADVANCED_FACE('',(#3675),#520,.T.);
#11135=ADVANCED_FACE('',(#3676,#156),#521,.T.);
#11136=ADVANCED_FACE('',(#3677),#522,.T.);
#11137=ADVANCED_FACE('',(#3678),#523,.T.);
#11138=ADVANCED_FACE('',(#3679),#524,.T.);
#11139=ADVANCED_FACE('',(#3680),#525,.T.);
#11140=ADVANCED_FACE('',(#3681),#526,.T.);
#11141=ADVANCED_FACE('',(#3682),#527,.T.);
#11142=ADVANCED_FACE('',(#3683),#528,.T.);
#11143=ADVANCED_FACE('',(#3684),#529,.T.);
#11144=ADVANCED_FACE('',(#3685),#530,.T.);
#11145=ADVANCED_FACE('',(#3686),#531,.T.);
#11146=ADVANCED_FACE('',(#3687),#532,.T.);
#11147=ADVANCED_FACE('',(#3688),#533,.T.);
#11148=ADVANCED_FACE('',(#3689),#534,.T.);
#11149=ADVANCED_FACE('',(#3690),#535,.T.);
#11150=ADVANCED_FACE('',(#3691),#536,.T.);
#11151=ADVANCED_FACE('',(#3692),#537,.T.);
#11152=ADVANCED_FACE('',(#3693),#538,.T.);
#11153=ADVANCED_FACE('',(#3694),#539,.T.);
#11154=ADVANCED_FACE('',(#3695,#157),#540,.T.);
#11155=ADVANCED_FACE('',(#3696),#541,.T.);
#11156=ADVANCED_FACE('',(#3697),#542,.T.);
#11157=ADVANCED_FACE('',(#3698),#41,.T.);
#11158=ADVANCED_FACE('',(#3699),#543,.T.);
#11159=ADVANCED_FACE('',(#3700),#42,.T.);
#11160=ADVANCED_FACE('',(#3701),#544,.T.);
#11161=ADVANCED_FACE('',(#3702),#43,.T.);
#11162=ADVANCED_FACE('',(#3703),#545,.T.);
#11163=ADVANCED_FACE('',(#3704),#44,.T.);
#11164=ADVANCED_FACE('',(#3705),#546,.T.);
#11165=ADVANCED_FACE('',(#3706),#3128,.T.);
#11166=ADVANCED_FACE('',(#3707),#547,.T.);
#11167=ADVANCED_FACE('',(#3708),#3129,.T.);
#11168=ADVANCED_FACE('',(#3709),#548,.T.);
#11169=ADVANCED_FACE('',(#3710),#549,.T.);
#11170=ADVANCED_FACE('',(#3711),#550,.T.);
#11171=ADVANCED_FACE('',(#3712),#551,.T.);
#11172=ADVANCED_FACE('',(#3713),#552,.T.);
#11173=ADVANCED_FACE('',(#3714),#553,.T.);
#11174=ADVANCED_FACE('',(#3715),#554,.T.);
#11175=ADVANCED_FACE('',(#3716),#555,.T.);
#11176=ADVANCED_FACE('',(#3717),#556,.T.);
#11177=ADVANCED_FACE('',(#3718),#557,.T.);
#11178=ADVANCED_FACE('',(#3719),#558,.T.);
#11179=ADVANCED_FACE('',(#3720,#158),#559,.T.);
#11180=ADVANCED_FACE('',(#3721),#560,.T.);
#11181=ADVANCED_FACE('',(#3722),#561,.T.);
#11182=ADVANCED_FACE('',(#3723),#45,.T.);
#11183=ADVANCED_FACE('',(#3724),#562,.T.);
#11184=ADVANCED_FACE('',(#3725),#46,.T.);
#11185=ADVANCED_FACE('',(#3726),#563,.T.);
#11186=ADVANCED_FACE('',(#3727),#47,.T.);
#11187=ADVANCED_FACE('',(#3728),#564,.T.);
#11188=ADVANCED_FACE('',(#3729),#48,.T.);
#11189=ADVANCED_FACE('',(#3730),#565,.T.);
#11190=ADVANCED_FACE('',(#3731),#3130,.T.);
#11191=ADVANCED_FACE('',(#3732),#566,.T.);
#11192=ADVANCED_FACE('',(#3733),#3131,.T.);
#11193=ADVANCED_FACE('',(#3734),#567,.T.);
#11194=ADVANCED_FACE('',(#3735),#568,.T.);
#11195=ADVANCED_FACE('',(#3736),#3132,.T.);
#11196=ADVANCED_FACE('',(#3737),#207,.T.);
#11197=ADVANCED_FACE('',(#3738),#3133,.T.);
#11198=ADVANCED_FACE('',(#3739),#208,.T.);
#11199=ADVANCED_FACE('',(#3740),#3134,.T.);
#11200=ADVANCED_FACE('',(#3741),#209,.T.);
#11201=ADVANCED_FACE('',(#3742),#3135,.T.);
#11202=ADVANCED_FACE('',(#3743),#210,.T.);
#11203=ADVANCED_FACE('',(#3744),#3136,.T.);
#11204=ADVANCED_FACE('',(#3745),#3137,.T.);
#11205=ADVANCED_FACE('',(#3746),#3138,.T.);
#11206=ADVANCED_FACE('',(#3747),#3139,.T.);
#11207=ADVANCED_FACE('',(#3748),#3140,.T.);
#11208=ADVANCED_FACE('',(#3749,#159,#160,#161,#162,#163,#164,#165),#569,
 .F.);
#11209=ADVANCED_FACE('',(#3750),#570,.T.);
#11210=ADVANCED_FACE('',(#3751),#3141,.T.);
#11211=ADVANCED_FACE('',(#3752),#211,.T.);
#11212=ADVANCED_FACE('',(#3753),#3142,.T.);
#11213=ADVANCED_FACE('',(#3754),#212,.T.);
#11214=ADVANCED_FACE('',(#3755),#3143,.T.);
#11215=ADVANCED_FACE('',(#3756),#213,.T.);
#11216=ADVANCED_FACE('',(#3757),#3144,.T.);
#11217=ADVANCED_FACE('',(#3758),#214,.T.);
#11218=ADVANCED_FACE('',(#3759),#3145,.T.);
#11219=ADVANCED_FACE('',(#3760),#3146,.T.);
#11220=ADVANCED_FACE('',(#3761),#3147,.T.);
#11221=ADVANCED_FACE('',(#3762),#3148,.T.);
#11222=ADVANCED_FACE('',(#3763),#3149,.T.);
#11223=ADVANCED_FACE('',(#3764),#571,.T.);
#11224=ADVANCED_FACE('',(#3765),#3150,.T.);
#11225=ADVANCED_FACE('',(#3766),#215,.T.);
#11226=ADVANCED_FACE('',(#3767),#3151,.T.);
#11227=ADVANCED_FACE('',(#3768),#216,.T.);
#11228=ADVANCED_FACE('',(#3769),#3152,.T.);
#11229=ADVANCED_FACE('',(#3770),#217,.T.);
#11230=ADVANCED_FACE('',(#3771),#3153,.T.);
#11231=ADVANCED_FACE('',(#3772),#218,.T.);
#11232=ADVANCED_FACE('',(#3773),#3154,.T.);
#11233=ADVANCED_FACE('',(#3774),#3155,.T.);
#11234=ADVANCED_FACE('',(#3775),#3156,.T.);
#11235=ADVANCED_FACE('',(#3776),#3157,.T.);
#11236=ADVANCED_FACE('',(#3777),#3158,.T.);
#11237=ADVANCED_FACE('',(#3778),#572,.T.);
#11238=ADVANCED_FACE('',(#3779,#166),#573,.T.);
#11239=ADVANCED_FACE('',(#3780,#167),#574,.T.);
#11240=ADVANCED_FACE('',(#3781),#575,.T.);
#11241=ADVANCED_FACE('',(#3782),#576,.T.);
#11242=ADVANCED_FACE('',(#3783,#168),#577,.T.);
#11243=ADVANCED_FACE('',(#3784),#578,.T.);
#11244=ADVANCED_FACE('',(#3785),#579,.T.);
#11245=ADVANCED_FACE('',(#3786),#580,.T.);
#11246=ADVANCED_FACE('',(#3787),#581,.T.);
#11247=ADVANCED_FACE('',(#3788),#582,.T.);
#11248=ADVANCED_FACE('',(#3789),#583,.T.);
#11249=ADVANCED_FACE('',(#3790),#584,.T.);
#11250=ADVANCED_FACE('',(#3791),#585,.T.);
#11251=ADVANCED_FACE('',(#3792),#586,.T.);
#11252=ADVANCED_FACE('',(#3793),#587,.T.);
#11253=ADVANCED_FACE('',(#3794),#588,.T.);
#11254=ADVANCED_FACE('',(#3795),#589,.T.);
#11255=ADVANCED_FACE('',(#3796),#590,.T.);
#11256=ADVANCED_FACE('',(#3797),#591,.T.);
#11257=ADVANCED_FACE('',(#3798),#592,.T.);
#11258=ADVANCED_FACE('',(#3799),#593,.T.);
#11259=ADVANCED_FACE('',(#3800),#594,.T.);
#11260=ADVANCED_FACE('',(#3801),#595,.T.);
#11261=ADVANCED_FACE('',(#3802),#596,.T.);
#11262=ADVANCED_FACE('',(#3803),#597,.T.);
#11263=ADVANCED_FACE('',(#3804),#598,.T.);
#11264=ADVANCED_FACE('',(#3805),#599,.T.);
#11265=ADVANCED_FACE('',(#3806),#600,.T.);
#11266=ADVANCED_FACE('',(#3807),#601,.T.);
#11267=ADVANCED_FACE('',(#3808),#602,.T.);
#11268=ADVANCED_FACE('',(#3809),#603,.T.);
#11269=ADVANCED_FACE('',(#3810),#604,.T.);
#11270=ADVANCED_FACE('',(#3811),#605,.T.);
#11271=ADVANCED_FACE('',(#3812),#606,.T.);
#11272=ADVANCED_FACE('',(#3813),#607,.T.);
#11273=ADVANCED_FACE('',(#3814),#608,.T.);
#11274=ADVANCED_FACE('',(#3815),#609,.T.);
#11275=ADVANCED_FACE('',(#3816),#610,.T.);
#11276=ADVANCED_FACE('',(#3817),#611,.T.);
#11277=ADVANCED_FACE('',(#3818),#612,.T.);
#11278=ADVANCED_FACE('',(#3819),#613,.T.);
#11279=ADVANCED_FACE('',(#3820),#614,.T.);
#11280=ADVANCED_FACE('',(#3821),#615,.T.);
#11281=ADVANCED_FACE('',(#3822),#616,.T.);
#11282=ADVANCED_FACE('',(#3823),#617,.T.);
#11283=ADVANCED_FACE('',(#3824),#618,.T.);
#11284=ADVANCED_FACE('',(#3825),#619,.T.);
#11285=ADVANCED_FACE('',(#3826),#620,.T.);
#11286=CLOSED_SHELL('',(#10618,#10619,#10620,#10621,#10622,#10623,#10624,
#10625,#10626,#10627,#10628,#10629,#10630,#10631,#10632,#10633,#10634,#10635,
#10636,#10637,#10638,#10639,#10640,#10641,#10642,#10643,#10644,#10645,#10646,
#10647,#10648,#10649,#10650,#10651,#10652,#10653,#10654,#10655,#10656,#10657,
#10658,#10659,#10660,#10661,#10662,#10663,#10664,#10665,#10666,#10667,#10668,
#10669,#10670,#10671,#10672,#10673,#10674,#10675,#10676,#10677,#10678,#10679,
#10680,#10681,#10682,#10683,#10684,#10685,#10686,#10687,#10688,#10689,#10690,
#10691));
#11287=CLOSED_SHELL('',(#10692,#10693,#10694,#10695,#10696,#10697,#10698,
#10699,#10700,#10701,#10702,#10703,#10704,#10705,#10706,#10707,#10708,#10709,
#10710,#10711,#10712,#10713,#10714,#10715,#10716,#10717,#10718,#10719,#10720,
#10721,#10722,#10723,#10724,#10725,#10726,#10727,#10728,#10729));
#11288=CLOSED_SHELL('',(#10730,#10731,#10732,#10733,#10734,#10735,#10736,
#10737,#10738,#10739,#10740,#10741,#10742,#10743,#10744,#10745,#10746,#10747,
#10748,#10749,#10750,#10751,#10752,#10753,#10754,#10755,#10756,#10757,#10758,
#10759,#10760,#10761,#10762,#10763,#10764,#10765,#10766,#10767,#10768,#10769,
#10770,#10771,#10772,#10773,#10774,#10775,#10776,#10777,#10778,#10779,#10780,
#10781,#10782,#10783,#10784,#10785,#10786,#10787,#10788,#10789,#10790,#10791,
#10792,#10793,#10794,#10795,#10796,#10797,#10798,#10799,#10800,#10801,#10802,
#10803,#10804,#10805,#10806,#10807,#10808,#10809,#10810,#10811,#10812,#10813,
#10814,#10815,#10816,#10817,#10818,#10819,#10820,#10821,#10822,#10823,#10824,
#10825,#10826,#10827,#10828,#10829,#10830,#10831,#10832,#10833,#10834,#10835,
#10836,#10837,#10838,#10839));
#11289=CLOSED_SHELL('',(#10840,#10841,#10842,#10843,#10844,#10845,#10846,
#10847,#10848,#10849,#10850,#10851,#10852,#10853,#10854,#10855,#10856,#10857,
#10858,#10859,#10860,#10861,#10862,#10863,#10864,#10865,#10866,#10867,#10868,
#10869,#10870,#10871,#10872,#10873,#10874,#10875,#10876,#10877));
#11290=CLOSED_SHELL('',(#10878,#10879,#10880,#10881,#10882,#10883,#10884,
#10885,#10886,#10887,#10888,#10889,#10890,#10891,#10892,#10893,#10894,#10895,
#10896,#10897,#10898,#10899,#10900,#10901,#10902,#10903,#10904,#10905,#10906,
#10907,#10908,#10909,#10910,#10911,#10912,#10913,#10914,#10915,#10916,#10917,
#10918,#10919,#10920,#10921,#10922,#10923,#10924,#10925,#10926,#10927,#10928,
#10929,#10930,#10931,#10932,#10933,#10934,#10935,#10936,#10937,#10938,#10939,
#10940,#10941,#10942,#10943,#10944,#10945,#10946,#10947,#10948,#10949,#10950,
#10951,#10952,#10953,#10954,#10955,#10956,#10957,#10958,#10959,#10960,#10961,
#10962,#10963,#10964));
#11291=CLOSED_SHELL('',(#10965,#10966,#10967,#10968,#10969,#10970,#10971,
#10972,#10973,#10974,#10975,#10976,#10977,#10978,#10979,#10980,#10981,#10982,
#10983,#10984,#10985,#10986,#10987,#10988,#10989,#10990,#10991,#10992,#10993,
#10994,#10995,#10996,#10997,#10998,#10999,#11000,#11001,#11002,#11003,#11004,
#11005,#11006,#11007,#11008,#11009,#11010,#11011,#11012,#11013,#11014,#11015,
#11016,#11017,#11018,#11019,#11020,#11021,#11022,#11023,#11024,#11025,#11026,
#11027,#11028,#11029,#11030,#11031,#11032,#11033,#11034,#11035,#11036,#11037,
#11038,#11039,#11040,#11041,#11042,#11043,#11044,#11045,#11046,#11047,#11048,
#11049,#11050,#11051,#11052,#11053,#11054,#11055,#11056,#11057,#11058,#11059,
#11060,#11061,#11062,#11063,#11064,#11065,#11066,#11067,#11068,#11069,#11070,
#11071,#11072,#11073,#11074,#11075,#11076,#11077,#11078,#11079,#11080,#11081,
#11082,#11083,#11084,#11085,#11086,#11087,#11088,#11089,#11090,#11091,#11092,
#11093,#11094,#11095,#11096,#11097,#11098,#11099,#11100));
#11292=CLOSED_SHELL('',(#11101,#11102,#11103,#11104,#11105,#11106,#11107,
#11108,#11109,#11110,#11111,#11112,#11113,#11114,#11115,#11116,#11117,#11118,
#11119,#11120,#11121,#11122,#11123,#11124,#11125,#11126,#11127,#11128,#11129,
#11130,#11131,#11132,#11133,#11134,#11135,#11136,#11137,#11138,#11139,#11140,
#11141,#11142,#11143,#11144,#11145,#11146,#11147,#11148,#11149,#11150,#11151,
#11152,#11153,#11154,#11155,#11156,#11157,#11158,#11159,#11160,#11161,#11162,
#11163,#11164,#11165,#11166,#11167,#11168,#11169,#11170,#11171,#11172,#11173,
#11174,#11175,#11176,#11177,#11178,#11179,#11180,#11181,#11182,#11183,#11184,
#11185,#11186,#11187,#11188,#11189,#11190,#11191,#11192,#11193,#11194,#11195,
#11196,#11197,#11198,#11199,#11200,#11201,#11202,#11203,#11204,#11205,#11206,
#11207,#11208,#11209,#11210,#11211,#11212,#11213,#11214,#11215,#11216,#11217,
#11218,#11219,#11220,#11221,#11222,#11223,#11224,#11225,#11226,#11227,#11228,
#11229,#11230,#11231,#11232,#11233,#11234,#11235,#11236,#11237,#11238,#11239,
#11240,#11241,#11242,#11243,#11244,#11245,#11246,#11247,#11248,#11249,#11250,
#11251,#11252,#11253,#11254,#11255,#11256,#11257,#11258,#11259,#11260,#11261,
#11262,#11263,#11264,#11265,#11266,#11267,#11268,#11269,#11270,#11271,#11272,
#11273,#11274,#11275,#11276,#11277,#11278,#11279,#11280,#11281,#11282,#11283,
#11284,#11285));
#11293=DERIVED_UNIT_ELEMENT(#11295,1.);
#11294=DERIVED_UNIT_ELEMENT(#18935,-3.);
#11295=(
MASS_UNIT()
NAMED_UNIT(*)
SI_UNIT(.KILO.,.GRAM.)
);
#11296=DERIVED_UNIT((#11293,#11294));
#11297=MEASURE_REPRESENTATION_ITEM('density measure',
POSITIVE_RATIO_MEASURE(7850.),#11296);
#11298=PROPERTY_DEFINITION_REPRESENTATION(#11303,#11300);
#11299=PROPERTY_DEFINITION_REPRESENTATION(#11304,#11301);
#11300=REPRESENTATION('material name',(#11302),#18932);
#11301=REPRESENTATION('density',(#11297),#18932);
#11302=DESCRIPTIVE_REPRESENTATION_ITEM('Steel','Steel');
#11303=PROPERTY_DEFINITION('material property','material name',#18942);
#11304=PROPERTY_DEFINITION('material property','density of part',#18942);
#11305=AXIS2_PLACEMENT_3D('placement',#15721,#12383,#12384);
#11306=AXIS2_PLACEMENT_3D('',#15722,#12385,#12386);
#11307=AXIS2_PLACEMENT_3D('',#15725,#12387,#12388);
#11308=AXIS2_PLACEMENT_3D('',#15727,#12389,#12390);
#11309=AXIS2_PLACEMENT_3D('',#15728,#12391,#12392);
#11310=AXIS2_PLACEMENT_3D('',#15729,#12393,#12394);
#11311=AXIS2_PLACEMENT_3D('',#15732,#12395,#12396);
#11312=AXIS2_PLACEMENT_3D('',#15735,#12399,#12400);
#11313=AXIS2_PLACEMENT_3D('',#15738,#12401,#12402);
#11314=AXIS2_PLACEMENT_3D('',#15740,#12403,#12404);
#11315=AXIS2_PLACEMENT_3D('',#15741,#12405,#12406);
#11316=AXIS2_PLACEMENT_3D('',#15742,#12407,#12408);
#11317=AXIS2_PLACEMENT_3D('',#15745,#12409,#12410);
#11318=AXIS2_PLACEMENT_3D('',#15748,#12413,#12414);
#11319=AXIS2_PLACEMENT_3D('',#15751,#12415,#12416);
#11320=AXIS2_PLACEMENT_3D('',#15753,#12417,#12418);
#11321=AXIS2_PLACEMENT_3D('',#15754,#12419,#12420);
#11322=AXIS2_PLACEMENT_3D('',#15755,#12421,#12422);
#11323=AXIS2_PLACEMENT_3D('',#15758,#12423,#12424);
#11324=AXIS2_PLACEMENT_3D('',#15761,#12427,#12428);
#11325=AXIS2_PLACEMENT_3D('',#15764,#12429,#12430);
#11326=AXIS2_PLACEMENT_3D('',#15766,#12431,#12432);
#11327=AXIS2_PLACEMENT_3D('',#15767,#12433,#12434);
#11328=AXIS2_PLACEMENT_3D('',#15768,#12435,#12436);
#11329=AXIS2_PLACEMENT_3D('',#15771,#12437,#12438);
#11330=AXIS2_PLACEMENT_3D('',#15774,#12441,#12442);
#11331=AXIS2_PLACEMENT_3D('',#15777,#12443,#12444);
#11332=AXIS2_PLACEMENT_3D('',#15779,#12445,#12446);
#11333=AXIS2_PLACEMENT_3D('',#15780,#12447,#12448);
#11334=AXIS2_PLACEMENT_3D('',#15781,#12449,#12450);
#11335=AXIS2_PLACEMENT_3D('',#15784,#12451,#12452);
#11336=AXIS2_PLACEMENT_3D('',#15787,#12455,#12456);
#11337=AXIS2_PLACEMENT_3D('',#15790,#12457,#12458);
#11338=AXIS2_PLACEMENT_3D('',#15792,#12459,#12460);
#11339=AXIS2_PLACEMENT_3D('',#15793,#12461,#12462);
#11340=AXIS2_PLACEMENT_3D('',#15794,#12463,#12464);
#11341=AXIS2_PLACEMENT_3D('',#15797,#12465,#12466);
#11342=AXIS2_PLACEMENT_3D('',#15800,#12469,#12470);
#11343=AXIS2_PLACEMENT_3D('',#15803,#12473,#12474);
#11344=AXIS2_PLACEMENT_3D('',#15806,#12477,#12478);
#11345=AXIS2_PLACEMENT_3D('',#15809,#12481,#12482);
#11346=AXIS2_PLACEMENT_3D('',#15814,#12485,#12486);
#11347=AXIS2_PLACEMENT_3D('',#15815,#12487,#12488);
#11348=AXIS2_PLACEMENT_3D('',#15820,#12491,#12492);
#11349=AXIS2_PLACEMENT_3D('',#15821,#12493,#12494);
#11350=AXIS2_PLACEMENT_3D('',#15825,#12496,#12497);
#11351=AXIS2_PLACEMENT_3D('',#15827,#12499,#12500);
#11352=AXIS2_PLACEMENT_3D('',#15831,#12502,#12503);
#11353=AXIS2_PLACEMENT_3D('',#15833,#12505,#12506);
#11354=AXIS2_PLACEMENT_3D('',#15837,#12508,#12509);
#11355=AXIS2_PLACEMENT_3D('',#15839,#12511,#12512);
#11356=AXIS2_PLACEMENT_3D('',#15844,#12515,#12516);
#11357=AXIS2_PLACEMENT_3D('',#15845,#12517,#12518);
#11358=AXIS2_PLACEMENT_3D('',#15847,#12519,#12520);
#11359=AXIS2_PLACEMENT_3D('',#15849,#12521,#12522);
#11360=AXIS2_PLACEMENT_3D('',#15850,#12523,#12524);
#11361=AXIS2_PLACEMENT_3D('',#15851,#12525,#12526);
#11362=AXIS2_PLACEMENT_3D('',#15853,#12527,#12528);
#11363=AXIS2_PLACEMENT_3D('',#15855,#12529,#12530);
#11364=AXIS2_PLACEMENT_3D('',#15856,#12531,#12532);
#11365=AXIS2_PLACEMENT_3D('',#15857,#12533,#12534);
#11366=AXIS2_PLACEMENT_3D('',#15859,#12535,#12536);
#11367=AXIS2_PLACEMENT_3D('',#15861,#12537,#12538);
#11368=AXIS2_PLACEMENT_3D('',#15862,#12539,#12540);
#11369=AXIS2_PLACEMENT_3D('',#15863,#12541,#12542);
#11370=AXIS2_PLACEMENT_3D('',#15866,#12543,#12544);
#11371=AXIS2_PLACEMENT_3D('',#15868,#12545,#12546);
#11372=AXIS2_PLACEMENT_3D('',#15870,#12547,#12548);
#11373=AXIS2_PLACEMENT_3D('',#15871,#12549,#12550);
#11374=AXIS2_PLACEMENT_3D('',#15872,#12551,#12552);
#11375=AXIS2_PLACEMENT_3D('',#15874,#12553,#12554);
#11376=AXIS2_PLACEMENT_3D('',#15876,#12555,#12556);
#11377=AXIS2_PLACEMENT_3D('',#15877,#12557,#12558);
#11378=AXIS2_PLACEMENT_3D('',#15878,#12559,#12560);
#11379=AXIS2_PLACEMENT_3D('',#15881,#12561,#12562);
#11380=AXIS2_PLACEMENT_3D('',#15883,#12563,#12564);
#11381=AXIS2_PLACEMENT_3D('',#15885,#12565,#12566);
#11382=AXIS2_PLACEMENT_3D('',#15886,#12567,#12568);
#11383=AXIS2_PLACEMENT_3D('',#15887,#12569,#12570);
#11384=AXIS2_PLACEMENT_3D('',#15890,#12573,#12574);
#11385=AXIS2_PLACEMENT_3D('',#15893,#12577,#12578);
#11386=AXIS2_PLACEMENT_3D('',#15895,#12579,#12580);
#11387=AXIS2_PLACEMENT_3D('',#15897,#12581,#12582);
#11388=AXIS2_PLACEMENT_3D('',#15898,#12583,#12584);
#11389=AXIS2_PLACEMENT_3D('',#15899,#12585,#12586);
#11390=AXIS2_PLACEMENT_3D('',#15902,#12587,#12588);
#11391=AXIS2_PLACEMENT_3D('',#15904,#12589,#12590);
#11392=AXIS2_PLACEMENT_3D('',#15906,#12591,#12592);
#11393=AXIS2_PLACEMENT_3D('',#15907,#12593,#12594);
#11394=AXIS2_PLACEMENT_3D('',#15908,#12595,#12596);
#11395=AXIS2_PLACEMENT_3D('',#15910,#12597,#12598);
#11396=AXIS2_PLACEMENT_3D('',#15912,#12599,#12600);
#11397=AXIS2_PLACEMENT_3D('',#15913,#12601,#12602);
#11398=AXIS2_PLACEMENT_3D('',#15914,#12603,#12604);
#11399=AXIS2_PLACEMENT_3D('',#15917,#12605,#12606);
#11400=AXIS2_PLACEMENT_3D('',#15919,#12607,#12608);
#11401=AXIS2_PLACEMENT_3D('',#15921,#12609,#12610);
#11402=AXIS2_PLACEMENT_3D('',#15922,#12611,#12612);
#11403=AXIS2_PLACEMENT_3D('',#15923,#12613,#12614);
#11404=AXIS2_PLACEMENT_3D('',#15926,#12617,#12618);
#11405=AXIS2_PLACEMENT_3D('',#15929,#12621,#12622);
#11406=AXIS2_PLACEMENT_3D('',#15932,#12623,#12624);
#11407=AXIS2_PLACEMENT_3D('',#15934,#12625,#12626);
#11408=AXIS2_PLACEMENT_3D('',#15936,#12627,#12628);
#11409=AXIS2_PLACEMENT_3D('',#15937,#12629,#12630);
#11410=AXIS2_PLACEMENT_3D('',#15938,#12631,#12632);
#11411=AXIS2_PLACEMENT_3D('',#15941,#12633,#12634);
#11412=AXIS2_PLACEMENT_3D('',#15943,#12635,#12636);
#11413=AXIS2_PLACEMENT_3D('',#15945,#12637,#12638);
#11414=AXIS2_PLACEMENT_3D('',#15946,#12639,#12640);
#11415=AXIS2_PLACEMENT_3D('',#15947,#12641,#12642);
#11416=AXIS2_PLACEMENT_3D('',#15950,#12645,#12646);
#11417=AXIS2_PLACEMENT_3D('',#15953,#12649,#12650);
#11418=AXIS2_PLACEMENT_3D('',#15956,#12653,#12654);
#11419=AXIS2_PLACEMENT_3D('',#15959,#12657,#12658);
#11420=AXIS2_PLACEMENT_3D('',#15962,#12661,#12662);
#11421=AXIS2_PLACEMENT_3D('',#15964,#12664,#12665);
#11422=AXIS2_PLACEMENT_3D('',#15967,#12668,#12669);
#11423=AXIS2_PLACEMENT_3D('',#15970,#12672,#12673);
#11424=AXIS2_PLACEMENT_3D('',#15973,#12676,#12677);
#11425=AXIS2_PLACEMENT_3D('',#15976,#12680,#12681);
#11426=AXIS2_PLACEMENT_3D('',#15978,#12683,#12684);
#11427=AXIS2_PLACEMENT_3D('',#15981,#12687,#12688);
#11428=AXIS2_PLACEMENT_3D('',#15984,#12691,#12692);
#11429=AXIS2_PLACEMENT_3D('',#15986,#12694,#12695);
#11430=AXIS2_PLACEMENT_3D('',#15987,#12696,#12697);
#11431=AXIS2_PLACEMENT_3D('',#15988,#12698,#12699);
#11432=AXIS2_PLACEMENT_3D('',#15989,#12700,#12701);
#11433=AXIS2_PLACEMENT_3D('',#15992,#12702,#12703);
#11434=AXIS2_PLACEMENT_3D('',#15996,#12705,#12706);
#11435=AXIS2_PLACEMENT_3D('',#16000,#12708,#12709);
#11436=AXIS2_PLACEMENT_3D('',#16004,#12711,#12712);
#11437=AXIS2_PLACEMENT_3D('',#16008,#12714,#12715);
#11438=AXIS2_PLACEMENT_3D('',#16012,#12717,#12718);
#11439=AXIS2_PLACEMENT_3D('',#16014,#12720,#12721);
#11440=AXIS2_PLACEMENT_3D('',#16015,#12722,#12723);
#11441=AXIS2_PLACEMENT_3D('',#16016,#12724,#12725);
#11442=AXIS2_PLACEMENT_3D('',#16017,#12726,#12727);
#11443=AXIS2_PLACEMENT_3D('',#16020,#12728,#12729);
#11444=AXIS2_PLACEMENT_3D('',#16023,#12732,#12733);
#11445=AXIS2_PLACEMENT_3D('',#16027,#12736,#12737);
#11446=AXIS2_PLACEMENT_3D('',#16031,#12739,#12740);
#11447=AXIS2_PLACEMENT_3D('',#16035,#12742,#12743);
#11448=AXIS2_PLACEMENT_3D('',#16039,#12745,#12746);
#11449=AXIS2_PLACEMENT_3D('',#16043,#12748,#12749);
#11450=AXIS2_PLACEMENT_3D('',#16046,#12751,#12752);
#11451=AXIS2_PLACEMENT_3D('',#16050,#12756,#12757);
#11452=AXIS2_PLACEMENT_3D('',#16053,#12760,#12761);
#11453=AXIS2_PLACEMENT_3D('',#16055,#12763,#12764);
#11454=AXIS2_PLACEMENT_3D('',#16057,#12766,#12767);
#11455=AXIS2_PLACEMENT_3D('',#16059,#12769,#12770);
#11456=AXIS2_PLACEMENT_3D('',#16061,#12772,#12773);
#11457=AXIS2_PLACEMENT_3D('',#16063,#12775,#12776);
#11458=AXIS2_PLACEMENT_3D('',#16065,#12778,#12779);
#11459=AXIS2_PLACEMENT_3D('',#16067,#12781,#12782);
#11460=AXIS2_PLACEMENT_3D('',#16068,#12783,#12784);
#11461=AXIS2_PLACEMENT_3D('',#16069,#12785,#12786);
#11462=AXIS2_PLACEMENT_3D('',#16070,#12787,#12788);
#11463=AXIS2_PLACEMENT_3D('',#16071,#12789,#12790);
#11464=AXIS2_PLACEMENT_3D('',#16072,#12791,#12792);
#11465=AXIS2_PLACEMENT_3D('',#16074,#12793,#12794);
#11466=AXIS2_PLACEMENT_3D('',#16076,#12795,#12796);
#11467=AXIS2_PLACEMENT_3D('',#16077,#12797,#12798);
#11468=AXIS2_PLACEMENT_3D('',#16078,#12799,#12800);
#11469=AXIS2_PLACEMENT_3D('',#16080,#12801,#12802);
#11470=AXIS2_PLACEMENT_3D('',#16082,#12804,#12805);
#11471=AXIS2_PLACEMENT_3D('',#16083,#12806,#12807);
#11472=AXIS2_PLACEMENT_3D('',#16085,#12808,#12809);
#11473=AXIS2_PLACEMENT_3D('',#16087,#12810,#12811);
#11474=AXIS2_PLACEMENT_3D('',#16088,#12812,#12813);
#11475=AXIS2_PLACEMENT_3D('',#16089,#12814,#12815);
#11476=AXIS2_PLACEMENT_3D('',#16091,#12816,#12817);
#11477=AXIS2_PLACEMENT_3D('',#16093,#12819,#12820);
#11478=AXIS2_PLACEMENT_3D('',#16094,#12821,#12822);
#11479=AXIS2_PLACEMENT_3D('',#16096,#12823,#12824);
#11480=AXIS2_PLACEMENT_3D('',#16098,#12825,#12826);
#11481=AXIS2_PLACEMENT_3D('',#16099,#12827,#12828);
#11482=AXIS2_PLACEMENT_3D('',#16100,#12829,#12830);
#11483=AXIS2_PLACEMENT_3D('',#16102,#12831,#12832);
#11484=AXIS2_PLACEMENT_3D('',#16104,#12834,#12835);
#11485=AXIS2_PLACEMENT_3D('',#16105,#12836,#12837);
#11486=AXIS2_PLACEMENT_3D('',#16107,#12838,#12839);
#11487=AXIS2_PLACEMENT_3D('',#16109,#12840,#12841);
#11488=AXIS2_PLACEMENT_3D('',#16110,#12842,#12843);
#11489=AXIS2_PLACEMENT_3D('',#16111,#12844,#12845);
#11490=AXIS2_PLACEMENT_3D('',#16113,#12846,#12847);
#11491=AXIS2_PLACEMENT_3D('',#16115,#12849,#12850);
#11492=AXIS2_PLACEMENT_3D('',#16116,#12851,#12852);
#11493=AXIS2_PLACEMENT_3D('',#16118,#12853,#12854);
#11494=AXIS2_PLACEMENT_3D('',#16120,#12855,#12856);
#11495=AXIS2_PLACEMENT_3D('',#16121,#12857,#12858);
#11496=AXIS2_PLACEMENT_3D('',#16122,#12859,#12860);
#11497=AXIS2_PLACEMENT_3D('',#16125,#12862,#12863);
#11498=AXIS2_PLACEMENT_3D('',#16126,#12864,#12865);
#11499=AXIS2_PLACEMENT_3D('',#16127,#12866,#12867);
#11500=AXIS2_PLACEMENT_3D('',#16129,#12868,#12869);
#11501=AXIS2_PLACEMENT_3D('',#16131,#12870,#12871);
#11502=AXIS2_PLACEMENT_3D('',#16132,#12872,#12873);
#11503=AXIS2_PLACEMENT_3D('',#16133,#12874,#12875);
#11504=AXIS2_PLACEMENT_3D('',#16136,#12877,#12878);
#11505=AXIS2_PLACEMENT_3D('',#16137,#12879,#12880);
#11506=AXIS2_PLACEMENT_3D('',#16138,#12881,#12882);
#11507=AXIS2_PLACEMENT_3D('',#16140,#12883,#12884);
#11508=AXIS2_PLACEMENT_3D('',#16142,#12885,#12886);
#11509=AXIS2_PLACEMENT_3D('',#16143,#12887,#12888);
#11510=AXIS2_PLACEMENT_3D('',#16144,#12889,#12890);
#11511=AXIS2_PLACEMENT_3D('',#16147,#12892,#12893);
#11512=AXIS2_PLACEMENT_3D('',#16148,#12894,#12895);
#11513=AXIS2_PLACEMENT_3D('',#16149,#12896,#12897);
#11514=AXIS2_PLACEMENT_3D('',#16151,#12898,#12899);
#11515=AXIS2_PLACEMENT_3D('',#16153,#12900,#12901);
#11516=AXIS2_PLACEMENT_3D('',#16154,#12902,#12903);
#11517=AXIS2_PLACEMENT_3D('',#16155,#12904,#12905);
#11518=AXIS2_PLACEMENT_3D('',#16158,#12907,#12908);
#11519=AXIS2_PLACEMENT_3D('',#16159,#12909,#12910);
#11520=AXIS2_PLACEMENT_3D('',#16160,#12911,#12912);
#11521=AXIS2_PLACEMENT_3D('',#16163,#12913,#12914);
#11522=AXIS2_PLACEMENT_3D('',#16167,#12916,#12917);
#11523=AXIS2_PLACEMENT_3D('',#16169,#12919,#12920);
#11524=AXIS2_PLACEMENT_3D('',#16173,#12922,#12923);
#11525=AXIS2_PLACEMENT_3D('',#16177,#12925,#12926);
#11526=AXIS2_PLACEMENT_3D('',#16181,#12928,#12929);
#11527=AXIS2_PLACEMENT_3D('',#16185,#12931,#12932);
#11528=AXIS2_PLACEMENT_3D('',#16189,#12934,#12935);
#11529=AXIS2_PLACEMENT_3D('',#16191,#12937,#12938);
#11530=AXIS2_PLACEMENT_3D('',#16195,#12941,#12942);
#11531=AXIS2_PLACEMENT_3D('',#16197,#12943,#12944);
#11532=AXIS2_PLACEMENT_3D('',#16199,#12946,#12947);
#11533=AXIS2_PLACEMENT_3D('',#16203,#12949,#12950);
#11534=AXIS2_PLACEMENT_3D('',#16205,#12952,#12953);
#11535=AXIS2_PLACEMENT_3D('',#16209,#12956,#12957);
#11536=AXIS2_PLACEMENT_3D('',#16213,#12959,#12960);
#11537=AXIS2_PLACEMENT_3D('',#16215,#12962,#12963);
#11538=AXIS2_PLACEMENT_3D('',#16217,#12965,#12966);
#11539=AXIS2_PLACEMENT_3D('',#16221,#12968,#12969);
#11540=AXIS2_PLACEMENT_3D('',#16223,#12971,#12972);
#11541=AXIS2_PLACEMENT_3D('',#16227,#12975,#12976);
#11542=AXIS2_PLACEMENT_3D('',#16228,#12977,#12978);
#11543=AXIS2_PLACEMENT_3D('',#16229,#12979,#12980);
#11544=AXIS2_PLACEMENT_3D('',#16231,#12982,#12983);
#11545=AXIS2_PLACEMENT_3D('',#16233,#12985,#12986);
#11546=AXIS2_PLACEMENT_3D('',#16234,#12987,#12988);
#11547=AXIS2_PLACEMENT_3D('',#16237,#12989,#12990);
#11548=AXIS2_PLACEMENT_3D('',#16239,#12991,#12992);
#11549=AXIS2_PLACEMENT_3D('',#16240,#12993,#12994);
#11550=AXIS2_PLACEMENT_3D('',#16241,#12995,#12996);
#11551=AXIS2_PLACEMENT_3D('',#16242,#12997,#12998);
#11552=AXIS2_PLACEMENT_3D('',#16244,#12999,#13000);
#11553=AXIS2_PLACEMENT_3D('',#16246,#13002,#13003);
#11554=AXIS2_PLACEMENT_3D('',#16247,#13004,#13005);
#11555=AXIS2_PLACEMENT_3D('',#16250,#13006,#13007);
#11556=AXIS2_PLACEMENT_3D('',#16252,#13008,#13009);
#11557=AXIS2_PLACEMENT_3D('',#16254,#13010,#13011);
#11558=AXIS2_PLACEMENT_3D('',#16255,#13012,#13013);
#11559=AXIS2_PLACEMENT_3D('',#16256,#13014,#13015);
#11560=AXIS2_PLACEMENT_3D('',#16259,#13016,#13017);
#11561=AXIS2_PLACEMENT_3D('',#16261,#13018,#13019);
#11562=AXIS2_PLACEMENT_3D('',#16263,#13020,#13021);
#11563=AXIS2_PLACEMENT_3D('',#16264,#13022,#13023);
#11564=AXIS2_PLACEMENT_3D('',#16265,#13024,#13025);
#11565=AXIS2_PLACEMENT_3D('',#16268,#13028,#13029);
#11566=AXIS2_PLACEMENT_3D('',#16271,#13030,#13031);
#11567=AXIS2_PLACEMENT_3D('',#16274,#13034,#13035);
#11568=AXIS2_PLACEMENT_3D('',#16277,#13036,#13037);
#11569=AXIS2_PLACEMENT_3D('',#16279,#13038,#13039);
#11570=AXIS2_PLACEMENT_3D('',#16281,#13040,#13041);
#11571=AXIS2_PLACEMENT_3D('',#16282,#13042,#13043);
#11572=AXIS2_PLACEMENT_3D('',#16283,#13044,#13045);
#11573=AXIS2_PLACEMENT_3D('',#16286,#13046,#13047);
#11574=AXIS2_PLACEMENT_3D('',#16288,#13048,#13049);
#11575=AXIS2_PLACEMENT_3D('',#16290,#13050,#13051);
#11576=AXIS2_PLACEMENT_3D('',#16291,#13052,#13053);
#11577=AXIS2_PLACEMENT_3D('',#16292,#13054,#13055);
#11578=AXIS2_PLACEMENT_3D('',#16295,#13058,#13059);
#11579=AXIS2_PLACEMENT_3D('',#16298,#13062,#13063);
#11580=AXIS2_PLACEMENT_3D('',#16301,#13064,#13065);
#11581=AXIS2_PLACEMENT_3D('',#16304,#13068,#13069);
#11582=AXIS2_PLACEMENT_3D('',#16307,#13070,#13071);
#11583=AXIS2_PLACEMENT_3D('',#16310,#13074,#13075);
#11584=AXIS2_PLACEMENT_3D('',#16313,#13078,#13079);
#11585=AXIS2_PLACEMENT_3D('',#16316,#13080,#13081);
#11586=AXIS2_PLACEMENT_3D('',#16319,#13084,#13085);
#11587=AXIS2_PLACEMENT_3D('',#16321,#13087,#13088);
#11588=AXIS2_PLACEMENT_3D('',#16323,#13090,#13091);
#11589=AXIS2_PLACEMENT_3D('',#16398,#13130,#13131);
#11590=AXIS2_PLACEMENT_3D('',#16401,#13132,#13133);
#11591=AXIS2_PLACEMENT_3D('',#16405,#13135,#13136);
#11592=AXIS2_PLACEMENT_3D('',#16409,#13138,#13139);
#11593=AXIS2_PLACEMENT_3D('',#16413,#13141,#13142);
#11594=AXIS2_PLACEMENT_3D('',#16417,#13144,#13145);
#11595=AXIS2_PLACEMENT_3D('',#16421,#13147,#13148);
#11596=AXIS2_PLACEMENT_3D('',#16423,#13150,#13151);
#11597=AXIS2_PLACEMENT_3D('',#16425,#13152,#13153);
#11598=AXIS2_PLACEMENT_3D('',#16427,#13154,#13155);
#11599=AXIS2_PLACEMENT_3D('',#16428,#13156,#13157);
#11600=AXIS2_PLACEMENT_3D('',#16429,#13158,#13159);
#11601=AXIS2_PLACEMENT_3D('',#16502,#13196,#13197);
#11602=AXIS2_PLACEMENT_3D('',#16504,#13198,#13199);
#11603=AXIS2_PLACEMENT_3D('',#16506,#13201,#13202);
#11604=AXIS2_PLACEMENT_3D('',#16510,#13204,#13205);
#11605=AXIS2_PLACEMENT_3D('',#16511,#13206,#13207);
#11606=AXIS2_PLACEMENT_3D('',#16512,#13208,#13209);
#11607=AXIS2_PLACEMENT_3D('',#16515,#13211,#13212);
#11608=AXIS2_PLACEMENT_3D('',#16516,#13213,#13214);
#11609=AXIS2_PLACEMENT_3D('',#16519,#13216,#13217);
#11610=AXIS2_PLACEMENT_3D('',#16520,#13218,#13219);
#11611=AXIS2_PLACEMENT_3D('',#16523,#13221,#13222);
#11612=AXIS2_PLACEMENT_3D('',#16524,#13223,#13224);
#11613=AXIS2_PLACEMENT_3D('',#16527,#13226,#13227);
#11614=AXIS2_PLACEMENT_3D('',#16528,#13228,#13229);
#11615=AXIS2_PLACEMENT_3D('',#16531,#13231,#13232);
#11616=AXIS2_PLACEMENT_3D('',#16532,#13233,#13234);
#11617=AXIS2_PLACEMENT_3D('',#16535,#13236,#13237);
#11618=AXIS2_PLACEMENT_3D('',#16536,#13238,#13239);
#11619=AXIS2_PLACEMENT_3D('',#16539,#13241,#13242);
#11620=AXIS2_PLACEMENT_3D('',#16540,#13243,#13244);
#11621=AXIS2_PLACEMENT_3D('',#16543,#13246,#13247);
#11622=AXIS2_PLACEMENT_3D('',#16544,#13248,#13249);
#11623=AXIS2_PLACEMENT_3D('',#16547,#13251,#13252);
#11624=AXIS2_PLACEMENT_3D('',#16548,#13253,#13254);
#11625=AXIS2_PLACEMENT_3D('',#16551,#13256,#13257);
#11626=AXIS2_PLACEMENT_3D('',#16552,#13258,#13259);
#11627=AXIS2_PLACEMENT_3D('',#16555,#13261,#13262);
#11628=AXIS2_PLACEMENT_3D('',#16556,#13263,#13264);
#11629=AXIS2_PLACEMENT_3D('',#16559,#13266,#13267);
#11630=AXIS2_PLACEMENT_3D('',#16560,#13268,#13269);
#11631=AXIS2_PLACEMENT_3D('',#16563,#13271,#13272);
#11632=AXIS2_PLACEMENT_3D('',#16564,#13273,#13274);
#11633=AXIS2_PLACEMENT_3D('',#16567,#13276,#13277);
#11634=AXIS2_PLACEMENT_3D('',#16568,#13278,#13279);
#11635=AXIS2_PLACEMENT_3D('',#16571,#13281,#13282);
#11636=AXIS2_PLACEMENT_3D('',#16572,#13283,#13284);
#11637=AXIS2_PLACEMENT_3D('',#16574,#13285,#13286);
#11638=AXIS2_PLACEMENT_3D('',#16577,#13288,#13289);
#11639=AXIS2_PLACEMENT_3D('',#16578,#13290,#13291);
#11640=AXIS2_PLACEMENT_3D('',#16580,#13293,#13294);
#11641=AXIS2_PLACEMENT_3D('',#16583,#13296,#13297);
#11642=AXIS2_PLACEMENT_3D('',#16584,#13298,#13299);
#11643=AXIS2_PLACEMENT_3D('',#16587,#13301,#13302);
#11644=AXIS2_PLACEMENT_3D('',#16588,#13303,#13304);
#11645=AXIS2_PLACEMENT_3D('',#16591,#13306,#13307);
#11646=AXIS2_PLACEMENT_3D('',#16592,#13308,#13309);
#11647=AXIS2_PLACEMENT_3D('',#16595,#13311,#13312);
#11648=AXIS2_PLACEMENT_3D('',#16596,#13313,#13314);
#11649=AXIS2_PLACEMENT_3D('',#16599,#13316,#13317);
#11650=AXIS2_PLACEMENT_3D('',#16600,#13318,#13319);
#11651=AXIS2_PLACEMENT_3D('',#16603,#13321,#13322);
#11652=AXIS2_PLACEMENT_3D('',#16604,#13323,#13324);
#11653=AXIS2_PLACEMENT_3D('',#16607,#13326,#13327);
#11654=AXIS2_PLACEMENT_3D('',#16608,#13328,#13329);
#11655=AXIS2_PLACEMENT_3D('',#16611,#13331,#13332);
#11656=AXIS2_PLACEMENT_3D('',#16612,#13333,#13334);
#11657=AXIS2_PLACEMENT_3D('',#16615,#13336,#13337);
#11658=AXIS2_PLACEMENT_3D('',#16616,#13338,#13339);
#11659=AXIS2_PLACEMENT_3D('',#16619,#13341,#13342);
#11660=AXIS2_PLACEMENT_3D('',#16620,#13343,#13344);
#11661=AXIS2_PLACEMENT_3D('',#16623,#13346,#13347);
#11662=AXIS2_PLACEMENT_3D('',#16624,#13348,#13349);
#11663=AXIS2_PLACEMENT_3D('',#16627,#13351,#13352);
#11664=AXIS2_PLACEMENT_3D('',#16628,#13353,#13354);
#11665=AXIS2_PLACEMENT_3D('',#16631,#13356,#13357);
#11666=AXIS2_PLACEMENT_3D('',#16632,#13358,#13359);
#11667=AXIS2_PLACEMENT_3D('',#16635,#13361,#13362);
#11668=AXIS2_PLACEMENT_3D('',#16636,#13363,#13364);
#11669=AXIS2_PLACEMENT_3D('',#16639,#13366,#13367);
#11670=AXIS2_PLACEMENT_3D('',#16640,#13368,#13369);
#11671=AXIS2_PLACEMENT_3D('',#16643,#13371,#13372);
#11672=AXIS2_PLACEMENT_3D('',#16644,#13373,#13374);
#11673=AXIS2_PLACEMENT_3D('',#16647,#13376,#13377);
#11674=AXIS2_PLACEMENT_3D('',#16648,#13378,#13379);
#11675=AXIS2_PLACEMENT_3D('',#16650,#13381,#13382);
#11676=AXIS2_PLACEMENT_3D('',#16653,#13385,#13386);
#11677=AXIS2_PLACEMENT_3D('',#16655,#13388,#13389);
#11678=AXIS2_PLACEMENT_3D('',#16657,#13391,#13392);
#11679=AXIS2_PLACEMENT_3D('',#16659,#13394,#13395);
#11680=AXIS2_PLACEMENT_3D('',#16661,#13397,#13398);
#11681=AXIS2_PLACEMENT_3D('',#16663,#13400,#13401);
#11682=AXIS2_PLACEMENT_3D('',#16665,#13403,#13404);
#11683=AXIS2_PLACEMENT_3D('',#16667,#13406,#13407);
#11684=AXIS2_PLACEMENT_3D('',#16669,#13409,#13410);
#11685=AXIS2_PLACEMENT_3D('',#16671,#13412,#13413);
#11686=AXIS2_PLACEMENT_3D('',#16673,#13415,#13416);
#11687=AXIS2_PLACEMENT_3D('',#16675,#13418,#13419);
#11688=AXIS2_PLACEMENT_3D('',#16677,#13421,#13422);
#11689=AXIS2_PLACEMENT_3D('',#16679,#13424,#13425);
#11690=AXIS2_PLACEMENT_3D('',#16681,#13427,#13428);
#11691=AXIS2_PLACEMENT_3D('',#16683,#13430,#13431);
#11692=AXIS2_PLACEMENT_3D('',#16685,#13433,#13434);
#11693=AXIS2_PLACEMENT_3D('',#16687,#13436,#13437);
#11694=AXIS2_PLACEMENT_3D('',#16691,#13439,#13440);
#11695=AXIS2_PLACEMENT_3D('',#16693,#13442,#13443);
#11696=AXIS2_PLACEMENT_3D('',#16697,#13446,#13447);
#11697=AXIS2_PLACEMENT_3D('',#16701,#13449,#13450);
#11698=AXIS2_PLACEMENT_3D('',#16703,#13452,#13453);
#11699=AXIS2_PLACEMENT_3D('',#16707,#13456,#13457);
#11700=AXIS2_PLACEMENT_3D('',#16709,#13458,#13459);
#11701=AXIS2_PLACEMENT_3D('',#16711,#13461,#13462);
#11702=AXIS2_PLACEMENT_3D('',#16714,#13464,#13465);
#11703=AXIS2_PLACEMENT_3D('',#16715,#13466,#13467);
#11704=AXIS2_PLACEMENT_3D('',#16719,#13470,#13471);
#11705=AXIS2_PLACEMENT_3D('',#16723,#13473,#13474);
#11706=AXIS2_PLACEMENT_3D('',#16725,#13476,#13477);
#11707=AXIS2_PLACEMENT_3D('',#16729,#13480,#13481);
#11708=AXIS2_PLACEMENT_3D('',#16730,#13482,#13483);
#11709=AXIS2_PLACEMENT_3D('',#16731,#13484,#13485);
#11710=AXIS2_PLACEMENT_3D('',#16732,#13486,#13487);
#11711=AXIS2_PLACEMENT_3D('',#16733,#13488,#13489);
#11712=AXIS2_PLACEMENT_3D('',#16735,#13491,#13492);
#11713=AXIS2_PLACEMENT_3D('',#16737,#13494,#13495);
#11714=AXIS2_PLACEMENT_3D('',#16739,#13497,#13498);
#11715=AXIS2_PLACEMENT_3D('',#16741,#13500,#13501);
#11716=AXIS2_PLACEMENT_3D('',#16743,#13503,#13504);
#11717=AXIS2_PLACEMENT_3D('',#16745,#13506,#13507);
#11718=AXIS2_PLACEMENT_3D('',#16747,#13509,#13510);
#11719=AXIS2_PLACEMENT_3D('',#16749,#13512,#13513);
#11720=AXIS2_PLACEMENT_3D('',#16751,#13515,#13516);
#11721=AXIS2_PLACEMENT_3D('',#16753,#13518,#13519);
#11722=AXIS2_PLACEMENT_3D('',#16755,#13521,#13522);
#11723=AXIS2_PLACEMENT_3D('',#16757,#13524,#13525);
#11724=AXIS2_PLACEMENT_3D('',#16759,#13527,#13528);
#11725=AXIS2_PLACEMENT_3D('',#16761,#13530,#13531);
#11726=AXIS2_PLACEMENT_3D('',#16763,#13533,#13534);
#11727=AXIS2_PLACEMENT_3D('',#16765,#13536,#13537);
#11728=AXIS2_PLACEMENT_3D('',#16767,#13539,#13540);
#11729=AXIS2_PLACEMENT_3D('',#16768,#13541,#13542);
#11730=AXIS2_PLACEMENT_3D('',#16769,#13543,#13544);
#11731=AXIS2_PLACEMENT_3D('',#16771,#13546,#13547);
#11732=AXIS2_PLACEMENT_3D('',#16773,#13549,#13550);
#11733=AXIS2_PLACEMENT_3D('',#16774,#13551,#13552);
#11734=AXIS2_PLACEMENT_3D('',#16783,#13557,#13558);
#11735=AXIS2_PLACEMENT_3D('',#16789,#13562,#13563);
#11736=AXIS2_PLACEMENT_3D('',#16795,#13567,#13568);
#11737=AXIS2_PLACEMENT_3D('',#16801,#13572,#13573);
#11738=AXIS2_PLACEMENT_3D('',#16807,#13577,#13578);
#11739=AXIS2_PLACEMENT_3D('',#16810,#13581,#13582);
#11740=AXIS2_PLACEMENT_3D('',#16816,#13586,#13587);
#11741=AXIS2_PLACEMENT_3D('',#16820,#13590,#13591);
#11742=AXIS2_PLACEMENT_3D('',#16824,#13594,#13595);
#11743=AXIS2_PLACEMENT_3D('',#16827,#13596,#13597);
#11744=AXIS2_PLACEMENT_3D('',#16831,#13599,#13600);
#11745=AXIS2_PLACEMENT_3D('',#16835,#13602,#13603);
#11746=AXIS2_PLACEMENT_3D('',#16839,#13605,#13606);
#11747=AXIS2_PLACEMENT_3D('',#16843,#13608,#13609);
#11748=AXIS2_PLACEMENT_3D('',#16847,#13611,#13612);
#11749=AXIS2_PLACEMENT_3D('',#16849,#13614,#13615);
#11750=AXIS2_PLACEMENT_3D('',#16853,#13617,#13618);
#11751=AXIS2_PLACEMENT_3D('',#16855,#13620,#13621);
#11752=AXIS2_PLACEMENT_3D('',#16859,#13624,#13625);
#11753=AXIS2_PLACEMENT_3D('',#16862,#13627,#13628);
#11754=AXIS2_PLACEMENT_3D('',#16863,#13629,#13630);
#11755=AXIS2_PLACEMENT_3D('',#16867,#13633,#13634);
#11756=AXIS2_PLACEMENT_3D('',#16870,#13636,#13637);
#11757=AXIS2_PLACEMENT_3D('',#16871,#13638,#13639);
#11758=AXIS2_PLACEMENT_3D('',#16875,#13642,#13643);
#11759=AXIS2_PLACEMENT_3D('',#16878,#13645,#13646);
#11760=AXIS2_PLACEMENT_3D('',#16879,#13647,#13648);
#11761=AXIS2_PLACEMENT_3D('',#16883,#13651,#13652);
#11762=AXIS2_PLACEMENT_3D('',#16886,#13654,#13655);
#11763=AXIS2_PLACEMENT_3D('',#16887,#13656,#13657);
#11764=AXIS2_PLACEMENT_3D('',#16891,#13660,#13661);
#11765=AXIS2_PLACEMENT_3D('',#16894,#13663,#13664);
#11766=AXIS2_PLACEMENT_3D('',#16895,#13665,#13666);
#11767=AXIS2_PLACEMENT_3D('',#16897,#13668,#13669);
#11768=AXIS2_PLACEMENT_3D('',#16903,#13673,#13674);
#11769=AXIS2_PLACEMENT_3D('',#16906,#13676,#13677);
#11770=AXIS2_PLACEMENT_3D('',#16907,#13678,#13679);
#11771=AXIS2_PLACEMENT_3D('',#16911,#13682,#13683);
#11772=AXIS2_PLACEMENT_3D('',#16914,#13685,#13686);
#11773=AXIS2_PLACEMENT_3D('',#16915,#13687,#13688);
#11774=AXIS2_PLACEMENT_3D('',#16919,#13691,#13692);
#11775=AXIS2_PLACEMENT_3D('',#16922,#13694,#13695);
#11776=AXIS2_PLACEMENT_3D('',#16923,#13696,#13697);
#11777=AXIS2_PLACEMENT_3D('',#16927,#13699,#13700);
#11778=AXIS2_PLACEMENT_3D('',#16931,#13702,#13703);
#11779=AXIS2_PLACEMENT_3D('',#16934,#13705,#13706);
#11780=AXIS2_PLACEMENT_3D('',#16940,#13710,#13711);
#11781=AXIS2_PLACEMENT_3D('',#16942,#13713,#13714);
#11782=AXIS2_PLACEMENT_3D('',#16944,#13716,#13717);
#11783=AXIS2_PLACEMENT_3D('',#16947,#13720,#13721);
#11784=AXIS2_PLACEMENT_3D('',#16949,#13723,#13724);
#11785=AXIS2_PLACEMENT_3D('',#16950,#13725,#13726);
#11786=AXIS2_PLACEMENT_3D('',#16952,#13728,#13729);
#11787=AXIS2_PLACEMENT_3D('',#16954,#13731,#13732);
#11788=AXIS2_PLACEMENT_3D('',#16955,#13733,#13734);
#11789=AXIS2_PLACEMENT_3D('',#16956,#13735,#13736);
#11790=AXIS2_PLACEMENT_3D('',#16965,#13741,#13742);
#11791=AXIS2_PLACEMENT_3D('',#16971,#13746,#13747);
#11792=AXIS2_PLACEMENT_3D('',#16977,#13751,#13752);
#11793=AXIS2_PLACEMENT_3D('',#16983,#13756,#13757);
#11794=AXIS2_PLACEMENT_3D('',#16989,#13761,#13762);
#11795=AXIS2_PLACEMENT_3D('',#16992,#13765,#13766);
#11796=AXIS2_PLACEMENT_3D('',#16998,#13770,#13771);
#11797=AXIS2_PLACEMENT_3D('',#17002,#13774,#13775);
#11798=AXIS2_PLACEMENT_3D('',#17006,#13778,#13779);
#11799=AXIS2_PLACEMENT_3D('',#17013,#13782,#13783);
#11800=AXIS2_PLACEMENT_3D('',#17017,#13785,#13786);
#11801=AXIS2_PLACEMENT_3D('',#17021,#13788,#13789);
#11802=AXIS2_PLACEMENT_3D('',#17025,#13791,#13792);
#11803=AXIS2_PLACEMENT_3D('',#17027,#13794,#13795);
#11804=AXIS2_PLACEMENT_3D('',#17033,#13799,#13800);
#11805=AXIS2_PLACEMENT_3D('',#17037,#13803,#13804);
#11806=AXIS2_PLACEMENT_3D('',#17039,#13805,#13806);
#11807=AXIS2_PLACEMENT_3D('',#17041,#13808,#13809);
#11808=AXIS2_PLACEMENT_3D('',#17045,#13812,#13813);
#11809=AXIS2_PLACEMENT_3D('',#17047,#13814,#13815);
#11810=AXIS2_PLACEMENT_3D('',#17049,#13817,#13818);
#11811=AXIS2_PLACEMENT_3D('',#17053,#13821,#13822);
#11812=AXIS2_PLACEMENT_3D('',#17055,#13823,#13824);
#11813=AXIS2_PLACEMENT_3D('',#17057,#13826,#13827);
#11814=AXIS2_PLACEMENT_3D('',#17061,#13830,#13831);
#11815=AXIS2_PLACEMENT_3D('',#17063,#13832,#13833);
#11816=AXIS2_PLACEMENT_3D('',#17065,#13835,#13836);
#11817=AXIS2_PLACEMENT_3D('',#17067,#13838,#13839);
#11818=AXIS2_PLACEMENT_3D('',#17071,#13841,#13842);
#11819=AXIS2_PLACEMENT_3D('',#17073,#13844,#13845);
#11820=AXIS2_PLACEMENT_3D('',#17077,#13848,#13849);
#11821=AXIS2_PLACEMENT_3D('',#17080,#13851,#13852);
#11822=AXIS2_PLACEMENT_3D('',#17081,#13853,#13854);
#11823=AXIS2_PLACEMENT_3D('',#17087,#13858,#13859);
#11824=AXIS2_PLACEMENT_3D('',#17091,#13862,#13863);
#11825=AXIS2_PLACEMENT_3D('',#17100,#13868,#13869);
#11826=AXIS2_PLACEMENT_3D('',#17106,#13873,#13874);
#11827=AXIS2_PLACEMENT_3D('',#17108,#13875,#13876);
#11828=AXIS2_PLACEMENT_3D('',#17111,#13878,#13879);
#11829=AXIS2_PLACEMENT_3D('',#17112,#13880,#13881);
#11830=AXIS2_PLACEMENT_3D('',#17118,#13885,#13886);
#11831=AXIS2_PLACEMENT_3D('',#17120,#13887,#13888);
#11832=AXIS2_PLACEMENT_3D('',#17123,#13890,#13891);
#11833=AXIS2_PLACEMENT_3D('',#17124,#13892,#13893);
#11834=AXIS2_PLACEMENT_3D('',#17130,#13897,#13898);
#11835=AXIS2_PLACEMENT_3D('',#17132,#13899,#13900);
#11836=AXIS2_PLACEMENT_3D('',#17135,#13902,#13903);
#11837=AXIS2_PLACEMENT_3D('',#17136,#13904,#13905);
#11838=AXIS2_PLACEMENT_3D('',#17142,#13909,#13910);
#11839=AXIS2_PLACEMENT_3D('',#17144,#13911,#13912);
#11840=AXIS2_PLACEMENT_3D('',#17147,#13914,#13915);
#11841=AXIS2_PLACEMENT_3D('',#17148,#13916,#13917);
#11842=AXIS2_PLACEMENT_3D('',#17151,#13920,#13921);
#11843=AXIS2_PLACEMENT_3D('',#17155,#13923,#13924);
#11844=AXIS2_PLACEMENT_3D('',#17157,#13926,#13927);
#11845=AXIS2_PLACEMENT_3D('',#17161,#13930,#13931);
#11846=AXIS2_PLACEMENT_3D('',#17164,#13933,#13934);
#11847=AXIS2_PLACEMENT_3D('',#17165,#13935,#13936);
#11848=AXIS2_PLACEMENT_3D('',#17171,#13939,#13940);
#11849=AXIS2_PLACEMENT_3D('',#17173,#13942,#13943);
#11850=AXIS2_PLACEMENT_3D('',#17177,#13946,#13947);
#11851=AXIS2_PLACEMENT_3D('',#17190,#13954,#13955);
#11852=AXIS2_PLACEMENT_3D('',#17196,#13959,#13960);
#11853=AXIS2_PLACEMENT_3D('',#17200,#13963,#13964);
#11854=AXIS2_PLACEMENT_3D('',#17204,#13967,#13968);
#11855=AXIS2_PLACEMENT_3D('',#17208,#13971,#13972);
#11856=AXIS2_PLACEMENT_3D('',#17212,#13975,#13976);
#11857=AXIS2_PLACEMENT_3D('',#17214,#13978,#13979);
#11858=AXIS2_PLACEMENT_3D('',#17220,#13983,#13984);
#11859=AXIS2_PLACEMENT_3D('',#17224,#13987,#13988);
#11860=AXIS2_PLACEMENT_3D('',#17228,#13991,#13992);
#11861=AXIS2_PLACEMENT_3D('',#17232,#13995,#13996);
#11862=AXIS2_PLACEMENT_3D('',#17238,#13999,#14000);
#11863=AXIS2_PLACEMENT_3D('',#17242,#14002,#14003);
#11864=AXIS2_PLACEMENT_3D('',#17246,#14005,#14006);
#11865=AXIS2_PLACEMENT_3D('',#17250,#14008,#14009);
#11866=AXIS2_PLACEMENT_3D('',#17258,#14013,#14014);
#11867=AXIS2_PLACEMENT_3D('',#17261,#14016,#14017);
#11868=AXIS2_PLACEMENT_3D('',#17284,#14030,#14031);
#11869=AXIS2_PLACEMENT_3D('',#17286,#14033,#14034);
#11870=AXIS2_PLACEMENT_3D('',#17288,#14036,#14037);
#11871=AXIS2_PLACEMENT_3D('',#17290,#14039,#14040);
#11872=AXIS2_PLACEMENT_3D('',#17293,#14041,#14042);
#11873=AXIS2_PLACEMENT_3D('',#17294,#14043,#14044);
#11874=AXIS2_PLACEMENT_3D('',#17295,#14045,#14046);
#11875=AXIS2_PLACEMENT_3D('',#17296,#14047,#14048);
#11876=AXIS2_PLACEMENT_3D('',#17299,#14049,#14050);
#11877=AXIS2_PLACEMENT_3D('',#17300,#14051,#14052);
#11878=AXIS2_PLACEMENT_3D('',#17301,#14053,#14054);
#11879=AXIS2_PLACEMENT_3D('',#17302,#14055,#14056);
#11880=AXIS2_PLACEMENT_3D('',#17303,#14057,#14058);
#11881=AXIS2_PLACEMENT_3D('',#17304,#14059,#14060);
#11882=AXIS2_PLACEMENT_3D('',#17305,#14061,#14062);
#11883=AXIS2_PLACEMENT_3D('',#17306,#14063,#14064);
#11884=AXIS2_PLACEMENT_3D('',#17307,#14065,#14066);
#11885=AXIS2_PLACEMENT_3D('',#17308,#14067,#14068);
#11886=AXIS2_PLACEMENT_3D('',#17311,#14070,#14071);
#11887=AXIS2_PLACEMENT_3D('',#17312,#14072,#14073);
#11888=AXIS2_PLACEMENT_3D('',#17313,#14074,#14075);
#11889=AXIS2_PLACEMENT_3D('',#17314,#14076,#14077);
#11890=AXIS2_PLACEMENT_3D('',#17315,#14078,#14079);
#11891=AXIS2_PLACEMENT_3D('',#17317,#14081,#14082);
#11892=AXIS2_PLACEMENT_3D('',#17319,#14084,#14085);
#11893=AXIS2_PLACEMENT_3D('',#17322,#14088,#14089);
#11894=AXIS2_PLACEMENT_3D('',#17325,#14091,#14092);
#11895=AXIS2_PLACEMENT_3D('',#17326,#14093,#14094);
#11896=AXIS2_PLACEMENT_3D('',#17329,#14097,#14098);
#11897=AXIS2_PLACEMENT_3D('',#17331,#14100,#14101);
#11898=AXIS2_PLACEMENT_3D('',#17332,#14102,#14103);
#11899=AXIS2_PLACEMENT_3D('',#17333,#14104,#14105);
#11900=AXIS2_PLACEMENT_3D('',#17335,#14107,#14108);
#11901=AXIS2_PLACEMENT_3D('',#17337,#14110,#14111);
#11902=AXIS2_PLACEMENT_3D('',#17343,#14115,#14116);
#11903=AXIS2_PLACEMENT_3D('',#17347,#14119,#14120);
#11904=AXIS2_PLACEMENT_3D('',#17351,#14123,#14124);
#11905=AXIS2_PLACEMENT_3D('',#17355,#14127,#14128);
#11906=AXIS2_PLACEMENT_3D('',#17359,#14131,#14132);
#11907=AXIS2_PLACEMENT_3D('',#17361,#14134,#14135);
#11908=AXIS2_PLACEMENT_3D('',#17363,#14137,#14138);
#11909=AXIS2_PLACEMENT_3D('',#17365,#14140,#14141);
#11910=AXIS2_PLACEMENT_3D('',#17366,#14142,#14143);
#11911=AXIS2_PLACEMENT_3D('',#17368,#14145,#14146);
#11912=AXIS2_PLACEMENT_3D('',#17370,#14148,#14149);
#11913=AXIS2_PLACEMENT_3D('',#17371,#14150,#14151);
#11914=AXIS2_PLACEMENT_3D('',#17374,#14154,#14155);
#11915=AXIS2_PLACEMENT_3D('',#17375,#14156,#14157);
#11916=AXIS2_PLACEMENT_3D('',#17376,#14158,#14159);
#11917=AXIS2_PLACEMENT_3D('',#17385,#14164,#14165);
#11918=AXIS2_PLACEMENT_3D('',#17391,#14169,#14170);
#11919=AXIS2_PLACEMENT_3D('',#17397,#14174,#14175);
#11920=AXIS2_PLACEMENT_3D('',#17403,#14179,#14180);
#11921=AXIS2_PLACEMENT_3D('',#17409,#14184,#14185);
#11922=AXIS2_PLACEMENT_3D('',#17412,#14188,#14189);
#11923=AXIS2_PLACEMENT_3D('',#17418,#14193,#14194);
#11924=AXIS2_PLACEMENT_3D('',#17422,#14197,#14198);
#11925=AXIS2_PLACEMENT_3D('',#17426,#14201,#14202);
#11926=AXIS2_PLACEMENT_3D('',#17433,#14205,#14206);
#11927=AXIS2_PLACEMENT_3D('',#17437,#14208,#14209);
#11928=AXIS2_PLACEMENT_3D('',#17441,#14211,#14212);
#11929=AXIS2_PLACEMENT_3D('',#17445,#14214,#14215);
#11930=AXIS2_PLACEMENT_3D('',#17447,#14217,#14218);
#11931=AXIS2_PLACEMENT_3D('',#17453,#14222,#14223);
#11932=AXIS2_PLACEMENT_3D('',#17457,#14226,#14227);
#11933=AXIS2_PLACEMENT_3D('',#17459,#14228,#14229);
#11934=AXIS2_PLACEMENT_3D('',#17461,#14231,#14232);
#11935=AXIS2_PLACEMENT_3D('',#17465,#14235,#14236);
#11936=AXIS2_PLACEMENT_3D('',#17467,#14237,#14238);
#11937=AXIS2_PLACEMENT_3D('',#17469,#14240,#14241);
#11938=AXIS2_PLACEMENT_3D('',#17473,#14244,#14245);
#11939=AXIS2_PLACEMENT_3D('',#17475,#14246,#14247);
#11940=AXIS2_PLACEMENT_3D('',#17477,#14249,#14250);
#11941=AXIS2_PLACEMENT_3D('',#17481,#14253,#14254);
#11942=AXIS2_PLACEMENT_3D('',#17483,#14255,#14256);
#11943=AXIS2_PLACEMENT_3D('',#17485,#14258,#14259);
#11944=AXIS2_PLACEMENT_3D('',#17487,#14261,#14262);
#11945=AXIS2_PLACEMENT_3D('',#17491,#14264,#14265);
#11946=AXIS2_PLACEMENT_3D('',#17493,#14267,#14268);
#11947=AXIS2_PLACEMENT_3D('',#17497,#14271,#14272);
#11948=AXIS2_PLACEMENT_3D('',#17500,#14274,#14275);
#11949=AXIS2_PLACEMENT_3D('',#17501,#14276,#14277);
#11950=AXIS2_PLACEMENT_3D('',#17507,#14281,#14282);
#11951=AXIS2_PLACEMENT_3D('',#17511,#14285,#14286);
#11952=AXIS2_PLACEMENT_3D('',#17520,#14291,#14292);
#11953=AXIS2_PLACEMENT_3D('',#17526,#14296,#14297);
#11954=AXIS2_PLACEMENT_3D('',#17535,#14302,#14303);
#11955=AXIS2_PLACEMENT_3D('',#17537,#14304,#14305);
#11956=AXIS2_PLACEMENT_3D('',#17540,#14307,#14308);
#11957=AXIS2_PLACEMENT_3D('',#17541,#14309,#14310);
#11958=AXIS2_PLACEMENT_3D('',#17544,#14313,#14314);
#11959=AXIS2_PLACEMENT_3D('',#17550,#14318,#14319);
#11960=AXIS2_PLACEMENT_3D('',#17552,#14320,#14321);
#11961=AXIS2_PLACEMENT_3D('',#17555,#14323,#14324);
#11962=AXIS2_PLACEMENT_3D('',#17556,#14325,#14326);
#11963=AXIS2_PLACEMENT_3D('',#17559,#14329,#14330);
#11964=AXIS2_PLACEMENT_3D('',#17565,#14334,#14335);
#11965=AXIS2_PLACEMENT_3D('',#17571,#14338,#14339);
#11966=AXIS2_PLACEMENT_3D('',#17573,#14341,#14342);
#11967=AXIS2_PLACEMENT_3D('',#17576,#14344,#14345);
#11968=AXIS2_PLACEMENT_3D('',#17577,#14346,#14347);
#11969=AXIS2_PLACEMENT_3D('',#17583,#14350,#14351);
#11970=AXIS2_PLACEMENT_3D('',#17585,#14353,#14354);
#11971=AXIS2_PLACEMENT_3D('',#17598,#14361,#14362);
#11972=AXIS2_PLACEMENT_3D('',#17604,#14366,#14367);
#11973=AXIS2_PLACEMENT_3D('',#17608,#14370,#14371);
#11974=AXIS2_PLACEMENT_3D('',#17612,#14374,#14375);
#11975=AXIS2_PLACEMENT_3D('',#17616,#14378,#14379);
#11976=AXIS2_PLACEMENT_3D('',#17620,#14382,#14383);
#11977=AXIS2_PLACEMENT_3D('',#17622,#14385,#14386);
#11978=AXIS2_PLACEMENT_3D('',#17628,#14390,#14391);
#11979=AXIS2_PLACEMENT_3D('',#17632,#14394,#14395);
#11980=AXIS2_PLACEMENT_3D('',#17636,#14398,#14399);
#11981=AXIS2_PLACEMENT_3D('',#17645,#14404,#14405);
#11982=AXIS2_PLACEMENT_3D('',#17651,#14409,#14410);
#11983=AXIS2_PLACEMENT_3D('',#17657,#14414,#14415);
#11984=AXIS2_PLACEMENT_3D('',#17663,#14419,#14420);
#11985=AXIS2_PLACEMENT_3D('',#17669,#14424,#14425);
#11986=AXIS2_PLACEMENT_3D('',#17672,#14428,#14429);
#11987=AXIS2_PLACEMENT_3D('',#17678,#14433,#14434);
#11988=AXIS2_PLACEMENT_3D('',#17682,#14437,#14438);
#11989=AXIS2_PLACEMENT_3D('',#17686,#14441,#14442);
#11990=AXIS2_PLACEMENT_3D('',#17693,#14445,#14446);
#11991=AXIS2_PLACEMENT_3D('',#17697,#14448,#14449);
#11992=AXIS2_PLACEMENT_3D('',#17701,#14451,#14452);
#11993=AXIS2_PLACEMENT_3D('',#17705,#14454,#14455);
#11994=AXIS2_PLACEMENT_3D('',#17707,#14457,#14458);
#11995=AXIS2_PLACEMENT_3D('',#17713,#14462,#14463);
#11996=AXIS2_PLACEMENT_3D('',#17717,#14466,#14467);
#11997=AXIS2_PLACEMENT_3D('',#17719,#14468,#14469);
#11998=AXIS2_PLACEMENT_3D('',#17721,#14471,#14472);
#11999=AXIS2_PLACEMENT_3D('',#17725,#14475,#14476);
#12000=AXIS2_PLACEMENT_3D('',#17727,#14477,#14478);
#12001=AXIS2_PLACEMENT_3D('',#17729,#14480,#14481);
#12002=AXIS2_PLACEMENT_3D('',#17733,#14484,#14485);
#12003=AXIS2_PLACEMENT_3D('',#17735,#14486,#14487);
#12004=AXIS2_PLACEMENT_3D('',#17737,#14489,#14490);
#12005=AXIS2_PLACEMENT_3D('',#17741,#14493,#14494);
#12006=AXIS2_PLACEMENT_3D('',#17743,#14495,#14496);
#12007=AXIS2_PLACEMENT_3D('',#17745,#14498,#14499);
#12008=AXIS2_PLACEMENT_3D('',#17747,#14501,#14502);
#12009=AXIS2_PLACEMENT_3D('',#17751,#14504,#14505);
#12010=AXIS2_PLACEMENT_3D('',#17753,#14507,#14508);
#12011=AXIS2_PLACEMENT_3D('',#17757,#14511,#14512);
#12012=AXIS2_PLACEMENT_3D('',#17760,#14514,#14515);
#12013=AXIS2_PLACEMENT_3D('',#17761,#14516,#14517);
#12014=AXIS2_PLACEMENT_3D('',#17767,#14521,#14522);
#12015=AXIS2_PLACEMENT_3D('',#17771,#14525,#14526);
#12016=AXIS2_PLACEMENT_3D('',#17775,#14529,#14530);
#12017=AXIS2_PLACEMENT_3D('',#17776,#14531,#14532);
#12018=AXIS2_PLACEMENT_3D('',#17778,#14533,#14534);
#12019=AXIS2_PLACEMENT_3D('',#17780,#14535,#14536);
#12020=AXIS2_PLACEMENT_3D('',#17781,#14537,#14538);
#12021=AXIS2_PLACEMENT_3D('',#17782,#14539,#14540);
#12022=AXIS2_PLACEMENT_3D('',#17784,#14542,#14543);
#12023=AXIS2_PLACEMENT_3D('',#17786,#14544,#14545);
#12024=AXIS2_PLACEMENT_3D('',#17788,#14546,#14547);
#12025=AXIS2_PLACEMENT_3D('',#17789,#14548,#14549);
#12026=AXIS2_PLACEMENT_3D('',#17790,#14550,#14551);
#12027=AXIS2_PLACEMENT_3D('',#17792,#14553,#14554);
#12028=AXIS2_PLACEMENT_3D('',#17795,#14555,#14556);
#12029=AXIS2_PLACEMENT_3D('',#17797,#14557,#14558);
#12030=AXIS2_PLACEMENT_3D('',#17799,#14559,#14560);
#12031=AXIS2_PLACEMENT_3D('',#17800,#14561,#14562);
#12032=AXIS2_PLACEMENT_3D('',#17801,#14563,#14564);
#12033=AXIS2_PLACEMENT_3D('',#17804,#14567,#14568);
#12034=AXIS2_PLACEMENT_3D('',#17807,#14569,#14570);
#12035=AXIS2_PLACEMENT_3D('',#17809,#14571,#14572);
#12036=AXIS2_PLACEMENT_3D('',#17811,#14573,#14574);
#12037=AXIS2_PLACEMENT_3D('',#17812,#14575,#14576);
#12038=AXIS2_PLACEMENT_3D('',#17813,#14577,#14578);
#12039=AXIS2_PLACEMENT_3D('',#17816,#14581,#14582);
#12040=AXIS2_PLACEMENT_3D('',#17821,#14585,#14586);
#12041=AXIS2_PLACEMENT_3D('',#17822,#14587,#14588);
#12042=AXIS2_PLACEMENT_3D('',#17825,#14591,#14592);
#12043=AXIS2_PLACEMENT_3D('',#17829,#14594,#14595);
#12044=AXIS2_PLACEMENT_3D('',#17831,#14597,#14598);
#12045=AXIS2_PLACEMENT_3D('',#17834,#14601,#14602);
#12046=AXIS2_PLACEMENT_3D('',#17840,#14605,#14606);
#12047=AXIS2_PLACEMENT_3D('',#17844,#14608,#14609);
#12048=AXIS2_PLACEMENT_3D('',#17848,#14611,#14612);
#12049=AXIS2_PLACEMENT_3D('',#17852,#14614,#14615);
#12050=AXIS2_PLACEMENT_3D('',#17860,#14619,#14620);
#12051=AXIS2_PLACEMENT_3D('',#17901,#14643,#14644);
#12052=AXIS2_PLACEMENT_3D('',#17903,#14646,#14647);
#12053=AXIS2_PLACEMENT_3D('',#17906,#14650,#14651);
#12054=AXIS2_PLACEMENT_3D('',#17908,#14653,#14654);
#12055=AXIS2_PLACEMENT_3D('',#17911,#14656,#14657);
#12056=AXIS2_PLACEMENT_3D('',#17912,#14658,#14659);
#12057=AXIS2_PLACEMENT_3D('',#17913,#14660,#14661);
#12058=AXIS2_PLACEMENT_3D('',#17914,#14662,#14663);
#12059=AXIS2_PLACEMENT_3D('',#17915,#14664,#14665);
#12060=AXIS2_PLACEMENT_3D('',#17916,#14666,#14667);
#12061=AXIS2_PLACEMENT_3D('',#17917,#14668,#14669);
#12062=AXIS2_PLACEMENT_3D('',#17918,#14670,#14671);
#12063=AXIS2_PLACEMENT_3D('',#17919,#14672,#14673);
#12064=AXIS2_PLACEMENT_3D('',#17920,#14674,#14675);
#12065=AXIS2_PLACEMENT_3D('',#17921,#14676,#14677);
#12066=AXIS2_PLACEMENT_3D('',#17924,#14678,#14679);
#12067=AXIS2_PLACEMENT_3D('',#17925,#14680,#14681);
#12068=AXIS2_PLACEMENT_3D('',#17926,#14682,#14683);
#12069=AXIS2_PLACEMENT_3D('',#17927,#14684,#14685);
#12070=AXIS2_PLACEMENT_3D('',#17929,#14687,#14688);
#12071=AXIS2_PLACEMENT_3D('',#17932,#14689,#14690);
#12072=AXIS2_PLACEMENT_3D('',#17933,#14691,#14692);
#12073=AXIS2_PLACEMENT_3D('',#17934,#14693,#14694);
#12074=AXIS2_PLACEMENT_3D('',#17935,#14695,#14696);
#12075=AXIS2_PLACEMENT_3D('',#17937,#14698,#14699);
#12076=AXIS2_PLACEMENT_3D('',#17940,#14701,#14702);
#12077=AXIS2_PLACEMENT_3D('',#17941,#14703,#14704);
#12078=AXIS2_PLACEMENT_3D('',#17944,#14707,#14708);
#12079=AXIS2_PLACEMENT_3D('',#17946,#14710,#14711);
#12080=AXIS2_PLACEMENT_3D('',#17949,#14714,#14715);
#12081=AXIS2_PLACEMENT_3D('',#17953,#14718,#14719);
#12082=AXIS2_PLACEMENT_3D('',#17967,#14727,#14728);
#12083=AXIS2_PLACEMENT_3D('',#17970,#14731,#14732);
#12084=AXIS2_PLACEMENT_3D('',#17984,#14740,#14741);
#12085=AXIS2_PLACEMENT_3D('',#17987,#14744,#14745);
#12086=AXIS2_PLACEMENT_3D('',#17989,#14747,#14748);
#12087=AXIS2_PLACEMENT_3D('',#17991,#14750,#14751);
#12088=AXIS2_PLACEMENT_3D('',#17993,#14753,#14754);
#12089=AXIS2_PLACEMENT_3D('',#17995,#14756,#14757);
#12090=AXIS2_PLACEMENT_3D('',#17996,#14758,#14759);
#12091=AXIS2_PLACEMENT_3D('',#17998,#14761,#14762);
#12092=AXIS2_PLACEMENT_3D('',#18000,#14764,#14765);
#12093=AXIS2_PLACEMENT_3D('',#18001,#14766,#14767);
#12094=AXIS2_PLACEMENT_3D('',#18003,#14769,#14770);
#12095=AXIS2_PLACEMENT_3D('',#18005,#14772,#14773);
#12096=AXIS2_PLACEMENT_3D('',#18006,#14774,#14775);
#12097=AXIS2_PLACEMENT_3D('',#18009,#14778,#14779);
#12098=AXIS2_PLACEMENT_3D('',#18011,#14781,#14782);
#12099=AXIS2_PLACEMENT_3D('',#18013,#14784,#14785);
#12100=AXIS2_PLACEMENT_3D('',#18015,#14787,#14788);
#12101=AXIS2_PLACEMENT_3D('',#18017,#14790,#14791);
#12102=AXIS2_PLACEMENT_3D('',#18018,#14792,#14793);
#12103=AXIS2_PLACEMENT_3D('',#18020,#14795,#14796);
#12104=AXIS2_PLACEMENT_3D('',#18022,#14798,#14799);
#12105=AXIS2_PLACEMENT_3D('',#18023,#14800,#14801);
#12106=AXIS2_PLACEMENT_3D('',#18025,#14803,#14804);
#12107=AXIS2_PLACEMENT_3D('',#18026,#14805,#14806);
#12108=AXIS2_PLACEMENT_3D('',#18027,#14807,#14808);
#12109=AXIS2_PLACEMENT_3D('',#18028,#14809,#14810);
#12110=AXIS2_PLACEMENT_3D('',#18029,#14811,#14812);
#12111=AXIS2_PLACEMENT_3D('',#18031,#14814,#14815);
#12112=AXIS2_PLACEMENT_3D('',#18032,#14816,#14817);
#12113=AXIS2_PLACEMENT_3D('',#18033,#14818,#14819);
#12114=AXIS2_PLACEMENT_3D('',#18034,#14820,#14821);
#12115=AXIS2_PLACEMENT_3D('',#18043,#14826,#14827);
#12116=AXIS2_PLACEMENT_3D('',#18049,#14831,#14832);
#12117=AXIS2_PLACEMENT_3D('',#18055,#14836,#14837);
#12118=AXIS2_PLACEMENT_3D('',#18061,#14841,#14842);
#12119=AXIS2_PLACEMENT_3D('',#18067,#14846,#14847);
#12120=AXIS2_PLACEMENT_3D('',#18070,#14850,#14851);
#12121=AXIS2_PLACEMENT_3D('',#18076,#14855,#14856);
#12122=AXIS2_PLACEMENT_3D('',#18080,#14859,#14860);
#12123=AXIS2_PLACEMENT_3D('',#18084,#14863,#14864);
#12124=AXIS2_PLACEMENT_3D('',#18091,#14867,#14868);
#12125=AXIS2_PLACEMENT_3D('',#18095,#14870,#14871);
#12126=AXIS2_PLACEMENT_3D('',#18099,#14873,#14874);
#12127=AXIS2_PLACEMENT_3D('',#18103,#14876,#14877);
#12128=AXIS2_PLACEMENT_3D('',#18105,#14879,#14880);
#12129=AXIS2_PLACEMENT_3D('',#18111,#14884,#14885);
#12130=AXIS2_PLACEMENT_3D('',#18115,#14888,#14889);
#12131=AXIS2_PLACEMENT_3D('',#18117,#14890,#14891);
#12132=AXIS2_PLACEMENT_3D('',#18119,#14893,#14894);
#12133=AXIS2_PLACEMENT_3D('',#18123,#14897,#14898);
#12134=AXIS2_PLACEMENT_3D('',#18125,#14899,#14900);
#12135=AXIS2_PLACEMENT_3D('',#18127,#14902,#14903);
#12136=AXIS2_PLACEMENT_3D('',#18131,#14906,#14907);
#12137=AXIS2_PLACEMENT_3D('',#18133,#14908,#14909);
#12138=AXIS2_PLACEMENT_3D('',#18135,#14911,#14912);
#12139=AXIS2_PLACEMENT_3D('',#18139,#14915,#14916);
#12140=AXIS2_PLACEMENT_3D('',#18141,#14917,#14918);
#12141=AXIS2_PLACEMENT_3D('',#18143,#14920,#14921);
#12142=AXIS2_PLACEMENT_3D('',#18145,#14923,#14924);
#12143=AXIS2_PLACEMENT_3D('',#18149,#14926,#14927);
#12144=AXIS2_PLACEMENT_3D('',#18151,#14929,#14930);
#12145=AXIS2_PLACEMENT_3D('',#18155,#14933,#14934);
#12146=AXIS2_PLACEMENT_3D('',#18158,#14936,#14937);
#12147=AXIS2_PLACEMENT_3D('',#18159,#14938,#14939);
#12148=AXIS2_PLACEMENT_3D('',#18165,#14943,#14944);
#12149=AXIS2_PLACEMENT_3D('',#18169,#14947,#14948);
#12150=AXIS2_PLACEMENT_3D('',#18178,#14953,#14954);
#12151=AXIS2_PLACEMENT_3D('',#18184,#14958,#14959);
#12152=AXIS2_PLACEMENT_3D('',#18190,#14963,#14964);
#12153=AXIS2_PLACEMENT_3D('',#18196,#14968,#14969);
#12154=AXIS2_PLACEMENT_3D('',#18202,#14973,#14974);
#12155=AXIS2_PLACEMENT_3D('',#18205,#14977,#14978);
#12156=AXIS2_PLACEMENT_3D('',#18211,#14981,#14982);
#12157=AXIS2_PLACEMENT_3D('',#18215,#14984,#14985);
#12158=AXIS2_PLACEMENT_3D('',#18219,#14988,#14989);
#12159=AXIS2_PLACEMENT_3D('',#18223,#14992,#14993);
#12160=AXIS2_PLACEMENT_3D('',#18229,#14996,#14997);
#12161=AXIS2_PLACEMENT_3D('',#18233,#14999,#15000);
#12162=AXIS2_PLACEMENT_3D('',#18235,#15002,#15003);
#12163=AXIS2_PLACEMENT_3D('',#18248,#15010,#15011);
#12164=AXIS2_PLACEMENT_3D('',#18254,#15015,#15016);
#12165=AXIS2_PLACEMENT_3D('',#18258,#15019,#15020);
#12166=AXIS2_PLACEMENT_3D('',#18262,#15023,#15024);
#12167=AXIS2_PLACEMENT_3D('',#18266,#15027,#15028);
#12168=AXIS2_PLACEMENT_3D('',#18270,#15031,#15032);
#12169=AXIS2_PLACEMENT_3D('',#18272,#15034,#15035);
#12170=AXIS2_PLACEMENT_3D('',#18278,#15039,#15040);
#12171=AXIS2_PLACEMENT_3D('',#18282,#15043,#15044);
#12172=AXIS2_PLACEMENT_3D('',#18286,#15047,#15048);
#12173=AXIS2_PLACEMENT_3D('',#18295,#15053,#15054);
#12174=AXIS2_PLACEMENT_3D('',#18301,#15058,#15059);
#12175=AXIS2_PLACEMENT_3D('',#18307,#15063,#15064);
#12176=AXIS2_PLACEMENT_3D('',#18313,#15068,#15069);
#12177=AXIS2_PLACEMENT_3D('',#18319,#15073,#15074);
#12178=AXIS2_PLACEMENT_3D('',#18322,#15077,#15078);
#12179=AXIS2_PLACEMENT_3D('',#18328,#15082,#15083);
#12180=AXIS2_PLACEMENT_3D('',#18332,#15086,#15087);
#12181=AXIS2_PLACEMENT_3D('',#18336,#15090,#15091);
#12182=AXIS2_PLACEMENT_3D('',#18343,#15094,#15095);
#12183=AXIS2_PLACEMENT_3D('',#18347,#15097,#15098);
#12184=AXIS2_PLACEMENT_3D('',#18351,#15100,#15101);
#12185=AXIS2_PLACEMENT_3D('',#18355,#15103,#15104);
#12186=AXIS2_PLACEMENT_3D('',#18357,#15106,#15107);
#12187=AXIS2_PLACEMENT_3D('',#18363,#15111,#15112);
#12188=AXIS2_PLACEMENT_3D('',#18367,#15115,#15116);
#12189=AXIS2_PLACEMENT_3D('',#18369,#15117,#15118);
#12190=AXIS2_PLACEMENT_3D('',#18371,#15120,#15121);
#12191=AXIS2_PLACEMENT_3D('',#18375,#15124,#15125);
#12192=AXIS2_PLACEMENT_3D('',#18377,#15126,#15127);
#12193=AXIS2_PLACEMENT_3D('',#18379,#15129,#15130);
#12194=AXIS2_PLACEMENT_3D('',#18383,#15133,#15134);
#12195=AXIS2_PLACEMENT_3D('',#18385,#15135,#15136);
#12196=AXIS2_PLACEMENT_3D('',#18387,#15138,#15139);
#12197=AXIS2_PLACEMENT_3D('',#18391,#15142,#15143);
#12198=AXIS2_PLACEMENT_3D('',#18393,#15144,#15145);
#12199=AXIS2_PLACEMENT_3D('',#18395,#15147,#15148);
#12200=AXIS2_PLACEMENT_3D('',#18397,#15150,#15151);
#12201=AXIS2_PLACEMENT_3D('',#18401,#15153,#15154);
#12202=AXIS2_PLACEMENT_3D('',#18403,#15156,#15157);
#12203=AXIS2_PLACEMENT_3D('',#18407,#15160,#15161);
#12204=AXIS2_PLACEMENT_3D('',#18410,#15163,#15164);
#12205=AXIS2_PLACEMENT_3D('',#18411,#15165,#15166);
#12206=AXIS2_PLACEMENT_3D('',#18417,#15170,#15171);
#12207=AXIS2_PLACEMENT_3D('',#18421,#15174,#15175);
#12208=AXIS2_PLACEMENT_3D('',#18430,#15180,#15181);
#12209=AXIS2_PLACEMENT_3D('',#18436,#15185,#15186);
#12210=AXIS2_PLACEMENT_3D('',#18442,#15190,#15191);
#12211=AXIS2_PLACEMENT_3D('',#18448,#15195,#15196);
#12212=AXIS2_PLACEMENT_3D('',#18454,#15200,#15201);
#12213=AXIS2_PLACEMENT_3D('',#18457,#15204,#15205);
#12214=AXIS2_PLACEMENT_3D('',#18463,#15209,#15210);
#12215=AXIS2_PLACEMENT_3D('',#18467,#15213,#15214);
#12216=AXIS2_PLACEMENT_3D('',#18471,#15217,#15218);
#12217=AXIS2_PLACEMENT_3D('',#18478,#15221,#15222);
#12218=AXIS2_PLACEMENT_3D('',#18482,#15224,#15225);
#12219=AXIS2_PLACEMENT_3D('',#18486,#15227,#15228);
#12220=AXIS2_PLACEMENT_3D('',#18490,#15230,#15231);
#12221=AXIS2_PLACEMENT_3D('',#18492,#15233,#15234);
#12222=AXIS2_PLACEMENT_3D('',#18498,#15238,#15239);
#12223=AXIS2_PLACEMENT_3D('',#18502,#15242,#15243);
#12224=AXIS2_PLACEMENT_3D('',#18504,#15244,#15245);
#12225=AXIS2_PLACEMENT_3D('',#18506,#15247,#15248);
#12226=AXIS2_PLACEMENT_3D('',#18510,#15251,#15252);
#12227=AXIS2_PLACEMENT_3D('',#18512,#15253,#15254);
#12228=AXIS2_PLACEMENT_3D('',#18514,#15256,#15257);
#12229=AXIS2_PLACEMENT_3D('',#18518,#15260,#15261);
#12230=AXIS2_PLACEMENT_3D('',#18520,#15262,#15263);
#12231=AXIS2_PLACEMENT_3D('',#18522,#15265,#15266);
#12232=AXIS2_PLACEMENT_3D('',#18526,#15269,#15270);
#12233=AXIS2_PLACEMENT_3D('',#18528,#15271,#15272);
#12234=AXIS2_PLACEMENT_3D('',#18530,#15274,#15275);
#12235=AXIS2_PLACEMENT_3D('',#18532,#15277,#15278);
#12236=AXIS2_PLACEMENT_3D('',#18536,#15280,#15281);
#12237=AXIS2_PLACEMENT_3D('',#18538,#15283,#15284);
#12238=AXIS2_PLACEMENT_3D('',#18542,#15287,#15288);
#12239=AXIS2_PLACEMENT_3D('',#18545,#15290,#15291);
#12240=AXIS2_PLACEMENT_3D('',#18546,#15292,#15293);
#12241=AXIS2_PLACEMENT_3D('',#18552,#15297,#15298);
#12242=AXIS2_PLACEMENT_3D('',#18556,#15301,#15302);
#12243=AXIS2_PLACEMENT_3D('',#18560,#15305,#15306);
#12244=AXIS2_PLACEMENT_3D('',#18561,#15307,#15308);
#12245=AXIS2_PLACEMENT_3D('',#18563,#15309,#15310);
#12246=AXIS2_PLACEMENT_3D('',#18565,#15311,#15312);
#12247=AXIS2_PLACEMENT_3D('',#18566,#15313,#15314);
#12248=AXIS2_PLACEMENT_3D('',#18567,#15315,#15316);
#12249=AXIS2_PLACEMENT_3D('',#18569,#15318,#15319);
#12250=AXIS2_PLACEMENT_3D('',#18571,#15320,#15321);
#12251=AXIS2_PLACEMENT_3D('',#18573,#15322,#15323);
#12252=AXIS2_PLACEMENT_3D('',#18574,#15324,#15325);
#12253=AXIS2_PLACEMENT_3D('',#18575,#15326,#15327);
#12254=AXIS2_PLACEMENT_3D('',#18577,#15329,#15330);
#12255=AXIS2_PLACEMENT_3D('',#18580,#15331,#15332);
#12256=AXIS2_PLACEMENT_3D('',#18582,#15333,#15334);
#12257=AXIS2_PLACEMENT_3D('',#18584,#15335,#15336);
#12258=AXIS2_PLACEMENT_3D('',#18585,#15337,#15338);
#12259=AXIS2_PLACEMENT_3D('',#18586,#15339,#15340);
#12260=AXIS2_PLACEMENT_3D('',#18589,#15343,#15344);
#12261=AXIS2_PLACEMENT_3D('',#18592,#15345,#15346);
#12262=AXIS2_PLACEMENT_3D('',#18594,#15347,#15348);
#12263=AXIS2_PLACEMENT_3D('',#18596,#15349,#15350);
#12264=AXIS2_PLACEMENT_3D('',#18597,#15351,#15352);
#12265=AXIS2_PLACEMENT_3D('',#18598,#15353,#15354);
#12266=AXIS2_PLACEMENT_3D('',#18601,#15357,#15358);
#12267=AXIS2_PLACEMENT_3D('',#18606,#15361,#15362);
#12268=AXIS2_PLACEMENT_3D('',#18607,#15363,#15364);
#12269=AXIS2_PLACEMENT_3D('',#18610,#15367,#15368);
#12270=AXIS2_PLACEMENT_3D('',#18613,#15371,#15372);
#12271=AXIS2_PLACEMENT_3D('',#18617,#15374,#15375);
#12272=AXIS2_PLACEMENT_3D('',#18619,#15377,#15378);
#12273=AXIS2_PLACEMENT_3D('',#18627,#15382,#15383);
#12274=AXIS2_PLACEMENT_3D('',#18631,#15385,#15386);
#12275=AXIS2_PLACEMENT_3D('',#18635,#15388,#15389);
#12276=AXIS2_PLACEMENT_3D('',#18639,#15391,#15392);
#12277=AXIS2_PLACEMENT_3D('',#18648,#15397,#15398);
#12278=AXIS2_PLACEMENT_3D('',#18652,#15400,#15401);
#12279=AXIS2_PLACEMENT_3D('',#18656,#15403,#15404);
#12280=AXIS2_PLACEMENT_3D('',#18660,#15406,#15407);
#12281=AXIS2_PLACEMENT_3D('',#18720,#15440,#15441);
#12282=AXIS2_PLACEMENT_3D('',#18722,#15443,#15444);
#12283=AXIS2_PLACEMENT_3D('',#18725,#15446,#15447);
#12284=AXIS2_PLACEMENT_3D('',#18726,#15448,#15449);
#12285=AXIS2_PLACEMENT_3D('',#18727,#15450,#15451);
#12286=AXIS2_PLACEMENT_3D('',#18728,#15452,#15453);
#12287=AXIS2_PLACEMENT_3D('',#18729,#15454,#15455);
#12288=AXIS2_PLACEMENT_3D('',#18730,#15456,#15457);
#12289=AXIS2_PLACEMENT_3D('',#18731,#15458,#15459);
#12290=AXIS2_PLACEMENT_3D('',#18732,#15460,#15461);
#12291=AXIS2_PLACEMENT_3D('',#18733,#15462,#15463);
#12292=AXIS2_PLACEMENT_3D('',#18734,#15464,#15465);
#12293=AXIS2_PLACEMENT_3D('',#18735,#15466,#15467);
#12294=AXIS2_PLACEMENT_3D('',#18738,#15468,#15469);
#12295=AXIS2_PLACEMENT_3D('',#18739,#15470,#15471);
#12296=AXIS2_PLACEMENT_3D('',#18740,#15472,#15473);
#12297=AXIS2_PLACEMENT_3D('',#18741,#15474,#15475);
#12298=AXIS2_PLACEMENT_3D('',#18743,#15477,#15478);
#12299=AXIS2_PLACEMENT_3D('',#18746,#15479,#15480);
#12300=AXIS2_PLACEMENT_3D('',#18747,#15481,#15482);
#12301=AXIS2_PLACEMENT_3D('',#18748,#15483,#15484);
#12302=AXIS2_PLACEMENT_3D('',#18749,#15485,#15486);
#12303=AXIS2_PLACEMENT_3D('',#18751,#15488,#15489);
#12304=AXIS2_PLACEMENT_3D('',#18754,#15491,#15492);
#12305=AXIS2_PLACEMENT_3D('',#18755,#15493,#15494);
#12306=AXIS2_PLACEMENT_3D('',#18758,#15497,#15498);
#12307=AXIS2_PLACEMENT_3D('',#18761,#15501,#15502);
#12308=AXIS2_PLACEMENT_3D('',#18763,#15504,#15505);
#12309=AXIS2_PLACEMENT_3D('',#18767,#15508,#15509);
#12310=AXIS2_PLACEMENT_3D('',#18769,#15511,#15512);
#12311=AXIS2_PLACEMENT_3D('',#18770,#15513,#15514);
#12312=AXIS2_PLACEMENT_3D('',#18771,#15515,#15516);
#12313=AXIS2_PLACEMENT_3D('',#18772,#15517,#15518);
#12314=AXIS2_PLACEMENT_3D('',#18773,#15519,#15520);
#12315=AXIS2_PLACEMENT_3D('',#18774,#15521,#15522);
#12316=AXIS2_PLACEMENT_3D('',#18775,#15523,#15524);
#12317=AXIS2_PLACEMENT_3D('',#18776,#15525,#15526);
#12318=AXIS2_PLACEMENT_3D('',#18777,#15527,#15528);
#12319=AXIS2_PLACEMENT_3D('',#18778,#15529,#15530);
#12320=AXIS2_PLACEMENT_3D('',#18781,#15531,#15532);
#12321=AXIS2_PLACEMENT_3D('',#18782,#15533,#15534);
#12322=AXIS2_PLACEMENT_3D('',#18783,#15535,#15536);
#12323=AXIS2_PLACEMENT_3D('',#18784,#15537,#15538);
#12324=AXIS2_PLACEMENT_3D('',#18786,#15540,#15541);
#12325=AXIS2_PLACEMENT_3D('',#18789,#15542,#15543);
#12326=AXIS2_PLACEMENT_3D('',#18790,#15544,#15545);
#12327=AXIS2_PLACEMENT_3D('',#18791,#15546,#15547);
#12328=AXIS2_PLACEMENT_3D('',#18792,#15548,#15549);
#12329=AXIS2_PLACEMENT_3D('',#18794,#15551,#15552);
#12330=AXIS2_PLACEMENT_3D('',#18797,#15554,#15555);
#12331=AXIS2_PLACEMENT_3D('',#18798,#15556,#15557);
#12332=AXIS2_PLACEMENT_3D('',#18801,#15560,#15561);
#12333=AXIS2_PLACEMENT_3D('',#18803,#15563,#15564);
#12334=AXIS2_PLACEMENT_3D('',#18806,#15567,#15568);
#12335=AXIS2_PLACEMENT_3D('',#18808,#15570,#15571);
#12336=AXIS2_PLACEMENT_3D('',#18823,#15580,#15581);
#12337=AXIS2_PLACEMENT_3D('',#18837,#15589,#15590);
#12338=AXIS2_PLACEMENT_3D('',#18841,#15593,#15594);
#12339=AXIS2_PLACEMENT_3D('',#18843,#15596,#15597);
#12340=AXIS2_PLACEMENT_3D('',#18857,#15605,#15606);
#12341=AXIS2_PLACEMENT_3D('',#18860,#15609,#15610);
#12342=AXIS2_PLACEMENT_3D('',#18862,#15612,#15613);
#12343=AXIS2_PLACEMENT_3D('',#18864,#15615,#15616);
#12344=AXIS2_PLACEMENT_3D('',#18866,#15618,#15619);
#12345=AXIS2_PLACEMENT_3D('',#18868,#15621,#15622);
#12346=AXIS2_PLACEMENT_3D('',#18869,#15623,#15624);
#12347=AXIS2_PLACEMENT_3D('',#18872,#15627,#15628);
#12348=AXIS2_PLACEMENT_3D('',#18874,#15630,#15631);
#12349=AXIS2_PLACEMENT_3D('',#18876,#15633,#15634);
#12350=AXIS2_PLACEMENT_3D('',#18878,#15636,#15637);
#12351=AXIS2_PLACEMENT_3D('',#18880,#15639,#15640);
#12352=AXIS2_PLACEMENT_3D('',#18881,#15641,#15642);
#12353=AXIS2_PLACEMENT_3D('',#18883,#15644,#15645);
#12354=AXIS2_PLACEMENT_3D('',#18885,#15647,#15648);
#12355=AXIS2_PLACEMENT_3D('',#18886,#15649,#15650);
#12356=AXIS2_PLACEMENT_3D('',#18889,#15653,#15654);
#12357=AXIS2_PLACEMENT_3D('',#18891,#15656,#15657);
#12358=AXIS2_PLACEMENT_3D('',#18893,#15659,#15660);
#12359=AXIS2_PLACEMENT_3D('',#18895,#15662,#15663);
#12360=AXIS2_PLACEMENT_3D('',#18897,#15665,#15666);
#12361=AXIS2_PLACEMENT_3D('',#18898,#15667,#15668);
#12362=AXIS2_PLACEMENT_3D('',#18900,#15670,#15671);
#12363=AXIS2_PLACEMENT_3D('',#18902,#15673,#15674);
#12364=AXIS2_PLACEMENT_3D('',#18903,#15675,#15676);
#12365=AXIS2_PLACEMENT_3D('',#18905,#15678,#15679);
#12366=AXIS2_PLACEMENT_3D('',#18907,#15681,#15682);
#12367=AXIS2_PLACEMENT_3D('',#18908,#15683,#15684);
#12368=AXIS2_PLACEMENT_3D('',#18910,#15686,#15687);
#12369=AXIS2_PLACEMENT_3D('',#18912,#15689,#15690);
#12370=AXIS2_PLACEMENT_3D('',#18913,#15691,#15692);
#12371=AXIS2_PLACEMENT_3D('',#18915,#15694,#15695);
#12372=AXIS2_PLACEMENT_3D('',#18916,#15696,#15697);
#12373=AXIS2_PLACEMENT_3D('',#18917,#15698,#15699);
#12374=AXIS2_PLACEMENT_3D('',#18918,#15700,#15701);
#12375=AXIS2_PLACEMENT_3D('',#18920,#15703,#15704);
#12376=AXIS2_PLACEMENT_3D('',#18922,#15706,#15707);
#12377=AXIS2_PLACEMENT_3D('',#18923,#15708,#15709);
#12378=AXIS2_PLACEMENT_3D('',#18924,#15710,#15711);
#12379=AXIS2_PLACEMENT_3D('',#18925,#15712,#15713);
#12380=AXIS2_PLACEMENT_3D('',#18927,#15715,#15716);
#12381=AXIS2_PLACEMENT_3D('',#18928,#15717,#15718);
#12382=AXIS2_PLACEMENT_3D('',#18929,#15719,#15720);
#12383=DIRECTION('axis',(0.,0.,1.));
#12384=DIRECTION('refdir',(1.,0.,0.));
#12385=DIRECTION('center_axis',(-0.433012701892218,0.250000000000004,0.866025403784438));
#12386=DIRECTION('ref_axis',(0.750000000000001,-0.433012701892217,0.500000000000001));
#12387=DIRECTION('center_axis',(0.866025403784438,0.500000000000001,1.06057523872491E-16));
#12388=DIRECTION('ref_axis',(0.500000000000001,-0.866025403784438,6.12323399573678E-17));
#12389=DIRECTION('center_axis',(-1.22464679914735E-16,0.,1.));
#12390=DIRECTION('ref_axis',(1.,0.,1.22464679914735E-16));
#12391=DIRECTION('center_axis',(0.,-1.,0.));
#12392=DIRECTION('ref_axis',(-1.22464679914735E-16,0.,1.));
#12393=DIRECTION('center_axis',(-1.22464679914735E-16,0.,1.));
#12394=DIRECTION('ref_axis',(0.866025403784439,-0.499999999999999,1.06057523872491E-16));
#12395=DIRECTION('center_axis',(1.22464679914735E-16,0.,-1.));
#12396=DIRECTION('ref_axis',(0.866025403784439,-0.499999999999999,1.06057523872491E-16));
#12397=DIRECTION('',(-1.22464679914735E-16,0.,1.));
#12398=DIRECTION('',(1.22464679914735E-16,0.,-1.));
#12399=DIRECTION('center_axis',(-0.433012701892216,-0.250000000000003,0.866025403784439));
#12400=DIRECTION('ref_axis',(0.750000000000002,0.433012701892217,0.5));
#12401=DIRECTION('center_axis',(-1.38777878078144E-15,1.,-1.69953884180861E-31));
#12402=DIRECTION('ref_axis',(1.,1.38777878078144E-15,1.22464679914735E-16));
#12403=DIRECTION('center_axis',(-1.22464679914735E-16,0.,1.));
#12404=DIRECTION('ref_axis',(0.5,0.866025403784439,6.12323399573676E-17));
#12405=DIRECTION('center_axis',(0.866025403784437,-0.500000000000002,1.06057523872491E-16));
#12406=DIRECTION('ref_axis',(-1.22464679914735E-16,0.,1.));
#12407=DIRECTION('center_axis',(-1.22464679914735E-16,0.,1.));
#12408=DIRECTION('ref_axis',(0.866025403784438,0.5,1.06057523872491E-16));
#12409=DIRECTION('center_axis',(1.22464679914735E-16,0.,-1.));
#12410=DIRECTION('ref_axis',(0.866025403784438,0.5,1.06057523872491E-16));
#12411=DIRECTION('',(-1.22464679914735E-16,0.,1.));
#12412=DIRECTION('',(1.22464679914735E-16,0.,-1.));
#12413=DIRECTION('center_axis',(1.,0.,1.11022302462516E-15));
#12414=DIRECTION('ref_axis',(0.,-0.866025403784438,0.500000000000001));
#12415=DIRECTION('center_axis',(0.866025403784438,-0.500000000000001,5.28531844341484E-15));
#12416=DIRECTION('ref_axis',(-0.500000000000001,-0.866025403784438,-6.12323399573678E-17));
#12417=DIRECTION('center_axis',(-1.22464679914735E-16,0.,1.));
#12418=DIRECTION('ref_axis',(0.500000000000001,-0.866025403784438,6.12323399573677E-17));
#12419=DIRECTION('center_axis',(-0.866025403784436,-0.500000000000004,-1.0605752387249E-16));
#12420=DIRECTION('ref_axis',(-1.22464679914735E-16,0.,1.));
#12421=DIRECTION('center_axis',(-1.22464679914735E-16,0.,1.));
#12422=DIRECTION('ref_axis',(-1.50231459873716E-15,-1.,-1.83980476465581E-31));
#12423=DIRECTION('center_axis',(1.22464679914735E-16,0.,-1.));
#12424=DIRECTION('ref_axis',(-1.50231459873716E-15,-1.,-1.83980476465581E-31));
#12425=DIRECTION('',(-1.22464679914735E-16,0.,1.));
#12426=DIRECTION('',(1.22464679914735E-16,0.,-1.));
#12427=DIRECTION('center_axis',(1.,0.,5.55111512312575E-16));
#12428=DIRECTION('ref_axis',(0.,0.866025403784438,0.500000000000002));
#12429=DIRECTION('center_axis',(-0.866025403784438,0.500000000000001,-1.06057523872491E-16));
#12430=DIRECTION('ref_axis',(0.500000000000001,0.866025403784438,6.12323399573678E-17));
#12431=DIRECTION('center_axis',(-1.22464679914735E-16,0.,1.));
#12432=DIRECTION('ref_axis',(-0.500000000000001,0.866025403784438,-6.12323399573677E-17));
#12433=DIRECTION('center_axis',(0.866025403784436,0.500000000000005,1.0605752387249E-16));
#12434=DIRECTION('ref_axis',(-1.22464679914735E-16,0.,1.));
#12435=DIRECTION('center_axis',(-1.22464679914735E-16,0.,1.));
#12436=DIRECTION('ref_axis',(-1.50231459873716E-16,1.,-1.8398047646558E-32));
#12437=DIRECTION('center_axis',(1.22464679914735E-16,0.,-1.));
#12438=DIRECTION('ref_axis',(-1.50231459873716E-16,1.,-1.8398047646558E-32));
#12439=DIRECTION('',(-1.22464679914735E-16,0.,1.));
#12440=DIRECTION('',(1.22464679914735E-16,0.,-1.));
#12441=DIRECTION('center_axis',(0.433012701892216,0.250000000000003,0.866025403784439));
#12442=DIRECTION('ref_axis',(-0.749999999999998,-0.43301270189222,0.500000000000003));
#12443=DIRECTION('center_axis',(0.,-1.,0.));
#12444=DIRECTION('ref_axis',(-1.,0.,-1.22464679914735E-16));
#12445=DIRECTION('center_axis',(-1.22464679914735E-16,0.,1.));
#12446=DIRECTION('ref_axis',(-0.5,-0.866025403784439,-6.12323399573676E-17));
#12447=DIRECTION('center_axis',(-0.866025403784437,0.500000000000003,-1.0605752387249E-16));
#12448=DIRECTION('ref_axis',(-1.22464679914735E-16,0.,1.));
#12449=DIRECTION('center_axis',(-1.22464679914735E-16,0.,1.));
#12450=DIRECTION('ref_axis',(-0.866025403784438,-0.5,-1.06057523872491E-16));
#12451=DIRECTION('center_axis',(1.22464679914735E-16,0.,-1.));
#12452=DIRECTION('ref_axis',(-0.866025403784438,-0.5,-1.06057523872491E-16));
#12453=DIRECTION('',(-1.22464679914735E-16,0.,1.));
#12454=DIRECTION('',(1.22464679914735E-16,0.,-1.));
#12455=DIRECTION('center_axis',(0.433012701892217,-0.250000000000003,0.866025403784439));
#12456=DIRECTION('ref_axis',(-0.749999999999998,0.43301270189222,0.500000000000003));
#12457=DIRECTION('center_axis',(-0.866025403784439,-0.5,6.78301736325859E-15));
#12458=DIRECTION('ref_axis',(-0.5,0.866025403784439,-6.12323399573676E-17));
#12459=DIRECTION('center_axis',(-1.22464679914735E-16,0.,1.));
#12460=DIRECTION('ref_axis',(-1.,0.,-1.22464679914735E-16));
#12461=DIRECTION('center_axis',(-4.16333634234433E-15,1.,-5.09861652542584E-31));
#12462=DIRECTION('ref_axis',(-1.22464679914735E-16,0.,1.));
#12463=DIRECTION('center_axis',(-1.22464679914735E-16,0.,1.));
#12464=DIRECTION('ref_axis',(-0.866025403784439,0.499999999999999,-1.06057523872491E-16));
#12465=DIRECTION('center_axis',(1.22464679914735E-16,0.,-1.));
#12466=DIRECTION('ref_axis',(-0.866025403784439,0.499999999999999,-1.06057523872491E-16));
#12467=DIRECTION('',(-1.22464679914735E-16,0.,1.));
#12468=DIRECTION('',(1.22464679914735E-16,0.,-1.));
#12469=DIRECTION('center_axis',(0.5,-0.866025403784438,6.12323399573677E-17));
#12470=DIRECTION('ref_axis',(0.866025403784438,0.5,1.06057523872491E-16));
#12471=DIRECTION('',(0.866025403784438,0.5,1.06057523872491E-16));
#12472=DIRECTION('',(-0.866025403784438,-0.5,-1.06057523872491E-16));
#12473=DIRECTION('center_axis',(-0.5,-0.866025403784439,-6.12323399573676E-17));
#12474=DIRECTION('ref_axis',(0.866025403784439,-0.5,1.06057523872491E-16));
#12475=DIRECTION('',(0.866025403784439,-0.5,1.06057523872491E-16));
#12476=DIRECTION('',(-0.866025403784439,0.5,-1.06057523872491E-16));
#12477=DIRECTION('center_axis',(-1.,-2.59859822484265E-16,-1.22464679914735E-16));
#12478=DIRECTION('ref_axis',(2.59859822484265E-16,-1.,3.18236499832355E-32));
#12479=DIRECTION('',(2.59859822484265E-16,-1.,3.18236499832355E-32));
#12480=DIRECTION('',(-2.59859822484265E-16,1.,-3.18236499832355E-32));
#12481=DIRECTION('center_axis',(-1.22464679914735E-16,0.,1.));
#12482=DIRECTION('ref_axis',(1.,0.,1.22464679914735E-16));
#12483=DIRECTION('',(-0.866025403784439,0.5,-1.06057523872491E-16));
#12484=DIRECTION('',(-0.866025403784438,-0.5,-1.06057523872491E-16));
#12485=DIRECTION('center_axis',(-1.22464679914735E-16,0.,1.));
#12486=DIRECTION('ref_axis',(8.68003990381468E-16,-1.,1.0629983084678E-31));
#12487=DIRECTION('center_axis',(-1.22464679914735E-16,0.,1.));
#12488=DIRECTION('ref_axis',(1.,0.,1.22464679914735E-16));
#12489=DIRECTION('',(-0.866025403784438,-0.5,-1.06057523872491E-16));
#12490=DIRECTION('',(5.19719644968531E-16,-1.,6.3647299966471E-32));
#12491=DIRECTION('center_axis',(-1.22464679914735E-16,0.,1.));
#12492=DIRECTION('ref_axis',(0.866025403784439,-0.499999999999999,1.06057523872491E-16));
#12493=DIRECTION('center_axis',(-1.22464679914735E-16,0.,1.));
#12494=DIRECTION('ref_axis',(1.,0.,1.22464679914735E-16));
#12495=DIRECTION('',(0.866025403784439,-0.5,1.06057523872491E-16));
#12496=DIRECTION('center_axis',(-1.22464679914735E-16,0.,1.));
#12497=DIRECTION('ref_axis',(0.866025403784438,0.500000000000001,1.06057523872491E-16));
#12498=DIRECTION('',(5.19719644968531E-16,-1.,6.3647299966471E-32));
#12499=DIRECTION('center_axis',(-1.22464679914735E-16,0.,1.));
#12500=DIRECTION('ref_axis',(1.,0.,1.22464679914735E-16));
#12501=DIRECTION('',(0.866025403784439,0.5,1.06057523872491E-16));
#12502=DIRECTION('center_axis',(-1.22464679914735E-16,0.,1.));
#12503=DIRECTION('ref_axis',(-4.6738676405156E-16,1.,-5.72383704559583E-32));
#12504=DIRECTION('',(0.866025403784439,-0.5,1.06057523872491E-16));
#12505=DIRECTION('center_axis',(-1.22464679914735E-16,0.,1.));
#12506=DIRECTION('ref_axis',(1.,0.,1.22464679914735E-16));
#12507=DIRECTION('',(-2.59859822484265E-16,1.,-3.18236499832355E-32));
#12508=DIRECTION('center_axis',(-1.22464679914735E-16,0.,1.));
#12509=DIRECTION('ref_axis',(-0.866025403784439,0.499999999999999,-1.06057523872491E-16));
#12510=DIRECTION('',(0.866025403784439,0.5,1.06057523872491E-16));
#12511=DIRECTION('center_axis',(-1.22464679914735E-16,0.,1.));
#12512=DIRECTION('ref_axis',(1.,0.,1.22464679914735E-16));
#12513=DIRECTION('',(-2.59859822484265E-16,1.,-3.18236499832355E-32));
#12514=DIRECTION('',(-0.866025403784439,0.5,-1.06057523872491E-16));
#12515=DIRECTION('center_axis',(-1.22464679914735E-16,0.,1.));
#12516=DIRECTION('ref_axis',(-0.866025403784439,-0.499999999999999,-1.06057523872491E-16));
#12517=DIRECTION('center_axis',(1.22464679914735E-16,0.,-1.));
#12518=DIRECTION('ref_axis',(-1.,0.,-1.38777878078144E-16));
#12519=DIRECTION('center_axis',(0.,-1.,0.));
#12520=DIRECTION('ref_axis',(1.,0.,1.22464679914735E-16));
#12521=DIRECTION('center_axis',(1.22464679914735E-16,0.,-1.));
#12522=DIRECTION('ref_axis',(-0.500000000000001,0.866025403784438,-6.12323399573677E-17));
#12523=DIRECTION('center_axis',(0.866025403784438,0.5,1.06057523872491E-16));
#12524=DIRECTION('ref_axis',(-1.22464679914735E-16,0.,1.));
#12525=DIRECTION('center_axis',(1.22464679914735E-16,0.,-1.));
#12526=DIRECTION('ref_axis',(-1.,0.,-1.38777878078144E-16));
#12527=DIRECTION('center_axis',(0.866025403784439,-0.5,1.06057523872491E-16));
#12528=DIRECTION('ref_axis',(0.5,0.866025403784439,6.12323399573676E-17));
#12529=DIRECTION('center_axis',(1.22464679914735E-16,0.,-1.));
#12530=DIRECTION('ref_axis',(-1.,0.,-1.22464679914735E-16));
#12531=DIRECTION('center_axis',(0.,1.,0.));
#12532=DIRECTION('ref_axis',(-1.22464679914735E-16,0.,1.));
#12533=DIRECTION('center_axis',(-5.71424710475988E-16,-1.20185167898973E-15,
-1.));
#12534=DIRECTION('ref_axis',(-1.,0.,5.55111512312577E-16));
#12535=DIRECTION('center_axis',(-0.866025403784439,-0.5,1.09579415511724E-15));
#12536=DIRECTION('ref_axis',(0.5,-0.866025403784439,6.12323399573676E-17));
#12537=DIRECTION('center_axis',(1.22464679914735E-16,0.,-1.));
#12538=DIRECTION('ref_axis',(0.5,0.866025403784438,6.12323399573677E-17));
#12539=DIRECTION('center_axis',(0.866025403784439,-0.5,1.06057523872491E-16));
#12540=DIRECTION('ref_axis',(-1.22464679914735E-16,0.,1.));
#12541=DIRECTION('center_axis',(-1.22464679914735E-16,0.,1.));
#12542=DIRECTION('ref_axis',(1.,0.,1.38777878078145E-16));
#12543=DIRECTION('center_axis',(-1.22464679914735E-16,0.,1.));
#12544=DIRECTION('ref_axis',(-1.,0.,-1.22464679914735E-16));
#12545=DIRECTION('center_axis',(0.,-1.,0.));
#12546=DIRECTION('ref_axis',(1.22464679914735E-16,0.,-1.));
#12547=DIRECTION('center_axis',(1.22464679914735E-16,0.,-1.));
#12548=DIRECTION('ref_axis',(-0.866025403784439,0.5,-1.06057523872491E-16));
#12549=DIRECTION('center_axis',(0.866025403784438,0.5,1.06057523872491E-16));
#12550=DIRECTION('ref_axis',(0.5,-0.866025403784438,6.12323399573677E-17));
#12551=DIRECTION('center_axis',(1.22464679914735E-16,0.,-1.));
#12552=DIRECTION('ref_axis',(-1.,0.,-1.38777878078144E-16));
#12553=DIRECTION('center_axis',(0.866025403784439,0.499999999999999,1.06057523872491E-16));
#12554=DIRECTION('ref_axis',(-0.499999999999999,0.866025403784439,-6.12323399573675E-17));
#12555=DIRECTION('center_axis',(1.22464679914735E-16,0.,-1.));
#12556=DIRECTION('ref_axis',(-0.5,-0.866025403784439,-6.12323399573676E-17));
#12557=DIRECTION('center_axis',(-0.866025403784438,0.500000000000001,-1.06057523872491E-16));
#12558=DIRECTION('ref_axis',(-1.22464679914735E-16,0.,1.));
#12559=DIRECTION('center_axis',(1.22464679914735E-16,0.,-1.));
#12560=DIRECTION('ref_axis',(-1.,0.,-1.38777878078144E-16));
#12561=DIRECTION('center_axis',(1.22464679914735E-16,0.,-1.));
#12562=DIRECTION('ref_axis',(-0.866025403784439,-0.5,-1.06057523872491E-16));
#12563=DIRECTION('center_axis',(0.,1.,0.));
#12564=DIRECTION('ref_axis',(1.,0.,1.22464679914735E-16));
#12565=DIRECTION('center_axis',(-1.22464679914735E-16,0.,1.));
#12566=DIRECTION('ref_axis',(-0.499999999999999,-0.866025403784439,-6.12323399573676E-17));
#12567=DIRECTION('center_axis',(0.866025403784439,-0.5,1.06057523872491E-16));
#12568=DIRECTION('ref_axis',(1.22464679914735E-16,0.,-1.));
#12569=DIRECTION('center_axis',(2.91357982785388E-16,-1.,3.56810621024155E-32));
#12570=DIRECTION('ref_axis',(0.707106781186548,0.,-0.707106781186547));
#12571=DIRECTION('',(-2.91357982785388E-16,1.,-3.56810621024155E-32));
#12572=DIRECTION('',(2.91357982785388E-16,-1.,3.56810621024155E-32));
#12573=DIRECTION('center_axis',(-1.22464679914735E-16,0.,1.));
#12574=DIRECTION('ref_axis',(-0.866025403784438,-0.5,-1.06057523872491E-16));
#12575=DIRECTION('',(1.22464679914735E-16,0.,-1.));
#12576=DIRECTION('',(-1.22464679914735E-16,0.,1.));
#12577=DIRECTION('center_axis',(1.22464679914735E-16,0.,-1.));
#12578=DIRECTION('ref_axis',(-1.,0.,-1.38777878078144E-16));
#12579=DIRECTION('center_axis',(-0.866025403784439,0.5,-1.06057523872491E-16));
#12580=DIRECTION('ref_axis',(-0.5,-0.866025403784439,-6.12323399573676E-17));
#12581=DIRECTION('center_axis',(1.22464679914735E-16,0.,-1.));
#12582=DIRECTION('ref_axis',(1.,6.93889390390723E-16,1.22464679914735E-16));
#12583=DIRECTION('center_axis',(0.,-1.,0.));
#12584=DIRECTION('ref_axis',(-1.22464679914735E-16,0.,1.));
#12585=DIRECTION('center_axis',(1.22464679914735E-16,0.,-1.));
#12586=DIRECTION('ref_axis',(-1.,0.,-1.38777878078144E-16));
#12587=DIRECTION('center_axis',(1.22464679914735E-16,0.,-1.));
#12588=DIRECTION('ref_axis',(-5.34156301773212E-16,1.,-6.54152805210952E-32));
#12589=DIRECTION('center_axis',(0.866025403784439,-0.5,1.06057523872491E-16));
#12590=DIRECTION('ref_axis',(-0.5,-0.866025403784439,-6.12323399573677E-17));
#12591=DIRECTION('center_axis',(-1.22464679914735E-16,0.,1.));
#12592=DIRECTION('ref_axis',(-0.5,0.866025403784438,-6.12323399573677E-17));
#12593=DIRECTION('center_axis',(-0.866025403784439,-0.499999999999999,-1.06057523872491E-16));
#12594=DIRECTION('ref_axis',(1.22464679914735E-16,0.,-1.));
#12595=DIRECTION('center_axis',(-1.4800042254049E-15,2.77555756156289E-15,
-1.));
#12596=DIRECTION('ref_axis',(-1.,0.,1.52655665885959E-15));
#12597=DIRECTION('center_axis',(-1.38777878078144E-15,1.,2.77555756156289E-15));
#12598=DIRECTION('ref_axis',(-1.,-1.38777878078144E-15,-1.22464679914735E-16));
#12599=DIRECTION('center_axis',(1.22464679914735E-16,0.,-1.));
#12600=DIRECTION('ref_axis',(0.5,-0.866025403784438,6.12323399573677E-17));
#12601=DIRECTION('center_axis',(-0.866025403784439,-0.5,-1.06057523872491E-16));
#12602=DIRECTION('ref_axis',(-1.22464679914735E-16,0.,1.));
#12603=DIRECTION('center_axis',(-3.97952362878306E-16,9.01388759242297E-16,
-1.));
#12604=DIRECTION('ref_axis',(-1.,0.,4.16333634234433E-16));
#12605=DIRECTION('center_axis',(1.22464679914735E-16,0.,-1.));
#12606=DIRECTION('ref_axis',(8.68003990381468E-16,-1.,1.0629983084678E-31));
#12607=DIRECTION('center_axis',(-0.866025403784439,0.5,7.95331235369805E-16));
#12608=DIRECTION('ref_axis',(0.5,0.866025403784439,6.12323399573676E-17));
#12609=DIRECTION('center_axis',(-1.22464679914735E-16,0.,1.));
#12610=DIRECTION('ref_axis',(0.500000000000001,-0.866025403784438,6.12323399573677E-17));
#12611=DIRECTION('center_axis',(0.866025403784439,0.499999999999999,1.06057523872491E-16));
#12612=DIRECTION('ref_axis',(1.22464679914735E-16,0.,-1.));
#12613=DIRECTION('center_axis',(0.866025403784439,-0.5,1.06057523872491E-16));
#12614=DIRECTION('ref_axis',(0.353553390593273,0.612372435695796,-0.707106781186546));
#12615=DIRECTION('',(-0.866025403784439,0.5,-1.06057523872491E-16));
#12616=DIRECTION('',(0.866025403784439,-0.5,1.06057523872491E-16));
#12617=DIRECTION('center_axis',(-1.22464679914735E-16,0.,1.));
#12618=DIRECTION('ref_axis',(8.51311605951057E-16,-1.,1.04255603330495E-31));
#12619=DIRECTION('',(1.22464679914735E-16,0.,-1.));
#12620=DIRECTION('',(-1.22464679914735E-16,0.,1.));
#12621=DIRECTION('center_axis',(1.22464679914735E-16,0.,-1.));
#12622=DIRECTION('ref_axis',(-1.,0.,-1.38777878078144E-16));
#12623=DIRECTION('center_axis',(1.22464679914735E-16,0.,-1.));
#12624=DIRECTION('ref_axis',(0.866025403784438,0.500000000000001,1.06057523872491E-16));
#12625=DIRECTION('center_axis',(0.,-1.,0.));
#12626=DIRECTION('ref_axis',(-1.,0.,-1.22464679914735E-16));
#12627=DIRECTION('center_axis',(-1.22464679914735E-16,0.,1.));
#12628=DIRECTION('ref_axis',(0.5,0.866025403784438,6.12323399573677E-17));
#12629=DIRECTION('center_axis',(-0.866025403784438,0.500000000000002,-1.06057523872491E-16));
#12630=DIRECTION('ref_axis',(1.22464679914735E-16,0.,-1.));
#12631=DIRECTION('center_axis',(1.22464679914735E-16,0.,-1.));
#12632=DIRECTION('ref_axis',(-1.,0.,-1.38777878078145E-16));
#12633=DIRECTION('center_axis',(1.22464679914735E-16,0.,-1.));
#12634=DIRECTION('ref_axis',(0.866025403784439,-0.499999999999999,1.06057523872491E-16));
#12635=DIRECTION('center_axis',(-0.866025403784439,-0.5,-1.06057523872491E-16));
#12636=DIRECTION('ref_axis',(-0.5,0.866025403784439,-6.12323399573676E-17));
#12637=DIRECTION('center_axis',(-1.22464679914735E-16,0.,1.));
#12638=DIRECTION('ref_axis',(1.,6.93889390390722E-16,1.22464679914735E-16));
#12639=DIRECTION('center_axis',(0.,1.,0.));
#12640=DIRECTION('ref_axis',(1.22464679914735E-16,0.,-1.));
#12641=DIRECTION('center_axis',(0.866025403784438,0.500000000000001,1.06057523872491E-16));
#12642=DIRECTION('ref_axis',(-0.353553390593274,0.612372435695795,-0.707106781186547));
#12643=DIRECTION('',(-0.866025403784438,-0.500000000000001,-1.06057523872491E-16));
#12644=DIRECTION('',(0.866025403784438,0.500000000000001,1.06057523872491E-16));
#12645=DIRECTION('center_axis',(-1.22464679914735E-16,0.,1.));
#12646=DIRECTION('ref_axis',(0.866025403784439,-0.5,1.06057523872491E-16));
#12647=DIRECTION('',(1.22464679914735E-16,0.,-1.));
#12648=DIRECTION('',(-1.22464679914735E-16,0.,1.));
#12649=DIRECTION('center_axis',(-5.82715965570777E-16,1.,-7.13621242048311E-32));
#12650=DIRECTION('ref_axis',(-0.707106781186548,0.,-0.707106781186547));
#12651=DIRECTION('',(5.82715965570777E-16,-1.,7.13621242048311E-32));
#12652=DIRECTION('',(-5.82715965570777E-16,1.,-7.13621242048311E-32));
#12653=DIRECTION('center_axis',(-1.22464679914735E-16,0.,1.));
#12654=DIRECTION('ref_axis',(0.866025403784438,0.5,1.06057523872491E-16));
#12655=DIRECTION('',(1.22464679914735E-16,0.,-1.));
#12656=DIRECTION('',(-1.22464679914735E-16,0.,1.));
#12657=DIRECTION('center_axis',(-0.866025403784439,0.5,-1.06057523872491E-16));
#12658=DIRECTION('ref_axis',(-0.353553390593274,-0.612372435695794,-0.707106781186548));
#12659=DIRECTION('',(0.866025403784439,-0.5,1.06057523872491E-16));
#12660=DIRECTION('',(-0.866025403784439,0.5,-1.06057523872491E-16));
#12661=DIRECTION('center_axis',(-0.866025403784438,-0.500000000000001,-1.06057523872491E-16));
#12662=DIRECTION('ref_axis',(-0.353553390593274,0.612372435695795,0.707106781186547));
#12663=DIRECTION('',(-0.866025403784438,-0.500000000000001,-1.06057523872491E-16));
#12664=DIRECTION('center_axis',(5.82715965570777E-16,-1.,7.13621242048311E-32));
#12665=DIRECTION('ref_axis',(-0.707106781186548,0.,0.707106781186547));
#12666=DIRECTION('',(-5.19719644968531E-16,1.,-6.3647299966471E-32));
#12667=DIRECTION('',(5.82715965570777E-16,-1.,7.13621242048311E-32));
#12668=DIRECTION('center_axis',(-1.22464679914735E-16,0.,1.));
#12669=DIRECTION('ref_axis',(-4.0061722632991E-16,1.,-4.90614603908215E-32));
#12670=DIRECTION('',(1.22464679914735E-16,0.,-1.));
#12671=DIRECTION('',(-1.22464679914735E-16,0.,1.));
#12672=DIRECTION('center_axis',(-0.866025403784438,-0.5,-1.06057523872491E-16));
#12673=DIRECTION('ref_axis',(0.353553390593274,-0.612372435695794,-0.707106781186548));
#12674=DIRECTION('',(0.866025403784438,0.5,1.06057523872491E-16));
#12675=DIRECTION('',(-0.866025403784438,-0.5,-1.06057523872491E-16));
#12676=DIRECTION('center_axis',(0.866025403784439,-0.5,1.06057523872491E-16));
#12677=DIRECTION('ref_axis',(-0.353553390593275,-0.612372435695794,0.707106781186547));
#12678=DIRECTION('',(-0.866025403784439,0.5,-1.06057523872491E-16));
#12679=DIRECTION('',(0.866025403784439,-0.5,1.06057523872491E-16));
#12680=DIRECTION('center_axis',(-0.866025403784439,0.5,-1.06057523872491E-16));
#12681=DIRECTION('ref_axis',(0.353553390593273,0.612372435695796,0.707106781186546));
#12682=DIRECTION('',(-0.866025403784439,0.5,-1.06057523872491E-16));
#12683=DIRECTION('center_axis',(-1.22464679914735E-16,0.,1.));
#12684=DIRECTION('ref_axis',(-0.866025403784439,0.499999999999999,-1.06057523872491E-16));
#12685=DIRECTION('',(1.22464679914735E-16,0.,-1.));
#12686=DIRECTION('',(-1.22464679914735E-16,0.,1.));
#12687=DIRECTION('center_axis',(0.866025403784438,0.5,1.06057523872491E-16));
#12688=DIRECTION('ref_axis',(0.353553390593274,-0.612372435695794,0.707106781186548));
#12689=DIRECTION('',(-0.866025403784439,-0.5,-1.06057523872491E-16));
#12690=DIRECTION('',(0.866025403784438,0.5,1.06057523872491E-16));
#12691=DIRECTION('center_axis',(-2.91357982785388E-16,1.,-3.56810621024155E-32));
#12692=DIRECTION('ref_axis',(0.707106781186548,0.,0.707106781186547));
#12693=DIRECTION('',(-2.91357982785388E-16,1.,-3.56810621024155E-32));
#12694=DIRECTION('center_axis',(1.,2.91357982785388E-16,1.22464679914735E-16));
#12695=DIRECTION('ref_axis',(-2.91357982785388E-16,1.,-3.56810621024155E-32));
#12696=DIRECTION('center_axis',(0.5,0.866025403784439,6.12323399573676E-17));
#12697=DIRECTION('ref_axis',(-0.866025403784439,0.5,-1.06057523872491E-16));
#12698=DIRECTION('center_axis',(-0.500000000000001,0.866025403784438,-6.12323399573677E-17));
#12699=DIRECTION('ref_axis',(-0.866025403784438,-0.500000000000001,-1.06057523872491E-16));
#12700=DIRECTION('center_axis',(1.22464679914735E-16,0.,-1.));
#12701=DIRECTION('ref_axis',(-1.,0.,-1.22464679914735E-16));
#12702=DIRECTION('center_axis',(-1.22464679914735E-16,0.,1.));
#12703=DIRECTION('ref_axis',(0.866025403784439,-0.499999999999999,1.06057523872491E-16));
#12704=DIRECTION('',(-0.866025403784438,-0.5,-1.06057523872491E-16));
#12705=DIRECTION('center_axis',(-1.22464679914735E-16,0.,1.));
#12706=DIRECTION('ref_axis',(3.73909411241249E-16,-1.,4.57906963647667E-32));
#12707=DIRECTION('',(-0.866025403784439,0.499999999999999,-1.06057523872491E-16));
#12708=DIRECTION('center_axis',(-1.22464679914735E-16,0.,1.));
#12709=DIRECTION('ref_axis',(-0.866025403784438,-0.500000000000001,-1.06057523872491E-16));
#12710=DIRECTION('',(-3.41860033134855E-16,1.,-4.18657795335009E-32));
#12711=DIRECTION('center_axis',(-1.22464679914735E-16,0.,1.));
#12712=DIRECTION('ref_axis',(-0.866025403784439,0.5,-1.06057523872491E-16));
#12713=DIRECTION('',(0.866025403784439,0.5,1.06057523872491E-16));
#12714=DIRECTION('center_axis',(-1.22464679914735E-16,0.,1.));
#12715=DIRECTION('ref_axis',(-1.06831260354642E-16,1.,-1.3083056104219E-32));
#12716=DIRECTION('',(0.866025403784439,-0.5,1.06057523872491E-16));
#12717=DIRECTION('center_axis',(-1.22464679914735E-16,0.,1.));
#12718=DIRECTION('ref_axis',(0.866025403784439,0.499999999999999,1.06057523872491E-16));
#12719=DIRECTION('',(3.41860033134856E-16,-1.,4.18657795335009E-32));
#12720=DIRECTION('center_axis',(-1.,-5.82715965570777E-16,-1.22464679914735E-16));
#12721=DIRECTION('ref_axis',(5.82715965570777E-16,-1.,7.13621242048311E-32));
#12722=DIRECTION('center_axis',(-0.5,-0.866025403784439,-6.12323399573677E-17));
#12723=DIRECTION('ref_axis',(0.866025403784439,-0.5,1.06057523872491E-16));
#12724=DIRECTION('center_axis',(0.5,-0.866025403784438,6.12323399573677E-17));
#12725=DIRECTION('ref_axis',(0.866025403784438,0.5,1.06057523872491E-16));
#12726=DIRECTION('center_axis',(-1.22464679914735E-16,0.,1.));
#12727=DIRECTION('ref_axis',(0.866025403784439,-0.499999999999999,1.06057523872491E-16));
#12728=DIRECTION('center_axis',(1.22464679914735E-16,0.,-1.));
#12729=DIRECTION('ref_axis',(0.866025403784439,-0.499999999999999,1.06057523872491E-16));
#12730=DIRECTION('',(1.22464679914735E-16,0.,-1.));
#12731=DIRECTION('',(-1.22464679914735E-16,0.,1.));
#12732=DIRECTION('center_axis',(0.5,-0.866025403784438,6.12323399573677E-17));
#12733=DIRECTION('ref_axis',(0.866025403784438,0.5,1.06057523872491E-16));
#12734=DIRECTION('',(0.866025403784438,0.5,1.06057523872491E-16));
#12735=DIRECTION('',(-1.22464679914735E-16,0.,1.));
#12736=DIRECTION('center_axis',(-1.22464679914735E-16,0.,1.));
#12737=DIRECTION('ref_axis',(1.,0.,1.22464679914735E-16));
#12738=DIRECTION('',(-3.41860033134856E-16,1.,-4.18657795335009E-32));
#12739=DIRECTION('center_axis',(1.22464679914735E-16,0.,-1.));
#12740=DIRECTION('ref_axis',(0.866025403784439,0.499999999999999,1.06057523872491E-16));
#12741=DIRECTION('',(-0.866025403784439,0.5,-1.06057523872491E-16));
#12742=DIRECTION('center_axis',(1.22464679914735E-16,0.,-1.));
#12743=DIRECTION('ref_axis',(-1.06831260354642E-16,1.,-1.3083056104219E-32));
#12744=DIRECTION('',(-0.866025403784439,-0.5,-1.06057523872491E-16));
#12745=DIRECTION('center_axis',(1.22464679914735E-16,0.,-1.));
#12746=DIRECTION('ref_axis',(-0.866025403784439,0.5,-1.06057523872491E-16));
#12747=DIRECTION('',(3.41860033134855E-16,-1.,4.18657795335009E-32));
#12748=DIRECTION('center_axis',(1.22464679914735E-16,0.,-1.));
#12749=DIRECTION('ref_axis',(-0.866025403784438,-0.500000000000001,-1.06057523872491E-16));
#12750=DIRECTION('',(0.866025403784439,-0.499999999999999,1.06057523872491E-16));
#12751=DIRECTION('center_axis',(1.22464679914735E-16,0.,-1.));
#12752=DIRECTION('ref_axis',(3.73909411241249E-16,-1.,4.57906963647667E-32));
#12753=DIRECTION('',(0.866025403784439,0.5,1.06057523872491E-16));
#12754=DIRECTION('',(0.866025403784439,-0.5,1.06057523872491E-16));
#12755=DIRECTION('',(5.19719644968531E-16,-1.,6.3647299966471E-32));
#12756=DIRECTION('center_axis',(-1.22464679914735E-16,0.,1.));
#12757=DIRECTION('ref_axis',(0.866025403784439,0.499999999999999,1.06057523872491E-16));
#12758=DIRECTION('',(1.22464679914735E-16,0.,-1.));
#12759=DIRECTION('',(-1.22464679914735E-16,0.,1.));
#12760=DIRECTION('center_axis',(0.5,0.866025403784439,6.12323399573676E-17));
#12761=DIRECTION('ref_axis',(-0.866025403784439,0.5,-1.06057523872491E-16));
#12762=DIRECTION('',(1.22464679914735E-16,0.,-1.));
#12763=DIRECTION('center_axis',(-1.22464679914735E-16,0.,1.));
#12764=DIRECTION('ref_axis',(-1.06831260354642E-16,1.,-1.3083056104219E-32));
#12765=DIRECTION('',(-1.22464679914735E-16,0.,1.));
#12766=DIRECTION('center_axis',(-1.22464679914735E-16,0.,1.));
#12767=DIRECTION('ref_axis',(3.73909411241249E-16,-1.,4.57906963647667E-32));
#12768=DIRECTION('',(1.22464679914735E-16,0.,-1.));
#12769=DIRECTION('center_axis',(-0.499999999999999,-0.866025403784439,-6.12323399573676E-17));
#12770=DIRECTION('ref_axis',(0.866025403784439,-0.499999999999999,1.06057523872491E-16));
#12771=DIRECTION('',(-1.22464679914735E-16,0.,1.));
#12772=DIRECTION('center_axis',(-1.22464679914735E-16,0.,1.));
#12773=DIRECTION('ref_axis',(-0.866025403784438,-0.500000000000001,-1.06057523872491E-16));
#12774=DIRECTION('',(1.22464679914735E-16,0.,-1.));
#12775=DIRECTION('center_axis',(-1.,-3.41860033134855E-16,-1.22464679914735E-16));
#12776=DIRECTION('ref_axis',(3.41860033134855E-16,-1.,4.18657795335009E-32));
#12777=DIRECTION('',(-1.22464679914735E-16,0.,1.));
#12778=DIRECTION('center_axis',(-1.22464679914735E-16,0.,1.));
#12779=DIRECTION('ref_axis',(-0.866025403784439,0.5,-1.06057523872491E-16));
#12780=DIRECTION('',(1.22464679914735E-16,0.,-1.));
#12781=DIRECTION('center_axis',(-0.5,0.866025403784439,-6.12323399573677E-17));
#12782=DIRECTION('ref_axis',(-0.866025403784439,-0.5,-1.06057523872491E-16));
#12783=DIRECTION('center_axis',(0.5,0.866025403784439,6.12323399573677E-17));
#12784=DIRECTION('ref_axis',(-0.866025403784439,0.5,-1.06057523872491E-16));
#12785=DIRECTION('center_axis',(1.,5.19719644968531E-16,1.22464679914735E-16));
#12786=DIRECTION('ref_axis',(-5.19719644968531E-16,1.,-6.3647299966471E-32));
#12787=DIRECTION('center_axis',(-0.5,0.866025403784439,-6.12323399573677E-17));
#12788=DIRECTION('ref_axis',(-0.866025403784439,-0.5,-1.06057523872491E-16));
#12789=DIRECTION('center_axis',(1.,3.41860033134856E-16,1.22464679914735E-16));
#12790=DIRECTION('ref_axis',(-3.41860033134856E-16,1.,-4.18657795335009E-32));
#12791=DIRECTION('center_axis',(0.,0.,1.));
#12792=DIRECTION('ref_axis',(1.,0.,0.));
#12793=DIRECTION('center_axis',(0.,0.,1.));
#12794=DIRECTION('ref_axis',(1.,0.,0.));
#12795=DIRECTION('center_axis',(0.,-1.,0.));
#12796=DIRECTION('ref_axis',(-1.,0.,0.));
#12797=DIRECTION('center_axis',(0.,0.,-1.));
#12798=DIRECTION('ref_axis',(1.,0.,0.));
#12799=DIRECTION('center_axis',(0.,0.,1.));
#12800=DIRECTION('ref_axis',(1.,0.,0.));
#12801=DIRECTION('center_axis',(0.,0.,-1.));
#12802=DIRECTION('ref_axis',(1.,0.,0.));
#12803=DIRECTION('',(0.,0.,-1.));
#12804=DIRECTION('center_axis',(0.,0.,1.));
#12805=DIRECTION('ref_axis',(1.,0.,0.));
#12806=DIRECTION('center_axis',(0.,0.,1.));
#12807=DIRECTION('ref_axis',(1.,0.,0.));
#12808=DIRECTION('center_axis',(0.,0.,1.));
#12809=DIRECTION('ref_axis',(1.,0.,0.));
#12810=DIRECTION('center_axis',(0.,-1.,0.));
#12811=DIRECTION('ref_axis',(-1.,0.,0.));
#12812=DIRECTION('center_axis',(0.,0.,-1.));
#12813=DIRECTION('ref_axis',(1.,0.,0.));
#12814=DIRECTION('center_axis',(0.,0.,1.));
#12815=DIRECTION('ref_axis',(1.,0.,0.));
#12816=DIRECTION('center_axis',(0.,0.,-1.));
#12817=DIRECTION('ref_axis',(1.,0.,0.));
#12818=DIRECTION('',(0.,0.,-1.));
#12819=DIRECTION('center_axis',(0.,0.,1.));
#12820=DIRECTION('ref_axis',(1.,0.,0.));
#12821=DIRECTION('center_axis',(0.,0.,1.));
#12822=DIRECTION('ref_axis',(1.,0.,0.));
#12823=DIRECTION('center_axis',(0.,0.,1.));
#12824=DIRECTION('ref_axis',(1.,0.,0.));
#12825=DIRECTION('center_axis',(0.,-1.,0.));
#12826=DIRECTION('ref_axis',(-1.,0.,0.));
#12827=DIRECTION('center_axis',(0.,0.,-1.));
#12828=DIRECTION('ref_axis',(1.,0.,0.));
#12829=DIRECTION('center_axis',(0.,0.,1.));
#12830=DIRECTION('ref_axis',(1.,0.,0.));
#12831=DIRECTION('center_axis',(0.,0.,-1.));
#12832=DIRECTION('ref_axis',(1.,0.,0.));
#12833=DIRECTION('',(0.,0.,-1.));
#12834=DIRECTION('center_axis',(0.,0.,1.));
#12835=DIRECTION('ref_axis',(1.,0.,0.));
#12836=DIRECTION('center_axis',(0.,0.,1.));
#12837=DIRECTION('ref_axis',(1.,0.,0.));
#12838=DIRECTION('center_axis',(0.,0.,1.));
#12839=DIRECTION('ref_axis',(1.,0.,0.));
#12840=DIRECTION('center_axis',(0.,-1.,0.));
#12841=DIRECTION('ref_axis',(-1.,0.,0.));
#12842=DIRECTION('center_axis',(0.,0.,-1.));
#12843=DIRECTION('ref_axis',(1.,0.,0.));
#12844=DIRECTION('center_axis',(0.,0.,1.));
#12845=DIRECTION('ref_axis',(1.,0.,0.));
#12846=DIRECTION('center_axis',(0.,0.,-1.));
#12847=DIRECTION('ref_axis',(1.,0.,0.));
#12848=DIRECTION('',(0.,0.,-1.));
#12849=DIRECTION('center_axis',(0.,0.,1.));
#12850=DIRECTION('ref_axis',(1.,0.,0.));
#12851=DIRECTION('center_axis',(0.,0.,1.));
#12852=DIRECTION('ref_axis',(1.,0.,0.));
#12853=DIRECTION('center_axis',(0.,0.,-1.));
#12854=DIRECTION('ref_axis',(1.,0.,0.));
#12855=DIRECTION('center_axis',(0.,-1.,0.));
#12856=DIRECTION('ref_axis',(-1.,0.,0.));
#12857=DIRECTION('center_axis',(0.,0.,1.));
#12858=DIRECTION('ref_axis',(1.,0.,0.));
#12859=DIRECTION('center_axis',(0.,0.,1.));
#12860=DIRECTION('ref_axis',(1.,0.,0.));
#12861=DIRECTION('',(0.,0.,-1.));
#12862=DIRECTION('center_axis',(0.,0.,-1.));
#12863=DIRECTION('ref_axis',(1.,0.,0.));
#12864=DIRECTION('center_axis',(0.,0.,1.));
#12865=DIRECTION('ref_axis',(1.,0.,0.));
#12866=DIRECTION('center_axis',(0.,0.,1.));
#12867=DIRECTION('ref_axis',(1.,0.,0.));
#12868=DIRECTION('center_axis',(0.,0.,-1.));
#12869=DIRECTION('ref_axis',(1.,0.,0.));
#12870=DIRECTION('center_axis',(0.,-1.,0.));
#12871=DIRECTION('ref_axis',(-1.,0.,0.));
#12872=DIRECTION('center_axis',(0.,0.,1.));
#12873=DIRECTION('ref_axis',(1.,0.,0.));
#12874=DIRECTION('center_axis',(0.,0.,1.));
#12875=DIRECTION('ref_axis',(1.,0.,0.));
#12876=DIRECTION('',(0.,0.,-1.));
#12877=DIRECTION('center_axis',(0.,0.,-1.));
#12878=DIRECTION('ref_axis',(1.,0.,0.));
#12879=DIRECTION('center_axis',(0.,0.,1.));
#12880=DIRECTION('ref_axis',(1.,0.,0.));
#12881=DIRECTION('center_axis',(0.,0.,1.));
#12882=DIRECTION('ref_axis',(1.,0.,0.));
#12883=DIRECTION('center_axis',(0.,0.,-1.));
#12884=DIRECTION('ref_axis',(1.,0.,0.));
#12885=DIRECTION('center_axis',(0.,-1.,0.));
#12886=DIRECTION('ref_axis',(-1.,0.,0.));
#12887=DIRECTION('center_axis',(0.,0.,1.));
#12888=DIRECTION('ref_axis',(1.,0.,0.));
#12889=DIRECTION('center_axis',(0.,0.,1.));
#12890=DIRECTION('ref_axis',(1.,0.,0.));
#12891=DIRECTION('',(0.,0.,-1.));
#12892=DIRECTION('center_axis',(0.,0.,-1.));
#12893=DIRECTION('ref_axis',(1.,0.,0.));
#12894=DIRECTION('center_axis',(0.,0.,1.));
#12895=DIRECTION('ref_axis',(1.,0.,0.));
#12896=DIRECTION('center_axis',(0.,0.,1.));
#12897=DIRECTION('ref_axis',(1.,0.,0.));
#12898=DIRECTION('center_axis',(0.,0.,-1.));
#12899=DIRECTION('ref_axis',(1.,0.,0.));
#12900=DIRECTION('center_axis',(0.,-1.,0.));
#12901=DIRECTION('ref_axis',(-1.,0.,0.));
#12902=DIRECTION('center_axis',(0.,0.,1.));
#12903=DIRECTION('ref_axis',(1.,0.,0.));
#12904=DIRECTION('center_axis',(0.,0.,1.));
#12905=DIRECTION('ref_axis',(1.,0.,0.));
#12906=DIRECTION('',(0.,0.,-1.));
#12907=DIRECTION('center_axis',(0.,0.,-1.));
#12908=DIRECTION('ref_axis',(1.,0.,0.));
#12909=DIRECTION('center_axis',(0.,0.,1.));
#12910=DIRECTION('ref_axis',(1.,0.,0.));
#12911=DIRECTION('center_axis',(0.,0.,1.));
#12912=DIRECTION('ref_axis',(5.87571931950534E-16,1.,0.));
#12913=DIRECTION('center_axis',(0.,0.,-1.));
#12914=DIRECTION('ref_axis',(5.87571931950534E-16,1.,0.));
#12915=DIRECTION('',(0.,0.,-1.));
#12916=DIRECTION('center_axis',(0.,0.,1.));
#12917=DIRECTION('ref_axis',(5.87571931950534E-16,1.,0.));
#12918=DIRECTION('',(0.,0.,1.));
#12919=DIRECTION('center_axis',(0.,0.,1.));
#12920=DIRECTION('ref_axis',(1.,0.,0.));
#12921=DIRECTION('',(-0.866025403784439,-0.5,0.));
#12922=DIRECTION('center_axis',(0.,0.,-1.));
#12923=DIRECTION('ref_axis',(-0.866025403784439,0.5,0.));
#12924=DIRECTION('',(-3.41860033134856E-16,-1.,0.));
#12925=DIRECTION('center_axis',(0.,0.,-1.));
#12926=DIRECTION('ref_axis',(-0.866025403784439,-0.5,0.));
#12927=DIRECTION('',(0.866025403784438,-0.5,0.));
#12928=DIRECTION('center_axis',(0.,0.,-1.));
#12929=DIRECTION('ref_axis',(-1.38880638461035E-15,-1.,0.));
#12930=DIRECTION('',(0.866025403784439,0.499999999999999,0.));
#12931=DIRECTION('center_axis',(0.,0.,-1.));
#12932=DIRECTION('ref_axis',(0.866025403784439,-0.5,0.));
#12933=DIRECTION('',(3.41860033134855E-16,1.,0.));
#12934=DIRECTION('center_axis',(0.,0.,-1.));
#12935=DIRECTION('ref_axis',(0.866025403784439,0.5,0.));
#12936=DIRECTION('',(-0.866025403784439,0.5,0.));
#12937=DIRECTION('center_axis',(-0.5,0.866025403784439,0.));
#12938=DIRECTION('ref_axis',(-0.866025403784439,-0.5,0.));
#12939=DIRECTION('',(-0.866025403784439,-0.5,0.));
#12940=DIRECTION('',(0.,0.,-1.));
#12941=DIRECTION('center_axis',(0.,0.,1.));
#12942=DIRECTION('ref_axis',(-0.866025403784439,0.5,0.));
#12943=DIRECTION('center_axis',(0.,0.,1.));
#12944=DIRECTION('ref_axis',(-0.866025403784439,0.5,0.));
#12945=DIRECTION('',(0.,0.,1.));
#12946=DIRECTION('center_axis',(0.,0.,1.));
#12947=DIRECTION('ref_axis',(0.866025403784439,0.5,0.));
#12948=DIRECTION('',(0.,0.,-1.));
#12949=DIRECTION('center_axis',(0.,0.,1.));
#12950=DIRECTION('ref_axis',(0.866025403784439,0.5,0.));
#12951=DIRECTION('',(0.,0.,1.));
#12952=DIRECTION('center_axis',(1.,-3.41860033134855E-16,0.));
#12953=DIRECTION('ref_axis',(3.41860033134855E-16,1.,0.));
#12954=DIRECTION('',(0.,0.,1.));
#12955=DIRECTION('',(3.41860033134855E-16,1.,0.));
#12956=DIRECTION('center_axis',(0.,0.,1.));
#12957=DIRECTION('ref_axis',(-0.866025403784439,-0.5,0.));
#12958=DIRECTION('',(0.,0.,-1.));
#12959=DIRECTION('center_axis',(0.,0.,1.));
#12960=DIRECTION('ref_axis',(-0.866025403784439,-0.5,0.));
#12961=DIRECTION('',(0.,0.,1.));
#12962=DIRECTION('center_axis',(-1.,3.41860033134856E-16,0.));
#12963=DIRECTION('ref_axis',(-3.41860033134856E-16,-1.,0.));
#12964=DIRECTION('',(-3.41860033134856E-16,-1.,0.));
#12965=DIRECTION('center_axis',(0.,0.,1.));
#12966=DIRECTION('ref_axis',(-1.38880638461035E-15,-1.,0.));
#12967=DIRECTION('',(0.,0.,-1.));
#12968=DIRECTION('center_axis',(0.,0.,1.));
#12969=DIRECTION('ref_axis',(-1.38880638461035E-15,-1.,0.));
#12970=DIRECTION('',(0.,0.,1.));
#12971=DIRECTION('center_axis',(0.499999999999999,-0.866025403784439,0.));
#12972=DIRECTION('ref_axis',(0.866025403784439,0.499999999999999,0.));
#12973=DIRECTION('',(0.866025403784439,0.499999999999999,0.));
#12974=DIRECTION('',(0.,0.,-1.));
#12975=DIRECTION('center_axis',(0.,0.,1.));
#12976=DIRECTION('ref_axis',(0.866025403784439,-0.5,0.));
#12977=DIRECTION('center_axis',(0.,0.,1.));
#12978=DIRECTION('ref_axis',(0.866025403784439,-0.5,0.));
#12979=DIRECTION('center_axis',(-0.5,-0.866025403784438,0.));
#12980=DIRECTION('ref_axis',(0.866025403784438,-0.5,0.));
#12981=DIRECTION('',(0.866025403784438,-0.5,0.));
#12982=DIRECTION('center_axis',(0.5,0.866025403784439,0.));
#12983=DIRECTION('ref_axis',(-0.866025403784439,0.5,0.));
#12984=DIRECTION('',(-0.866025403784439,0.5,0.));
#12985=DIRECTION('center_axis',(0.,0.,1.));
#12986=DIRECTION('ref_axis',(1.,0.,0.));
#12987=DIRECTION('center_axis',(1.22464679914735E-16,0.,1.));
#12988=DIRECTION('ref_axis',(1.,0.,-8.97149918889015E-17));
#12989=DIRECTION('center_axis',(1.22464679914735E-16,0.,1.));
#12990=DIRECTION('ref_axis',(-1.,0.,1.22464679914735E-16));
#12991=DIRECTION('center_axis',(0.,-1.,0.));
#12992=DIRECTION('ref_axis',(-1.,0.,1.12143739861127E-16));
#12993=DIRECTION('center_axis',(-1.22464679914735E-16,0.,-1.));
#12994=DIRECTION('ref_axis',(-1.,0.,1.22464679914735E-16));
#12995=DIRECTION('center_axis',(1.22464679914735E-16,0.,1.));
#12996=DIRECTION('ref_axis',(-1.,0.,1.22464679914735E-16));
#12997=DIRECTION('center_axis',(1.22464679914735E-16,0.,1.));
#12998=DIRECTION('ref_axis',(-1.,0.,1.22464679914735E-16));
#12999=DIRECTION('center_axis',(-1.22464679914735E-16,0.,-1.));
#13000=DIRECTION('ref_axis',(-1.,0.,1.22464679914735E-16));
#13001=DIRECTION('',(-1.22464679914735E-16,0.,-1.));
#13002=DIRECTION('center_axis',(1.22464679914735E-16,0.,1.));
#13003=DIRECTION('ref_axis',(1.,0.,-1.22464679914735E-16));
#13004=DIRECTION('center_axis',(1.22464679914735E-16,0.,1.));
#13005=DIRECTION('ref_axis',(1.,0.,-9.25185853854297E-17));
#13006=DIRECTION('center_axis',(1.22464679914735E-16,0.,1.));
#13007=DIRECTION('ref_axis',(0.707106781186547,-0.707106781186547,-8.65956056235493E-17));
#13008=DIRECTION('center_axis',(0.,-1.,0.));
#13009=DIRECTION('ref_axis',(-1.,0.,1.22464679914735E-16));
#13010=DIRECTION('center_axis',(-1.22464679914735E-16,0.,-1.));
#13011=DIRECTION('ref_axis',(0.,-1.,0.));
#13012=DIRECTION('center_axis',(1.,0.,-1.22464679914735E-16));
#13013=DIRECTION('ref_axis',(-1.22464679914735E-16,0.,-1.));
#13014=DIRECTION('center_axis',(1.22464679914735E-16,0.,1.));
#13015=DIRECTION('ref_axis',(1.,0.,0.));
#13016=DIRECTION('center_axis',(1.22464679914735E-16,0.,1.));
#13017=DIRECTION('ref_axis',(-0.707106781186548,-0.707106781186547,8.65956056235495E-17));
#13018=DIRECTION('center_axis',(-1.,0.,1.22464679914735E-16));
#13019=DIRECTION('ref_axis',(0.,1.,0.));
#13020=DIRECTION('center_axis',(-1.22464679914735E-16,0.,-1.));
#13021=DIRECTION('ref_axis',(-1.,0.,1.22464679914735E-16));
#13022=DIRECTION('center_axis',(0.,-1.,0.));
#13023=DIRECTION('ref_axis',(-1.22464679914735E-16,0.,-1.));
#13024=DIRECTION('center_axis',(-1.,0.,1.22464679914735E-16));
#13025=DIRECTION('ref_axis',(-8.65956056235493E-17,0.707106781186548,-0.707106781186547));
#13026=DIRECTION('',(1.,0.,-1.22464679914735E-16));
#13027=DIRECTION('',(-1.,0.,1.22464679914735E-16));
#13028=DIRECTION('center_axis',(1.22464679914735E-16,0.,1.));
#13029=DIRECTION('ref_axis',(-0.707106781186548,-0.707106781186548,8.65956056235493E-17));
#13030=DIRECTION('center_axis',(-1.22464679914735E-16,0.,-1.));
#13031=DIRECTION('ref_axis',(-0.707106781186548,-0.707106781186548,8.65956056235493E-17));
#13032=DIRECTION('',(-1.22464679914735E-16,0.,-1.));
#13033=DIRECTION('',(1.22464679914735E-16,0.,1.));
#13034=DIRECTION('center_axis',(1.22464679914735E-16,0.,1.));
#13035=DIRECTION('ref_axis',(1.,0.,-9.25185853854297E-17));
#13036=DIRECTION('center_axis',(1.22464679914735E-16,0.,1.));
#13037=DIRECTION('ref_axis',(0.707106781186546,0.707106781186548,-8.65956056235492E-17));
#13038=DIRECTION('center_axis',(1.,0.,-1.22464679914735E-16));
#13039=DIRECTION('ref_axis',(0.,-1.,0.));
#13040=DIRECTION('center_axis',(-1.22464679914735E-16,0.,-1.));
#13041=DIRECTION('ref_axis',(1.,0.,-1.22464679914735E-16));
#13042=DIRECTION('center_axis',(0.,1.,0.));
#13043=DIRECTION('ref_axis',(-1.22464679914735E-16,0.,-1.));
#13044=DIRECTION('center_axis',(-1.22464679914735E-16,0.,-1.));
#13045=DIRECTION('ref_axis',(-1.,0.,0.));
#13046=DIRECTION('center_axis',(-1.22464679914735E-16,0.,-1.));
#13047=DIRECTION('ref_axis',(0.,1.,0.));
#13048=DIRECTION('center_axis',(-1.,0.,1.22464679914735E-16));
#13049=DIRECTION('ref_axis',(-1.22464679914735E-16,0.,-1.));
#13050=DIRECTION('center_axis',(1.22464679914735E-16,0.,1.));
#13051=DIRECTION('ref_axis',(-0.707106781186547,0.707106781186547,8.65956056235493E-17));
#13052=DIRECTION('center_axis',(0.,1.,0.));
#13053=DIRECTION('ref_axis',(1.,0.,-1.22464679914735E-16));
#13054=DIRECTION('center_axis',(1.,0.,-1.22464679914735E-16));
#13055=DIRECTION('ref_axis',(-8.65956056235493E-17,-0.707106781186548,-0.707106781186547));
#13056=DIRECTION('',(-1.,0.,1.22464679914735E-16));
#13057=DIRECTION('',(1.,0.,-1.22464679914735E-16));
#13058=DIRECTION('center_axis',(0.,1.,0.));
#13059=DIRECTION('ref_axis',(0.707106781186548,0.,-0.707106781186547));
#13060=DIRECTION('',(0.,-1.,0.));
#13061=DIRECTION('',(0.,1.,0.));
#13062=DIRECTION('center_axis',(1.22464679914735E-16,0.,1.));
#13063=DIRECTION('ref_axis',(-0.707106781186548,0.707106781186548,8.65956056235493E-17));
#13064=DIRECTION('center_axis',(-1.22464679914735E-16,0.,-1.));
#13065=DIRECTION('ref_axis',(-0.707106781186548,0.707106781186548,8.65956056235493E-17));
#13066=DIRECTION('',(-1.22464679914735E-16,0.,-1.));
#13067=DIRECTION('',(1.22464679914735E-16,0.,1.));
#13068=DIRECTION('center_axis',(1.22464679914735E-16,0.,1.));
#13069=DIRECTION('ref_axis',(0.707106781186548,0.707106781186548,-8.65956056235493E-17));
#13070=DIRECTION('center_axis',(-1.22464679914735E-16,0.,-1.));
#13071=DIRECTION('ref_axis',(0.707106781186548,0.707106781186548,-8.65956056235493E-17));
#13072=DIRECTION('',(-1.22464679914735E-16,0.,-1.));
#13073=DIRECTION('',(1.22464679914735E-16,0.,1.));
#13074=DIRECTION('center_axis',(0.,-1.,0.));
#13075=DIRECTION('ref_axis',(-0.707106781186548,0.,-0.707106781186547));
#13076=DIRECTION('',(0.,1.,0.));
#13077=DIRECTION('',(0.,-1.,0.));
#13078=DIRECTION('center_axis',(1.22464679914735E-16,0.,1.));
#13079=DIRECTION('ref_axis',(0.707106781186548,-0.707106781186548,-8.65956056235493E-17));
#13080=DIRECTION('center_axis',(-1.22464679914735E-16,0.,-1.));
#13081=DIRECTION('ref_axis',(0.707106781186548,-0.707106781186548,-8.65956056235493E-17));
#13082=DIRECTION('',(-1.22464679914735E-16,0.,-1.));
#13083=DIRECTION('',(1.22464679914735E-16,0.,1.));
#13084=DIRECTION('center_axis',(0.,-1.,0.));
#13085=DIRECTION('ref_axis',(1.,0.,-1.22464679914735E-16));
#13086=DIRECTION('',(1.,0.,-1.22464679914735E-16));
#13087=DIRECTION('center_axis',(1.,0.,-1.22464679914735E-16));
#13088=DIRECTION('ref_axis',(0.,1.,0.));
#13089=DIRECTION('',(0.,1.,0.));
#13090=DIRECTION('center_axis',(1.22464679914735E-16,0.,1.));
#13091=DIRECTION('ref_axis',(1.,0.,-1.22464679914735E-16));
#13092=DIRECTION('',(-1.,0.,1.22464679914735E-16));
#13093=DIRECTION('',(0.,-1.,0.));
#13094=DIRECTION('',(1.,-2.04651110872207E-12,-1.22464679914735E-16));
#13095=DIRECTION('',(0.,-1.,0.));
#13096=DIRECTION('',(-1.,-2.47209660150011E-12,1.22464679914735E-16));
#13097=DIRECTION('',(7.50788320406623E-13,-1.,-9.19450513423188E-29));
#13098=DIRECTION('',(1.,-3.06569584533582E-12,-1.22464679914735E-16));
#13099=DIRECTION('',(0.,-1.,0.));
#13100=DIRECTION('',(-1.,0.,1.22464679914735E-16));
#13101=DIRECTION('',(-1.52322598978635E-12,1.,1.86541383276991E-28));
#13102=DIRECTION('',(-1.,1.14630527292548E-12,1.22464679914735E-16));
#13103=DIRECTION('',(-1.3803772939495E-12,-1.,1.69047463465094E-28));
#13104=DIRECTION('',(-1.,0.,1.22464679914735E-16));
#13105=DIRECTION('',(-1.03916875105033E-12,1.,1.27261468474774E-28));
#13106=DIRECTION('',(-1.,-6.06459327201316E-13,1.22464679914735E-16));
#13107=DIRECTION('',(1.29377989803216E-12,-1.,-1.58442341092628E-28));
#13108=DIRECTION('',(-1.,0.,1.22464679914735E-16));
#13109=DIRECTION('',(0.,1.,0.));
#13110=DIRECTION('',(1.,9.95499978746695E-12,-1.22464679914735E-16));
#13111=DIRECTION('',(1.67504898840504E-12,1.,-2.05134338206524E-28));
#13112=DIRECTION('',(-1.,1.09764049701321E-12,1.22464679914735E-16));
#13113=DIRECTION('',(0.,1.,0.));
#13114=DIRECTION('',(1.,8.73375446038373E-14,-1.22464679914735E-16));
#13115=DIRECTION('',(-1.37945210809475E-12,1.,1.68934160875531E-28));
#13116=DIRECTION('',(-1.,-1.5809575870684E-12,1.22464679914735E-16));
#13117=DIRECTION('',(0.,1.,0.));
#13118=DIRECTION('',(1.,0.,-1.22464679914735E-16));
#13119=DIRECTION('',(2.85623376802332E-12,-1.,-3.49787754162634E-28));
#13120=DIRECTION('',(1.,1.31561428418353E-12,-1.22464679914735E-16));
#13121=DIRECTION('',(6.35787718770611E-13,1.,-7.78615394729627E-29));
#13122=DIRECTION('',(1.,0.,-1.22464679914735E-16));
#13123=DIRECTION('',(1.27823677568334E-12,-1.,-1.56538857589304E-28));
#13124=DIRECTION('',(1.,2.32175390024658E-12,-1.22464679914735E-16));
#13125=DIRECTION('',(-1.5839181818003E-12,1.,1.93974033145304E-28));
#13126=DIRECTION('',(1.,0.,-1.22464679914735E-16));
#13127=DIRECTION('',(0.,-1.,0.));
#13128=DIRECTION('',(-1.,-2.14050999148025E-12,1.22464679914735E-16));
#13129=DIRECTION('',(-1.08107967023095E-12,-1.,1.32394075777161E-28));
#13130=DIRECTION('center_axis',(1.22464679914735E-16,0.,1.));
#13131=DIRECTION('ref_axis',(1.,0.,-1.22464679914735E-16));
#13132=DIRECTION('center_axis',(-1.22464679914735E-16,0.,-1.));
#13133=DIRECTION('ref_axis',(0.866025403784438,0.500000000000001,-1.06057523872491E-16));
#13134=DIRECTION('',(-0.866025403784439,0.5,1.06057523872491E-16));
#13135=DIRECTION('center_axis',(-1.22464679914735E-16,0.,-1.));
#13136=DIRECTION('ref_axis',(-1.06831260354642E-16,1.,1.3083056104219E-32));
#13137=DIRECTION('',(-0.866025403784439,-0.5,1.06057523872491E-16));
#13138=DIRECTION('center_axis',(-1.22464679914735E-16,0.,-1.));
#13139=DIRECTION('ref_axis',(-0.866025403784439,0.499999999999999,1.06057523872491E-16));
#13140=DIRECTION('',(6.83720066269711E-16,-1.,-8.37315590670018E-32));
#13141=DIRECTION('center_axis',(-1.22464679914735E-16,0.,-1.));
#13142=DIRECTION('ref_axis',(-0.866025403784438,-0.500000000000001,1.06057523872491E-16));
#13143=DIRECTION('',(0.866025403784439,-0.5,-1.06057523872491E-16));
#13144=DIRECTION('center_axis',(-1.22464679914735E-16,0.,-1.));
#13145=DIRECTION('ref_axis',(8.01234452659817E-16,-1.,-9.81229207816427E-32));
#13146=DIRECTION('',(0.866025403784438,0.5,-1.06057523872491E-16));
#13147=DIRECTION('center_axis',(-1.22464679914735E-16,0.,-1.));
#13148=DIRECTION('ref_axis',(0.866025403784439,-0.5,-1.06057523872491E-16));
#13149=DIRECTION('',(-3.41860033134856E-16,1.,4.18657795335009E-32));
#13150=DIRECTION('center_axis',(-1.22464679914735E-16,0.,-1.));
#13151=DIRECTION('ref_axis',(-1.,0.,1.08978947202469E-16));
#13152=DIRECTION('center_axis',(-1.22464679914735E-16,0.,-1.));
#13153=DIRECTION('ref_axis',(-1.,0.,1.22464679914735E-16));
#13154=DIRECTION('center_axis',(0.,-1.,0.));
#13155=DIRECTION('ref_axis',(1.,0.,-1.36223684003087E-16));
#13156=DIRECTION('center_axis',(1.22464679914735E-16,0.,1.));
#13157=DIRECTION('ref_axis',(-1.,0.,1.22464679914735E-16));
#13158=DIRECTION('center_axis',(1.22464679914735E-16,0.,1.));
#13159=DIRECTION('ref_axis',(1.,0.,-1.22464679914735E-16));
#13160=DIRECTION('',(-1.08107967023095E-12,-1.,1.32394075777161E-28));
#13161=DIRECTION('',(-1.,-2.14050999148025E-12,1.22464679914735E-16));
#13162=DIRECTION('',(0.,-1.,0.));
#13163=DIRECTION('',(1.,0.,-1.22464679914735E-16));
#13164=DIRECTION('',(-1.5839181818003E-12,1.,1.93974033145304E-28));
#13165=DIRECTION('',(1.,2.32175390024658E-12,-1.22464679914735E-16));
#13166=DIRECTION('',(1.27823677568334E-12,-1.,-1.56538857589304E-28));
#13167=DIRECTION('',(1.,0.,-1.22464679914735E-16));
#13168=DIRECTION('',(6.35787718770611E-13,1.,-7.78615394729627E-29));
#13169=DIRECTION('',(1.,1.31561428418353E-12,-1.22464679914735E-16));
#13170=DIRECTION('',(2.85623376802332E-12,-1.,-3.49787754162634E-28));
#13171=DIRECTION('',(1.,0.,-1.22464679914735E-16));
#13172=DIRECTION('',(0.,1.,0.));
#13173=DIRECTION('',(-1.,-1.5809575870684E-12,1.22464679914735E-16));
#13174=DIRECTION('',(-1.37945210809475E-12,1.,1.68934160875531E-28));
#13175=DIRECTION('',(1.,8.73375446038373E-14,-1.22464679914735E-16));
#13176=DIRECTION('',(0.,1.,0.));
#13177=DIRECTION('',(-1.,1.09764049701321E-12,1.22464679914735E-16));
#13178=DIRECTION('',(1.67504898840504E-12,1.,-2.05134338206524E-28));
#13179=DIRECTION('',(1.,9.95499978746695E-12,-1.22464679914735E-16));
#13180=DIRECTION('',(0.,1.,0.));
#13181=DIRECTION('',(-1.,0.,1.22464679914735E-16));
#13182=DIRECTION('',(1.29377989803216E-12,-1.,-1.58442341092628E-28));
#13183=DIRECTION('',(-1.,-6.06459327201316E-13,1.22464679914735E-16));
#13184=DIRECTION('',(-1.03916875105033E-12,1.,1.27261468474774E-28));
#13185=DIRECTION('',(-1.,0.,1.22464679914735E-16));
#13186=DIRECTION('',(-1.3803772939495E-12,-1.,1.69047463465094E-28));
#13187=DIRECTION('',(-1.,1.14630527292548E-12,1.22464679914735E-16));
#13188=DIRECTION('',(-1.52322598978635E-12,1.,1.86541383276991E-28));
#13189=DIRECTION('',(-1.,0.,1.22464679914735E-16));
#13190=DIRECTION('',(0.,-1.,0.));
#13191=DIRECTION('',(1.,-3.06569584533582E-12,-1.22464679914735E-16));
#13192=DIRECTION('',(7.50788320406623E-13,-1.,-9.19450513423188E-29));
#13193=DIRECTION('',(-1.,-2.47209660150011E-12,1.22464679914735E-16));
#13194=DIRECTION('',(0.,-1.,0.));
#13195=DIRECTION('',(1.,-2.04651110872207E-12,-1.22464679914735E-16));
#13196=DIRECTION('center_axis',(1.22464679914735E-16,0.,1.));
#13197=DIRECTION('ref_axis',(-1.,0.,1.22464679914735E-16));
#13198=DIRECTION('center_axis',(1.22464679914735E-16,0.,1.));
#13199=DIRECTION('ref_axis',(-1.,0.,1.22464679914735E-16));
#13200=DIRECTION('',(-1.22464679914735E-16,0.,-1.));
#13201=DIRECTION('center_axis',(-1.,-9.95499978746695E-12,1.22464679914735E-16));
#13202=DIRECTION('ref_axis',(-7.03802604165564E-12,0.707106781186548,-0.707106781186547));
#13203=DIRECTION('',(-1.,-9.95499978746695E-12,1.22464679914735E-16));
#13204=DIRECTION('center_axis',(-0.707106781183027,-0.707106781190068,8.65956056231181E-17));
#13205=DIRECTION('ref_axis',(0.707106781190068,-0.707106781183027,-8.65956056239805E-17));
#13206=DIRECTION('center_axis',(-0.707106781183619,-0.707106781189476,8.65956056231907E-17));
#13207=DIRECTION('ref_axis',(-0.707106781189476,0.707106781183619,8.65956056239079E-17));
#13208=DIRECTION('center_axis',(0.,-1.,0.));
#13209=DIRECTION('ref_axis',(-0.707106781186548,0.,-0.707106781186547));
#13210=DIRECTION('',(0.,-1.,0.));
#13211=DIRECTION('center_axis',(0.707106781186548,-0.707106781186548,-8.65956056235493E-17));
#13212=DIRECTION('ref_axis',(0.707106781186547,0.707106781186547,-8.65956056235493E-17));
#13213=DIRECTION('center_axis',(1.,0.,-1.22464679914735E-16));
#13214=DIRECTION('ref_axis',(-8.65956056235493E-17,-0.707106781186548,-0.707106781186547));
#13215=DIRECTION('',(1.,0.,-1.22464679914735E-16));
#13216=DIRECTION('center_axis',(0.707106781186091,0.707106781187004,-8.65956056234935E-17));
#13217=DIRECTION('ref_axis',(-0.707106781187004,0.707106781186091,8.65956056236052E-17));
#13218=DIRECTION('center_axis',(-1.29377989803216E-12,1.,1.58442341092628E-28));
#13219=DIRECTION('ref_axis',(0.707106781186548,9.14578857183298E-13,-0.707106781186547));
#13220=DIRECTION('',(-1.29377989803216E-12,1.,1.58442341092628E-28));
#13221=DIRECTION('center_axis',(0.707106781185876,0.707106781187219,-8.65956056234672E-17));
#13222=DIRECTION('ref_axis',(0.707106781187219,-0.707106781185876,-8.65956056236315E-17));
#13223=DIRECTION('center_axis',(1.,6.06459327201316E-13,-1.22464679914735E-16));
#13224=DIRECTION('ref_axis',(4.28744907172382E-13,-0.707106781186548,-0.707106781186547));
#13225=DIRECTION('',(1.,6.06459327201316E-13,-1.22464679914735E-16));
#13226=DIRECTION('center_axis',(0.70710678118713,-0.707106781185965,-8.65956056236207E-17));
#13227=DIRECTION('ref_axis',(-0.707106781185965,-0.707106781187131,8.65956056234779E-17));
#13228=DIRECTION('center_axis',(1.03916875105033E-12,-1.,-1.27261468474774E-28));
#13229=DIRECTION('ref_axis',(-0.707106781186547,-7.34018224434665E-13,-0.707106781186548));
#13230=DIRECTION('',(1.03916875105033E-12,-1.,-1.27261468474774E-28));
#13231=DIRECTION('center_axis',(0.707106781186916,-0.707106781186179,-8.65956056235945E-17));
#13232=DIRECTION('ref_axis',(0.707106781186179,0.707106781186916,-8.65956056235042E-17));
#13233=DIRECTION('center_axis',(1.,0.,-1.22464679914735E-16));
#13234=DIRECTION('ref_axis',(-8.65956056235493E-17,-0.707106781186548,-0.707106781186547));
#13235=DIRECTION('',(1.,0.,-1.22464679914735E-16));
#13236=DIRECTION('center_axis',(0.707106781187036,0.707106781186059,-1.06790339230165E-15));
#13237=DIRECTION('ref_axis',(-0.707106781186059,0.707106781187036,-8.94712181055904E-16));
#13238=DIRECTION('center_axis',(1.3803772939495E-12,1.,-1.69047463465094E-28));
#13239=DIRECTION('ref_axis',(0.707106781186548,-9.77382555530649E-13,-0.707106781186547));
#13240=DIRECTION('',(1.3803772939495E-12,1.,-1.69047463465094E-28));
#13241=DIRECTION('center_axis',(0.707106781187442,0.707106781185653,-2.04921117897589E-15));
#13242=DIRECTION('ref_axis',(0.707106781185653,-0.707106781187442,-2.04921117897613E-15));
#13243=DIRECTION('center_axis',(1.,-1.14630527292548E-12,-1.22464679914735E-16));
#13244=DIRECTION('ref_axis',(-8.10646827401122E-13,-0.707106781186548,-0.707106781186547));
#13245=DIRECTION('',(1.,-1.14630527292548E-12,-1.22464679914735E-16));
#13246=DIRECTION('center_axis',(0.707106781186681,-0.707106781186414,-8.65956056235657E-17));
#13247=DIRECTION('ref_axis',(-0.707106781186414,-0.707106781186681,8.6595605623533E-17));
#13248=DIRECTION('center_axis',(1.52322598978635E-12,-1.,-1.86541383276991E-28));
#13249=DIRECTION('ref_axis',(-0.707106781186548,-1.07747594977174E-12,-0.707106781186547));
#13250=DIRECTION('',(1.52322598978635E-12,-1.,-1.86541383276991E-28));
#13251=DIRECTION('center_axis',(0.707106781187086,-0.707106781186009,-8.65956056236153E-17));
#13252=DIRECTION('ref_axis',(0.707106781186009,0.707106781187086,-8.65956056234833E-17));
#13253=DIRECTION('center_axis',(1.,0.,-1.22464679914735E-16));
#13254=DIRECTION('ref_axis',(-8.65956056235493E-17,-0.707106781186548,-0.707106781186547));
#13255=DIRECTION('',(1.,0.,-1.22464679914735E-16));
#13256=DIRECTION('center_axis',(0.707106781186548,0.707106781186548,-8.65956056235493E-17));
#13257=DIRECTION('ref_axis',(-0.707106781186547,0.707106781186547,8.65956056235493E-17));
#13258=DIRECTION('center_axis',(0.,1.,0.));
#13259=DIRECTION('ref_axis',(0.707106781186548,0.,-0.707106781186547));
#13260=DIRECTION('',(0.,1.,0.));
#13261=DIRECTION('center_axis',(-0.707106781185461,0.707106781187634,8.65956056234163E-17));
#13262=DIRECTION('ref_axis',(-0.707106781187634,-0.707106781185461,8.65956056236824E-17));
#13263=DIRECTION('center_axis',(-1.,3.06569584533582E-12,1.22464679914735E-16));
#13264=DIRECTION('ref_axis',(2.16860361295134E-12,0.707106781186548,-0.707106781186547));
#13265=DIRECTION('',(-1.,3.06569584533582E-12,1.22464679914735E-16));
#13266=DIRECTION('center_axis',(-0.707106781185729,0.707106781187366,8.65956056234491E-17));
#13267=DIRECTION('ref_axis',(0.707106781187366,0.707106781185729,-8.65956056236496E-17));
#13268=DIRECTION('center_axis',(-7.50788320406623E-13,1.,9.19450513423188E-29));
#13269=DIRECTION('ref_axis',(0.707106781186548,5.30887512592451E-13,-0.707106781186547));
#13270=DIRECTION('',(-7.50788320406623E-13,1.,9.19450513423188E-29));
#13271=DIRECTION('center_axis',(0.707106781185408,0.707106781187687,8.94712181055531E-16));
#13272=DIRECTION('ref_axis',(0.707106781187687,-0.707106781185408,8.9471218105694E-16));
#13273=DIRECTION('center_axis',(1.,2.47209660150011E-12,-1.22464679914735E-16));
#13274=DIRECTION('ref_axis',(1.74860388025343E-12,-0.707106781186548,-0.707106781186547));
#13275=DIRECTION('',(1.,2.47209660150011E-12,-1.22464679914735E-16));
#13276=DIRECTION('center_axis',(0.707106781185673,0.707106781187422,-8.65956056234422E-17));
#13277=DIRECTION('ref_axis',(-0.707106781187422,0.707106781185673,8.65956056236565E-17));
#13278=DIRECTION('center_axis',(0.,1.,0.));
#13279=DIRECTION('ref_axis',(0.707106781186548,0.,-0.707106781186547));
#13280=DIRECTION('',(0.,1.,0.));
#13281=DIRECTION('center_axis',(-0.707106781185469,0.707106781187626,-8.94712181055439E-16));
#13282=DIRECTION('ref_axis',(-0.707106781187626,-0.707106781185469,-8.94712181058168E-16));
#13283=DIRECTION('center_axis',(1.08107967023095E-12,1.,-1.32394075777161E-28));
#13284=DIRECTION('ref_axis',(0.707106781186548,-7.64438765821662E-13,-0.707106781186547));
#13285=DIRECTION('center_axis',(0.707106781185441,-0.707106781187654,-8.65956056234138E-17));
#13286=DIRECTION('ref_axis',(-0.707106781187654,-0.707106781185441,8.65956056236848E-17));
#13287=DIRECTION('',(1.08107967023095E-12,1.,-1.32394075777161E-28));
#13288=DIRECTION('center_axis',(0.707106781186172,0.707106781186923,-8.65956056235034E-17));
#13289=DIRECTION('ref_axis',(0.707106781186923,-0.707106781186172,-8.65956056235953E-17));
#13290=DIRECTION('center_axis',(-1.,2.04651110872207E-12,1.22464679914735E-16));
#13291=DIRECTION('ref_axis',(1.44832369753016E-12,0.707106781186547,-0.707106781186548));
#13292=DIRECTION('',(-1.,2.04651110872207E-12,1.22464679914735E-16));
#13293=DIRECTION('center_axis',(1.,2.14050999148025E-12,-1.22464679914735E-16));
#13294=DIRECTION('ref_axis',(1.51309001145087E-12,-0.707106781186547,-0.707106781186548));
#13295=DIRECTION('',(1.,2.14050999148025E-12,-1.22464679914735E-16));
#13296=DIRECTION('center_axis',(0.707106781186763,0.707106781186332,-8.65956056235757E-17));
#13297=DIRECTION('ref_axis',(-0.707106781186332,0.707106781186763,8.6595605623523E-17));
#13298=DIRECTION('center_axis',(0.,1.,0.));
#13299=DIRECTION('ref_axis',(0.707106781186548,0.,-0.707106781186547));
#13300=DIRECTION('',(0.,1.,0.));
#13301=DIRECTION('center_axis',(-0.707106781186548,0.707106781186548,8.65956056235493E-17));
#13302=DIRECTION('ref_axis',(-0.707106781186547,-0.707106781186547,8.65956056235493E-17));
#13303=DIRECTION('center_axis',(-1.,0.,1.22464679914735E-16));
#13304=DIRECTION('ref_axis',(-8.65956056235493E-17,0.707106781186548,-0.707106781186547));
#13305=DIRECTION('',(-1.,0.,1.22464679914735E-16));
#13306=DIRECTION('center_axis',(-0.70710678118599,-0.707106781187105,8.65956056234811E-17));
#13307=DIRECTION('ref_axis',(0.707106781187105,-0.70710678118599,-8.65956056236176E-17));
#13308=DIRECTION('center_axis',(1.5839181818003E-12,-1.,-1.93974033145304E-28));
#13309=DIRECTION('ref_axis',(-0.707106781186547,-1.11869087681219E-12,-0.707106781186548));
#13310=DIRECTION('',(1.5839181818003E-12,-1.,-1.93974033145304E-28));
#13311=DIRECTION('center_axis',(-0.707106781185167,-0.707106781187928,8.65956056233803E-17));
#13312=DIRECTION('ref_axis',(-0.707106781187928,0.707106781185167,8.65956056237184E-17));
#13313=DIRECTION('center_axis',(-1.,-2.32175390024658E-12,1.22464679914735E-16));
#13314=DIRECTION('ref_axis',(-1.64181452271685E-12,0.707106781186548,-0.707106781186547));
#13315=DIRECTION('',(-1.,-2.32175390024658E-12,1.22464679914735E-16));
#13316=DIRECTION('center_axis',(-0.70710678118782,0.707106781185275,8.65956056237051E-17));
#13317=DIRECTION('ref_axis',(0.707106781185275,0.70710678118782,-8.65956056233935E-17));
#13318=DIRECTION('center_axis',(-1.27823677568334E-12,1.,1.56538857589304E-28));
#13319=DIRECTION('ref_axis',(0.707106781186548,9.0280316374317E-13,-0.707106781186547));
#13320=DIRECTION('',(-1.27823677568334E-12,1.,1.56538857589304E-28));
#13321=DIRECTION('center_axis',(-0.707106781187,0.707106781186095,8.65956056236048E-17));
#13322=DIRECTION('ref_axis',(-0.707106781186095,-0.707106781187,8.65956056234939E-17));
#13323=DIRECTION('center_axis',(-1.,0.,1.22464679914735E-16));
#13324=DIRECTION('ref_axis',(-8.65956056235493E-17,0.707106781186548,-0.707106781186547));
#13325=DIRECTION('',(-1.,0.,1.22464679914735E-16));
#13326=DIRECTION('center_axis',(-0.707106781185801,-0.707106781187294,-8.94712181052865E-16));
#13327=DIRECTION('ref_axis',(0.707106781187294,-0.707106781185801,-1.06790339229789E-15));
#13328=DIRECTION('center_axis',(-6.35787718770611E-13,-1.,7.78615394729627E-29));
#13329=DIRECTION('ref_axis',(-0.707106781186547,4.49438966298231E-13,-0.707106781186548));
#13330=DIRECTION('',(-6.35787718770611E-13,-1.,7.78615394729627E-29));
#13331=DIRECTION('center_axis',(-0.707106781186308,-0.707106781186787,8.65956056235199E-17));
#13332=DIRECTION('ref_axis',(-0.707106781186788,0.707106781186308,8.65956056235787E-17));
#13333=DIRECTION('center_axis',(-1.,-1.31561428418353E-12,1.22464679914735E-16));
#13334=DIRECTION('ref_axis',(-9.3036637737576E-13,0.707106781186548,-0.707106781186547));
#13335=DIRECTION('',(-1.,-1.31561428418353E-12,1.22464679914735E-16));
#13336=DIRECTION('center_axis',(-0.707106781188022,0.707106781185073,8.659560562373E-17));
#13337=DIRECTION('ref_axis',(0.707106781185073,0.707106781188022,-8.65956056233687E-17));
#13338=DIRECTION('center_axis',(-2.85623376802332E-12,1.,3.49787754162634E-28));
#13339=DIRECTION('ref_axis',(0.707106781186548,2.019531424982E-12,-0.707106781186547));
#13340=DIRECTION('',(-2.85623376802332E-12,1.,3.49787754162634E-28));
#13341=DIRECTION('center_axis',(-0.707106781186669,0.707106781186426,8.65956056235642E-17));
#13342=DIRECTION('ref_axis',(-0.707106781186426,-0.707106781186669,8.65956056235344E-17));
#13343=DIRECTION('center_axis',(-1.,0.,1.22464679914735E-16));
#13344=DIRECTION('ref_axis',(-8.65956056235493E-17,0.707106781186548,-0.707106781186547));
#13345=DIRECTION('',(-1.,0.,1.22464679914735E-16));
#13346=DIRECTION('center_axis',(-0.707106781186548,-0.707106781186548,8.65956056235493E-17));
#13347=DIRECTION('ref_axis',(0.707106781186547,-0.707106781186547,-8.65956056235493E-17));
#13348=DIRECTION('center_axis',(0.,-1.,0.));
#13349=DIRECTION('ref_axis',(-0.707106781186548,0.,-0.707106781186547));
#13350=DIRECTION('',(0.,-1.,0.));
#13351=DIRECTION('center_axis',(0.707106781187105,-0.70710678118599,-8.65956056236176E-17));
#13352=DIRECTION('ref_axis',(0.70710678118599,0.707106781187105,-8.65956056234811E-17));
#13353=DIRECTION('center_axis',(1.,1.5809575870684E-12,-1.22464679914735E-16));
#13354=DIRECTION('ref_axis',(1.11664166563321E-12,-0.707106781186548,-0.707106781186547));
#13355=DIRECTION('',(1.,1.5809575870684E-12,-1.22464679914735E-16));
#13356=DIRECTION('center_axis',(0.707106781187595,-0.707106781185501,-8.65956056236776E-17));
#13357=DIRECTION('ref_axis',(-0.707106781185501,-0.707106781187595,8.65956056234211E-17));
#13358=DIRECTION('center_axis',(1.37945210809475E-12,-1.,-1.68934160875531E-28));
#13359=DIRECTION('ref_axis',(-0.707106781186548,-9.75419939957295E-13,-0.707106781186547));
#13360=DIRECTION('',(1.37945210809475E-12,-1.,-1.68934160875531E-28));
#13361=DIRECTION('center_axis',(-0.70710678118603,-0.707106781187065,8.6595605623486E-17));
#13362=DIRECTION('ref_axis',(-0.707106781187065,0.70710678118603,8.65956056236127E-17));
#13363=DIRECTION('center_axis',(-1.,-8.73375446038373E-14,1.22464679914735E-16));
#13364=DIRECTION('ref_axis',(-6.28902939529745E-14,0.707106781186548,-0.707106781186547));
#13365=DIRECTION('',(-1.,-8.73375446038373E-14,1.22464679914735E-16));
#13366=DIRECTION('center_axis',(-0.707106781186516,-0.707106781186579,8.65956056235455E-17));
#13367=DIRECTION('ref_axis',(0.707106781186579,-0.707106781186516,-8.65956056235532E-17));
#13368=DIRECTION('center_axis',(0.,-1.,0.));
#13369=DIRECTION('ref_axis',(-0.707106781186548,0.,-0.707106781186547));
#13370=DIRECTION('',(0.,-1.,0.));
#13371=DIRECTION('center_axis',(0.707106781187983,-0.707106781185112,-8.65956056237251E-17));
#13372=DIRECTION('ref_axis',(0.707106781185112,0.707106781187983,-8.65956056233736E-17));
#13373=DIRECTION('center_axis',(1.,-1.09764049701321E-12,-1.22464679914735E-16));
#13374=DIRECTION('ref_axis',(-7.77282362654092E-13,-0.707106781186548,-0.707106781186547));
#13375=DIRECTION('',(1.,-1.09764049701321E-12,-1.22464679914735E-16));
#13376=DIRECTION('center_axis',(0.707106781185567,-0.707106781187528,-8.65956056234292E-17));
#13377=DIRECTION('ref_axis',(-0.707106781187528,-0.707106781185567,8.65956056236694E-17));
#13378=DIRECTION('center_axis',(-1.67504898840504E-12,-1.,2.05134338206524E-28));
#13379=DIRECTION('ref_axis',(-0.707106781186548,1.18443849851957E-12,-0.707106781186547));
#13380=DIRECTION('',(-1.67504898840504E-12,-1.,2.05134338206524E-28));
#13381=DIRECTION('center_axis',(1.09764049701321E-12,1.,-1.34422192128174E-28));
#13382=DIRECTION('ref_axis',(-1.,1.09764049701321E-12,1.22464679914735E-16));
#13383=DIRECTION('',(1.22464679914735E-16,0.,1.));
#13384=DIRECTION('',(1.22464679914735E-16,0.,1.));
#13385=DIRECTION('center_axis',(1.,0.,-1.22464679914735E-16));
#13386=DIRECTION('ref_axis',(0.,1.,0.));
#13387=DIRECTION('',(1.22464679914735E-16,0.,1.));
#13388=DIRECTION('center_axis',(8.73375446038373E-14,-1.,-1.06957644444479E-29));
#13389=DIRECTION('ref_axis',(1.,8.73375446038373E-14,-1.22464679914735E-16));
#13390=DIRECTION('',(1.22464679914735E-16,0.,1.));
#13391=DIRECTION('center_axis',(1.,1.37945210809475E-12,-1.22464679914735E-16));
#13392=DIRECTION('ref_axis',(-1.37945210809475E-12,1.,1.68934160875531E-28));
#13393=DIRECTION('',(1.22464679914735E-16,0.,1.));
#13394=DIRECTION('center_axis',(-1.5809575870684E-12,1.,1.93611464859104E-28));
#13395=DIRECTION('ref_axis',(-1.,-1.5809575870684E-12,1.22464679914735E-16));
#13396=DIRECTION('',(1.22464679914735E-16,0.,1.));
#13397=DIRECTION('center_axis',(1.,0.,-1.22464679914735E-16));
#13398=DIRECTION('ref_axis',(0.,1.,0.));
#13399=DIRECTION('',(1.22464679914735E-16,0.,1.));
#13400=DIRECTION('center_axis',(0.,-1.,0.));
#13401=DIRECTION('ref_axis',(1.,0.,-1.22464679914735E-16));
#13402=DIRECTION('',(1.22464679914735E-16,0.,1.));
#13403=DIRECTION('center_axis',(-1.,-2.85623376802332E-12,1.22464679914735E-16));
#13404=DIRECTION('ref_axis',(2.85623376802332E-12,-1.,-3.49787754162634E-28));
#13405=DIRECTION('',(1.22464679914735E-16,0.,1.));
#13406=DIRECTION('center_axis',(1.31561428418353E-12,-1.,-1.6111628220379E-28));
#13407=DIRECTION('ref_axis',(1.,1.31561428418353E-12,-1.22464679914735E-16));
#13408=DIRECTION('',(1.22464679914735E-16,0.,1.));
#13409=DIRECTION('center_axis',(1.,-6.35787718770611E-13,-1.22464679914735E-16));
#13410=DIRECTION('ref_axis',(6.35787718770611E-13,1.,-7.78615394729627E-29));
#13411=DIRECTION('',(1.22464679914735E-16,0.,1.));
#13412=DIRECTION('center_axis',(0.,-1.,0.));
#13413=DIRECTION('ref_axis',(1.,0.,-1.22464679914735E-16));
#13414=DIRECTION('',(1.22464679914735E-16,0.,1.));
#13415=DIRECTION('center_axis',(-1.,-1.27823677568334E-12,1.22464679914735E-16));
#13416=DIRECTION('ref_axis',(1.27823677568334E-12,-1.,-1.56538857589304E-28));
#13417=DIRECTION('',(1.22464679914735E-16,0.,1.));
#13418=DIRECTION('center_axis',(2.32175390024658E-12,-1.,-2.84332848234485E-28));
#13419=DIRECTION('ref_axis',(1.,2.32175390024658E-12,-1.22464679914735E-16));
#13420=DIRECTION('',(1.22464679914735E-16,0.,1.));
#13421=DIRECTION('center_axis',(1.,1.5839181818003E-12,-1.22464679914735E-16));
#13422=DIRECTION('ref_axis',(-1.5839181818003E-12,1.,1.93974033145304E-28));
#13423=DIRECTION('',(1.22464679914735E-16,0.,1.));
#13424=DIRECTION('center_axis',(0.,-1.,0.));
#13425=DIRECTION('ref_axis',(1.,0.,-1.22464679914735E-16));
#13426=DIRECTION('',(1.22464679914735E-16,0.,1.));
#13427=DIRECTION('center_axis',(-1.,0.,1.22464679914735E-16));
#13428=DIRECTION('ref_axis',(0.,-1.,0.));
#13429=DIRECTION('',(1.22464679914735E-16,0.,1.));
#13430=DIRECTION('center_axis',(-2.14050999148025E-12,1.,2.62136870960922E-28));
#13431=DIRECTION('ref_axis',(-1.,-2.14050999148025E-12,1.22464679914735E-16));
#13432=DIRECTION('',(1.22464679914735E-16,0.,1.));
#13433=DIRECTION('center_axis',(-1.,1.08107967023095E-12,1.22464679914735E-16));
#13434=DIRECTION('ref_axis',(-1.08107967023095E-12,-1.,1.32394075777161E-28));
#13435=DIRECTION('',(1.22464679914735E-16,0.,1.));
#13436=DIRECTION('center_axis',(1.22464679914735E-16,0.,1.));
#13437=DIRECTION('ref_axis',(0.866025403784438,0.500000000000001,-1.06057523872491E-16));
#13438=DIRECTION('',(-1.22464679914735E-16,0.,-1.));
#13439=DIRECTION('center_axis',(1.22464679914735E-16,0.,1.));
#13440=DIRECTION('ref_axis',(0.866025403784438,0.500000000000001,-1.06057523872491E-16));
#13441=DIRECTION('',(1.22464679914735E-16,0.,1.));
#13442=DIRECTION('center_axis',(1.,3.41860033134856E-16,-1.22464679914735E-16));
#13443=DIRECTION('ref_axis',(-3.41860033134856E-16,1.,4.18657795335009E-32));
#13444=DIRECTION('',(1.22464679914735E-16,0.,1.));
#13445=DIRECTION('',(3.41860033134856E-16,-1.,-4.18657795335009E-32));
#13446=DIRECTION('center_axis',(1.22464679914735E-16,0.,1.));
#13447=DIRECTION('ref_axis',(-1.06831260354642E-16,1.,1.3083056104219E-32));
#13448=DIRECTION('',(-1.22464679914735E-16,0.,-1.));
#13449=DIRECTION('center_axis',(1.22464679914735E-16,0.,1.));
#13450=DIRECTION('ref_axis',(-1.06831260354642E-16,1.,1.3083056104219E-32));
#13451=DIRECTION('',(1.22464679914735E-16,0.,1.));
#13452=DIRECTION('center_axis',(-0.5,0.866025403784439,6.12323399573677E-17));
#13453=DIRECTION('ref_axis',(-0.866025403784439,-0.5,1.06057523872491E-16));
#13454=DIRECTION('',(0.866025403784439,0.5,-1.06057523872491E-16));
#13455=DIRECTION('',(-1.22464679914735E-16,0.,-1.));
#13456=DIRECTION('center_axis',(1.22464679914735E-16,0.,1.));
#13457=DIRECTION('ref_axis',(-0.866025403784439,0.499999999999999,1.06057523872491E-16));
#13458=DIRECTION('center_axis',(1.22464679914735E-16,0.,1.));
#13459=DIRECTION('ref_axis',(-0.866025403784439,0.499999999999999,1.06057523872491E-16));
#13460=DIRECTION('',(1.22464679914735E-16,0.,1.));
#13461=DIRECTION('center_axis',(1.22464679914735E-16,0.,1.));
#13462=DIRECTION('ref_axis',(0.866025403784439,-0.5,-1.06057523872491E-16));
#13463=DIRECTION('',(-1.22464679914735E-16,0.,-1.));
#13464=DIRECTION('center_axis',(1.22464679914735E-16,0.,1.));
#13465=DIRECTION('ref_axis',(0.866025403784439,-0.5,-1.06057523872491E-16));
#13466=DIRECTION('center_axis',(0.5,-0.866025403784438,-6.12323399573677E-17));
#13467=DIRECTION('ref_axis',(0.866025403784438,0.5,-1.06057523872491E-16));
#13468=DIRECTION('',(1.22464679914735E-16,0.,1.));
#13469=DIRECTION('',(-0.866025403784438,-0.5,1.06057523872491E-16));
#13470=DIRECTION('center_axis',(1.22464679914735E-16,0.,1.));
#13471=DIRECTION('ref_axis',(-0.866025403784438,-0.500000000000001,1.06057523872491E-16));
#13472=DIRECTION('',(-1.22464679914735E-16,0.,-1.));
#13473=DIRECTION('center_axis',(1.22464679914735E-16,0.,1.));
#13474=DIRECTION('ref_axis',(-0.866025403784438,-0.500000000000001,1.06057523872491E-16));
#13475=DIRECTION('',(1.22464679914735E-16,0.,1.));
#13476=DIRECTION('center_axis',(-0.5,-0.866025403784439,6.12323399573676E-17));
#13477=DIRECTION('ref_axis',(0.866025403784439,-0.5,-1.06057523872491E-16));
#13478=DIRECTION('',(-0.866025403784439,0.5,1.06057523872491E-16));
#13479=DIRECTION('',(-1.22464679914735E-16,0.,-1.));
#13480=DIRECTION('center_axis',(1.22464679914735E-16,0.,1.));
#13481=DIRECTION('ref_axis',(8.01234452659817E-16,-1.,-9.81229207816427E-32));
#13482=DIRECTION('center_axis',(1.22464679914735E-16,0.,1.));
#13483=DIRECTION('ref_axis',(8.01234452659817E-16,-1.,-9.81229207816427E-32));
#13484=DIRECTION('center_axis',(-1.22464679914735E-16,0.,-1.));
#13485=DIRECTION('ref_axis',(-1.,0.,1.22464679914735E-16));
#13486=DIRECTION('center_axis',(0.,1.,0.));
#13487=DIRECTION('ref_axis',(-1.,0.,1.22464679914735E-16));
#13488=DIRECTION('center_axis',(1.,-1.67504898840504E-12,-1.22464679914735E-16));
#13489=DIRECTION('ref_axis',(1.67504898840504E-12,1.,-2.05134338206524E-28));
#13490=DIRECTION('',(1.22464679914735E-16,0.,1.));
#13491=DIRECTION('center_axis',(9.95499978746695E-12,-1.,-1.2191358625234E-27));
#13492=DIRECTION('ref_axis',(1.,9.95499978746695E-12,-1.22464679914735E-16));
#13493=DIRECTION('',(1.22464679914735E-16,0.,1.));
#13494=DIRECTION('center_axis',(1.,0.,-1.22464679914735E-16));
#13495=DIRECTION('ref_axis',(0.,1.,0.));
#13496=DIRECTION('',(1.22464679914735E-16,0.,1.));
#13497=DIRECTION('center_axis',(0.,1.,0.));
#13498=DIRECTION('ref_axis',(-1.,0.,1.22464679914735E-16));
#13499=DIRECTION('',(1.22464679914735E-16,0.,1.));
#13500=DIRECTION('center_axis',(-1.,-1.29377989803216E-12,1.22464679914735E-16));
#13501=DIRECTION('ref_axis',(1.29377989803216E-12,-1.,-1.58442341092628E-28));
#13502=DIRECTION('',(1.22464679914735E-16,0.,1.));
#13503=DIRECTION('center_axis',(-6.06459327201316E-13,1.,7.42698473870149E-29));
#13504=DIRECTION('ref_axis',(-1.,-6.06459327201316E-13,1.22464679914735E-16));
#13505=DIRECTION('',(1.22464679914735E-16,0.,1.));
#13506=DIRECTION('center_axis',(1.,1.03916875105033E-12,-1.22464679914735E-16));
#13507=DIRECTION('ref_axis',(-1.03916875105033E-12,1.,1.27261468474774E-28));
#13508=DIRECTION('',(1.22464679914735E-16,0.,1.));
#13509=DIRECTION('center_axis',(0.,1.,0.));
#13510=DIRECTION('ref_axis',(-1.,0.,1.22464679914735E-16));
#13511=DIRECTION('',(1.22464679914735E-16,0.,1.));
#13512=DIRECTION('center_axis',(-1.,1.3803772939495E-12,1.22464679914735E-16));
#13513=DIRECTION('ref_axis',(-1.3803772939495E-12,-1.,1.69047463465094E-28));
#13514=DIRECTION('',(1.22464679914735E-16,0.,1.));
#13515=DIRECTION('center_axis',(1.14630527292548E-12,1.,-1.40381908333392E-28));
#13516=DIRECTION('ref_axis',(-1.,1.14630527292548E-12,1.22464679914735E-16));
#13517=DIRECTION('',(1.22464679914735E-16,0.,1.));
#13518=DIRECTION('center_axis',(1.,1.52322598978635E-12,-1.22464679914735E-16));
#13519=DIRECTION('ref_axis',(-1.52322598978635E-12,1.,1.86541383276991E-28));
#13520=DIRECTION('',(1.22464679914735E-16,0.,1.));
#13521=DIRECTION('center_axis',(0.,1.,0.));
#13522=DIRECTION('ref_axis',(-1.,0.,1.22464679914735E-16));
#13523=DIRECTION('',(1.22464679914735E-16,0.,1.));
#13524=DIRECTION('center_axis',(-1.,0.,1.22464679914735E-16));
#13525=DIRECTION('ref_axis',(0.,-1.,0.));
#13526=DIRECTION('',(1.22464679914735E-16,0.,1.));
#13527=DIRECTION('center_axis',(-3.06569584533582E-12,-1.,3.75439460414985E-28));
#13528=DIRECTION('ref_axis',(1.,-3.06569584533582E-12,-1.22464679914735E-16));
#13529=DIRECTION('',(1.22464679914735E-16,0.,1.));
#13530=DIRECTION('center_axis',(-1.,-7.50788320406623E-13,1.22464679914735E-16));
#13531=DIRECTION('ref_axis',(7.50788320406623E-13,-1.,-9.19450513423188E-29));
#13532=DIRECTION('',(1.22464679914735E-16,0.,1.));
#13533=DIRECTION('center_axis',(-2.47209660150011E-12,1.,3.02744519021016E-28));
#13534=DIRECTION('ref_axis',(-1.,-2.47209660150011E-12,1.22464679914735E-16));
#13535=DIRECTION('',(1.22464679914735E-16,0.,1.));
#13536=DIRECTION('center_axis',(-1.,0.,1.22464679914735E-16));
#13537=DIRECTION('ref_axis',(0.,-1.,0.));
#13538=DIRECTION('',(1.22464679914735E-16,0.,1.));
#13539=DIRECTION('center_axis',(-2.04651110872207E-12,-1.,2.50625327871598E-28));
#13540=DIRECTION('ref_axis',(1.,-2.04651110872207E-12,-1.22464679914735E-16));
#13541=DIRECTION('center_axis',(-1.,0.,1.22464679914735E-16));
#13542=DIRECTION('ref_axis',(0.,-1.,0.));
#13543=DIRECTION('center_axis',(0.5,0.866025403784439,-6.12323399573676E-17));
#13544=DIRECTION('ref_axis',(-0.866025403784439,0.5,1.06057523872491E-16));
#13545=DIRECTION('',(0.866025403784439,-0.5,-1.06057523872491E-16));
#13546=DIRECTION('center_axis',(-1.,-6.83720066269711E-16,1.22464679914735E-16));
#13547=DIRECTION('ref_axis',(6.83720066269711E-16,-1.,-8.37315590670018E-32));
#13548=DIRECTION('',(-6.83720066269711E-16,1.,8.37315590670018E-32));
#13549=DIRECTION('center_axis',(-1.22464679914735E-16,0.,-1.));
#13550=DIRECTION('ref_axis',(-1.,0.,1.22464679914735E-16));
#13551=DIRECTION('center_axis',(0.707106781186547,-4.53246651836839E-16,
0.707106781186548));
#13552=DIRECTION('ref_axis',(0.707106781186548,0.,-0.707106781186547));
#13553=DIRECTION('',(-6.40987562127855E-16,-1.,0.));
#13554=DIRECTION('',(0.654653670707979,0.377964473009224,-0.654653670707977));
#13555=DIRECTION('',(6.40987562127855E-16,1.,0.));
#13556=DIRECTION('',(0.654653670707977,-0.377964473009228,-0.654653670707977));
#13557=DIRECTION('center_axis',(0.353553390593275,0.612372435695796,0.707106781186546));
#13558=DIRECTION('ref_axis',(0.894427190999915,0.,-0.44721359549996));
#13559=DIRECTION('',(0.866025403784438,-0.500000000000001,0.));
#13560=DIRECTION('',(6.17328247502453E-16,0.755928946018455,-0.654653670707977));
#13561=DIRECTION('',(-0.866025403784438,0.500000000000001,0.));
#13562=DIRECTION('center_axis',(-0.353553390593273,0.612372435695794,0.707106781186548));
#13563=DIRECTION('ref_axis',(0.894427190999916,0.,0.447213595499957));
#13564=DIRECTION('',(0.866025403784439,0.499999999999999,0.));
#13565=DIRECTION('',(-0.654653670707978,0.377964473009227,-0.654653670707976));
#13566=DIRECTION('',(-0.866025403784439,-0.499999999999999,0.));
#13567=DIRECTION('center_axis',(-0.707106781186547,-1.81298660734736E-16,
0.707106781186548));
#13568=DIRECTION('ref_axis',(0.707106781186548,0.,0.707106781186547));
#13569=DIRECTION('',(-2.56395024851142E-16,1.,0.));
#13570=DIRECTION('',(-0.654653670707978,-0.377964473009227,-0.654653670707976));
#13571=DIRECTION('',(2.56395024851142E-16,-1.,0.));
#13572=DIRECTION('center_axis',(-0.353553390593274,-0.612372435695794,0.707106781186548));
#13573=DIRECTION('ref_axis',(0.894427190999916,0.,0.447213595499958));
#13574=DIRECTION('',(0.866025403784438,-0.5,0.));
#13575=DIRECTION('',(-0.866025403784438,0.5,0.));
#13576=DIRECTION('',(1.33015750725025E-15,-0.755928946018455,-0.654653670707977));
#13577=DIRECTION('center_axis',(0.353553390593273,-0.612372435695793,0.707106781186549));
#13578=DIRECTION('ref_axis',(0.894427190999917,0.,-0.447213595499956));
#13579=DIRECTION('',(0.866025403784439,0.5,0.));
#13580=DIRECTION('',(-0.866025403784439,-0.5,0.));
#13581=DIRECTION('center_axis',(-0.5,-0.866025403784439,0.));
#13582=DIRECTION('ref_axis',(0.866025403784438,-0.5,0.));
#13583=DIRECTION('',(0.,0.,1.));
#13584=DIRECTION('',(0.866025403784439,-0.5,0.));
#13585=DIRECTION('',(0.,0.,1.));
#13586=DIRECTION('center_axis',(0.5,-0.866025403784439,0.));
#13587=DIRECTION('ref_axis',(0.866025403784439,0.5,0.));
#13588=DIRECTION('',(0.,0.,1.));
#13589=DIRECTION('',(0.866025403784439,0.5,0.));
#13590=DIRECTION('center_axis',(1.,-6.40987562127855E-16,0.));
#13591=DIRECTION('ref_axis',(6.40987562127855E-16,1.,0.));
#13592=DIRECTION('',(0.,0.,1.));
#13593=DIRECTION('',(6.40987562127855E-16,1.,0.));
#13594=DIRECTION('center_axis',(0.,0.,1.));
#13595=DIRECTION('ref_axis',(1.,0.,0.));
#13596=DIRECTION('center_axis',(0.,0.,-1.));
#13597=DIRECTION('ref_axis',(0.866025403784439,0.5,0.));
#13598=DIRECTION('',(0.866025403784439,-0.5,0.));
#13599=DIRECTION('center_axis',(0.,0.,-1.));
#13600=DIRECTION('ref_axis',(1.06831260354643E-16,1.,0.));
#13601=DIRECTION('',(0.866025403784439,0.5,0.));
#13602=DIRECTION('center_axis',(0.,0.,-1.));
#13603=DIRECTION('ref_axis',(-0.866025403784439,0.5,0.));
#13604=DIRECTION('',(3.41860033134856E-16,1.,0.));
#13605=DIRECTION('center_axis',(0.,0.,-1.));
#13606=DIRECTION('ref_axis',(-0.866025403784439,-0.5,0.));
#13607=DIRECTION('',(-0.866025403784438,0.5,0.));
#13608=DIRECTION('center_axis',(0.,0.,-1.));
#13609=DIRECTION('ref_axis',(-3.73909411241249E-16,-1.,0.));
#13610=DIRECTION('',(-0.866025403784439,-0.5,0.));
#13611=DIRECTION('center_axis',(0.,0.,-1.));
#13612=DIRECTION('ref_axis',(0.866025403784438,-0.500000000000001,0.));
#13613=DIRECTION('',(-6.83720066269711E-16,-1.,0.));
#13614=DIRECTION('center_axis',(0.,0.,-1.));
#13615=DIRECTION('ref_axis',(0.866025403784439,0.5,0.));
#13616=DIRECTION('',(0.707106781186548,0.,-0.707106781186547));
#13617=DIRECTION('center_axis',(0.,0.,1.));
#13618=DIRECTION('ref_axis',(0.866025403784439,0.5,0.));
#13619=DIRECTION('',(-0.353553390593275,-0.612372435695793,0.707106781186549));
#13620=DIRECTION('center_axis',(0.707106781186547,-4.83463095292628E-16,
0.707106781186548));
#13621=DIRECTION('ref_axis',(0.707106781186548,0.,-0.707106781186547));
#13622=DIRECTION('',(0.707106781186548,0.,-0.707106781186547));
#13623=DIRECTION('',(6.83720066269711E-16,1.,0.));
#13624=DIRECTION('center_axis',(0.,0.,-1.));
#13625=DIRECTION('ref_axis',(0.866025403784438,-0.500000000000001,0.));
#13626=DIRECTION('',(0.353553390593274,-0.612372435695795,-0.707106781186547));
#13627=DIRECTION('center_axis',(0.,0.,1.));
#13628=DIRECTION('ref_axis',(0.866025403784438,-0.500000000000001,0.));
#13629=DIRECTION('center_axis',(0.353553390593273,-0.612372435695794,0.707106781186549));
#13630=DIRECTION('ref_axis',(0.894427190999917,0.,-0.447213595499956));
#13631=DIRECTION('',(0.353553390593273,-0.612372435695796,-0.707106781186546));
#13632=DIRECTION('',(0.866025403784439,0.5,0.));
#13633=DIRECTION('center_axis',(0.,0.,-1.));
#13634=DIRECTION('ref_axis',(-3.73909411241249E-16,-1.,0.));
#13635=DIRECTION('',(-0.353553390593274,-0.612372435695794,-0.707106781186548));
#13636=DIRECTION('center_axis',(0.,0.,1.));
#13637=DIRECTION('ref_axis',(-3.73909411241249E-16,-1.,0.));
#13638=DIRECTION('center_axis',(-0.353553390593274,-0.612372435695795,0.707106781186547));
#13639=DIRECTION('ref_axis',(0.894427190999916,0.,0.447213595499959));
#13640=DIRECTION('',(-0.353553390593274,-0.612372435695794,-0.707106781186548));
#13641=DIRECTION('',(0.866025403784438,-0.5,0.));
#13642=DIRECTION('center_axis',(0.,0.,-1.));
#13643=DIRECTION('ref_axis',(-0.866025403784439,-0.5,0.));
#13644=DIRECTION('',(-0.707106781186546,0.,-0.707106781186549));
#13645=DIRECTION('center_axis',(0.,0.,1.));
#13646=DIRECTION('ref_axis',(-0.866025403784439,-0.5,0.));
#13647=DIRECTION('center_axis',(-0.707106781186547,2.41731547646314E-16,
0.707106781186548));
#13648=DIRECTION('ref_axis',(0.707106781186548,0.,0.707106781186547));
#13649=DIRECTION('',(-0.707106781186548,0.,-0.707106781186547));
#13650=DIRECTION('',(-3.41860033134856E-16,-1.,0.));
#13651=DIRECTION('center_axis',(0.,0.,-1.));
#13652=DIRECTION('ref_axis',(-0.866025403784439,0.5,0.));
#13653=DIRECTION('',(-0.353553390593271,0.612372435695793,-0.70710678118655));
#13654=DIRECTION('center_axis',(0.,0.,1.));
#13655=DIRECTION('ref_axis',(-0.866025403784439,0.5,0.));
#13656=DIRECTION('center_axis',(-0.353553390593274,0.612372435695795,0.707106781186547));
#13657=DIRECTION('ref_axis',(0.894427190999916,0.,0.447213595499958));
#13658=DIRECTION('',(-0.353553390593273,0.612372435695794,-0.707106781186548));
#13659=DIRECTION('',(-0.866025403784439,-0.5,0.));
#13660=DIRECTION('center_axis',(0.,0.,-1.));
#13661=DIRECTION('ref_axis',(1.06831260354643E-16,1.,0.));
#13662=DIRECTION('',(0.353553390593273,0.612372435695792,-0.70710678118655));
#13663=DIRECTION('center_axis',(0.,0.,1.));
#13664=DIRECTION('ref_axis',(1.06831260354643E-16,1.,0.));
#13665=DIRECTION('center_axis',(0.353553390593274,0.612372435695794,0.707106781186548));
#13666=DIRECTION('ref_axis',(0.894427190999916,0.,-0.447213595499958));
#13667=DIRECTION('',(-0.866025403784439,0.5,0.));
#13668=DIRECTION('center_axis',(-1.,3.41860033134856E-16,0.));
#13669=DIRECTION('ref_axis',(-3.41860033134856E-16,-1.,0.));
#13670=DIRECTION('',(0.,0.,1.));
#13671=DIRECTION('',(-3.41860033134856E-16,-1.,0.));
#13672=DIRECTION('',(0.,0.,-1.));
#13673=DIRECTION('center_axis',(0.,0.,1.));
#13674=DIRECTION('ref_axis',(-0.866025403784439,0.5,0.));
#13675=DIRECTION('',(0.,0.,-1.));
#13676=DIRECTION('center_axis',(0.,0.,1.));
#13677=DIRECTION('ref_axis',(-0.866025403784439,0.5,0.));
#13678=DIRECTION('center_axis',(-0.5,0.866025403784439,0.));
#13679=DIRECTION('ref_axis',(-0.866025403784439,-0.5,0.));
#13680=DIRECTION('',(0.,0.,1.));
#13681=DIRECTION('',(-0.866025403784439,-0.5,0.));
#13682=DIRECTION('center_axis',(0.,0.,1.));
#13683=DIRECTION('ref_axis',(1.06831260354643E-16,1.,0.));
#13684=DIRECTION('',(0.,0.,-1.));
#13685=DIRECTION('center_axis',(0.,0.,1.));
#13686=DIRECTION('ref_axis',(1.06831260354643E-16,1.,0.));
#13687=DIRECTION('center_axis',(0.5,0.866025403784439,0.));
#13688=DIRECTION('ref_axis',(-0.866025403784439,0.5,0.));
#13689=DIRECTION('',(0.,0.,1.));
#13690=DIRECTION('',(-0.866025403784439,0.5,0.));
#13691=DIRECTION('center_axis',(0.,0.,1.));
#13692=DIRECTION('ref_axis',(0.866025403784439,0.5,0.));
#13693=DIRECTION('',(0.,0.,-1.));
#13694=DIRECTION('center_axis',(0.,0.,1.));
#13695=DIRECTION('ref_axis',(0.866025403784439,0.5,0.));
#13696=DIRECTION('center_axis',(0.,0.,1.));
#13697=DIRECTION('ref_axis',(1.,0.,0.));
#13698=DIRECTION('',(6.83720066269711E-16,1.,0.));
#13699=DIRECTION('center_axis',(0.,0.,1.));
#13700=DIRECTION('ref_axis',(0.866025403784438,-0.500000000000001,0.));
#13701=DIRECTION('',(0.866025403784439,0.5,0.));
#13702=DIRECTION('center_axis',(0.,0.,1.));
#13703=DIRECTION('ref_axis',(-3.73909411241249E-16,-1.,0.));
#13704=DIRECTION('',(0.866025403784438,-0.5,0.));
#13705=DIRECTION('center_axis',(0.,0.,1.));
#13706=DIRECTION('ref_axis',(-0.866025403784439,-0.5,0.));
#13707=DIRECTION('',(2.56395024851142E-16,-1.,0.));
#13708=DIRECTION('',(-0.866025403784438,0.500000000000001,0.));
#13709=DIRECTION('',(-0.866025403784439,-0.499999999999999,0.));
#13710=DIRECTION('center_axis',(1.,-6.83720066269711E-16,0.));
#13711=DIRECTION('ref_axis',(6.83720066269711E-16,1.,0.));
#13712=DIRECTION('',(0.,0.,1.));
#13713=DIRECTION('center_axis',(0.,0.,1.));
#13714=DIRECTION('ref_axis',(0.866025403784438,-0.500000000000001,0.));
#13715=DIRECTION('',(0.,0.,-1.));
#13716=DIRECTION('center_axis',(0.,0.,1.));
#13717=DIRECTION('ref_axis',(-3.73909411241249E-16,-1.,0.));
#13718=DIRECTION('',(0.,0.,-1.));
#13719=DIRECTION('',(0.,0.,1.));
#13720=DIRECTION('center_axis',(-0.5,-0.866025403784438,0.));
#13721=DIRECTION('ref_axis',(0.866025403784438,-0.5,0.));
#13722=DIRECTION('',(0.,0.,1.));
#13723=DIRECTION('center_axis',(0.,0.,1.));
#13724=DIRECTION('ref_axis',(-0.866025403784439,-0.5,0.));
#13725=DIRECTION('center_axis',(0.500000000000001,0.866025403784438,0.));
#13726=DIRECTION('ref_axis',(-0.866025403784438,0.500000000000001,0.));
#13727=DIRECTION('',(0.,0.,1.));
#13728=DIRECTION('center_axis',(-0.5,0.866025403784439,0.));
#13729=DIRECTION('ref_axis',(-0.866025403784439,-0.499999999999999,0.));
#13730=DIRECTION('',(0.,0.,1.));
#13731=DIRECTION('center_axis',(-1.,-2.56395024851142E-16,0.));
#13732=DIRECTION('ref_axis',(2.56395024851142E-16,-1.,0.));
#13733=DIRECTION('center_axis',(0.5,-0.866025403784439,0.));
#13734=DIRECTION('ref_axis',(0.866025403784439,0.5,0.));
#13735=DIRECTION('center_axis',(0.707106781186547,-3.62597321469471E-16,
0.707106781186548));
#13736=DIRECTION('ref_axis',(0.707106781186548,0.,-0.707106781186547));
#13737=DIRECTION('',(-5.12790049702283E-16,-1.,0.));
#13738=DIRECTION('',(0.654653670707977,0.377964473009228,-0.654653670707977));
#13739=DIRECTION('',(5.12790049702283E-16,1.,0.));
#13740=DIRECTION('',(0.654653670707978,-0.377964473009227,-0.654653670707977));
#13741=DIRECTION('center_axis',(0.353553390593274,0.612372435695794,0.707106781186548));
#13742=DIRECTION('ref_axis',(0.894427190999916,0.,-0.447213595499958));
#13743=DIRECTION('',(0.866025403784438,-0.5,0.));
#13744=DIRECTION('',(0.,0.755928946018455,-0.654653670707976));
#13745=DIRECTION('',(-0.866025403784438,0.5,0.));
#13746=DIRECTION('center_axis',(-0.353553390593273,0.612372435695794,0.707106781186548));
#13747=DIRECTION('ref_axis',(0.894427190999916,0.,0.447213595499957));
#13748=DIRECTION('',(0.866025403784439,0.499999999999999,0.));
#13749=DIRECTION('',(-0.654653670707977,0.377964473009228,-0.654653670707977));
#13750=DIRECTION('',(-0.866025403784439,-0.499999999999999,0.));
#13751=DIRECTION('center_axis',(-0.707106781186547,3.62597321469471E-16,
0.707106781186548));
#13752=DIRECTION('ref_axis',(0.707106781186548,0.,0.707106781186547));
#13753=DIRECTION('',(5.12790049702283E-16,1.,0.));
#13754=DIRECTION('',(-0.654653670707978,-0.377964473009227,-0.654653670707977));
#13755=DIRECTION('',(-5.12790049702283E-16,-1.,0.));
#13756=DIRECTION('center_axis',(-0.353553390593274,-0.612372435695795,0.707106781186547));
#13757=DIRECTION('ref_axis',(0.894427190999916,0.,0.447213595499958));
#13758=DIRECTION('',(0.866025403784438,-0.5,0.));
#13759=DIRECTION('',(-0.866025403784438,0.5,0.));
#13760=DIRECTION('',(0.,-0.755928946018455,-0.654653670707977));
#13761=DIRECTION('center_axis',(0.353553390593273,-0.612372435695794,0.707106781186548));
#13762=DIRECTION('ref_axis',(0.894427190999916,0.,-0.447213595499957));
#13763=DIRECTION('',(0.866025403784439,0.5,0.));
#13764=DIRECTION('',(-0.866025403784439,-0.5,0.));
#13765=DIRECTION('center_axis',(-0.5,-0.866025403784438,0.));
#13766=DIRECTION('ref_axis',(0.866025403784438,-0.5,0.));
#13767=DIRECTION('',(0.,0.,1.));
#13768=DIRECTION('',(0.866025403784438,-0.5,0.));
#13769=DIRECTION('',(0.,0.,1.));
#13770=DIRECTION('center_axis',(0.5,-0.866025403784439,0.));
#13771=DIRECTION('ref_axis',(0.866025403784439,0.5,0.));
#13772=DIRECTION('',(0.,0.,1.));
#13773=DIRECTION('',(0.866025403784439,0.5,0.));
#13774=DIRECTION('center_axis',(1.,-5.12790049702283E-16,0.));
#13775=DIRECTION('ref_axis',(5.12790049702283E-16,1.,0.));
#13776=DIRECTION('',(0.,0.,1.));
#13777=DIRECTION('',(5.12790049702283E-16,1.,0.));
#13778=DIRECTION('center_axis',(0.,0.,1.));
#13779=DIRECTION('ref_axis',(1.,0.,0.));
#13780=DIRECTION('',(3.41860033134856E-16,1.,0.));
#13781=DIRECTION('',(-0.866025403784438,0.5,0.));
#13782=DIRECTION('center_axis',(0.,0.,-1.));
#13783=DIRECTION('ref_axis',(0.,-1.,0.));
#13784=DIRECTION('',(-0.866025403784439,-0.5,0.));
#13785=DIRECTION('center_axis',(0.,0.,-1.));
#13786=DIRECTION('ref_axis',(0.866025403784438,-0.500000000000001,0.));
#13787=DIRECTION('',(-6.83720066269712E-16,-1.,0.));
#13788=DIRECTION('center_axis',(0.,0.,-1.));
#13789=DIRECTION('ref_axis',(0.86602540378444,0.499999999999997,0.));
#13790=DIRECTION('',(0.866025403784438,-0.5,0.));
#13791=DIRECTION('center_axis',(0.,0.,-1.));
#13792=DIRECTION('ref_axis',(0.,1.,0.));
#13793=DIRECTION('',(0.866025403784439,0.5,0.));
#13794=DIRECTION('center_axis',(-0.707106781186547,2.41731547646314E-16,
0.707106781186548));
#13795=DIRECTION('ref_axis',(0.707106781186548,0.,0.707106781186547));
#13796=DIRECTION('',(-0.654653670707979,0.377964473009223,-0.654653670707978));
#13797=DIRECTION('',(-3.41860033134856E-16,-1.,0.));
#13798=DIRECTION('',(-0.654653670707981,-0.377964473009223,-0.654653670707976));
#13799=DIRECTION('center_axis',(-0.353553390593275,-0.612372435695795,0.707106781186546));
#13800=DIRECTION('ref_axis',(0.894427190999915,0.,0.447213595499959));
#13801=DIRECTION('',(0.866025403784438,-0.5,0.));
#13802=DIRECTION('',(0.353553390593274,0.612372435695794,0.707106781186548));
#13803=DIRECTION('center_axis',(0.,0.,-1.));
#13804=DIRECTION('ref_axis',(0.,-1.,0.));
#13805=DIRECTION('center_axis',(0.,0.,1.));
#13806=DIRECTION('ref_axis',(0.,-1.,0.));
#13807=DIRECTION('',(-0.353553390593274,0.612372435695794,0.707106781186548));
#13808=DIRECTION('center_axis',(0.353553390593273,-0.612372435695793,0.707106781186549));
#13809=DIRECTION('ref_axis',(0.894427190999917,0.,-0.447213595499956));
#13810=DIRECTION('',(-0.35355339059328,0.612372435695796,0.707106781186543));
#13811=DIRECTION('',(0.866025403784439,0.5,0.));
#13812=DIRECTION('center_axis',(0.,0.,-1.));
#13813=DIRECTION('ref_axis',(0.866025403784438,-0.500000000000001,0.));
#13814=DIRECTION('center_axis',(0.,0.,1.));
#13815=DIRECTION('ref_axis',(0.866025403784438,-0.500000000000001,0.));
#13816=DIRECTION('',(-0.707106781186548,1.96261557335472E-15,0.707106781186547));
#13817=DIRECTION('center_axis',(0.707106781186547,-4.83463095292629E-16,
0.707106781186548));
#13818=DIRECTION('ref_axis',(0.707106781186548,0.,-0.707106781186547));
#13819=DIRECTION('',(-0.707106781186548,1.96261557335472E-15,0.707106781186547));
#13820=DIRECTION('',(6.83720066269712E-16,1.,0.));
#13821=DIRECTION('center_axis',(0.,0.,-1.));
#13822=DIRECTION('ref_axis',(0.86602540378444,0.499999999999997,0.));
#13823=DIRECTION('center_axis',(0.,0.,1.));
#13824=DIRECTION('ref_axis',(0.86602540378444,0.499999999999997,0.));
#13825=DIRECTION('',(-0.35355339059328,-0.612372435695795,0.707106781186544));
#13826=DIRECTION('center_axis',(0.353553390593273,0.612372435695793,0.70710678118655));
#13827=DIRECTION('ref_axis',(0.894427190999917,0.,-0.447213595499956));
#13828=DIRECTION('',(-0.35355339059328,-0.612372435695795,0.707106781186544));
#13829=DIRECTION('',(-0.866025403784438,0.5,0.));
#13830=DIRECTION('center_axis',(0.,0.,-1.));
#13831=DIRECTION('ref_axis',(0.,1.,0.));
#13832=DIRECTION('center_axis',(0.,0.,1.));
#13833=DIRECTION('ref_axis',(0.,1.,0.));
#13834=DIRECTION('',(0.353553390593274,-0.612372435695794,0.707106781186548));
#13835=DIRECTION('center_axis',(-0.353553390593274,0.612372435695795,0.707106781186547));
#13836=DIRECTION('ref_axis',(0.894427190999916,0.,0.447213595499958));
#13837=DIRECTION('',(-0.866025403784439,-0.5,0.));
#13838=DIRECTION('center_axis',(0.,0.,1.));
#13839=DIRECTION('ref_axis',(0.866025403784438,-0.500000000000001,0.));
#13840=DIRECTION('',(0.,0.,-1.));
#13841=DIRECTION('center_axis',(2.31296463463575E-17,1.33539075443304E-17,
-1.));
#13842=DIRECTION('ref_axis',(0.500000000000001,-0.866025403784438,0.));
#13843=DIRECTION('',(0.,0.,1.));
#13844=DIRECTION('center_axis',(0.5,-0.866025403784439,0.));
#13845=DIRECTION('ref_axis',(0.866025403784439,0.5,0.));
#13846=DIRECTION('',(0.,0.,1.));
#13847=DIRECTION('',(-0.866025403784439,-0.5,0.));
#13848=DIRECTION('center_axis',(0.,0.,1.));
#13849=DIRECTION('ref_axis',(0.,-1.,0.));
#13850=DIRECTION('',(0.,0.,-1.));
#13851=DIRECTION('center_axis',(-2.31296463463574E-17,1.33539075443303E-17,
-1.));
#13852=DIRECTION('ref_axis',(-0.500000000000001,-0.866025403784438,0.));
#13853=DIRECTION('center_axis',(-0.5,-0.866025403784438,0.));
#13854=DIRECTION('ref_axis',(0.866025403784438,-0.5,0.));
#13855=DIRECTION('',(0.,0.,1.));
#13856=DIRECTION('',(0.,0.,1.));
#13857=DIRECTION('',(-0.866025403784438,0.5,0.));
#13858=DIRECTION('center_axis',(-1.,3.41860033134856E-16,0.));
#13859=DIRECTION('ref_axis',(-3.41860033134856E-16,-1.,0.));
#13860=DIRECTION('',(0.,0.,1.));
#13861=DIRECTION('',(3.41860033134856E-16,1.,0.));
#13862=DIRECTION('center_axis',(0.707106781186547,-4.83463095292628E-16,
0.707106781186548));
#13863=DIRECTION('ref_axis',(0.707106781186548,0.,-0.707106781186547));
#13864=DIRECTION('',(-6.83720066269711E-16,-1.,0.));
#13865=DIRECTION('',(0.654653670707977,-0.377964473009228,-0.654653670707977));
#13866=DIRECTION('',(6.83720066269711E-16,1.,0.));
#13867=DIRECTION('',(0.654653670707978,0.377964473009227,-0.654653670707977));
#13868=DIRECTION('center_axis',(0.353553390593274,0.612372435695794,0.707106781186548));
#13869=DIRECTION('ref_axis',(0.894427190999916,0.,-0.447213595499958));
#13870=DIRECTION('',(-0.866025403784439,0.5,0.));
#13871=DIRECTION('',(-0.353553390593273,-0.612372435695794,0.707106781186548));
#13872=DIRECTION('',(0.866025403784439,-0.5,0.));
#13873=DIRECTION('center_axis',(0.,0.,-1.));
#13874=DIRECTION('ref_axis',(1.06831260354643E-16,1.,0.));
#13875=DIRECTION('center_axis',(0.,0.,1.));
#13876=DIRECTION('ref_axis',(1.06831260354643E-16,1.,0.));
#13877=DIRECTION('',(0.353553390593273,-0.612372435695794,0.707106781186548));
#13878=DIRECTION('center_axis',(0.,0.,-1.));
#13879=DIRECTION('ref_axis',(1.06831260354643E-16,1.,0.));
#13880=DIRECTION('center_axis',(-0.353553390593274,0.612372435695795,0.707106781186547));
#13881=DIRECTION('ref_axis',(0.894427190999916,0.,0.447213595499958));
#13882=DIRECTION('',(0.353553390593274,-0.612372435695794,0.707106781186548));
#13883=DIRECTION('',(0.866025403784439,0.5,0.));
#13884=DIRECTION('',(-0.866025403784439,-0.5,0.));
#13885=DIRECTION('center_axis',(0.,0.,-1.));
#13886=DIRECTION('ref_axis',(-0.866025403784439,0.5,0.));
#13887=DIRECTION('center_axis',(0.,0.,1.));
#13888=DIRECTION('ref_axis',(-0.866025403784439,0.5,0.));
#13889=DIRECTION('',(0.707106781186546,0.,0.707106781186549));
#13890=DIRECTION('center_axis',(0.,0.,-1.));
#13891=DIRECTION('ref_axis',(-0.866025403784439,0.5,0.));
#13892=DIRECTION('center_axis',(-0.707106781186547,2.41731547646314E-16,
0.707106781186548));
#13893=DIRECTION('ref_axis',(0.707106781186548,0.,0.707106781186547));
#13894=DIRECTION('',(0.70710678118655,0.,0.707106781186545));
#13895=DIRECTION('',(3.41860033134856E-16,1.,0.));
#13896=DIRECTION('',(-3.41860033134856E-16,-1.,0.));
#13897=DIRECTION('center_axis',(0.,0.,-1.));
#13898=DIRECTION('ref_axis',(-0.866025403784439,-0.5,0.));
#13899=DIRECTION('center_axis',(0.,0.,1.));
#13900=DIRECTION('ref_axis',(-0.866025403784439,-0.5,0.));
#13901=DIRECTION('',(0.353553390593274,0.612372435695795,0.707106781186547));
#13902=DIRECTION('center_axis',(0.,0.,-1.));
#13903=DIRECTION('ref_axis',(-0.866025403784439,-0.5,0.));
#13904=DIRECTION('center_axis',(-0.353553390593274,-0.612372435695795,0.707106781186547));
#13905=DIRECTION('ref_axis',(0.894427190999916,0.,0.447213595499959));
#13906=DIRECTION('',(0.353553390593277,0.612372435695793,0.707106781186547));
#13907=DIRECTION('',(-0.866025403784438,0.5,0.));
#13908=DIRECTION('',(0.866025403784438,-0.5,0.));
#13909=DIRECTION('center_axis',(0.,0.,-1.));
#13910=DIRECTION('ref_axis',(-3.73909411241249E-16,-1.,0.));
#13911=DIRECTION('center_axis',(0.,0.,1.));
#13912=DIRECTION('ref_axis',(-3.73909411241249E-16,-1.,0.));
#13913=DIRECTION('',(-0.353553390593274,0.612372435695794,0.707106781186548));
#13914=DIRECTION('center_axis',(0.,0.,-1.));
#13915=DIRECTION('ref_axis',(-3.73909411241249E-16,-1.,0.));
#13916=DIRECTION('center_axis',(0.353553390593273,-0.612372435695794,0.707106781186549));
#13917=DIRECTION('ref_axis',(0.894427190999917,0.,-0.447213595499956));
#13918=DIRECTION('',(-0.866025403784439,-0.5,0.));
#13919=DIRECTION('',(0.866025403784439,0.5,0.));
#13920=DIRECTION('center_axis',(0.,0.,1.));
#13921=DIRECTION('ref_axis',(-0.866025403784439,0.5,0.));
#13922=DIRECTION('',(0.,0.,-1.));
#13923=DIRECTION('center_axis',(0.,0.,1.));
#13924=DIRECTION('ref_axis',(-0.866025403784439,0.5,0.));
#13925=DIRECTION('',(0.,0.,1.));
#13926=DIRECTION('center_axis',(-0.5,0.866025403784439,0.));
#13927=DIRECTION('ref_axis',(-0.866025403784439,-0.5,0.));
#13928=DIRECTION('',(0.,0.,1.));
#13929=DIRECTION('',(-0.866025403784439,-0.5,0.));
#13930=DIRECTION('center_axis',(0.,0.,1.));
#13931=DIRECTION('ref_axis',(1.06831260354643E-16,1.,0.));
#13932=DIRECTION('',(0.,0.,-1.));
#13933=DIRECTION('center_axis',(0.,0.,1.));
#13934=DIRECTION('ref_axis',(1.06831260354643E-16,1.,0.));
#13935=DIRECTION('center_axis',(0.5,0.866025403784439,0.));
#13936=DIRECTION('ref_axis',(-0.866025403784439,0.5,0.));
#13937=DIRECTION('',(0.,0.,1.));
#13938=DIRECTION('',(0.,0.,1.));
#13939=DIRECTION('center_axis',(-0.5,-0.866025403784439,0.));
#13940=DIRECTION('ref_axis',(-0.866025403784439,0.5,0.));
#13941=DIRECTION('',(-0.866025403784439,0.5,0.));
#13942=DIRECTION('center_axis',(1.,-6.83720066269711E-16,0.));
#13943=DIRECTION('ref_axis',(6.83720066269711E-16,1.,0.));
#13944=DIRECTION('',(0.,0.,1.));
#13945=DIRECTION('',(-6.83720066269711E-16,-1.,0.));
#13946=DIRECTION('center_axis',(0.,0.,1.));
#13947=DIRECTION('ref_axis',(1.,0.,0.));
#13948=DIRECTION('',(-6.40987562127855E-16,-1.,0.));
#13949=DIRECTION('',(-0.866025403784439,-0.5,0.));
#13950=DIRECTION('',(-0.866025403784438,0.5,0.));
#13951=DIRECTION('',(-2.56395024851142E-16,1.,0.));
#13952=DIRECTION('',(0.866025403784439,0.499999999999999,0.));
#13953=DIRECTION('',(0.866025403784438,-0.500000000000001,0.));
#13954=DIRECTION('center_axis',(0.707106781186547,-4.53246651836839E-16,
0.707106781186548));
#13955=DIRECTION('ref_axis',(0.707106781186548,0.,-0.707106781186547));
#13956=DIRECTION('',(0.654653670707979,0.377964473009224,-0.654653670707977));
#13957=DIRECTION('',(6.40987562127855E-16,1.,0.));
#13958=DIRECTION('',(0.654653670707977,-0.377964473009228,-0.654653670707977));
#13959=DIRECTION('center_axis',(0.353553390593275,0.612372435695796,0.707106781186546));
#13960=DIRECTION('ref_axis',(0.894427190999915,0.,-0.44721359549996));
#13961=DIRECTION('',(6.17328247502453E-16,0.755928946018455,-0.654653670707977));
#13962=DIRECTION('',(-0.866025403784438,0.500000000000001,0.));
#13963=DIRECTION('center_axis',(-0.353553390593273,0.612372435695794,0.707106781186548));
#13964=DIRECTION('ref_axis',(0.894427190999916,0.,0.447213595499957));
#13965=DIRECTION('',(-0.654653670707978,0.377964473009227,-0.654653670707976));
#13966=DIRECTION('',(-0.866025403784439,-0.499999999999999,0.));
#13967=DIRECTION('center_axis',(-0.707106781186547,-1.81298660734736E-16,
0.707106781186548));
#13968=DIRECTION('ref_axis',(0.707106781186548,0.,0.707106781186547));
#13969=DIRECTION('',(-0.654653670707978,-0.377964473009227,-0.654653670707976));
#13970=DIRECTION('',(2.56395024851142E-16,-1.,0.));
#13971=DIRECTION('center_axis',(-0.353553390593274,-0.612372435695794,0.707106781186548));
#13972=DIRECTION('ref_axis',(0.894427190999916,0.,0.447213595499958));
#13973=DIRECTION('',(0.866025403784438,-0.5,0.));
#13974=DIRECTION('',(1.33015750725025E-15,-0.755928946018455,-0.654653670707977));
#13975=DIRECTION('center_axis',(0.353553390593273,-0.612372435695793,0.707106781186549));
#13976=DIRECTION('ref_axis',(0.894427190999917,0.,-0.447213595499956));
#13977=DIRECTION('',(0.866025403784439,0.5,0.));
#13978=DIRECTION('center_axis',(-0.5,-0.866025403784439,0.));
#13979=DIRECTION('ref_axis',(0.866025403784438,-0.5,0.));
#13980=DIRECTION('',(0.,0.,1.));
#13981=DIRECTION('',(0.866025403784439,-0.5,0.));
#13982=DIRECTION('',(0.,0.,1.));
#13983=DIRECTION('center_axis',(0.5,-0.866025403784439,0.));
#13984=DIRECTION('ref_axis',(0.866025403784439,0.5,0.));
#13985=DIRECTION('',(0.,0.,1.));
#13986=DIRECTION('',(0.866025403784439,0.5,0.));
#13987=DIRECTION('center_axis',(1.,-6.40987562127855E-16,0.));
#13988=DIRECTION('ref_axis',(6.40987562127855E-16,1.,0.));
#13989=DIRECTION('',(0.,0.,1.));
#13990=DIRECTION('',(6.40987562127855E-16,1.,0.));
#13991=DIRECTION('center_axis',(-1.,3.41860033134856E-16,0.));
#13992=DIRECTION('ref_axis',(-3.41860033134856E-16,-1.,0.));
#13993=DIRECTION('',(-3.41860033134856E-16,-1.,0.));
#13994=DIRECTION('',(0.,0.,-1.));
#13995=DIRECTION('center_axis',(0.,0.,1.));
#13996=DIRECTION('ref_axis',(1.,0.,0.));
#13997=DIRECTION('',(-1.,-2.96059473233375E-16,0.));
#13998=DIRECTION('',(-0.866025403784439,-0.5,0.));
#13999=DIRECTION('center_axis',(0.,0.,1.));
#14000=DIRECTION('ref_axis',(0.,1.,0.));
#14001=DIRECTION('',(-0.866025403784438,0.5,0.));
#14002=DIRECTION('center_axis',(0.,0.,1.));
#14003=DIRECTION('ref_axis',(0.866025403784439,0.499999999999999,0.));
#14004=DIRECTION('',(6.83720066269712E-16,1.,0.));
#14005=DIRECTION('center_axis',(0.,0.,1.));
#14006=DIRECTION('ref_axis',(0.866025403784437,-0.500000000000002,0.));
#14007=DIRECTION('',(0.866025403784439,0.5,0.));
#14008=DIRECTION('center_axis',(0.,0.,1.));
#14009=DIRECTION('ref_axis',(0.,-1.,0.));
#14010=DIRECTION('',(0.866025403784438,-0.5,0.));
#14011=DIRECTION('',(1.,1.77635683940025E-15,0.));
#14012=DIRECTION('',(0.866025403784439,0.5,0.));
#14013=DIRECTION('center_axis',(0.,0.,1.));
#14014=DIRECTION('ref_axis',(-3.73909411241249E-16,-1.,0.));
#14015=DIRECTION('',(0.866025403784438,-0.5,0.));
#14016=DIRECTION('center_axis',(0.,0.,1.));
#14017=DIRECTION('ref_axis',(-0.866025403784439,-0.5,0.));
#14018=DIRECTION('',(2.56395024851142E-16,-1.,0.));
#14019=DIRECTION('',(-0.866025403784438,0.500000000000001,0.));
#14020=DIRECTION('',(-0.866025403784439,-0.499999999999999,0.));
#14021=DIRECTION('',(-0.5,-0.866025403784439,0.));
#14022=DIRECTION('',(0.500000000000001,-0.866025403784438,0.));
#14023=DIRECTION('',(1.,9.61481343191782E-16,0.));
#14024=DIRECTION('',(0.499999999999999,0.866025403784439,0.));
#14025=DIRECTION('',(-0.500000000000001,0.866025403784438,0.));
#14026=DIRECTION('',(-1.,-3.20493781063928E-16,0.));
#14027=DIRECTION('',(-5.12790049702283E-16,-1.,0.));
#14028=DIRECTION('',(-0.866025403784438,0.5,0.));
#14029=DIRECTION('',(-0.866025403784439,-0.499999999999999,0.));
#14030=DIRECTION('center_axis',(0.,0.,1.));
#14031=DIRECTION('ref_axis',(-0.866025403784439,-0.5,0.));
#14032=DIRECTION('',(0.,0.,1.));
#14033=DIRECTION('center_axis',(-0.5,-0.866025403784438,0.));
#14034=DIRECTION('ref_axis',(0.866025403784438,-0.5,0.));
#14035=DIRECTION('',(0.,0.,-1.));
#14036=DIRECTION('center_axis',(0.,0.,1.));
#14037=DIRECTION('ref_axis',(-3.73909411241249E-16,-1.,0.));
#14038=DIRECTION('',(0.,0.,1.));
#14039=DIRECTION('center_axis',(0.,0.,-1.));
#14040=DIRECTION('ref_axis',(-1.,0.,0.));
#14041=DIRECTION('center_axis',(0.,0.,-1.));
#14042=DIRECTION('ref_axis',(0.500000000000001,0.866025403784438,0.));
#14043=DIRECTION('center_axis',(0.866025403784438,-0.5,0.));
#14044=DIRECTION('ref_axis',(0.,0.,-1.));
#14045=DIRECTION('center_axis',(-0.86602540378444,-0.499999999999997,0.));
#14046=DIRECTION('ref_axis',(-0.499999999999997,0.86602540378444,0.));
#14047=DIRECTION('center_axis',(4.80740671595875E-15,0.,-1.));
#14048=DIRECTION('ref_axis',(-1.,0.,-4.81096644004239E-15));
#14049=DIRECTION('center_axis',(0.,0.,-1.));
#14050=DIRECTION('ref_axis',(1.,-7.40148683083436E-16,0.));
#14051=DIRECTION('center_axis',(0.,-1.,0.));
#14052=DIRECTION('ref_axis',(0.,0.,-1.));
#14053=DIRECTION('center_axis',(-0.866025403784446,0.499999999999988,-4.16333634234424E-15));
#14054=DIRECTION('ref_axis',(0.499999999999988,0.866025403784446,0.));
#14055=DIRECTION('center_axis',(0.,0.,-1.));
#14056=DIRECTION('ref_axis',(-1.,0.,0.));
#14057=DIRECTION('center_axis',(-0.866025403784449,-0.499999999999983,0.));
#14058=DIRECTION('ref_axis',(0.,0.,-1.));
#14059=DIRECTION('center_axis',(0.,1.,0.));
#14060=DIRECTION('ref_axis',(1.,0.,0.));
#14061=DIRECTION('center_axis',(0.,0.,-1.));
#14062=DIRECTION('ref_axis',(-1.,0.,0.));
#14063=DIRECTION('center_axis',(-0.866025403784433,0.500000000000009,0.));
#14064=DIRECTION('ref_axis',(0.,0.,-1.));
#14065=DIRECTION('center_axis',(0.866025403784438,0.5,0.));
#14066=DIRECTION('ref_axis',(0.5,-0.866025403784438,0.));
#14067=DIRECTION('center_axis',(1.,1.77635683940025E-15,0.));
#14068=DIRECTION('ref_axis',(0.,-0.707106781186547,-0.707106781186548));
#14069=DIRECTION('',(-1.,-1.77635683940025E-15,0.));
#14070=DIRECTION('center_axis',(-0.5,0.866025403784439,0.));
#14071=DIRECTION('ref_axis',(-0.866025403784439,-0.5,0.));
#14072=DIRECTION('center_axis',(-0.965925826289066,0.258819045102528,8.0429481931965E-15));
#14073=DIRECTION('ref_axis',(-0.258819045102528,-0.965925826289066,-3.00166912996526E-14));
#14074=DIRECTION('center_axis',(0.866025403784438,-0.5,0.));
#14075=DIRECTION('ref_axis',(-0.35355339059328,-0.612372435695794,-0.707106781186545));
#14076=DIRECTION('center_axis',(0.866025403784439,0.5,0.));
#14077=DIRECTION('ref_axis',(0.353553390593284,-0.612372435695785,-0.707106781186551));
#14078=DIRECTION('center_axis',(6.83720066269712E-16,1.,0.));
#14079=DIRECTION('ref_axis',(0.707106781186556,0.,-0.707106781186539));
#14080=DIRECTION('',(-6.83720066269712E-16,-1.,0.));
#14081=DIRECTION('center_axis',(-0.866025403784439,0.5,0.));
#14082=DIRECTION('ref_axis',(0.353553390593263,0.61237243569579,-0.707106781186557));
#14083=DIRECTION('',(0.866025403784438,-0.5,0.));
#14084=DIRECTION('center_axis',(0.,0.,1.));
#14085=DIRECTION('ref_axis',(0.86602540378444,0.499999999999997,0.));
#14086=DIRECTION('',(0.,0.,-1.));
#14087=DIRECTION('',(0.,0.,1.));
#14088=DIRECTION('center_axis',(-0.866025403784439,-0.5,0.));
#14089=DIRECTION('ref_axis',(-0.353553390593282,0.612372435695788,-0.707106781186549));
#14090=DIRECTION('',(0.866025403784439,0.5,0.));
#14091=DIRECTION('center_axis',(0.965925826289072,0.258819045102505,1.07755073656612E-15));
#14092=DIRECTION('ref_axis',(-0.258819045102505,0.965925826289072,-4.02147409659777E-15));
#14093=DIRECTION('center_axis',(0.,0.,1.));
#14094=DIRECTION('ref_axis',(0.,1.,0.));
#14095=DIRECTION('',(0.,0.,-1.));
#14096=DIRECTION('',(0.,0.,1.));
#14097=DIRECTION('center_axis',(1.,2.96059473233375E-16,0.));
#14098=DIRECTION('ref_axis',(0.,0.707106781186547,-0.707106781186548));
#14099=DIRECTION('',(1.,2.96059473233375E-16,0.));
#14100=DIRECTION('center_axis',(1.,-6.83720066269712E-16,0.));
#14101=DIRECTION('ref_axis',(6.83720066269712E-16,1.,0.));
#14102=DIRECTION('center_axis',(0.5,0.866025403784439,0.));
#14103=DIRECTION('ref_axis',(-0.866025403784438,0.5,0.));
#14104=DIRECTION('center_axis',(-0.5,0.866025403784439,0.));
#14105=DIRECTION('ref_axis',(-0.866025403784439,-0.5,0.));
#14106=DIRECTION('',(0.,0.,1.));
#14107=DIRECTION('center_axis',(-2.96059473233375E-16,1.,0.));
#14108=DIRECTION('ref_axis',(-1.,-2.96059473233375E-16,0.));
#14109=DIRECTION('',(-1.,-2.96059473233375E-16,0.));
#14110=DIRECTION('center_axis',(-0.866025403784438,-0.500000000000001,0.));
#14111=DIRECTION('ref_axis',(0.500000000000001,-0.866025403784438,0.));
#14112=DIRECTION('',(0.,0.,1.));
#14113=DIRECTION('',(0.500000000000001,-0.866025403784438,0.));
#14114=DIRECTION('',(0.,0.,1.));
#14115=DIRECTION('center_axis',(9.61481343191782E-16,-1.,0.));
#14116=DIRECTION('ref_axis',(1.,9.61481343191782E-16,0.));
#14117=DIRECTION('',(1.,9.61481343191782E-16,0.));
#14118=DIRECTION('',(0.,0.,1.));
#14119=DIRECTION('center_axis',(0.866025403784439,-0.499999999999999,0.));
#14120=DIRECTION('ref_axis',(0.499999999999999,0.866025403784439,0.));
#14121=DIRECTION('',(0.499999999999999,0.866025403784439,0.));
#14122=DIRECTION('',(0.,0.,1.));
#14123=DIRECTION('center_axis',(0.866025403784438,0.500000000000001,0.));
#14124=DIRECTION('ref_axis',(-0.500000000000001,0.866025403784438,0.));
#14125=DIRECTION('',(-0.500000000000001,0.866025403784438,0.));
#14126=DIRECTION('',(0.,0.,1.));
#14127=DIRECTION('center_axis',(-3.20493781063928E-16,1.,0.));
#14128=DIRECTION('ref_axis',(-1.,-3.20493781063928E-16,0.));
#14129=DIRECTION('',(-1.,-3.20493781063928E-16,0.));
#14130=DIRECTION('',(0.,0.,1.));
#14131=DIRECTION('center_axis',(-0.866025403784439,0.5,0.));
#14132=DIRECTION('ref_axis',(-0.5,-0.866025403784439,0.));
#14133=DIRECTION('',(-0.5,-0.866025403784439,0.));
#14134=DIRECTION('center_axis',(0.5,0.866025403784438,0.));
#14135=DIRECTION('ref_axis',(-0.866025403784438,0.5,0.));
#14136=DIRECTION('',(0.,0.,1.));
#14137=DIRECTION('center_axis',(-0.499999999999999,0.866025403784439,0.));
#14138=DIRECTION('ref_axis',(-0.866025403784439,-0.499999999999999,0.));
#14139=DIRECTION('',(0.,0.,1.));
#14140=DIRECTION('center_axis',(-1.,5.12790049702283E-16,0.));
#14141=DIRECTION('ref_axis',(-5.12790049702283E-16,-1.,0.));
#14142=DIRECTION('center_axis',(0.500000000000001,0.866025403784438,0.));
#14143=DIRECTION('ref_axis',(-0.866025403784438,0.500000000000001,0.));
#14144=DIRECTION('',(0.,0.,1.));
#14145=DIRECTION('center_axis',(-0.5,0.866025403784439,0.));
#14146=DIRECTION('ref_axis',(-0.866025403784439,-0.499999999999999,0.));
#14147=DIRECTION('',(0.,0.,1.));
#14148=DIRECTION('center_axis',(-1.,-2.56395024851142E-16,0.));
#14149=DIRECTION('ref_axis',(2.56395024851142E-16,-1.,0.));
#14150=DIRECTION('center_axis',(1.77635683940025E-15,-1.,0.));
#14151=DIRECTION('ref_axis',(1.,1.77635683940025E-15,0.));
#14152=DIRECTION('',(1.,1.77635683940025E-15,0.));
#14153=DIRECTION('',(0.,0.,1.));
#14154=DIRECTION('center_axis',(0.5,-0.866025403784439,0.));
#14155=DIRECTION('ref_axis',(0.866025403784439,0.5,0.));
#14156=DIRECTION('center_axis',(0.,0.,1.));
#14157=DIRECTION('ref_axis',(1.,0.,0.));
#14158=DIRECTION('center_axis',(0.707106781186547,-3.62597321469471E-16,
0.707106781186548));
#14159=DIRECTION('ref_axis',(0.707106781186548,0.,-0.707106781186547));
#14160=DIRECTION('',(-5.12790049702283E-16,-1.,0.));
#14161=DIRECTION('',(0.654653670707978,0.377964473009226,-0.654653670707977));
#14162=DIRECTION('',(5.12790049702283E-16,1.,0.));
#14163=DIRECTION('',(0.654653670707978,-0.377964473009227,-0.654653670707977));
#14164=DIRECTION('center_axis',(0.353553390593274,0.612372435695795,0.707106781186547));
#14165=DIRECTION('ref_axis',(0.894427190999916,0.,-0.447213595499959));
#14166=DIRECTION('',(0.866025403784438,-0.5,0.));
#14167=DIRECTION('',(0.,0.755928946018454,-0.654653670707978));
#14168=DIRECTION('',(-0.866025403784438,0.5,0.));
#14169=DIRECTION('center_axis',(-0.353553390593274,0.612372435695795,0.707106781186547));
#14170=DIRECTION('ref_axis',(0.894427190999916,0.,0.447213595499958));
#14171=DIRECTION('',(0.866025403784439,0.499999999999999,0.));
#14172=DIRECTION('',(-0.654653670707978,0.377964473009226,-0.654653670707977));
#14173=DIRECTION('',(-0.866025403784439,-0.499999999999999,0.));
#14174=DIRECTION('center_axis',(-0.707106781186547,3.62597321469471E-16,
0.707106781186548));
#14175=DIRECTION('ref_axis',(0.707106781186548,0.,0.707106781186547));
#14176=DIRECTION('',(5.12790049702283E-16,1.,0.));
#14177=DIRECTION('',(-0.654653670707978,-0.377964473009225,-0.654653670707978));
#14178=DIRECTION('',(-5.12790049702283E-16,-1.,0.));
#14179=DIRECTION('center_axis',(-0.353553390593274,-0.612372435695795,0.707106781186547));
#14180=DIRECTION('ref_axis',(0.894427190999916,0.,0.447213595499959));
#14181=DIRECTION('',(0.866025403784438,-0.5,0.));
#14182=DIRECTION('',(-0.866025403784438,0.5,0.));
#14183=DIRECTION('',(0.,-0.755928946018454,-0.654653670707978));
#14184=DIRECTION('center_axis',(0.353553390593273,-0.612372435695794,0.707106781186548));
#14185=DIRECTION('ref_axis',(0.894427190999916,0.,-0.447213595499957));
#14186=DIRECTION('',(0.866025403784439,0.499999999999999,0.));
#14187=DIRECTION('',(-0.866025403784439,-0.499999999999999,0.));
#14188=DIRECTION('center_axis',(-0.5,-0.866025403784438,0.));
#14189=DIRECTION('ref_axis',(0.866025403784438,-0.5,0.));
#14190=DIRECTION('',(0.,0.,1.));
#14191=DIRECTION('',(0.866025403784438,-0.5,0.));
#14192=DIRECTION('',(0.,0.,1.));
#14193=DIRECTION('center_axis',(0.499999999999999,-0.866025403784439,0.));
#14194=DIRECTION('ref_axis',(0.866025403784439,0.499999999999999,0.));
#14195=DIRECTION('',(0.,0.,1.));
#14196=DIRECTION('',(0.866025403784439,0.499999999999999,0.));
#14197=DIRECTION('center_axis',(1.,-5.12790049702283E-16,0.));
#14198=DIRECTION('ref_axis',(5.12790049702283E-16,1.,0.));
#14199=DIRECTION('',(0.,0.,1.));
#14200=DIRECTION('',(5.12790049702283E-16,1.,0.));
#14201=DIRECTION('center_axis',(0.,0.,1.));
#14202=DIRECTION('ref_axis',(1.,0.,0.));
#14203=DIRECTION('',(-3.41860033134856E-16,-1.,0.));
#14204=DIRECTION('',(0.866025403784438,-0.5,0.));
#14205=DIRECTION('center_axis',(0.,0.,-1.));
#14206=DIRECTION('ref_axis',(0.,1.,0.));
#14207=DIRECTION('',(0.866025403784439,0.5,0.));
#14208=DIRECTION('center_axis',(0.,0.,-1.));
#14209=DIRECTION('ref_axis',(-0.866025403784438,0.500000000000001,0.));
#14210=DIRECTION('',(6.83720066269712E-16,1.,0.));
#14211=DIRECTION('center_axis',(0.,0.,-1.));
#14212=DIRECTION('ref_axis',(-0.86602540378444,-0.499999999999998,0.));
#14213=DIRECTION('',(-0.866025403784438,0.5,0.));
#14214=DIRECTION('center_axis',(0.,0.,-1.));
#14215=DIRECTION('ref_axis',(0.,-1.,0.));
#14216=DIRECTION('',(-0.866025403784439,-0.5,0.));
#14217=DIRECTION('center_axis',(0.707106781186547,-2.41731547646314E-16,
0.707106781186548));
#14218=DIRECTION('ref_axis',(0.707106781186548,0.,-0.707106781186547));
#14219=DIRECTION('',(0.654653670707977,-0.377964473009228,-0.654653670707977));
#14220=DIRECTION('',(3.41860033134856E-16,1.,0.));
#14221=DIRECTION('',(0.654653670707981,0.377964473009223,-0.654653670707976));
#14222=DIRECTION('center_axis',(0.353553390593274,0.612372435695795,0.707106781186547));
#14223=DIRECTION('ref_axis',(0.894427190999916,0.,-0.447213595499959));
#14224=DIRECTION('',(-0.866025403784438,0.5,0.));
#14225=DIRECTION('',(-0.353553390593275,-0.612372435695791,0.70710678118655));
#14226=DIRECTION('center_axis',(0.,0.,-1.));
#14227=DIRECTION('ref_axis',(0.,1.,0.));
#14228=DIRECTION('center_axis',(0.,0.,1.));
#14229=DIRECTION('ref_axis',(0.,1.,0.));
#14230=DIRECTION('',(0.353553390593273,-0.612372435695796,0.707106781186546));
#14231=DIRECTION('center_axis',(-0.353553390593273,0.612372435695794,0.707106781186549));
#14232=DIRECTION('ref_axis',(0.894427190999917,0.,0.447213595499957));
#14233=DIRECTION('',(0.35355339059328,-0.612372435695795,0.707106781186544));
#14234=DIRECTION('',(-0.866025403784439,-0.5,0.));
#14235=DIRECTION('center_axis',(0.,0.,-1.));
#14236=DIRECTION('ref_axis',(-0.866025403784438,0.500000000000001,0.));
#14237=DIRECTION('center_axis',(0.,0.,1.));
#14238=DIRECTION('ref_axis',(-0.866025403784438,0.500000000000001,0.));
#14239=DIRECTION('',(0.707106781186548,-1.96261557335472E-15,0.707106781186547));
#14240=DIRECTION('center_axis',(-0.707106781186547,4.83463095292629E-16,
0.707106781186548));
#14241=DIRECTION('ref_axis',(0.707106781186548,0.,0.707106781186547));
#14242=DIRECTION('',(0.707106781186548,0.,0.707106781186547));
#14243=DIRECTION('',(-6.83720066269712E-16,-1.,0.));
#14244=DIRECTION('center_axis',(0.,0.,-1.));
#14245=DIRECTION('ref_axis',(-0.86602540378444,-0.499999999999998,0.));
#14246=DIRECTION('center_axis',(0.,0.,1.));
#14247=DIRECTION('ref_axis',(-0.86602540378444,-0.499999999999998,0.));
#14248=DIRECTION('',(0.35355339059328,0.612372435695795,0.707106781186544));
#14249=DIRECTION('center_axis',(-0.353553390593275,-0.612372435695796,0.707106781186546));
#14250=DIRECTION('ref_axis',(0.894427190999915,0.,0.447213595499959));
#14251=DIRECTION('',(0.353553390593275,0.612372435695791,0.70710678118655));
#14252=DIRECTION('',(0.866025403784438,-0.5,0.));
#14253=DIRECTION('center_axis',(0.,0.,-1.));
#14254=DIRECTION('ref_axis',(0.,-1.,0.));
#14255=DIRECTION('center_axis',(0.,0.,1.));
#14256=DIRECTION('ref_axis',(0.,-1.,0.));
#14257=DIRECTION('',(-0.353553390593273,0.612372435695796,0.707106781186546));
#14258=DIRECTION('center_axis',(0.353553390593273,-0.612372435695794,0.707106781186549));
#14259=DIRECTION('ref_axis',(0.894427190999917,0.,-0.447213595499956));
#14260=DIRECTION('',(0.866025403784439,0.5,0.));
#14261=DIRECTION('center_axis',(0.,0.,1.));
#14262=DIRECTION('ref_axis',(-0.866025403784438,0.500000000000001,0.));
#14263=DIRECTION('',(0.,0.,-1.));
#14264=DIRECTION('center_axis',(0.,0.,-1.));
#14265=DIRECTION('ref_axis',(-0.500000000000001,0.866025403784438,0.));
#14266=DIRECTION('',(0.,0.,1.));
#14267=DIRECTION('center_axis',(-0.5,0.866025403784439,0.));
#14268=DIRECTION('ref_axis',(-0.866025403784439,-0.5,0.));
#14269=DIRECTION('',(0.,0.,1.));
#14270=DIRECTION('',(0.866025403784439,0.5,0.));
#14271=DIRECTION('center_axis',(0.,0.,1.));
#14272=DIRECTION('ref_axis',(0.,1.,0.));
#14273=DIRECTION('',(0.,0.,-1.));
#14274=DIRECTION('center_axis',(0.,0.,-1.));
#14275=DIRECTION('ref_axis',(0.500000000000001,0.866025403784438,0.));
#14276=DIRECTION('center_axis',(0.5,0.866025403784438,0.));
#14277=DIRECTION('ref_axis',(-0.866025403784438,0.5,0.));
#14278=DIRECTION('',(0.,0.,1.));
#14279=DIRECTION('',(0.,0.,1.));
#14280=DIRECTION('',(0.866025403784438,-0.5,0.));
#14281=DIRECTION('center_axis',(1.,-3.41860033134856E-16,0.));
#14282=DIRECTION('ref_axis',(3.41860033134856E-16,1.,0.));
#14283=DIRECTION('',(0.,0.,1.));
#14284=DIRECTION('',(-3.41860033134856E-16,-1.,0.));
#14285=DIRECTION('center_axis',(-0.353553390593274,-0.612372435695794,0.707106781186548));
#14286=DIRECTION('ref_axis',(0.894427190999916,0.,0.447213595499958));
#14287=DIRECTION('',(0.866025403784438,-0.5,0.));
#14288=DIRECTION('',(0.353553390593275,0.612372435695794,0.707106781186548));
#14289=DIRECTION('',(-0.866025403784438,0.5,0.));
#14290=DIRECTION('',(-0.65465367070798,-0.377964473009226,-0.654653670707976));
#14291=DIRECTION('center_axis',(-0.707106781186547,2.41731547646314E-16,
0.707106781186548));
#14292=DIRECTION('ref_axis',(0.707106781186548,0.,0.707106781186547));
#14293=DIRECTION('',(3.41860033134856E-16,1.,0.));
#14294=DIRECTION('',(-0.654653670707979,0.377964473009223,-0.654653670707978));
#14295=DIRECTION('',(-3.41860033134856E-16,-1.,0.));
#14296=DIRECTION('center_axis',(0.353553390593274,0.612372435695794,0.707106781186548));
#14297=DIRECTION('ref_axis',(0.894427190999916,0.,-0.447213595499958));
#14298=DIRECTION('',(-0.866025403784439,0.5,0.));
#14299=DIRECTION('',(-0.353553390593273,-0.612372435695794,0.707106781186548));
#14300=DIRECTION('',(0.866025403784439,-0.5,0.));
#14301=DIRECTION('',(0.654653670707978,0.377964473009227,-0.654653670707977));
#14302=DIRECTION('center_axis',(0.,0.,-1.));
#14303=DIRECTION('ref_axis',(1.06831260354643E-16,1.,0.));
#14304=DIRECTION('center_axis',(0.,0.,1.));
#14305=DIRECTION('ref_axis',(1.06831260354643E-16,1.,0.));
#14306=DIRECTION('',(0.353553390593273,-0.612372435695794,0.707106781186548));
#14307=DIRECTION('center_axis',(0.,0.,-1.));
#14308=DIRECTION('ref_axis',(1.06831260354643E-16,1.,0.));
#14309=DIRECTION('center_axis',(-0.353553390593274,0.612372435695795,0.707106781186547));
#14310=DIRECTION('ref_axis',(0.894427190999916,0.,0.447213595499958));
#14311=DIRECTION('',(0.866025403784439,0.5,0.));
#14312=DIRECTION('',(-0.866025403784439,-0.5,0.));
#14313=DIRECTION('center_axis',(0.707106781186547,-4.83463095292628E-16,
0.707106781186548));
#14314=DIRECTION('ref_axis',(0.707106781186548,0.,-0.707106781186547));
#14315=DIRECTION('',(6.83720066269711E-16,1.,0.));
#14316=DIRECTION('',(-6.83720066269711E-16,-1.,0.));
#14317=DIRECTION('',(0.654653670707977,-0.377964473009228,-0.654653670707977));
#14318=DIRECTION('center_axis',(0.,0.,-1.));
#14319=DIRECTION('ref_axis',(-3.73909411241249E-16,-1.,0.));
#14320=DIRECTION('center_axis',(0.,0.,1.));
#14321=DIRECTION('ref_axis',(-3.73909411241249E-16,-1.,0.));
#14322=DIRECTION('',(-0.353553390593274,0.612372435695794,0.707106781186548));
#14323=DIRECTION('center_axis',(0.,0.,-1.));
#14324=DIRECTION('ref_axis',(-3.73909411241249E-16,-1.,0.));
#14325=DIRECTION('center_axis',(0.353553390593273,-0.612372435695794,0.707106781186549));
#14326=DIRECTION('ref_axis',(0.894427190999917,0.,-0.447213595499956));
#14327=DIRECTION('',(-0.866025403784439,-0.5,0.));
#14328=DIRECTION('',(0.866025403784439,0.5,0.));
#14329=DIRECTION('center_axis',(-1.,3.41860033134856E-16,0.));
#14330=DIRECTION('ref_axis',(-3.41860033134856E-16,-1.,0.));
#14331=DIRECTION('',(0.,0.,1.));
#14332=DIRECTION('',(3.41860033134856E-16,1.,0.));
#14333=DIRECTION('',(0.,0.,1.));
#14334=DIRECTION('center_axis',(-0.5,0.866025403784439,0.));
#14335=DIRECTION('ref_axis',(-0.866025403784439,-0.5,0.));
#14336=DIRECTION('',(0.,0.,1.));
#14337=DIRECTION('',(-0.866025403784439,-0.5,0.));
#14338=DIRECTION('center_axis',(0.5,-0.866025403784439,0.));
#14339=DIRECTION('ref_axis',(0.866025403784439,0.5,-6.505213034913E-17));
#14340=DIRECTION('',(0.,0.,1.));
#14341=DIRECTION('center_axis',(0.,0.,1.));
#14342=DIRECTION('ref_axis',(1.06831260354643E-16,1.,0.));
#14343=DIRECTION('',(0.,0.,-1.));
#14344=DIRECTION('center_axis',(0.,0.,1.));
#14345=DIRECTION('ref_axis',(1.06831260354643E-16,1.,0.));
#14346=DIRECTION('center_axis',(0.5,0.866025403784439,0.));
#14347=DIRECTION('ref_axis',(-0.866025403784439,0.5,0.));
#14348=DIRECTION('',(0.,0.,1.));
#14349=DIRECTION('',(0.,0.,1.));
#14350=DIRECTION('center_axis',(-0.5,-0.866025403784439,0.));
#14351=DIRECTION('ref_axis',(-0.866025403784439,0.5,0.));
#14352=DIRECTION('',(-0.866025403784439,0.5,0.));
#14353=DIRECTION('center_axis',(0.,0.,1.));
#14354=DIRECTION('ref_axis',(1.,0.,0.));
#14355=DIRECTION('',(-6.40987562127855E-16,-1.,0.));
#14356=DIRECTION('',(-0.866025403784439,-0.5,0.));
#14357=DIRECTION('',(-0.866025403784438,0.5,0.));
#14358=DIRECTION('',(-2.56395024851142E-16,1.,0.));
#14359=DIRECTION('',(0.866025403784439,0.499999999999999,0.));
#14360=DIRECTION('',(0.866025403784438,-0.500000000000001,0.));
#14361=DIRECTION('center_axis',(0.707106781186547,-4.53246651836839E-16,
0.707106781186548));
#14362=DIRECTION('ref_axis',(0.707106781186548,0.,-0.707106781186547));
#14363=DIRECTION('',(0.654653670707979,0.377964473009224,-0.654653670707977));
#14364=DIRECTION('',(6.40987562127855E-16,1.,0.));
#14365=DIRECTION('',(0.654653670707977,-0.377964473009228,-0.654653670707977));
#14366=DIRECTION('center_axis',(0.353553390593275,0.612372435695796,0.707106781186546));
#14367=DIRECTION('ref_axis',(0.894427190999915,0.,-0.44721359549996));
#14368=DIRECTION('',(6.17328247502453E-16,0.755928946018455,-0.654653670707977));
#14369=DIRECTION('',(-0.866025403784438,0.500000000000001,0.));
#14370=DIRECTION('center_axis',(-0.353553390593273,0.612372435695794,0.707106781186548));
#14371=DIRECTION('ref_axis',(0.894427190999916,0.,0.447213595499957));
#14372=DIRECTION('',(-0.654653670707978,0.377964473009227,-0.654653670707976));
#14373=DIRECTION('',(-0.866025403784439,-0.499999999999999,0.));
#14374=DIRECTION('center_axis',(-0.707106781186547,-1.81298660734736E-16,
0.707106781186548));
#14375=DIRECTION('ref_axis',(0.707106781186548,0.,0.707106781186547));
#14376=DIRECTION('',(-0.654653670707978,-0.377964473009227,-0.654653670707976));
#14377=DIRECTION('',(2.56395024851142E-16,-1.,0.));
#14378=DIRECTION('center_axis',(-0.353553390593274,-0.612372435695794,0.707106781186548));
#14379=DIRECTION('ref_axis',(0.894427190999916,0.,0.447213595499958));
#14380=DIRECTION('',(0.866025403784438,-0.5,0.));
#14381=DIRECTION('',(1.33015750725025E-15,-0.755928946018455,-0.654653670707977));
#14382=DIRECTION('center_axis',(0.353553390593273,-0.612372435695793,0.707106781186549));
#14383=DIRECTION('ref_axis',(0.894427190999917,0.,-0.447213595499956));
#14384=DIRECTION('',(0.866025403784439,0.5,0.));
#14385=DIRECTION('center_axis',(-0.5,-0.866025403784439,0.));
#14386=DIRECTION('ref_axis',(0.866025403784438,-0.5,0.));
#14387=DIRECTION('',(0.,0.,1.));
#14388=DIRECTION('',(0.866025403784439,-0.5,0.));
#14389=DIRECTION('',(0.,0.,1.));
#14390=DIRECTION('center_axis',(0.5,-0.866025403784439,0.));
#14391=DIRECTION('ref_axis',(0.866025403784439,0.5,0.));
#14392=DIRECTION('',(0.,0.,1.));
#14393=DIRECTION('',(0.866025403784439,0.5,0.));
#14394=DIRECTION('center_axis',(1.,-6.40987562127855E-16,0.));
#14395=DIRECTION('ref_axis',(6.40987562127855E-16,1.,0.));
#14396=DIRECTION('',(0.,0.,1.));
#14397=DIRECTION('',(6.40987562127855E-16,1.,0.));
#14398=DIRECTION('center_axis',(0.707106781186547,-3.62597321469471E-16,
0.707106781186548));
#14399=DIRECTION('ref_axis',(0.707106781186548,0.,-0.707106781186547));
#14400=DIRECTION('',(-5.12790049702283E-16,-1.,0.));
#14401=DIRECTION('',(0.654653670707977,0.377964473009228,-0.654653670707977));
#14402=DIRECTION('',(5.12790049702283E-16,1.,0.));
#14403=DIRECTION('',(0.654653670707978,-0.377964473009227,-0.654653670707977));
#14404=DIRECTION('center_axis',(0.353553390593274,0.612372435695794,0.707106781186548));
#14405=DIRECTION('ref_axis',(0.894427190999916,0.,-0.447213595499958));
#14406=DIRECTION('',(0.866025403784438,-0.5,0.));
#14407=DIRECTION('',(0.,0.755928946018455,-0.654653670707976));
#14408=DIRECTION('',(-0.866025403784438,0.5,0.));
#14409=DIRECTION('center_axis',(-0.353553390593273,0.612372435695794,0.707106781186548));
#14410=DIRECTION('ref_axis',(0.894427190999916,0.,0.447213595499957));
#14411=DIRECTION('',(0.866025403784439,0.499999999999999,0.));
#14412=DIRECTION('',(-0.654653670707977,0.377964473009228,-0.654653670707977));
#14413=DIRECTION('',(-0.866025403784439,-0.499999999999999,0.));
#14414=DIRECTION('center_axis',(-0.707106781186547,3.62597321469471E-16,
0.707106781186548));
#14415=DIRECTION('ref_axis',(0.707106781186548,0.,0.707106781186547));
#14416=DIRECTION('',(5.12790049702283E-16,1.,0.));
#14417=DIRECTION('',(-0.654653670707978,-0.377964473009227,-0.654653670707977));
#14418=DIRECTION('',(-5.12790049702283E-16,-1.,0.));
#14419=DIRECTION('center_axis',(-0.353553390593274,-0.612372435695795,0.707106781186547));
#14420=DIRECTION('ref_axis',(0.894427190999916,0.,0.447213595499958));
#14421=DIRECTION('',(0.866025403784438,-0.5,0.));
#14422=DIRECTION('',(-0.866025403784438,0.5,0.));
#14423=DIRECTION('',(0.,-0.755928946018455,-0.654653670707977));
#14424=DIRECTION('center_axis',(0.353553390593273,-0.612372435695794,0.707106781186548));
#14425=DIRECTION('ref_axis',(0.894427190999916,0.,-0.447213595499957));
#14426=DIRECTION('',(0.866025403784439,0.5,0.));
#14427=DIRECTION('',(-0.866025403784439,-0.5,0.));
#14428=DIRECTION('center_axis',(-0.5,-0.866025403784438,0.));
#14429=DIRECTION('ref_axis',(0.866025403784438,-0.5,0.));
#14430=DIRECTION('',(0.,0.,1.));
#14431=DIRECTION('',(0.866025403784438,-0.5,0.));
#14432=DIRECTION('',(0.,0.,1.));
#14433=DIRECTION('center_axis',(0.5,-0.866025403784439,0.));
#14434=DIRECTION('ref_axis',(0.866025403784439,0.5,0.));
#14435=DIRECTION('',(0.,0.,1.));
#14436=DIRECTION('',(0.866025403784439,0.5,0.));
#14437=DIRECTION('center_axis',(1.,-5.12790049702283E-16,0.));
#14438=DIRECTION('ref_axis',(5.12790049702283E-16,1.,0.));
#14439=DIRECTION('',(0.,0.,1.));
#14440=DIRECTION('',(5.12790049702283E-16,1.,0.));
#14441=DIRECTION('center_axis',(0.,0.,1.));
#14442=DIRECTION('ref_axis',(1.,0.,0.));
#14443=DIRECTION('',(3.41860033134856E-16,1.,0.));
#14444=DIRECTION('',(-0.866025403784438,0.5,0.));
#14445=DIRECTION('center_axis',(0.,0.,-1.));
#14446=DIRECTION('ref_axis',(0.,-1.,0.));
#14447=DIRECTION('',(-0.866025403784439,-0.5,0.));
#14448=DIRECTION('center_axis',(0.,0.,-1.));
#14449=DIRECTION('ref_axis',(0.866025403784438,-0.500000000000001,0.));
#14450=DIRECTION('',(-6.83720066269712E-16,-1.,0.));
#14451=DIRECTION('center_axis',(0.,0.,-1.));
#14452=DIRECTION('ref_axis',(0.86602540378444,0.499999999999997,0.));
#14453=DIRECTION('',(0.866025403784438,-0.5,0.));
#14454=DIRECTION('center_axis',(0.,0.,-1.));
#14455=DIRECTION('ref_axis',(0.,1.,0.));
#14456=DIRECTION('',(0.866025403784439,0.5,0.));
#14457=DIRECTION('center_axis',(-0.707106781186547,2.41731547646314E-16,
0.707106781186548));
#14458=DIRECTION('ref_axis',(0.707106781186548,0.,0.707106781186547));
#14459=DIRECTION('',(-0.654653670707979,0.377964473009223,-0.654653670707978));
#14460=DIRECTION('',(-3.41860033134856E-16,-1.,0.));
#14461=DIRECTION('',(-0.654653670707981,-0.377964473009223,-0.654653670707976));
#14462=DIRECTION('center_axis',(-0.353553390593275,-0.612372435695795,0.707106781186546));
#14463=DIRECTION('ref_axis',(0.894427190999915,0.,0.447213595499959));
#14464=DIRECTION('',(0.866025403784438,-0.5,0.));
#14465=DIRECTION('',(0.353553390593274,0.612372435695794,0.707106781186548));
#14466=DIRECTION('center_axis',(0.,0.,-1.));
#14467=DIRECTION('ref_axis',(0.,-1.,0.));
#14468=DIRECTION('center_axis',(0.,0.,1.));
#14469=DIRECTION('ref_axis',(0.,-1.,0.));
#14470=DIRECTION('',(-0.353553390593274,0.612372435695794,0.707106781186548));
#14471=DIRECTION('center_axis',(0.353553390593273,-0.612372435695793,0.707106781186549));
#14472=DIRECTION('ref_axis',(0.894427190999917,0.,-0.447213595499956));
#14473=DIRECTION('',(-0.35355339059328,0.612372435695796,0.707106781186543));
#14474=DIRECTION('',(0.866025403784439,0.5,0.));
#14475=DIRECTION('center_axis',(0.,0.,-1.));
#14476=DIRECTION('ref_axis',(0.866025403784438,-0.500000000000001,0.));
#14477=DIRECTION('center_axis',(0.,0.,1.));
#14478=DIRECTION('ref_axis',(0.866025403784438,-0.500000000000001,0.));
#14479=DIRECTION('',(-0.707106781186548,1.96261557335472E-15,0.707106781186547));
#14480=DIRECTION('center_axis',(0.707106781186547,-4.83463095292629E-16,
0.707106781186548));
#14481=DIRECTION('ref_axis',(0.707106781186548,0.,-0.707106781186547));
#14482=DIRECTION('',(-0.707106781186548,1.96261557335472E-15,0.707106781186547));
#14483=DIRECTION('',(6.83720066269712E-16,1.,0.));
#14484=DIRECTION('center_axis',(0.,0.,-1.));
#14485=DIRECTION('ref_axis',(0.86602540378444,0.499999999999997,0.));
#14486=DIRECTION('center_axis',(0.,0.,1.));
#14487=DIRECTION('ref_axis',(0.86602540378444,0.499999999999997,0.));
#14488=DIRECTION('',(-0.35355339059328,-0.612372435695795,0.707106781186544));
#14489=DIRECTION('center_axis',(0.353553390593273,0.612372435695793,0.70710678118655));
#14490=DIRECTION('ref_axis',(0.894427190999917,0.,-0.447213595499956));
#14491=DIRECTION('',(-0.35355339059328,-0.612372435695795,0.707106781186544));
#14492=DIRECTION('',(-0.866025403784438,0.5,0.));
#14493=DIRECTION('center_axis',(0.,0.,-1.));
#14494=DIRECTION('ref_axis',(0.,1.,0.));
#14495=DIRECTION('center_axis',(0.,0.,1.));
#14496=DIRECTION('ref_axis',(0.,1.,0.));
#14497=DIRECTION('',(0.353553390593274,-0.612372435695794,0.707106781186548));
#14498=DIRECTION('center_axis',(-0.353553390593274,0.612372435695795,0.707106781186547));
#14499=DIRECTION('ref_axis',(0.894427190999916,0.,0.447213595499958));
#14500=DIRECTION('',(-0.866025403784439,-0.5,0.));
#14501=DIRECTION('center_axis',(0.,0.,1.));
#14502=DIRECTION('ref_axis',(0.866025403784438,-0.500000000000001,0.));
#14503=DIRECTION('',(0.,0.,-1.));
#14504=DIRECTION('center_axis',(2.31296463463575E-17,1.33539075443304E-17,
-1.));
#14505=DIRECTION('ref_axis',(0.500000000000001,-0.866025403784438,0.));
#14506=DIRECTION('',(0.,0.,1.));
#14507=DIRECTION('center_axis',(0.5,-0.866025403784439,0.));
#14508=DIRECTION('ref_axis',(0.866025403784439,0.5,0.));
#14509=DIRECTION('',(0.,0.,1.));
#14510=DIRECTION('',(-0.866025403784439,-0.5,0.));
#14511=DIRECTION('center_axis',(0.,0.,1.));
#14512=DIRECTION('ref_axis',(0.,-1.,0.));
#14513=DIRECTION('',(0.,0.,-1.));
#14514=DIRECTION('center_axis',(-2.31296463463574E-17,1.33539075443303E-17,
-1.));
#14515=DIRECTION('ref_axis',(-0.500000000000001,-0.866025403784438,0.));
#14516=DIRECTION('center_axis',(-0.5,-0.866025403784438,0.));
#14517=DIRECTION('ref_axis',(0.866025403784438,-0.5,0.));
#14518=DIRECTION('',(0.,0.,1.));
#14519=DIRECTION('',(0.,0.,1.));
#14520=DIRECTION('',(-0.866025403784438,0.5,0.));
#14521=DIRECTION('center_axis',(-1.,3.41860033134856E-16,0.));
#14522=DIRECTION('ref_axis',(-3.41860033134856E-16,-1.,0.));
#14523=DIRECTION('',(0.,0.,1.));
#14524=DIRECTION('',(3.41860033134856E-16,1.,0.));
#14525=DIRECTION('center_axis',(-1.,-1.62832710278356E-15,0.));
#14526=DIRECTION('ref_axis',(0.,0.70710678118655,-0.707106781186545));
#14527=DIRECTION('',(1.,1.62832710278356E-15,0.));
#14528=DIRECTION('',(-1.,-1.62832710278356E-15,0.));
#14529=DIRECTION('center_axis',(0.965925826289069,-0.258819045102519,0.));
#14530=DIRECTION('ref_axis',(0.258819045102519,0.965925826289069,0.));
#14531=DIRECTION('center_axis',(0.,0.,-1.));
#14532=DIRECTION('ref_axis',(-1.,0.,0.));
#14533=DIRECTION('center_axis',(0.866025403784452,-0.499999999999977,0.));
#14534=DIRECTION('ref_axis',(0.,0.,-1.));
#14535=DIRECTION('center_axis',(0.,0.,1.));
#14536=DIRECTION('ref_axis',(-4.15775715974821E-15,1.,0.));
#14537=DIRECTION('center_axis',(-0.866025403784436,-0.500000000000004,0.));
#14538=DIRECTION('ref_axis',(-0.500000000000004,0.866025403784436,0.));
#14539=DIRECTION('center_axis',(-0.866025403784438,0.5,0.));
#14540=DIRECTION('ref_axis',(0.353553390593281,0.612372435695793,-0.707106781186545));
#14541=DIRECTION('',(-0.866025403784438,0.5,0.));
#14542=DIRECTION('center_axis',(0.,0.,-1.));
#14543=DIRECTION('ref_axis',(-1.,0.,0.));
#14544=DIRECTION('center_axis',(0.866025403784431,0.500000000000013,0.));
#14545=DIRECTION('ref_axis',(0.,0.,-1.));
#14546=DIRECTION('center_axis',(0.,0.,1.));
#14547=DIRECTION('ref_axis',(-0.866025403784437,0.500000000000003,0.));
#14548=DIRECTION('center_axis',(0.,-1.,0.));
#14549=DIRECTION('ref_axis',(-1.,0.,0.));
#14550=DIRECTION('center_axis',(-0.866025403784439,-0.5,0.));
#14551=DIRECTION('ref_axis',(-0.353553390593284,0.612372435695785,-0.707106781186551));
#14552=DIRECTION('',(-0.866025403784439,-0.5,0.));
#14553=DIRECTION('center_axis',(-7.21111007393854E-15,0.,-1.));
#14554=DIRECTION('ref_axis',(-1.,0.,7.21644966006348E-15));
#14555=DIRECTION('center_axis',(0.,0.,-1.));
#14556=DIRECTION('ref_axis',(-1.,7.40148683083436E-16,0.));
#14557=DIRECTION('center_axis',(0.,1.,0.));
#14558=DIRECTION('ref_axis',(0.,0.,-1.));
#14559=DIRECTION('center_axis',(0.,0.,1.));
#14560=DIRECTION('ref_axis',(-0.86602540378444,-0.499999999999997,0.));
#14561=DIRECTION('center_axis',(0.866025403784433,-0.500000000000009,-6.24500451351662E-15));
#14562=DIRECTION('ref_axis',(-0.500000000000009,-0.866025403784433,0.));
#14563=DIRECTION('center_axis',(-6.83720066269712E-16,-1.,0.));
#14564=DIRECTION('ref_axis',(-0.707106781186556,0.,-0.707106781186539));
#14565=DIRECTION('',(6.83720066269712E-16,1.,0.));
#14566=DIRECTION('',(-6.83720066269712E-16,-1.,0.));
#14567=DIRECTION('center_axis',(0.,0.,-1.));
#14568=DIRECTION('ref_axis',(-1.,0.,0.));
#14569=DIRECTION('center_axis',(0.,0.,-1.));
#14570=DIRECTION('ref_axis',(-0.5,-0.866025403784438,0.));
#14571=DIRECTION('center_axis',(-0.86602540378444,0.499999999999997,0.));
#14572=DIRECTION('ref_axis',(0.,0.,-1.));
#14573=DIRECTION('center_axis',(0.,0.,1.));
#14574=DIRECTION('ref_axis',(-4.15775715974821E-15,-1.,0.));
#14575=DIRECTION('center_axis',(0.866025403784446,0.499999999999988,0.));
#14576=DIRECTION('ref_axis',(0.499999999999988,-0.866025403784446,0.));
#14577=DIRECTION('center_axis',(0.866025403784439,-0.5,0.));
#14578=DIRECTION('ref_axis',(-0.353553390593281,-0.612372435695792,-0.707106781186546));
#14579=DIRECTION('',(-0.866025403784438,0.5,0.));
#14580=DIRECTION('',(0.866025403784438,-0.5,0.));
#14581=DIRECTION('center_axis',(0.866025403784439,0.5,0.));
#14582=DIRECTION('ref_axis',(0.353553390593271,-0.612372435695793,-0.70710678118655));
#14583=DIRECTION('',(-0.866025403784439,-0.5,0.));
#14584=DIRECTION('',(0.866025403784439,0.5,0.));
#14585=DIRECTION('center_axis',(-0.965925826289068,-0.25881904510252,0.));
#14586=DIRECTION('ref_axis',(0.25881904510252,-0.965925826289069,0.));
#14587=DIRECTION('center_axis',(0.,0.,1.));
#14588=DIRECTION('ref_axis',(0.,-1.,0.));
#14589=DIRECTION('',(0.,0.,-1.));
#14590=DIRECTION('',(0.,0.,1.));
#14591=DIRECTION('center_axis',(-1.,-1.48029736616687E-16,0.));
#14592=DIRECTION('ref_axis',(0.,-0.707106781186547,-0.707106781186548));
#14593=DIRECTION('',(1.,1.48029736616687E-16,0.));
#14594=DIRECTION('center_axis',(0.5,0.866025403784438,0.));
#14595=DIRECTION('ref_axis',(0.866025403784438,-0.5,0.));
#14596=DIRECTION('',(-1.,-1.48029736616687E-16,0.));
#14597=DIRECTION('center_axis',(0.,0.,1.));
#14598=DIRECTION('ref_axis',(-0.86602540378444,-0.499999999999998,0.));
#14599=DIRECTION('',(0.,0.,-1.));
#14600=DIRECTION('',(0.,0.,1.));
#14601=DIRECTION('center_axis',(0.,0.,1.));
#14602=DIRECTION('ref_axis',(1.,0.,0.));
#14603=DIRECTION('',(-1.,-2.96059473233375E-16,0.));
#14604=DIRECTION('',(-0.866025403784439,-0.5,0.));
#14605=DIRECTION('center_axis',(0.,0.,1.));
#14606=DIRECTION('ref_axis',(-4.15775715974825E-15,1.,0.));
#14607=DIRECTION('',(-0.866025403784438,0.5,0.));
#14608=DIRECTION('center_axis',(0.,0.,1.));
#14609=DIRECTION('ref_axis',(0.866025403784435,0.500000000000006,0.));
#14610=DIRECTION('',(6.83720066269712E-16,1.,0.));
#14611=DIRECTION('center_axis',(0.,0.,1.));
#14612=DIRECTION('ref_axis',(0.866025403784437,-0.500000000000003,0.));
#14613=DIRECTION('',(0.866025403784439,0.5,0.));
#14614=DIRECTION('center_axis',(0.,0.,1.));
#14615=DIRECTION('ref_axis',(0.,-1.,0.));
#14616=DIRECTION('',(0.866025403784438,-0.5,0.));
#14617=DIRECTION('',(1.,1.77635683940025E-15,0.));
#14618=DIRECTION('',(0.866025403784439,0.5,0.));
#14619=DIRECTION('center_axis',(0.,0.,1.));
#14620=DIRECTION('ref_axis',(-3.73909411241249E-16,-1.,0.));
#14621=DIRECTION('',(0.866025403784438,-0.5,0.));
#14622=DIRECTION('',(-5.12790049702283E-16,-1.,0.));
#14623=DIRECTION('',(-0.866025403784438,0.5,0.));
#14624=DIRECTION('',(-0.866025403784439,-0.499999999999999,0.));
#14625=DIRECTION('',(-0.5,-0.866025403784439,0.));
#14626=DIRECTION('',(0.500000000000001,-0.866025403784438,0.));
#14627=DIRECTION('',(1.,9.61481343191782E-16,0.));
#14628=DIRECTION('',(0.499999999999999,0.866025403784439,0.));
#14629=DIRECTION('',(-0.500000000000001,0.866025403784438,0.));
#14630=DIRECTION('',(-1.,-3.20493781063928E-16,0.));
#14631=DIRECTION('',(-5.12790049702283E-16,-1.,0.));
#14632=DIRECTION('',(-0.866025403784438,0.5,0.));
#14633=DIRECTION('',(-0.866025403784439,-0.499999999999999,0.));
#14634=DIRECTION('',(2.56395024851142E-16,-1.,0.));
#14635=DIRECTION('',(-0.866025403784438,0.500000000000001,0.));
#14636=DIRECTION('',(-0.866025403784439,-0.499999999999999,0.));
#14637=DIRECTION('',(-0.500000000000001,0.866025403784438,0.));
#14638=DIRECTION('',(-1.,-8.01234452659818E-16,0.));
#14639=DIRECTION('',(-0.499999999999999,-0.866025403784439,0.));
#14640=DIRECTION('',(0.500000000000001,-0.866025403784438,0.));
#14641=DIRECTION('',(1.,1.60246890531964E-16,0.));
#14642=DIRECTION('',(0.5,0.866025403784439,0.));
#14643=DIRECTION('center_axis',(-1.62832710278356E-15,1.,0.));
#14644=DIRECTION('ref_axis',(-1.,-1.62832710278356E-15,0.));
#14645=DIRECTION('',(-1.,-1.62832710278356E-15,0.));
#14646=DIRECTION('center_axis',(0.,0.,1.));
#14647=DIRECTION('ref_axis',(-3.73909411241249E-16,-1.,0.));
#14648=DIRECTION('',(0.,0.,-1.));
#14649=DIRECTION('',(0.,0.,1.));
#14650=DIRECTION('center_axis',(-0.5,-0.866025403784438,0.));
#14651=DIRECTION('ref_axis',(0.866025403784438,-0.5,0.));
#14652=DIRECTION('',(0.,0.,1.));
#14653=DIRECTION('center_axis',(1.,1.77635683940025E-15,0.));
#14654=DIRECTION('ref_axis',(0.,-0.707106781186547,-0.707106781186548));
#14655=DIRECTION('',(-1.,-1.77635683940025E-15,0.));
#14656=DIRECTION('center_axis',(-0.5,0.866025403784439,0.));
#14657=DIRECTION('ref_axis',(-0.866025403784439,-0.5,0.));
#14658=DIRECTION('center_axis',(-0.965925826289068,0.25881904510252,-8.04294819319652E-15));
#14659=DIRECTION('ref_axis',(-0.25881904510252,-0.965925826289068,3.00166912996536E-14));
#14660=DIRECTION('center_axis',(2.40370335797946E-15,4.16333634234438E-15,
-1.));
#14661=DIRECTION('ref_axis',(-1.,0.,-2.40548322002117E-15));
#14662=DIRECTION('center_axis',(-0.86602540378444,0.499999999999997,0.));
#14663=DIRECTION('ref_axis',(0.,0.,-1.));
#14664=DIRECTION('center_axis',(0.866025403784436,0.500000000000004,4.16333634234437E-15));
#14665=DIRECTION('ref_axis',(0.500000000000004,-0.866025403784436,0.));
#14666=DIRECTION('center_axis',(0.866025403784438,-0.5,0.));
#14667=DIRECTION('ref_axis',(-0.35355339059327,-0.612372435695796,-0.707106781186548));
#14668=DIRECTION('center_axis',(0.,0.,-1.));
#14669=DIRECTION('ref_axis',(-1.,0.,0.));
#14670=DIRECTION('center_axis',(-0.866025403784446,-0.499999999999988,0.));
#14671=DIRECTION('ref_axis',(0.,0.,-1.));
#14672=DIRECTION('center_axis',(0.,1.,0.));
#14673=DIRECTION('ref_axis',(1.,0.,0.));
#14674=DIRECTION('center_axis',(0.866025403784439,0.5,0.));
#14675=DIRECTION('ref_axis',(0.353553390593284,-0.612372435695785,-0.707106781186551));
#14676=DIRECTION('center_axis',(8.34393049833661E-14,0.,-1.));
#14677=DIRECTION('ref_axis',(-1.,0.,-8.34517640176568E-14));
#14678=DIRECTION('center_axis',(0.,0.,-1.));
#14679=DIRECTION('ref_axis',(1.,-7.40148683083436E-16,0.));
#14680=DIRECTION('center_axis',(0.,-1.,0.));
#14681=DIRECTION('ref_axis',(0.,0.,-1.));
#14682=DIRECTION('center_axis',(-0.866025403784431,0.500000000000013,-7.2260557789712E-14));
#14683=DIRECTION('ref_axis',(0.500000000000013,0.866025403784431,0.));
#14684=DIRECTION('center_axis',(6.83720066269712E-16,1.,0.));
#14685=DIRECTION('ref_axis',(0.707106781186556,0.,-0.707106781186539));
#14686=DIRECTION('',(-6.83720066269712E-16,-1.,0.));
#14687=DIRECTION('center_axis',(1.07303760426681E-14,1.85855564902212E-14,
-1.));
#14688=DIRECTION('ref_axis',(-1.,0.,-1.07321559047097E-14));
#14689=DIRECTION('center_axis',(0.,0.,-1.));
#14690=DIRECTION('ref_axis',(0.500000000000001,0.866025403784438,0.));
#14691=DIRECTION('center_axis',(0.86602540378444,-0.499999999999997,0.));
#14692=DIRECTION('ref_axis',(0.,0.,-1.));
#14693=DIRECTION('center_axis',(-0.86602540378444,-0.499999999999997,-1.85855564902211E-14));
#14694=DIRECTION('ref_axis',(-0.499999999999997,0.86602540378444,0.));
#14695=DIRECTION('center_axis',(-0.866025403784439,0.5,0.));
#14696=DIRECTION('ref_axis',(0.353553390593284,0.612372435695785,-0.707106781186551));
#14697=DIRECTION('',(0.866025403784438,-0.5,0.));
#14698=DIRECTION('center_axis',(-0.866025403784439,-0.5,0.));
#14699=DIRECTION('ref_axis',(-0.353553390593271,0.612372435695793,-0.70710678118655));
#14700=DIRECTION('',(0.866025403784439,0.5,0.));
#14701=DIRECTION('center_axis',(0.965925826289068,0.25881904510252,-6.96539745663034E-15));
#14702=DIRECTION('ref_axis',(-0.25881904510252,0.965925826289069,2.59952172030555E-14));
#14703=DIRECTION('center_axis',(0.,0.,1.));
#14704=DIRECTION('ref_axis',(0.,1.,0.));
#14705=DIRECTION('',(0.,0.,-1.));
#14706=DIRECTION('',(0.,0.,1.));
#14707=DIRECTION('center_axis',(1.,2.96059473233375E-16,0.));
#14708=DIRECTION('ref_axis',(0.,0.707106781186547,-0.707106781186548));
#14709=DIRECTION('',(1.,2.96059473233375E-16,0.));
#14710=DIRECTION('center_axis',(0.,0.,1.));
#14711=DIRECTION('ref_axis',(0.86602540378444,0.499999999999997,0.));
#14712=DIRECTION('',(0.,0.,-1.));
#14713=DIRECTION('',(0.,0.,1.));
#14714=DIRECTION('center_axis',(1.77635683940025E-15,-1.,0.));
#14715=DIRECTION('ref_axis',(1.,1.77635683940025E-15,0.));
#14716=DIRECTION('',(1.,1.77635683940025E-15,0.));
#14717=DIRECTION('',(0.,0.,1.));
#14718=DIRECTION('center_axis',(0.,0.,1.));
#14719=DIRECTION('ref_axis',(1.,0.,0.));
#14720=DIRECTION('',(1.,1.48029736616687E-16,0.));
#14721=DIRECTION('',(-0.500000000000001,0.866025403784438,0.));
#14722=DIRECTION('',(0.5,0.866025403784439,0.));
#14723=DIRECTION('',(1.,1.60246890531964E-16,0.));
#14724=DIRECTION('',(0.500000000000001,-0.866025403784438,0.));
#14725=DIRECTION('',(-0.499999999999999,-0.866025403784439,0.));
#14726=DIRECTION('',(-1.,-8.01234452659818E-16,0.));
#14727=DIRECTION('center_axis',(1.,-6.83720066269711E-16,0.));
#14728=DIRECTION('ref_axis',(6.83720066269711E-16,1.,0.));
#14729=DIRECTION('',(0.,0.,1.));
#14730=DIRECTION('',(-6.83720066269711E-16,-1.,0.));
#14731=DIRECTION('center_axis',(0.,0.,1.));
#14732=DIRECTION('ref_axis',(1.,0.,0.));
#14733=DIRECTION('',(-1.,-2.96059473233375E-16,0.));
#14734=DIRECTION('',(-0.5,-0.866025403784439,0.));
#14735=DIRECTION('',(-1.,-3.20493781063928E-16,0.));
#14736=DIRECTION('',(-0.500000000000001,0.866025403784438,0.));
#14737=DIRECTION('',(0.499999999999999,0.866025403784439,0.));
#14738=DIRECTION('',(1.,9.61481343191782E-16,0.));
#14739=DIRECTION('',(0.500000000000001,-0.866025403784438,0.));
#14740=DIRECTION('center_axis',(-8.01234452659819E-16,1.,0.));
#14741=DIRECTION('ref_axis',(-1.,-8.01234452659818E-16,0.));
#14742=DIRECTION('',(0.,0.,1.));
#14743=DIRECTION('',(0.,0.,1.));
#14744=DIRECTION('center_axis',(-0.866025403784439,0.499999999999999,0.));
#14745=DIRECTION('ref_axis',(-0.499999999999999,-0.866025403784439,0.));
#14746=DIRECTION('',(0.,0.,1.));
#14747=DIRECTION('center_axis',(-0.866025403784438,-0.500000000000001,0.));
#14748=DIRECTION('ref_axis',(0.500000000000001,-0.866025403784438,0.));
#14749=DIRECTION('',(0.,0.,1.));
#14750=DIRECTION('center_axis',(1.60246890531964E-16,-1.,0.));
#14751=DIRECTION('ref_axis',(1.,1.60246890531964E-16,0.));
#14752=DIRECTION('',(0.,0.,1.));
#14753=DIRECTION('center_axis',(0.866025403784439,-0.5,0.));
#14754=DIRECTION('ref_axis',(0.5,0.866025403784439,0.));
#14755=DIRECTION('',(0.,0.,1.));
#14756=DIRECTION('center_axis',(0.866025403784438,0.500000000000001,0.));
#14757=DIRECTION('ref_axis',(-0.500000000000001,0.866025403784438,0.));
#14758=DIRECTION('center_axis',(0.5,0.866025403784438,0.));
#14759=DIRECTION('ref_axis',(-0.866025403784438,0.5,0.));
#14760=DIRECTION('',(0.,0.,1.));
#14761=DIRECTION('center_axis',(-0.5,0.866025403784439,0.));
#14762=DIRECTION('ref_axis',(-0.866025403784439,-0.499999999999999,0.));
#14763=DIRECTION('',(0.,0.,1.));
#14764=DIRECTION('center_axis',(-1.,5.12790049702283E-16,0.));
#14765=DIRECTION('ref_axis',(-5.12790049702283E-16,-1.,0.));
#14766=DIRECTION('center_axis',(0.5,0.866025403784438,0.));
#14767=DIRECTION('ref_axis',(-0.866025403784438,0.5,0.));
#14768=DIRECTION('',(0.,0.,1.));
#14769=DIRECTION('center_axis',(-0.499999999999999,0.866025403784439,0.));
#14770=DIRECTION('ref_axis',(-0.866025403784439,-0.499999999999999,0.));
#14771=DIRECTION('',(0.,0.,1.));
#14772=DIRECTION('center_axis',(-1.,5.12790049702283E-16,0.));
#14773=DIRECTION('ref_axis',(-5.12790049702283E-16,-1.,0.));
#14774=DIRECTION('center_axis',(-0.866025403784438,-0.500000000000001,0.));
#14775=DIRECTION('ref_axis',(0.500000000000001,-0.866025403784438,0.));
#14776=DIRECTION('',(0.,0.,1.));
#14777=DIRECTION('',(0.,0.,1.));
#14778=DIRECTION('center_axis',(9.61481343191782E-16,-1.,0.));
#14779=DIRECTION('ref_axis',(1.,9.61481343191782E-16,0.));
#14780=DIRECTION('',(0.,0.,1.));
#14781=DIRECTION('center_axis',(0.866025403784439,-0.499999999999999,0.));
#14782=DIRECTION('ref_axis',(0.499999999999999,0.866025403784439,0.));
#14783=DIRECTION('',(0.,0.,1.));
#14784=DIRECTION('center_axis',(0.866025403784438,0.500000000000001,0.));
#14785=DIRECTION('ref_axis',(-0.500000000000001,0.866025403784438,0.));
#14786=DIRECTION('',(0.,0.,1.));
#14787=DIRECTION('center_axis',(-3.20493781063928E-16,1.,0.));
#14788=DIRECTION('ref_axis',(-1.,-3.20493781063928E-16,0.));
#14789=DIRECTION('',(0.,0.,1.));
#14790=DIRECTION('center_axis',(-0.866025403784439,0.5,0.));
#14791=DIRECTION('ref_axis',(-0.5,-0.866025403784439,0.));
#14792=DIRECTION('center_axis',(0.500000000000001,0.866025403784438,0.));
#14793=DIRECTION('ref_axis',(-0.866025403784438,0.500000000000001,0.));
#14794=DIRECTION('',(0.,0.,1.));
#14795=DIRECTION('center_axis',(-0.5,0.866025403784439,0.));
#14796=DIRECTION('ref_axis',(-0.866025403784439,-0.499999999999999,0.));
#14797=DIRECTION('',(0.,0.,1.));
#14798=DIRECTION('center_axis',(-1.,-2.56395024851142E-16,0.));
#14799=DIRECTION('ref_axis',(2.56395024851142E-16,-1.,0.));
#14800=DIRECTION('center_axis',(-2.96059473233375E-16,1.,0.));
#14801=DIRECTION('ref_axis',(-1.,-2.96059473233375E-16,0.));
#14802=DIRECTION('',(0.,0.,1.));
#14803=DIRECTION('center_axis',(-0.5,0.866025403784439,0.));
#14804=DIRECTION('ref_axis',(-0.866025403784439,-0.5,0.));
#14805=DIRECTION('center_axis',(0.5,0.866025403784439,0.));
#14806=DIRECTION('ref_axis',(-0.866025403784438,0.5,0.));
#14807=DIRECTION('center_axis',(1.,-6.83720066269712E-16,0.));
#14808=DIRECTION('ref_axis',(6.83720066269712E-16,1.,0.));
#14809=DIRECTION('center_axis',(0.5,-0.866025403784439,0.));
#14810=DIRECTION('ref_axis',(0.866025403784439,0.5,0.));
#14811=DIRECTION('center_axis',(1.48029736616687E-16,-1.,0.));
#14812=DIRECTION('ref_axis',(1.,1.48029736616687E-16,0.));
#14813=DIRECTION('',(0.,0.,1.));
#14814=DIRECTION('center_axis',(0.5,-0.866025403784439,0.));
#14815=DIRECTION('ref_axis',(0.866025403784439,0.5,0.));
#14816=DIRECTION('center_axis',(-0.5,-0.866025403784439,0.));
#14817=DIRECTION('ref_axis',(0.866025403784438,-0.5,0.));
#14818=DIRECTION('center_axis',(-1.,6.83720066269712E-16,0.));
#14819=DIRECTION('ref_axis',(-6.83720066269712E-16,-1.,0.));
#14820=DIRECTION('center_axis',(0.707106781186547,-3.62597321469471E-16,
0.707106781186548));
#14821=DIRECTION('ref_axis',(0.707106781186548,0.,-0.707106781186547));
#14822=DIRECTION('',(-5.12790049702283E-16,-1.,0.));
#14823=DIRECTION('',(0.654653670707977,0.377964473009228,-0.654653670707977));
#14824=DIRECTION('',(5.12790049702283E-16,1.,0.));
#14825=DIRECTION('',(0.654653670707978,-0.377964473009227,-0.654653670707977));
#14826=DIRECTION('center_axis',(0.353553390593274,0.612372435695794,0.707106781186548));
#14827=DIRECTION('ref_axis',(0.894427190999916,0.,-0.447213595499958));
#14828=DIRECTION('',(0.866025403784438,-0.5,0.));
#14829=DIRECTION('',(0.,0.755928946018455,-0.654653670707976));
#14830=DIRECTION('',(-0.866025403784438,0.5,0.));
#14831=DIRECTION('center_axis',(-0.353553390593273,0.612372435695794,0.707106781186548));
#14832=DIRECTION('ref_axis',(0.894427190999916,0.,0.447213595499957));
#14833=DIRECTION('',(0.866025403784439,0.499999999999999,0.));
#14834=DIRECTION('',(-0.654653670707977,0.377964473009228,-0.654653670707977));
#14835=DIRECTION('',(-0.866025403784439,-0.499999999999999,0.));
#14836=DIRECTION('center_axis',(-0.707106781186547,3.62597321469471E-16,
0.707106781186548));
#14837=DIRECTION('ref_axis',(0.707106781186548,0.,0.707106781186547));
#14838=DIRECTION('',(5.12790049702283E-16,1.,0.));
#14839=DIRECTION('',(-0.654653670707978,-0.377964473009227,-0.654653670707977));
#14840=DIRECTION('',(-5.12790049702283E-16,-1.,0.));
#14841=DIRECTION('center_axis',(-0.353553390593274,-0.612372435695795,0.707106781186547));
#14842=DIRECTION('ref_axis',(0.894427190999916,0.,0.447213595499958));
#14843=DIRECTION('',(0.866025403784438,-0.5,0.));
#14844=DIRECTION('',(-0.866025403784438,0.5,0.));
#14845=DIRECTION('',(0.,-0.755928946018455,-0.654653670707977));
#14846=DIRECTION('center_axis',(0.353553390593273,-0.612372435695794,0.707106781186548));
#14847=DIRECTION('ref_axis',(0.894427190999916,0.,-0.447213595499957));
#14848=DIRECTION('',(0.866025403784439,0.5,0.));
#14849=DIRECTION('',(-0.866025403784439,-0.5,0.));
#14850=DIRECTION('center_axis',(-0.5,-0.866025403784438,0.));
#14851=DIRECTION('ref_axis',(0.866025403784438,-0.5,0.));
#14852=DIRECTION('',(0.,0.,1.));
#14853=DIRECTION('',(0.866025403784438,-0.5,0.));
#14854=DIRECTION('',(0.,0.,1.));
#14855=DIRECTION('center_axis',(0.5,-0.866025403784439,0.));
#14856=DIRECTION('ref_axis',(0.866025403784439,0.5,0.));
#14857=DIRECTION('',(0.,0.,1.));
#14858=DIRECTION('',(0.866025403784439,0.5,0.));
#14859=DIRECTION('center_axis',(1.,-5.12790049702283E-16,0.));
#14860=DIRECTION('ref_axis',(5.12790049702283E-16,1.,0.));
#14861=DIRECTION('',(0.,0.,1.));
#14862=DIRECTION('',(5.12790049702283E-16,1.,0.));
#14863=DIRECTION('center_axis',(0.,0.,1.));
#14864=DIRECTION('ref_axis',(1.,0.,0.));
#14865=DIRECTION('',(3.41860033134856E-16,1.,0.));
#14866=DIRECTION('',(-0.866025403784438,0.5,0.));
#14867=DIRECTION('center_axis',(0.,0.,-1.));
#14868=DIRECTION('ref_axis',(0.,-1.,0.));
#14869=DIRECTION('',(-0.866025403784439,-0.5,0.));
#14870=DIRECTION('center_axis',(0.,0.,-1.));
#14871=DIRECTION('ref_axis',(0.866025403784438,-0.500000000000001,0.));
#14872=DIRECTION('',(-6.83720066269712E-16,-1.,0.));
#14873=DIRECTION('center_axis',(0.,0.,-1.));
#14874=DIRECTION('ref_axis',(0.86602540378444,0.499999999999997,0.));
#14875=DIRECTION('',(0.866025403784438,-0.5,0.));
#14876=DIRECTION('center_axis',(0.,0.,-1.));
#14877=DIRECTION('ref_axis',(0.,1.,0.));
#14878=DIRECTION('',(0.866025403784439,0.5,0.));
#14879=DIRECTION('center_axis',(-0.707106781186547,2.41731547646314E-16,
0.707106781186548));
#14880=DIRECTION('ref_axis',(0.707106781186548,0.,0.707106781186547));
#14881=DIRECTION('',(-0.654653670707979,0.377964473009223,-0.654653670707978));
#14882=DIRECTION('',(-3.41860033134856E-16,-1.,0.));
#14883=DIRECTION('',(-0.654653670707981,-0.377964473009223,-0.654653670707976));
#14884=DIRECTION('center_axis',(-0.353553390593275,-0.612372435695795,0.707106781186546));
#14885=DIRECTION('ref_axis',(0.894427190999915,0.,0.447213595499959));
#14886=DIRECTION('',(0.866025403784438,-0.5,0.));
#14887=DIRECTION('',(0.353553390593274,0.612372435695794,0.707106781186548));
#14888=DIRECTION('center_axis',(0.,0.,-1.));
#14889=DIRECTION('ref_axis',(0.,-1.,0.));
#14890=DIRECTION('center_axis',(0.,0.,1.));
#14891=DIRECTION('ref_axis',(0.,-1.,0.));
#14892=DIRECTION('',(-0.353553390593274,0.612372435695794,0.707106781186548));
#14893=DIRECTION('center_axis',(0.353553390593273,-0.612372435695793,0.707106781186549));
#14894=DIRECTION('ref_axis',(0.894427190999917,0.,-0.447213595499956));
#14895=DIRECTION('',(-0.35355339059328,0.612372435695796,0.707106781186543));
#14896=DIRECTION('',(0.866025403784439,0.5,0.));
#14897=DIRECTION('center_axis',(0.,0.,-1.));
#14898=DIRECTION('ref_axis',(0.866025403784438,-0.500000000000001,0.));
#14899=DIRECTION('center_axis',(0.,0.,1.));
#14900=DIRECTION('ref_axis',(0.866025403784438,-0.500000000000001,0.));
#14901=DIRECTION('',(-0.707106781186548,1.96261557335472E-15,0.707106781186547));
#14902=DIRECTION('center_axis',(0.707106781186547,-4.83463095292629E-16,
0.707106781186548));
#14903=DIRECTION('ref_axis',(0.707106781186548,0.,-0.707106781186547));
#14904=DIRECTION('',(-0.707106781186548,1.96261557335472E-15,0.707106781186547));
#14905=DIRECTION('',(6.83720066269712E-16,1.,0.));
#14906=DIRECTION('center_axis',(0.,0.,-1.));
#14907=DIRECTION('ref_axis',(0.86602540378444,0.499999999999997,0.));
#14908=DIRECTION('center_axis',(0.,0.,1.));
#14909=DIRECTION('ref_axis',(0.86602540378444,0.499999999999997,0.));
#14910=DIRECTION('',(-0.35355339059328,-0.612372435695795,0.707106781186544));
#14911=DIRECTION('center_axis',(0.353553390593273,0.612372435695793,0.70710678118655));
#14912=DIRECTION('ref_axis',(0.894427190999917,0.,-0.447213595499956));
#14913=DIRECTION('',(-0.35355339059328,-0.612372435695795,0.707106781186544));
#14914=DIRECTION('',(-0.866025403784438,0.5,0.));
#14915=DIRECTION('center_axis',(0.,0.,-1.));
#14916=DIRECTION('ref_axis',(0.,1.,0.));
#14917=DIRECTION('center_axis',(0.,0.,1.));
#14918=DIRECTION('ref_axis',(0.,1.,0.));
#14919=DIRECTION('',(0.353553390593274,-0.612372435695794,0.707106781186548));
#14920=DIRECTION('center_axis',(-0.353553390593274,0.612372435695795,0.707106781186547));
#14921=DIRECTION('ref_axis',(0.894427190999916,0.,0.447213595499958));
#14922=DIRECTION('',(-0.866025403784439,-0.5,0.));
#14923=DIRECTION('center_axis',(0.,0.,1.));
#14924=DIRECTION('ref_axis',(0.866025403784438,-0.500000000000001,0.));
#14925=DIRECTION('',(0.,0.,-1.));
#14926=DIRECTION('center_axis',(2.31296463463575E-17,1.33539075443304E-17,
-1.));
#14927=DIRECTION('ref_axis',(0.500000000000001,-0.866025403784438,0.));
#14928=DIRECTION('',(0.,0.,1.));
#14929=DIRECTION('center_axis',(0.5,-0.866025403784439,0.));
#14930=DIRECTION('ref_axis',(0.866025403784439,0.5,0.));
#14931=DIRECTION('',(0.,0.,1.));
#14932=DIRECTION('',(-0.866025403784439,-0.5,0.));
#14933=DIRECTION('center_axis',(0.,0.,1.));
#14934=DIRECTION('ref_axis',(0.,-1.,0.));
#14935=DIRECTION('',(0.,0.,-1.));
#14936=DIRECTION('center_axis',(-2.31296463463574E-17,1.33539075443303E-17,
-1.));
#14937=DIRECTION('ref_axis',(-0.500000000000001,-0.866025403784438,0.));
#14938=DIRECTION('center_axis',(-0.5,-0.866025403784438,0.));
#14939=DIRECTION('ref_axis',(0.866025403784438,-0.5,0.));
#14940=DIRECTION('',(0.,0.,1.));
#14941=DIRECTION('',(0.,0.,1.));
#14942=DIRECTION('',(-0.866025403784438,0.5,0.));
#14943=DIRECTION('center_axis',(-1.,3.41860033134856E-16,0.));
#14944=DIRECTION('ref_axis',(-3.41860033134856E-16,-1.,0.));
#14945=DIRECTION('',(0.,0.,1.));
#14946=DIRECTION('',(3.41860033134856E-16,1.,0.));
#14947=DIRECTION('center_axis',(-0.707106781186547,2.41731547646314E-16,
0.707106781186548));
#14948=DIRECTION('ref_axis',(0.707106781186548,0.,0.707106781186547));
#14949=DIRECTION('',(3.41860033134856E-16,1.,0.));
#14950=DIRECTION('',(-0.654653670707979,0.377964473009223,-0.654653670707978));
#14951=DIRECTION('',(-3.41860033134856E-16,-1.,0.));
#14952=DIRECTION('',(-0.65465367070798,-0.377964473009226,-0.654653670707976));
#14953=DIRECTION('center_axis',(-0.353553390593274,0.612372435695795,0.707106781186547));
#14954=DIRECTION('ref_axis',(0.894427190999916,0.,0.447213595499958));
#14955=DIRECTION('',(0.866025403784439,0.5,0.));
#14956=DIRECTION('',(1.81702894593843E-15,0.755928946018454,-0.654653670707978));
#14957=DIRECTION('',(-0.866025403784439,-0.5,0.));
#14958=DIRECTION('center_axis',(0.353553390593274,0.612372435695794,0.707106781186548));
#14959=DIRECTION('ref_axis',(0.894427190999916,0.,-0.447213595499958));
#14960=DIRECTION('',(0.866025403784439,-0.5,0.));
#14961=DIRECTION('',(0.654653670707978,0.377964473009227,-0.654653670707977));
#14962=DIRECTION('',(-0.866025403784439,0.5,0.));
#14963=DIRECTION('center_axis',(0.707106781186547,-4.83463095292628E-16,
0.707106781186548));
#14964=DIRECTION('ref_axis',(0.707106781186548,0.,-0.707106781186547));
#14965=DIRECTION('',(-6.83720066269711E-16,-1.,0.));
#14966=DIRECTION('',(0.654653670707977,-0.377964473009228,-0.654653670707977));
#14967=DIRECTION('',(6.83720066269711E-16,1.,0.));
#14968=DIRECTION('center_axis',(0.353553390593273,-0.612372435695794,0.707106781186549));
#14969=DIRECTION('ref_axis',(0.894427190999917,0.,-0.447213595499956));
#14970=DIRECTION('',(0.866025403784439,0.5,0.));
#14971=DIRECTION('',(-0.866025403784439,-0.5,0.));
#14972=DIRECTION('',(0.,-0.755928946018454,-0.654653670707978));
#14973=DIRECTION('center_axis',(-0.353553390593274,-0.612372435695795,0.707106781186547));
#14974=DIRECTION('ref_axis',(0.894427190999916,0.,0.447213595499959));
#14975=DIRECTION('',(0.866025403784438,-0.5,0.));
#14976=DIRECTION('',(-0.866025403784438,0.5,0.));
#14977=DIRECTION('center_axis',(0.5,-0.866025403784439,0.));
#14978=DIRECTION('ref_axis',(0.866025403784439,0.5,0.));
#14979=DIRECTION('',(0.,0.,1.));
#14980=DIRECTION('',(0.,0.,1.));
#14981=DIRECTION('center_axis',(-0.5,0.866025403784439,0.));
#14982=DIRECTION('ref_axis',(0.866025403784439,0.5,9.75781955236954E-17));
#14983=DIRECTION('',(0.866025403784439,0.5,0.));
#14984=DIRECTION('center_axis',(-0.5,0.866025403784439,0.));
#14985=DIRECTION('ref_axis',(-0.866025403784439,-0.5,0.));
#14986=DIRECTION('',(0.,0.,1.));
#14987=DIRECTION('',(0.,0.,1.));
#14988=DIRECTION('center_axis',(-0.5,-0.866025403784438,0.));
#14989=DIRECTION('ref_axis',(0.866025403784438,-0.5,0.));
#14990=DIRECTION('',(0.,0.,1.));
#14991=DIRECTION('',(-0.866025403784438,0.5,0.));
#14992=DIRECTION('center_axis',(-1.,3.41860033134856E-16,0.));
#14993=DIRECTION('ref_axis',(-3.41860033134856E-16,-1.,0.));
#14994=DIRECTION('',(0.,0.,1.));
#14995=DIRECTION('',(0.,0.,1.));
#14996=DIRECTION('center_axis',(1.,-3.41860033134856E-16,0.));
#14997=DIRECTION('ref_axis',(-3.6799042000401E-16,-1.,9.75781955236955E-17));
#14998=DIRECTION('',(-3.41860033134856E-16,-1.,0.));
#14999=DIRECTION('center_axis',(1.,-3.41860033134856E-16,0.));
#15000=DIRECTION('ref_axis',(3.67990420004009E-16,1.,-3.2526065174565E-17));
#15001=DIRECTION('',(0.,0.,1.));
#15002=DIRECTION('center_axis',(0.,0.,1.));
#15003=DIRECTION('ref_axis',(1.,0.,0.));
#15004=DIRECTION('',(-6.40987562127855E-16,-1.,0.));
#15005=DIRECTION('',(-0.866025403784439,-0.5,0.));
#15006=DIRECTION('',(-0.866025403784438,0.5,0.));
#15007=DIRECTION('',(-2.56395024851142E-16,1.,0.));
#15008=DIRECTION('',(0.866025403784439,0.499999999999999,0.));
#15009=DIRECTION('',(0.866025403784438,-0.500000000000001,0.));
#15010=DIRECTION('center_axis',(0.707106781186547,-4.53246651836839E-16,
0.707106781186548));
#15011=DIRECTION('ref_axis',(0.707106781186548,0.,-0.707106781186547));
#15012=DIRECTION('',(0.654653670707979,0.377964473009224,-0.654653670707977));
#15013=DIRECTION('',(6.40987562127855E-16,1.,0.));
#15014=DIRECTION('',(0.654653670707977,-0.377964473009228,-0.654653670707977));
#15015=DIRECTION('center_axis',(0.353553390593275,0.612372435695796,0.707106781186546));
#15016=DIRECTION('ref_axis',(0.894427190999915,0.,-0.44721359549996));
#15017=DIRECTION('',(6.17328247502453E-16,0.755928946018455,-0.654653670707977));
#15018=DIRECTION('',(-0.866025403784438,0.500000000000001,0.));
#15019=DIRECTION('center_axis',(-0.353553390593273,0.612372435695794,0.707106781186548));
#15020=DIRECTION('ref_axis',(0.894427190999916,0.,0.447213595499957));
#15021=DIRECTION('',(-0.654653670707978,0.377964473009227,-0.654653670707976));
#15022=DIRECTION('',(-0.866025403784439,-0.499999999999999,0.));
#15023=DIRECTION('center_axis',(-0.707106781186547,-1.81298660734736E-16,
0.707106781186548));
#15024=DIRECTION('ref_axis',(0.707106781186548,0.,0.707106781186547));
#15025=DIRECTION('',(-0.654653670707978,-0.377964473009227,-0.654653670707976));
#15026=DIRECTION('',(2.56395024851142E-16,-1.,0.));
#15027=DIRECTION('center_axis',(-0.353553390593274,-0.612372435695794,0.707106781186548));
#15028=DIRECTION('ref_axis',(0.894427190999916,0.,0.447213595499958));
#15029=DIRECTION('',(0.866025403784438,-0.5,0.));
#15030=DIRECTION('',(1.33015750725025E-15,-0.755928946018455,-0.654653670707977));
#15031=DIRECTION('center_axis',(0.353553390593273,-0.612372435695793,0.707106781186549));
#15032=DIRECTION('ref_axis',(0.894427190999917,0.,-0.447213595499956));
#15033=DIRECTION('',(0.866025403784439,0.5,0.));
#15034=DIRECTION('center_axis',(-0.5,-0.866025403784439,0.));
#15035=DIRECTION('ref_axis',(0.866025403784438,-0.5,0.));
#15036=DIRECTION('',(0.,0.,1.));
#15037=DIRECTION('',(0.866025403784439,-0.5,0.));
#15038=DIRECTION('',(0.,0.,1.));
#15039=DIRECTION('center_axis',(0.5,-0.866025403784439,0.));
#15040=DIRECTION('ref_axis',(0.866025403784439,0.5,0.));
#15041=DIRECTION('',(0.,0.,1.));
#15042=DIRECTION('',(0.866025403784439,0.5,0.));
#15043=DIRECTION('center_axis',(1.,-6.40987562127855E-16,0.));
#15044=DIRECTION('ref_axis',(6.40987562127855E-16,1.,0.));
#15045=DIRECTION('',(0.,0.,1.));
#15046=DIRECTION('',(6.40987562127855E-16,1.,0.));
#15047=DIRECTION('center_axis',(0.353553390593273,0.612372435695792,0.70710678118655));
#15048=DIRECTION('ref_axis',(0.894427190999917,0.,-0.447213595499956));
#15049=DIRECTION('',(0.866025403784438,-0.500000000000001,0.));
#15050=DIRECTION('',(3.63405789187684E-15,0.755928946018457,-0.654653670707974));
#15051=DIRECTION('',(-0.866025403784438,0.500000000000001,0.));
#15052=DIRECTION('',(0.654653670707976,0.377964473009233,-0.654653670707975));
#15053=DIRECTION('center_axis',(-0.353553390593272,0.612372435695793,0.707106781186549));
#15054=DIRECTION('ref_axis',(0.894427190999917,0.,0.447213595499956));
#15055=DIRECTION('',(0.866025403784439,0.499999999999999,0.));
#15056=DIRECTION('',(-0.654653670707976,0.377964473009233,-0.654653670707975));
#15057=DIRECTION('',(-0.866025403784439,-0.499999999999999,0.));
#15058=DIRECTION('center_axis',(-0.707106781186547,6.34545312571575E-16,
0.707106781186548));
#15059=DIRECTION('ref_axis',(0.707106781186548,0.,0.707106781186547));
#15060=DIRECTION('',(8.97382586978996E-16,1.,0.));
#15061=DIRECTION('',(-0.654653670707979,-0.377964473009226,-0.654653670707976));
#15062=DIRECTION('',(-8.97382586978996E-16,-1.,0.));
#15063=DIRECTION('center_axis',(-0.353553390593274,-0.612372435695793,0.707106781186549));
#15064=DIRECTION('ref_axis',(0.894427190999916,0.,0.447213595499957));
#15065=DIRECTION('',(-0.866025403784438,0.500000000000001,0.));
#15066=DIRECTION('',(0.,-0.755928946018455,-0.654653670707976));
#15067=DIRECTION('',(0.866025403784438,-0.500000000000001,0.));
#15068=DIRECTION('center_axis',(0.353553390593273,-0.612372435695794,0.707106781186549));
#15069=DIRECTION('ref_axis',(0.894427190999917,0.,-0.447213595499956));
#15070=DIRECTION('',(0.866025403784439,0.499999999999999,0.));
#15071=DIRECTION('',(-0.866025403784439,-0.499999999999999,0.));
#15072=DIRECTION('',(0.654653670707976,-0.377964473009233,-0.654653670707975));
#15073=DIRECTION('center_axis',(0.707106781186547,-1.08779196440841E-15,
0.707106781186548));
#15074=DIRECTION('ref_axis',(0.707106781186548,0.,-0.707106781186547));
#15075=DIRECTION('',(1.53837014910685E-15,1.,0.));
#15076=DIRECTION('',(-1.53837014910685E-15,-1.,0.));
#15077=DIRECTION('center_axis',(0.499999999999999,-0.866025403784439,0.));
#15078=DIRECTION('ref_axis',(0.866025403784439,0.499999999999999,0.));
#15079=DIRECTION('',(0.,0.,1.));
#15080=DIRECTION('',(0.866025403784439,0.499999999999999,0.));
#15081=DIRECTION('',(0.,0.,1.));
#15082=DIRECTION('center_axis',(1.,-1.53837014910685E-15,0.));
#15083=DIRECTION('ref_axis',(1.53837014910685E-15,1.,0.));
#15084=DIRECTION('',(0.,0.,1.));
#15085=DIRECTION('',(1.53837014910685E-15,1.,0.));
#15086=DIRECTION('center_axis',(0.500000000000001,0.866025403784438,0.));
#15087=DIRECTION('ref_axis',(-0.866025403784438,0.500000000000001,0.));
#15088=DIRECTION('',(0.,0.,1.));
#15089=DIRECTION('',(-0.866025403784438,0.500000000000001,0.));
#15090=DIRECTION('center_axis',(0.,0.,1.));
#15091=DIRECTION('ref_axis',(1.,0.,0.));
#15092=DIRECTION('',(0.866025403784438,-0.500000000000001,0.));
#15093=DIRECTION('',(0.866025403784439,0.499999999999999,0.));
#15094=DIRECTION('center_axis',(0.,0.,-1.));
#15095=DIRECTION('ref_axis',(-0.866025403784438,0.500000000000001,0.));
#15096=DIRECTION('',(6.83720066269712E-16,1.,0.));
#15097=DIRECTION('center_axis',(0.,0.,-1.));
#15098=DIRECTION('ref_axis',(-0.866025403784438,-0.500000000000001,0.));
#15099=DIRECTION('',(-0.866025403784438,0.500000000000001,0.));
#15100=DIRECTION('center_axis',(0.,0.,-1.));
#15101=DIRECTION('ref_axis',(0.,-1.,0.));
#15102=DIRECTION('',(-0.866025403784439,-0.499999999999999,0.));
#15103=DIRECTION('center_axis',(0.,0.,-1.));
#15104=DIRECTION('ref_axis',(0.866025403784438,-0.500000000000001,0.));
#15105=DIRECTION('',(-5.98255057985998E-16,-1.,0.));
#15106=DIRECTION('center_axis',(0.353553390593275,0.612372435695795,0.707106781186547));
#15107=DIRECTION('ref_axis',(0.894427190999915,0.,-0.447213595499959));
#15108=DIRECTION('',(0.654653670707977,0.377964473009227,-0.654653670707978));
#15109=DIRECTION('',(-0.866025403784438,0.500000000000001,0.));
#15110=DIRECTION('',(-3.63405789187686E-15,0.755928946018454,-0.654653670707978));
#15111=DIRECTION('center_axis',(-0.353553390593274,0.612372435695795,0.707106781186547));
#15112=DIRECTION('ref_axis',(0.894427190999916,0.,0.447213595499958));
#15113=DIRECTION('',(-0.866025403784439,-0.499999999999999,0.));
#15114=DIRECTION('',(0.353553390593273,-0.612372435695796,0.707106781186546));
#15115=DIRECTION('center_axis',(0.,0.,-1.));
#15116=DIRECTION('ref_axis',(-0.866025403784438,0.500000000000001,0.));
#15117=DIRECTION('center_axis',(0.,0.,1.));
#15118=DIRECTION('ref_axis',(-0.866025403784438,0.500000000000001,0.));
#15119=DIRECTION('',(0.707106781186552,0.,0.707106781186543));
#15120=DIRECTION('center_axis',(-0.707106781186547,4.83463095292629E-16,
0.707106781186548));
#15121=DIRECTION('ref_axis',(0.707106781186548,0.,0.707106781186547));
#15122=DIRECTION('',(0.707106781186548,0.,0.707106781186547));
#15123=DIRECTION('',(-6.83720066269712E-16,-1.,0.));
#15124=DIRECTION('center_axis',(0.,0.,-1.));
#15125=DIRECTION('ref_axis',(-0.866025403784438,-0.500000000000001,0.));
#15126=DIRECTION('center_axis',(0.,0.,1.));
#15127=DIRECTION('ref_axis',(-0.866025403784438,-0.500000000000001,0.));
#15128=DIRECTION('',(0.353553390593272,0.612372435695801,0.707106781186543));
#15129=DIRECTION('center_axis',(-0.353553390593274,-0.612372435695793,0.707106781186549));
#15130=DIRECTION('ref_axis',(0.894427190999916,0.,0.447213595499957));
#15131=DIRECTION('',(0.353553390593279,0.612372435695799,0.707106781186541));
#15132=DIRECTION('',(0.866025403784438,-0.500000000000001,0.));
#15133=DIRECTION('center_axis',(0.,0.,-1.));
#15134=DIRECTION('ref_axis',(0.,-1.,0.));
#15135=DIRECTION('center_axis',(0.,0.,1.));
#15136=DIRECTION('ref_axis',(0.,-1.,0.));
#15137=DIRECTION('',(-0.353553390593273,0.612372435695796,0.707106781186546));
#15138=DIRECTION('center_axis',(0.353553390593273,-0.612372435695794,0.707106781186549));
#15139=DIRECTION('ref_axis',(0.894427190999917,0.,-0.447213595499956));
#15140=DIRECTION('',(-0.353553390593271,0.612372435695801,0.707106781186543));
#15141=DIRECTION('',(0.866025403784439,0.499999999999999,0.));
#15142=DIRECTION('center_axis',(0.,0.,-1.));
#15143=DIRECTION('ref_axis',(0.866025403784438,-0.500000000000001,0.));
#15144=DIRECTION('center_axis',(0.,0.,1.));
#15145=DIRECTION('ref_axis',(0.866025403784438,-0.500000000000001,0.));
#15146=DIRECTION('',(-0.707106781186547,0.,0.707106781186548));
#15147=DIRECTION('center_axis',(0.707106781186548,-4.23030208381051E-16,
0.707106781186547));
#15148=DIRECTION('ref_axis',(0.707106781186547,0.,-0.707106781186548));
#15149=DIRECTION('',(5.98255057985998E-16,1.,0.));
#15150=DIRECTION('center_axis',(0.,0.,1.));
#15151=DIRECTION('ref_axis',(-0.866025403784438,-0.500000000000001,0.));
#15152=DIRECTION('',(0.,0.,-1.));
#15153=DIRECTION('center_axis',(0.,0.,-1.));
#15154=DIRECTION('ref_axis',(-1.,0.,0.));
#15155=DIRECTION('',(0.,0.,1.));
#15156=DIRECTION('center_axis',(-1.,6.83720066269712E-16,0.));
#15157=DIRECTION('ref_axis',(-6.83720066269712E-16,-1.,0.));
#15158=DIRECTION('',(0.,0.,1.));
#15159=DIRECTION('',(6.83720066269712E-16,1.,0.));
#15160=DIRECTION('center_axis',(0.,0.,1.));
#15161=DIRECTION('ref_axis',(-0.866025403784438,0.500000000000001,0.));
#15162=DIRECTION('',(0.,0.,-1.));
#15163=DIRECTION('center_axis',(0.,0.,-1.));
#15164=DIRECTION('ref_axis',(-0.5,0.866025403784439,0.));
#15165=DIRECTION('center_axis',(-0.499999999999999,0.866025403784439,0.));
#15166=DIRECTION('ref_axis',(-0.866025403784439,-0.499999999999999,0.));
#15167=DIRECTION('',(0.,0.,1.));
#15168=DIRECTION('',(0.,0.,1.));
#15169=DIRECTION('',(0.866025403784439,0.499999999999999,0.));
#15170=DIRECTION('center_axis',(0.500000000000001,0.866025403784438,0.));
#15171=DIRECTION('ref_axis',(-0.866025403784438,0.500000000000001,0.));
#15172=DIRECTION('',(0.,0.,1.));
#15173=DIRECTION('',(0.866025403784438,-0.500000000000001,0.));
#15174=DIRECTION('center_axis',(0.353553390593272,-0.612372435695794,0.707106781186549));
#15175=DIRECTION('ref_axis',(0.894427190999917,0.,-0.447213595499956));
#15176=DIRECTION('',(-0.866025403784439,-0.499999999999999,0.));
#15177=DIRECTION('',(0.654653670707982,-0.377964473009225,-0.654653670707974));
#15178=DIRECTION('',(0.866025403784439,0.499999999999999,0.));
#15179=DIRECTION('',(0.,-0.755928946018454,-0.654653670707978));
#15180=DIRECTION('center_axis',(0.707106781186543,-3.62597321469469E-16,
0.707106781186552));
#15181=DIRECTION('ref_axis',(0.707106781186552,0.,-0.707106781186543));
#15182=DIRECTION('',(-5.12790049702284E-16,-1.,0.));
#15183=DIRECTION('',(0.654653670707984,0.377964473009219,-0.654653670707976));
#15184=DIRECTION('',(5.12790049702284E-16,1.,0.));
#15185=DIRECTION('center_axis',(0.353553390593275,0.612372435695794,0.707106781186547));
#15186=DIRECTION('ref_axis',(0.894427190999915,0.,-0.447213595499959));
#15187=DIRECTION('',(0.866025403784438,-0.500000000000001,0.));
#15188=DIRECTION('',(0.,0.755928946018455,-0.654653670707976));
#15189=DIRECTION('',(-0.866025403784438,0.500000000000001,0.));
#15190=DIRECTION('center_axis',(-0.353553390593273,0.612372435695794,0.707106781186549));
#15191=DIRECTION('ref_axis',(0.894427190999917,0.,0.447213595499956));
#15192=DIRECTION('',(0.866025403784439,0.499999999999999,0.));
#15193=DIRECTION('',(-0.654653670707979,0.377964473009226,-0.654653670707976));
#15194=DIRECTION('',(-0.866025403784439,-0.499999999999999,0.));
#15195=DIRECTION('center_axis',(-0.707106781186546,6.34545312571574E-16,
0.707106781186549));
#15196=DIRECTION('ref_axis',(0.707106781186549,0.,0.707106781186546));
#15197=DIRECTION('',(-8.97382586978996E-16,-1.,0.));
#15198=DIRECTION('',(8.97382586978996E-16,1.,0.));
#15199=DIRECTION('',(-0.654653670707979,-0.377964473009226,-0.654653670707976));
#15200=DIRECTION('center_axis',(-0.353553390593274,-0.612372435695793,0.707106781186549));
#15201=DIRECTION('ref_axis',(0.894427190999916,0.,0.447213595499957));
#15202=DIRECTION('',(0.866025403784438,-0.500000000000001,0.));
#15203=DIRECTION('',(-0.866025403784438,0.500000000000001,0.));
#15204=DIRECTION('center_axis',(-1.,8.97382586978996E-16,0.));
#15205=DIRECTION('ref_axis',(-8.97382586978996E-16,-1.,0.));
#15206=DIRECTION('',(0.,0.,1.));
#15207=DIRECTION('',(-8.97382586978996E-16,-1.,0.));
#15208=DIRECTION('',(0.,0.,1.));
#15209=DIRECTION('center_axis',(-0.500000000000001,-0.866025403784438,0.));
#15210=DIRECTION('ref_axis',(0.866025403784438,-0.500000000000001,0.));
#15211=DIRECTION('',(0.,0.,1.));
#15212=DIRECTION('',(0.866025403784438,-0.500000000000001,0.));
#15213=DIRECTION('center_axis',(0.499999999999999,-0.866025403784439,0.));
#15214=DIRECTION('ref_axis',(0.866025403784439,0.499999999999999,0.));
#15215=DIRECTION('',(0.,0.,1.));
#15216=DIRECTION('',(0.866025403784439,0.499999999999999,0.));
#15217=DIRECTION('center_axis',(0.,0.,1.));
#15218=DIRECTION('ref_axis',(1.,0.,0.));
#15219=DIRECTION('',(-0.866025403784439,-0.499999999999999,0.));
#15220=DIRECTION('',(-6.83720066269712E-16,-1.,0.));
#15221=DIRECTION('center_axis',(0.,0.,-1.));
#15222=DIRECTION('ref_axis',(0.866025403784438,0.5,0.));
#15223=DIRECTION('',(0.866025403784438,-0.500000000000001,0.));
#15224=DIRECTION('center_axis',(0.,0.,-1.));
#15225=DIRECTION('ref_axis',(1.70930016567428E-15,1.,0.));
#15226=DIRECTION('',(0.866025403784439,0.499999999999999,0.));
#15227=DIRECTION('center_axis',(0.,0.,-1.));
#15228=DIRECTION('ref_axis',(-0.866025403784439,0.5,0.));
#15229=DIRECTION('',(3.41860033134856E-16,1.,0.));
#15230=DIRECTION('center_axis',(0.,0.,-1.));
#15231=DIRECTION('ref_axis',(-0.866025403784439,-0.5,0.));
#15232=DIRECTION('',(-0.866025403784438,0.500000000000001,0.));
#15233=DIRECTION('center_axis',(0.353553390593274,-0.612372435695795,0.707106781186547));
#15234=DIRECTION('ref_axis',(0.894427190999916,0.,-0.447213595499958));
#15235=DIRECTION('',(0.,-0.755928946018454,-0.654653670707978));
#15236=DIRECTION('',(0.866025403784439,0.499999999999999,0.));
#15237=DIRECTION('',(0.654653670707977,-0.377964473009227,-0.654653670707978));
#15238=DIRECTION('center_axis',(0.707106781186548,-4.8346309529263E-16,
0.707106781186547));
#15239=DIRECTION('ref_axis',(0.707106781186547,0.,-0.707106781186548));
#15240=DIRECTION('',(6.83720066269712E-16,1.,0.));
#15241=DIRECTION('',(-0.707106781186547,0.,0.707106781186548));
#15242=DIRECTION('center_axis',(0.,0.,-1.));
#15243=DIRECTION('ref_axis',(0.866025403784438,0.5,0.));
#15244=DIRECTION('center_axis',(0.,0.,1.));
#15245=DIRECTION('ref_axis',(0.866025403784438,0.5,0.));
#15246=DIRECTION('',(-0.353553390593275,-0.612372435695796,0.707106781186546));
#15247=DIRECTION('center_axis',(0.353553390593273,0.612372435695793,0.707106781186549));
#15248=DIRECTION('ref_axis',(0.894427190999917,0.,-0.447213595499957));
#15249=DIRECTION('',(-0.35355339059328,-0.612372435695795,0.707106781186544));
#15250=DIRECTION('',(-0.866025403784438,0.500000000000001,0.));
#15251=DIRECTION('center_axis',(0.,0.,-1.));
#15252=DIRECTION('ref_axis',(1.70930016567428E-15,1.,0.));
#15253=DIRECTION('center_axis',(0.,0.,1.));
#15254=DIRECTION('ref_axis',(1.70930016567428E-15,1.,0.));
#15255=DIRECTION('',(0.353553390593273,-0.612372435695796,0.707106781186546));
#15256=DIRECTION('center_axis',(-0.353553390593273,0.612372435695794,0.707106781186549));
#15257=DIRECTION('ref_axis',(0.894427190999917,0.,0.447213595499956));
#15258=DIRECTION('',(0.353553390593273,-0.612372435695796,0.707106781186546));
#15259=DIRECTION('',(-0.866025403784439,-0.499999999999999,0.));
#15260=DIRECTION('center_axis',(0.,0.,-1.));
#15261=DIRECTION('ref_axis',(-0.866025403784439,0.5,0.));
#15262=DIRECTION('center_axis',(0.,0.,1.));
#15263=DIRECTION('ref_axis',(-0.866025403784439,0.5,0.));
#15264=DIRECTION('',(0.707106781186548,0.,0.707106781186547));
#15265=DIRECTION('center_axis',(-0.707106781186547,2.41731547646314E-16,
0.707106781186548));
#15266=DIRECTION('ref_axis',(0.707106781186548,0.,0.707106781186547));
#15267=DIRECTION('',(0.707106781186548,0.,0.707106781186547));
#15268=DIRECTION('',(-3.41860033134856E-16,-1.,0.));
#15269=DIRECTION('center_axis',(0.,0.,-1.));
#15270=DIRECTION('ref_axis',(-0.866025403784439,-0.5,0.));
#15271=DIRECTION('center_axis',(0.,0.,1.));
#15272=DIRECTION('ref_axis',(-0.866025403784439,-0.5,0.));
#15273=DIRECTION('',(0.353553390593273,0.612372435695799,0.707106781186545));
#15274=DIRECTION('center_axis',(-0.353553390593274,-0.612372435695795,0.707106781186547));
#15275=DIRECTION('ref_axis',(0.894427190999915,0.,0.447213595499959));
#15276=DIRECTION('',(0.866025403784438,-0.500000000000001,0.));
#15277=DIRECTION('center_axis',(0.,0.,1.));
#15278=DIRECTION('ref_axis',(1.70930016567428E-15,1.,0.));
#15279=DIRECTION('',(0.,0.,-1.));
#15280=DIRECTION('center_axis',(0.,0.,-1.));
#15281=DIRECTION('ref_axis',(0.500000000000001,0.866025403784438,0.));
#15282=DIRECTION('',(0.,0.,1.));
#15283=DIRECTION('center_axis',(0.500000000000001,0.866025403784438,0.));
#15284=DIRECTION('ref_axis',(-0.866025403784438,0.500000000000001,0.));
#15285=DIRECTION('',(0.,0.,1.));
#15286=DIRECTION('',(0.866025403784438,-0.500000000000001,0.));
#15287=DIRECTION('center_axis',(0.,0.,1.));
#15288=DIRECTION('ref_axis',(0.866025403784438,0.5,0.));
#15289=DIRECTION('',(0.,0.,-1.));
#15290=DIRECTION('center_axis',(0.,0.,-1.));
#15291=DIRECTION('ref_axis',(1.,0.,0.));
#15292=DIRECTION('center_axis',(1.,-6.83720066269712E-16,0.));
#15293=DIRECTION('ref_axis',(6.83720066269712E-16,1.,0.));
#15294=DIRECTION('',(0.,0.,1.));
#15295=DIRECTION('',(0.,0.,1.));
#15296=DIRECTION('',(-6.83720066269712E-16,-1.,0.));
#15297=DIRECTION('center_axis',(0.499999999999999,-0.866025403784439,0.));
#15298=DIRECTION('ref_axis',(0.866025403784439,0.499999999999999,0.));
#15299=DIRECTION('',(0.,0.,1.));
#15300=DIRECTION('',(-0.866025403784439,-0.499999999999999,0.));
#15301=DIRECTION('center_axis',(1.,1.77635683940025E-15,0.));
#15302=DIRECTION('ref_axis',(0.,-0.707106781186547,-0.707106781186548));
#15303=DIRECTION('',(-1.,-1.77635683940025E-15,0.));
#15304=DIRECTION('',(1.,1.77635683940025E-15,0.));
#15305=DIRECTION('center_axis',(-0.965925826289068,0.25881904510252,0.));
#15306=DIRECTION('ref_axis',(-0.25881904510252,-0.965925826289068,0.));
#15307=DIRECTION('center_axis',(1.07303760426682E-14,1.85855564902208E-14,
-1.));
#15308=DIRECTION('ref_axis',(-1.,0.,-1.073215590471E-14));
#15309=DIRECTION('center_axis',(-0.866025403784433,0.500000000000009,0.));
#15310=DIRECTION('ref_axis',(0.,0.,-1.));
#15311=DIRECTION('center_axis',(0.,0.,1.));
#15312=DIRECTION('ref_axis',(0.,-1.,0.));
#15313=DIRECTION('center_axis',(0.866025403784436,0.500000000000004,1.85855564902211E-14));
#15314=DIRECTION('ref_axis',(0.500000000000004,-0.866025403784436,0.));
#15315=DIRECTION('center_axis',(0.866025403784438,-0.5,0.));
#15316=DIRECTION('ref_axis',(-0.35355339059328,-0.612372435695794,-0.707106781186545));
#15317=DIRECTION('',(0.866025403784438,-0.5,0.));
#15318=DIRECTION('center_axis',(0.,0.,-1.));
#15319=DIRECTION('ref_axis',(-1.,0.,0.));
#15320=DIRECTION('center_axis',(-0.866025403784446,-0.499999999999988,0.));
#15321=DIRECTION('ref_axis',(0.,0.,-1.));
#15322=DIRECTION('center_axis',(0.,0.,1.));
#15323=DIRECTION('ref_axis',(0.866025403784437,-0.500000000000003,0.));
#15324=DIRECTION('center_axis',(0.,1.,0.));
#15325=DIRECTION('ref_axis',(1.,0.,0.));
#15326=DIRECTION('center_axis',(0.866025403784439,0.5,0.));
#15327=DIRECTION('ref_axis',(0.353553390593284,-0.612372435695785,-0.707106781186551));
#15328=DIRECTION('',(0.866025403784439,0.5,0.));
#15329=DIRECTION('center_axis',(7.21111007393854E-15,0.,-1.));
#15330=DIRECTION('ref_axis',(-1.,0.,-7.21644966006352E-15));
#15331=DIRECTION('center_axis',(0.,0.,-1.));
#15332=DIRECTION('ref_axis',(1.,-7.40148683083436E-16,0.));
#15333=DIRECTION('center_axis',(0.,-1.,0.));
#15334=DIRECTION('ref_axis',(0.,0.,-1.));
#15335=DIRECTION('center_axis',(0.,0.,1.));
#15336=DIRECTION('ref_axis',(0.86602540378444,0.499999999999998,0.));
#15337=DIRECTION('center_axis',(-0.866025403784433,0.500000000000009,-6.24500451351662E-15));
#15338=DIRECTION('ref_axis',(0.500000000000009,0.866025403784433,0.));
#15339=DIRECTION('center_axis',(6.83720066269712E-16,1.,0.));
#15340=DIRECTION('ref_axis',(0.707106781186556,0.,-0.707106781186539));
#15341=DIRECTION('',(-6.83720066269712E-16,-1.,0.));
#15342=DIRECTION('',(6.83720066269712E-16,1.,0.));
#15343=DIRECTION('center_axis',(2.40370335797947E-15,4.16333634234441E-15,
-1.));
#15344=DIRECTION('ref_axis',(-1.,0.,-2.40548322002117E-15));
#15345=DIRECTION('center_axis',(0.,0.,-1.));
#15346=DIRECTION('ref_axis',(0.500000000000001,0.866025403784438,0.));
#15347=DIRECTION('center_axis',(0.86602540378444,-0.499999999999997,0.));
#15348=DIRECTION('ref_axis',(0.,0.,-1.));
#15349=DIRECTION('center_axis',(0.,0.,1.));
#15350=DIRECTION('ref_axis',(-4.15775715974825E-15,1.,0.));
#15351=DIRECTION('center_axis',(-0.866025403784433,-0.500000000000009,-4.16333634234441E-15));
#15352=DIRECTION('ref_axis',(-0.500000000000009,0.866025403784433,0.));
#15353=DIRECTION('center_axis',(-0.866025403784439,0.5,0.));
#15354=DIRECTION('ref_axis',(0.35355339059326,0.612372435695797,-0.707106781186552));
#15355=DIRECTION('',(0.866025403784438,-0.5,0.));
#15356=DIRECTION('',(-0.866025403784438,0.5,0.));
#15357=DIRECTION('center_axis',(-0.866025403784439,-0.5,0.));
#15358=DIRECTION('ref_axis',(-0.353553390593271,0.612372435695795,-0.707106781186549));
#15359=DIRECTION('',(0.866025403784439,0.5,0.));
#15360=DIRECTION('',(-0.866025403784439,-0.5,0.));
#15361=DIRECTION('center_axis',(0.96592582628907,0.258819045102513,0.));
#15362=DIRECTION('ref_axis',(-0.258819045102513,0.96592582628907,0.));
#15363=DIRECTION('center_axis',(0.,0.,1.));
#15364=DIRECTION('ref_axis',(0.,1.,0.));
#15365=DIRECTION('',(0.,0.,-1.));
#15366=DIRECTION('',(0.,0.,1.));
#15367=DIRECTION('center_axis',(0.,0.,1.));
#15368=DIRECTION('ref_axis',(0.86602540378444,0.499999999999997,0.));
#15369=DIRECTION('',(0.,0.,-1.));
#15370=DIRECTION('',(0.,0.,1.));
#15371=DIRECTION('center_axis',(1.,2.96059473233375E-16,0.));
#15372=DIRECTION('ref_axis',(0.,0.707106781186547,-0.707106781186548));
#15373=DIRECTION('',(-1.,-2.96059473233375E-16,0.));
#15374=DIRECTION('center_axis',(-0.5,-0.866025403784439,0.));
#15375=DIRECTION('ref_axis',(-0.866025403784439,0.5,0.));
#15376=DIRECTION('',(1.,2.96059473233375E-16,0.));
#15377=DIRECTION('center_axis',(0.,0.,1.));
#15378=DIRECTION('ref_axis',(1.,0.,0.));
#15379=DIRECTION('',(-0.866025403784439,0.5,0.));
#15380=DIRECTION('',(0.5,0.866025403784439,0.));
#15381=DIRECTION('',(5.98255057985998E-16,1.,0.));
#15382=DIRECTION('center_axis',(0.,0.,1.));
#15383=DIRECTION('ref_axis',(0.866025403784438,-0.500000000000001,0.));
#15384=DIRECTION('',(0.866025403784439,0.499999999999999,0.));
#15385=DIRECTION('center_axis',(0.,0.,1.));
#15386=DIRECTION('ref_axis',(-2.07887857987413E-15,-1.,0.));
#15387=DIRECTION('',(0.866025403784438,-0.500000000000001,0.));
#15388=DIRECTION('center_axis',(0.,0.,1.));
#15389=DIRECTION('ref_axis',(-0.866025403784436,-0.500000000000004,0.));
#15390=DIRECTION('',(-6.83720066269712E-16,-1.,0.));
#15391=DIRECTION('center_axis',(0.,0.,1.));
#15392=DIRECTION('ref_axis',(-0.866025403784439,0.5,0.));
#15393=DIRECTION('',(-0.866025403784439,-0.499999999999999,0.));
#15394=DIRECTION('',(-0.499999999999999,-0.866025403784439,0.));
#15395=DIRECTION('',(0.5,-0.866025403784438,0.));
#15396=DIRECTION('',(0.866025403784438,-0.500000000000001,0.));
#15397=DIRECTION('center_axis',(0.,0.,1.));
#15398=DIRECTION('ref_axis',(-0.866025403784437,-0.500000000000002,0.));
#15399=DIRECTION('',(-3.41860033134856E-16,-1.,0.));
#15400=DIRECTION('center_axis',(0.,0.,1.));
#15401=DIRECTION('ref_axis',(-0.866025403784438,0.500000000000002,0.));
#15402=DIRECTION('',(-0.866025403784439,-0.499999999999999,0.));
#15403=DIRECTION('center_axis',(0.,0.,1.));
#15404=DIRECTION('ref_axis',(4.15775715974829E-15,1.,0.));
#15405=DIRECTION('',(-0.866025403784438,0.500000000000001,0.));
#15406=DIRECTION('center_axis',(0.,0.,1.));
#15407=DIRECTION('ref_axis',(0.866025403784439,0.5,0.));
#15408=DIRECTION('',(6.83720066269712E-16,1.,0.));
#15409=DIRECTION('',(-0.500000000000001,0.866025403784438,0.));
#15410=DIRECTION('',(0.5,0.866025403784439,0.));
#15411=DIRECTION('',(-0.500000000000001,0.866025403784438,0.));
#15412=DIRECTION('',(-1.,0.,0.));
#15413=DIRECTION('',(-0.5,-0.866025403784439,0.));
#15414=DIRECTION('',(0.5,-0.866025403784439,0.));
#15415=DIRECTION('',(1.,0.,0.));
#15416=DIRECTION('',(2.56395024851142E-16,-1.,0.));
#15417=DIRECTION('',(-0.866025403784438,0.500000000000001,0.));
#15418=DIRECTION('',(-0.866025403784439,-0.499999999999999,0.));
#15419=DIRECTION('',(-0.5,-0.866025403784439,0.));
#15420=DIRECTION('',(0.500000000000001,-0.866025403784438,0.));
#15421=DIRECTION('',(1.,9.61481343191782E-16,0.));
#15422=DIRECTION('',(0.499999999999999,0.866025403784439,0.));
#15423=DIRECTION('',(-0.500000000000001,0.866025403784438,0.));
#15424=DIRECTION('',(-1.,-3.20493781063928E-16,0.));
#15425=DIRECTION('',(-1.,-6.40987562127855E-16,0.));
#15426=DIRECTION('',(-0.499999999999999,-0.866025403784439,0.));
#15427=DIRECTION('',(0.5,-0.866025403784439,0.));
#15428=DIRECTION('',(1.,3.20493781063927E-16,0.));
#15429=DIRECTION('',(0.5,0.866025403784439,0.));
#15430=DIRECTION('',(-0.5,0.866025403784439,0.));
#15431=DIRECTION('',(-5.12790049702283E-16,-1.,0.));
#15432=DIRECTION('',(-0.866025403784438,0.5,0.));
#15433=DIRECTION('',(-0.866025403784439,-0.499999999999999,0.));
#15434=DIRECTION('',(0.866025403784438,-0.500000000000001,0.));
#15435=DIRECTION('',(-0.866025403784439,-0.499999999999999,0.));
#15436=DIRECTION('',(-8.97382586978996E-16,-1.,0.));
#15437=DIRECTION('',(-0.866025403784439,-0.499999999999999,0.));
#15438=DIRECTION('',(5.12790049702284E-16,1.,0.));
#15439=DIRECTION('',(-0.866025403784438,0.500000000000001,0.));
#15440=DIRECTION('center_axis',(1.77635683940025E-15,-1.,0.));
#15441=DIRECTION('ref_axis',(1.,1.77635683940025E-15,0.));
#15442=DIRECTION('',(1.,1.77635683940025E-15,0.));
#15443=DIRECTION('center_axis',(-0.500000000000001,0.866025403784438,0.));
#15444=DIRECTION('ref_axis',(0.612372435695795,0.353553390593271,-0.707106781186549));
#15445=DIRECTION('',(0.500000000000001,-0.866025403784438,0.));
#15446=DIRECTION('center_axis',(-0.5,-0.866025403784439,0.));
#15447=DIRECTION('ref_axis',(0.866025403784439,-0.5,9.75781955236951E-17));
#15448=DIRECTION('center_axis',(0.25881904510252,-0.965925826289069,1.07755073656618E-15));
#15449=DIRECTION('ref_axis',(0.965925826289069,0.25881904510252,-4.0214740965982E-15));
#15450=DIRECTION('center_axis',(-2.62681588012951E-14,0.,-1.));
#15451=DIRECTION('ref_axis',(-1.,0.,2.62752782494621E-14));
#15452=DIRECTION('center_axis',(0.,-1.,0.));
#15453=DIRECTION('ref_axis',(0.,0.,-1.));
#15454=DIRECTION('center_axis',(-0.86602540378444,0.499999999999997,2.27488928325654E-14));
#15455=DIRECTION('ref_axis',(0.499999999999997,0.86602540378444,0.));
#15456=DIRECTION('center_axis',(6.83720066269712E-16,1.,0.));
#15457=DIRECTION('ref_axis',(0.707106781186547,0.,-0.707106781186548));
#15458=DIRECTION('center_axis',(0.,0.,-1.));
#15459=DIRECTION('ref_axis',(-1.,0.,0.));
#15460=DIRECTION('center_axis',(0.866025403784403,-0.500000000000061,0.));
#15461=DIRECTION('ref_axis',(0.,0.,-1.));
#15462=DIRECTION('center_axis',(-0.86602540378444,-0.499999999999997,0.));
#15463=DIRECTION('ref_axis',(-0.499999999999997,0.86602540378444,0.));
#15464=DIRECTION('center_axis',(-0.866025403784438,0.500000000000001,0.));
#15465=DIRECTION('ref_axis',(0.353553390593279,0.612372435695786,-0.707106781186553));
#15466=DIRECTION('center_axis',(0.,0.,-1.));
#15467=DIRECTION('ref_axis',(-1.,0.,0.));
#15468=DIRECTION('center_axis',(0.,0.,-1.));
#15469=DIRECTION('ref_axis',(-0.5,0.866025403784438,0.));
#15470=DIRECTION('center_axis',(0.86602540378444,0.499999999999997,0.));
#15471=DIRECTION('ref_axis',(0.,0.,-1.));
#15472=DIRECTION('center_axis',(0.,-1.,0.));
#15473=DIRECTION('ref_axis',(-1.,0.,0.));
#15474=DIRECTION('center_axis',(-0.866025403784439,-0.499999999999999,0.));
#15475=DIRECTION('ref_axis',(-0.353553390593273,0.612372435695787,-0.707106781186554));
#15476=DIRECTION('',(0.866025403784439,0.499999999999999,0.));
#15477=DIRECTION('center_axis',(-2.62681588012951E-14,0.,-1.));
#15478=DIRECTION('ref_axis',(-1.,0.,2.6275278249462E-14));
#15479=DIRECTION('center_axis',(0.,0.,-1.));
#15480=DIRECTION('ref_axis',(-1.,0.,0.));
#15481=DIRECTION('center_axis',(0.,1.,0.));
#15482=DIRECTION('ref_axis',(0.,0.,-1.));
#15483=DIRECTION('center_axis',(0.86602540378444,-0.499999999999997,-2.27488928325654E-14));
#15484=DIRECTION('ref_axis',(-0.499999999999997,-0.86602540378444,0.));
#15485=DIRECTION('center_axis',(-3.41860033134856E-16,-1.,0.));
#15486=DIRECTION('ref_axis',(-0.707106781186556,0.,-0.707106781186539));
#15487=DIRECTION('',(3.41860033134856E-16,1.,0.));
#15488=DIRECTION('center_axis',(0.866025403784438,-0.500000000000001,0.));
#15489=DIRECTION('ref_axis',(-0.353553390593276,-0.612372435695793,-0.707106781186547));
#15490=DIRECTION('',(-0.866025403784438,0.500000000000001,0.));
#15491=DIRECTION('center_axis',(-0.707106781186548,0.707106781186548,-1.17756934401283E-14));
#15492=DIRECTION('ref_axis',(-0.707106781186548,-0.707106781186548,4.39474862129145E-14));
#15493=DIRECTION('center_axis',(0.,0.,1.));
#15494=DIRECTION('ref_axis',(-0.866025403784439,-0.5,0.));
#15495=DIRECTION('',(0.,0.,-1.));
#15496=DIRECTION('',(0.,0.,1.));
#15497=DIRECTION('center_axis',(0.,0.,1.));
#15498=DIRECTION('ref_axis',(-0.866025403784439,0.5,0.));
#15499=DIRECTION('',(0.,0.,-1.));
#15500=DIRECTION('',(0.,0.,1.));
#15501=DIRECTION('center_axis',(-0.5,0.866025403784439,0.));
#15502=DIRECTION('ref_axis',(-0.612372435695794,-0.353553390593273,-0.707106781186548));
#15503=DIRECTION('',(-0.5,0.866025403784438,0.));
#15504=DIRECTION('center_axis',(0.866025403784438,0.500000000000001,0.));
#15505=DIRECTION('ref_axis',(-0.500000000000001,0.866025403784438,0.));
#15506=DIRECTION('',(-0.500000000000001,0.866025403784438,0.));
#15507=DIRECTION('',(0.,0.,1.));
#15508=DIRECTION('center_axis',(-0.499999999999999,-0.866025403784439,0.));
#15509=DIRECTION('ref_axis',(-0.612372435695798,0.353553390593273,-0.707106781186545));
#15510=DIRECTION('',(0.499999999999999,0.866025403784439,0.));
#15511=DIRECTION('center_axis',(0.707106781186552,0.707106781186543,-5.88784672006419E-15));
#15512=DIRECTION('ref_axis',(-0.707106781186543,0.707106781186552,2.19737431064567E-14));
#15513=DIRECTION('center_axis',(0.,0.,-1.));
#15514=DIRECTION('ref_axis',(-1.,0.,0.));
#15515=DIRECTION('center_axis',(0.866025403784443,0.499999999999993,0.));
#15516=DIRECTION('ref_axis',(0.,0.,-1.));
#15517=DIRECTION('center_axis',(0.,-1.,0.));
#15518=DIRECTION('ref_axis',(-1.,0.,0.));
#15519=DIRECTION('center_axis',(-0.866025403784439,-0.499999999999999,0.));
#15520=DIRECTION('ref_axis',(-0.353553390593275,0.612372435695797,-0.707106781186545));
#15521=DIRECTION('center_axis',(0.,0.,-1.));
#15522=DIRECTION('ref_axis',(-1.,0.,0.));
#15523=DIRECTION('center_axis',(0.,1.,0.));
#15524=DIRECTION('ref_axis',(0.,0.,-1.));
#15525=DIRECTION('center_axis',(0.866025403784439,-0.499999999999999,0.));
#15526=DIRECTION('ref_axis',(-0.499999999999999,-0.866025403784439,0.));
#15527=DIRECTION('center_axis',(-6.83720066269712E-16,-1.,0.));
#15528=DIRECTION('ref_axis',(-0.707106781186544,0.,-0.707106781186551));
#15529=DIRECTION('center_axis',(-1.31340794006475E-14,-2.27488928325654E-14,
-1.));
#15530=DIRECTION('ref_axis',(-1.,0.,1.31376391247311E-14));
#15531=DIRECTION('center_axis',(0.,0.,-1.));
#15532=DIRECTION('ref_axis',(-0.5,-0.866025403784438,0.));
#15533=DIRECTION('center_axis',(-0.866025403784439,0.499999999999999,0.));
#15534=DIRECTION('ref_axis',(0.,0.,-1.));
#15535=DIRECTION('center_axis',(0.866025403784437,0.500000000000003,-2.27488928325654E-14));
#15536=DIRECTION('ref_axis',(0.500000000000003,-0.866025403784437,0.));
#15537=DIRECTION('center_axis',(0.866025403784438,-0.500000000000001,0.));
#15538=DIRECTION('ref_axis',(-0.353553390593263,-0.61237243569579,-0.707106781186557));
#15539=DIRECTION('',(-0.866025403784438,0.500000000000001,0.));
#15540=DIRECTION('center_axis',(0.,0.,-1.));
#15541=DIRECTION('ref_axis',(-1.,0.,0.));
#15542=DIRECTION('center_axis',(0.,0.,-1.));
#15543=DIRECTION('ref_axis',(0.499999999999999,-0.866025403784439,0.));
#15544=DIRECTION('center_axis',(-0.866025403784436,-0.500000000000005,0.));
#15545=DIRECTION('ref_axis',(0.,0.,-1.));
#15546=DIRECTION('center_axis',(0.,1.,0.));
#15547=DIRECTION('ref_axis',(1.,0.,0.));
#15548=DIRECTION('center_axis',(0.866025403784439,0.5,0.));
#15549=DIRECTION('ref_axis',(0.353553390593271,-0.612372435695801,-0.707106781186543));
#15550=DIRECTION('',(-0.866025403784439,-0.499999999999999,0.));
#15551=DIRECTION('center_axis',(5.98255057985998E-16,1.,0.));
#15552=DIRECTION('ref_axis',(0.707106781186547,0.,-0.707106781186548));
#15553=DIRECTION('',(-5.98255057985998E-16,-1.,0.));
#15554=DIRECTION('center_axis',(-0.258819045102536,-0.965925826289064,5.38775368283123E-16));
#15555=DIRECTION('ref_axis',(0.965925826289064,-0.258819045102536,-2.01073704829913E-15));
#15556=DIRECTION('center_axis',(0.,0.,1.));
#15557=DIRECTION('ref_axis',(0.866025403784438,-0.500000000000001,0.));
#15558=DIRECTION('',(0.,0.,-1.));
#15559=DIRECTION('',(0.,0.,1.));
#15560=DIRECTION('center_axis',(-0.5,-0.866025403784439,0.));
#15561=DIRECTION('ref_axis',(0.612372435695795,-0.353553390593275,-0.707106781186546));
#15562=DIRECTION('',(-0.5,-0.866025403784439,0.));
#15563=DIRECTION('center_axis',(0.,0.,1.));
#15564=DIRECTION('ref_axis',(0.,-1.,0.));
#15565=DIRECTION('',(0.,0.,-1.));
#15566=DIRECTION('',(0.,0.,1.));
#15567=DIRECTION('center_axis',(-0.866025403784439,0.499999999999999,0.));
#15568=DIRECTION('ref_axis',(-0.499999999999999,-0.866025403784439,0.));
#15569=DIRECTION('',(-0.499999999999999,-0.866025403784439,0.));
#15570=DIRECTION('center_axis',(0.,0.,1.));
#15571=DIRECTION('ref_axis',(1.,0.,0.));
#15572=DIRECTION('',(0.5,-0.866025403784439,0.));
#15573=DIRECTION('',(0.866025403784439,0.5,0.));
#15574=DIRECTION('',(0.5,0.866025403784439,0.));
#15575=DIRECTION('',(1.,0.,0.));
#15576=DIRECTION('',(0.5,-0.866025403784439,0.));
#15577=DIRECTION('',(-0.5,-0.866025403784439,0.));
#15578=DIRECTION('',(-1.,0.,0.));
#15579=DIRECTION('',(-0.500000000000001,0.866025403784438,0.));
#15580=DIRECTION('center_axis',(0.,0.,1.));
#15581=DIRECTION('ref_axis',(1.,0.,0.));
#15582=DIRECTION('',(0.5,0.866025403784439,0.));
#15583=DIRECTION('',(-1.,-6.40987562127855E-16,0.));
#15584=DIRECTION('',(-0.5,0.866025403784439,0.));
#15585=DIRECTION('',(0.5,0.866025403784439,0.));
#15586=DIRECTION('',(1.,3.20493781063927E-16,0.));
#15587=DIRECTION('',(0.5,-0.866025403784439,0.));
#15588=DIRECTION('',(-0.499999999999999,-0.866025403784439,0.));
#15589=DIRECTION('center_axis',(1.,-6.83720066269711E-16,0.));
#15590=DIRECTION('ref_axis',(6.83720066269711E-16,1.,0.));
#15591=DIRECTION('',(-6.83720066269711E-16,-1.,0.));
#15592=DIRECTION('',(0.,0.,1.));
#15593=DIRECTION('center_axis',(-0.5,0.866025403784439,0.));
#15594=DIRECTION('ref_axis',(-0.866025403784439,-0.5,0.));
#15595=DIRECTION('',(0.,0.,1.));
#15596=DIRECTION('center_axis',(0.,0.,1.));
#15597=DIRECTION('ref_axis',(1.,0.,0.));
#15598=DIRECTION('',(-1.,-2.96059473233375E-16,0.));
#15599=DIRECTION('',(-0.5,-0.866025403784439,0.));
#15600=DIRECTION('',(-1.,-3.20493781063928E-16,0.));
#15601=DIRECTION('',(-0.500000000000001,0.866025403784438,0.));
#15602=DIRECTION('',(0.499999999999999,0.866025403784439,0.));
#15603=DIRECTION('',(1.,9.61481343191782E-16,0.));
#15604=DIRECTION('',(0.500000000000001,-0.866025403784438,0.));
#15605=DIRECTION('center_axis',(-0.866025403784439,0.499999999999999,0.));
#15606=DIRECTION('ref_axis',(-0.499999999999999,-0.866025403784439,0.));
#15607=DIRECTION('',(0.,0.,1.));
#15608=DIRECTION('',(0.,0.,1.));
#15609=DIRECTION('center_axis',(-0.866025403784439,-0.5,0.));
#15610=DIRECTION('ref_axis',(0.5,-0.866025403784439,0.));
#15611=DIRECTION('',(0.,0.,1.));
#15612=DIRECTION('center_axis',(3.20493781063927E-16,-1.,0.));
#15613=DIRECTION('ref_axis',(1.,3.20493781063927E-16,0.));
#15614=DIRECTION('',(0.,0.,1.));
#15615=DIRECTION('center_axis',(0.866025403784439,-0.5,0.));
#15616=DIRECTION('ref_axis',(0.5,0.866025403784439,0.));
#15617=DIRECTION('',(0.,0.,1.));
#15618=DIRECTION('center_axis',(0.866025403784439,0.5,0.));
#15619=DIRECTION('ref_axis',(-0.5,0.866025403784439,0.));
#15620=DIRECTION('',(0.,0.,1.));
#15621=DIRECTION('center_axis',(-6.40987562127855E-16,1.,0.));
#15622=DIRECTION('ref_axis',(-1.,-6.40987562127855E-16,0.));
#15623=DIRECTION('center_axis',(-0.866025403784438,-0.500000000000001,0.));
#15624=DIRECTION('ref_axis',(0.500000000000001,-0.866025403784438,0.));
#15625=DIRECTION('',(0.,0.,1.));
#15626=DIRECTION('',(0.,0.,1.));
#15627=DIRECTION('center_axis',(9.61481343191782E-16,-1.,0.));
#15628=DIRECTION('ref_axis',(1.,9.61481343191782E-16,0.));
#15629=DIRECTION('',(0.,0.,1.));
#15630=DIRECTION('center_axis',(0.866025403784439,-0.499999999999999,0.));
#15631=DIRECTION('ref_axis',(0.499999999999999,0.866025403784439,0.));
#15632=DIRECTION('',(0.,0.,1.));
#15633=DIRECTION('center_axis',(0.866025403784438,0.500000000000001,0.));
#15634=DIRECTION('ref_axis',(-0.500000000000001,0.866025403784438,0.));
#15635=DIRECTION('',(0.,0.,1.));
#15636=DIRECTION('center_axis',(-3.20493781063928E-16,1.,0.));
#15637=DIRECTION('ref_axis',(-1.,-3.20493781063928E-16,0.));
#15638=DIRECTION('',(0.,0.,1.));
#15639=DIRECTION('center_axis',(-0.866025403784439,0.5,0.));
#15640=DIRECTION('ref_axis',(-0.5,-0.866025403784439,0.));
#15641=DIRECTION('center_axis',(-0.499999999999999,0.866025403784439,0.));
#15642=DIRECTION('ref_axis',(-0.866025403784439,-0.499999999999999,0.));
#15643=DIRECTION('',(0.,0.,1.));
#15644=DIRECTION('center_axis',(-1.,8.97382586978996E-16,0.));
#15645=DIRECTION('ref_axis',(-8.97382586978996E-16,-1.,0.));
#15646=DIRECTION('',(0.,0.,1.));
#15647=DIRECTION('center_axis',(-0.500000000000001,-0.866025403784438,0.));
#15648=DIRECTION('ref_axis',(0.866025403784438,-0.500000000000001,0.));
#15649=DIRECTION('center_axis',(0.866025403784438,0.500000000000001,0.));
#15650=DIRECTION('ref_axis',(-0.500000000000001,0.866025403784438,0.));
#15651=DIRECTION('',(0.,0.,1.));
#15652=DIRECTION('',(0.,0.,1.));
#15653=DIRECTION('center_axis',(0.,1.,0.));
#15654=DIRECTION('ref_axis',(-1.,0.,0.));
#15655=DIRECTION('',(0.,0.,1.));
#15656=DIRECTION('center_axis',(-0.866025403784439,0.5,0.));
#15657=DIRECTION('ref_axis',(-0.5,-0.866025403784439,0.));
#15658=DIRECTION('',(0.,0.,1.));
#15659=DIRECTION('center_axis',(-0.866025403784439,-0.5,0.));
#15660=DIRECTION('ref_axis',(0.5,-0.866025403784439,0.));
#15661=DIRECTION('',(0.,0.,1.));
#15662=DIRECTION('center_axis',(0.,-1.,0.));
#15663=DIRECTION('ref_axis',(1.,0.,0.));
#15664=DIRECTION('',(0.,0.,1.));
#15665=DIRECTION('center_axis',(0.866025403784439,-0.5,0.));
#15666=DIRECTION('ref_axis',(0.5,0.866025403784439,0.));
#15667=DIRECTION('center_axis',(1.,-5.12790049702284E-16,0.));
#15668=DIRECTION('ref_axis',(5.12790049702284E-16,1.,0.));
#15669=DIRECTION('',(0.,0.,1.));
#15670=DIRECTION('center_axis',(0.500000000000001,0.866025403784438,0.));
#15671=DIRECTION('ref_axis',(-0.866025403784438,0.500000000000001,0.));
#15672=DIRECTION('',(0.,0.,1.));
#15673=DIRECTION('center_axis',(-0.499999999999999,0.866025403784439,0.));
#15674=DIRECTION('ref_axis',(-0.866025403784439,-0.499999999999999,0.));
#15675=DIRECTION('center_axis',(0.5,0.866025403784438,0.));
#15676=DIRECTION('ref_axis',(-0.866025403784438,0.5,0.));
#15677=DIRECTION('',(0.,0.,1.));
#15678=DIRECTION('center_axis',(-0.499999999999999,0.866025403784439,0.));
#15679=DIRECTION('ref_axis',(-0.866025403784439,-0.499999999999999,0.));
#15680=DIRECTION('',(0.,0.,1.));
#15681=DIRECTION('center_axis',(-1.,5.12790049702283E-16,0.));
#15682=DIRECTION('ref_axis',(-5.12790049702283E-16,-1.,0.));
#15683=DIRECTION('center_axis',(0.500000000000001,0.866025403784438,0.));
#15684=DIRECTION('ref_axis',(-0.866025403784438,0.500000000000001,0.));
#15685=DIRECTION('',(0.,0.,1.));
#15686=DIRECTION('center_axis',(-0.5,0.866025403784439,0.));
#15687=DIRECTION('ref_axis',(-0.866025403784439,-0.499999999999999,0.));
#15688=DIRECTION('',(0.,0.,1.));
#15689=DIRECTION('center_axis',(-1.,-2.56395024851142E-16,0.));
#15690=DIRECTION('ref_axis',(2.56395024851142E-16,-1.,0.));
#15691=DIRECTION('center_axis',(-0.866025403784439,-0.5,0.));
#15692=DIRECTION('ref_axis',(0.5,-0.866025403784438,0.));
#15693=DIRECTION('',(0.,0.,1.));
#15694=DIRECTION('center_axis',(-0.500000000000001,-0.866025403784438,0.));
#15695=DIRECTION('ref_axis',(0.866025403784438,-0.500000000000001,0.));
#15696=DIRECTION('center_axis',(-1.,3.41860033134856E-16,0.));
#15697=DIRECTION('ref_axis',(-3.41860033134856E-16,-1.,0.));
#15698=DIRECTION('center_axis',(-0.499999999999999,0.866025403784439,0.));
#15699=DIRECTION('ref_axis',(-0.866025403784439,-0.499999999999999,0.));
#15700=DIRECTION('center_axis',(0.5,0.866025403784439,0.));
#15701=DIRECTION('ref_axis',(-0.866025403784439,0.5,0.));
#15702=DIRECTION('',(0.,0.,1.));
#15703=DIRECTION('center_axis',(-2.96059473233375E-16,1.,0.));
#15704=DIRECTION('ref_axis',(-1.,-2.96059473233375E-16,0.));
#15705=DIRECTION('',(0.,0.,1.));
#15706=DIRECTION('center_axis',(-0.5,0.866025403784439,0.));
#15707=DIRECTION('ref_axis',(-0.866025403784439,-0.5,0.));
#15708=DIRECTION('center_axis',(0.5,0.866025403784439,0.));
#15709=DIRECTION('ref_axis',(-0.866025403784438,0.5,0.));
#15710=DIRECTION('center_axis',(1.,-6.83720066269712E-16,0.));
#15711=DIRECTION('ref_axis',(6.83720066269712E-16,1.,0.));
#15712=DIRECTION('center_axis',(0.866025403784439,-0.5,0.));
#15713=DIRECTION('ref_axis',(0.5,0.866025403784439,0.));
#15714=DIRECTION('',(0.,0.,1.));
#15715=DIRECTION('center_axis',(1.,-5.98255057985998E-16,0.));
#15716=DIRECTION('ref_axis',(5.98255057985998E-16,1.,0.));
#15717=DIRECTION('center_axis',(0.5,-0.866025403784439,0.));
#15718=DIRECTION('ref_axis',(0.866025403784439,0.499999999999999,0.));
#15719=DIRECTION('center_axis',(-0.500000000000001,-0.866025403784438,0.));
#15720=DIRECTION('ref_axis',(0.866025403784438,-0.500000000000001,0.));
#15721=CARTESIAN_POINT('',(0.,0.,0.));
#15722=CARTESIAN_POINT('Origin',(-46.,91.9170962313452,3.4));
#15723=CARTESIAN_POINT('',(-45.6,91.2242759083177,3.4));
#15724=CARTESIAN_POINT('',(-46.,91.9170962313452,4.2));
#15725=CARTESIAN_POINT('Origin',(-46.,91.9170962313452,3.4));
#15726=CARTESIAN_POINT('',(-45.2,91.9170962313452,3.4));
#15727=CARTESIAN_POINT('Origin',(-46.,91.9170962313452,3.4));
#15728=CARTESIAN_POINT('Origin',(-46.,91.9170962313452,3.4));
#15729=CARTESIAN_POINT('Origin',(-46.,91.9170962313452,1.2));
#15730=CARTESIAN_POINT('',(-45.6,91.2242759083177,1.2));
#15731=CARTESIAN_POINT('',(-45.2,91.9170962313452,1.2));
#15732=CARTESIAN_POINT('Origin',(-46.,91.9170962313452,1.2));
#15733=CARTESIAN_POINT('',(-45.2,91.9170962313452,1.2));
#15734=CARTESIAN_POINT('',(-45.6,91.2242759083177,1.2));
#15735=CARTESIAN_POINT('Origin',(-46.,108.082903768655,3.4));
#15736=CARTESIAN_POINT('',(-45.2,108.082903768655,3.4));
#15737=CARTESIAN_POINT('',(-46.,108.082903768655,4.2));
#15738=CARTESIAN_POINT('Origin',(-46.,108.082903768655,3.4));
#15739=CARTESIAN_POINT('',(-45.6,108.775724091682,3.4));
#15740=CARTESIAN_POINT('Origin',(-46.,108.082903768655,3.4));
#15741=CARTESIAN_POINT('Origin',(-46.,108.082903768655,3.4));
#15742=CARTESIAN_POINT('Origin',(-46.,108.082903768655,1.2));
#15743=CARTESIAN_POINT('',(-45.2,108.082903768655,1.2));
#15744=CARTESIAN_POINT('',(-45.6,108.775724091682,1.2));
#15745=CARTESIAN_POINT('Origin',(-46.,108.082903768655,1.2));
#15746=CARTESIAN_POINT('',(-45.6,108.775724091682,1.2));
#15747=CARTESIAN_POINT('',(-45.2,108.082903768655,1.2));
#15748=CARTESIAN_POINT('Origin',(-60.,83.8341924626905,3.4));
#15749=CARTESIAN_POINT('',(-60.4,83.1413721396629,3.4));
#15750=CARTESIAN_POINT('',(-60.,83.8341924626905,4.2));
#15751=CARTESIAN_POINT('Origin',(-60.,83.8341924626905,3.4));
#15752=CARTESIAN_POINT('',(-59.6,83.1413721396629,3.4));
#15753=CARTESIAN_POINT('Origin',(-60.,83.8341924626905,3.4));
#15754=CARTESIAN_POINT('Origin',(-60.,83.8341924626905,3.4));
#15755=CARTESIAN_POINT('Origin',(-60.,83.8341924626905,1.2));
#15756=CARTESIAN_POINT('',(-60.4,83.1413721396629,1.2));
#15757=CARTESIAN_POINT('',(-59.6,83.1413721396629,1.2));
#15758=CARTESIAN_POINT('Origin',(-60.,83.8341924626905,1.2));
#15759=CARTESIAN_POINT('',(-59.6,83.1413721396629,1.2));
#15760=CARTESIAN_POINT('',(-60.4,83.1413721396629,1.2));
#15761=CARTESIAN_POINT('Origin',(-60.,116.16580753731,3.4));
#15762=CARTESIAN_POINT('',(-59.6,116.858627860337,3.4));
#15763=CARTESIAN_POINT('',(-60.,116.16580753731,4.2));
#15764=CARTESIAN_POINT('Origin',(-60.,116.16580753731,3.4));
#15765=CARTESIAN_POINT('',(-60.4,116.858627860337,3.4));
#15766=CARTESIAN_POINT('Origin',(-60.,116.16580753731,3.4));
#15767=CARTESIAN_POINT('Origin',(-60.,116.16580753731,3.4));
#15768=CARTESIAN_POINT('Origin',(-60.,116.16580753731,1.2));
#15769=CARTESIAN_POINT('',(-59.6,116.858627860337,1.2));
#15770=CARTESIAN_POINT('',(-60.4,116.858627860337,1.2));
#15771=CARTESIAN_POINT('Origin',(-60.,116.16580753731,1.2));
#15772=CARTESIAN_POINT('',(-60.4,116.858627860337,1.2));
#15773=CARTESIAN_POINT('',(-59.6,116.858627860337,1.2));
#15774=CARTESIAN_POINT('Origin',(-74.,91.9170962313452,3.4));
#15775=CARTESIAN_POINT('',(-74.8,91.9170962313452,3.4));
#15776=CARTESIAN_POINT('',(-74.,91.9170962313452,4.2));
#15777=CARTESIAN_POINT('Origin',(-74.,91.9170962313452,3.4));
#15778=CARTESIAN_POINT('',(-74.4,91.2242759083177,3.4));
#15779=CARTESIAN_POINT('Origin',(-74.,91.9170962313452,3.4));
#15780=CARTESIAN_POINT('Origin',(-74.,91.9170962313452,3.4));
#15781=CARTESIAN_POINT('Origin',(-74.,91.9170962313452,1.2));
#15782=CARTESIAN_POINT('',(-74.8,91.9170962313452,1.2));
#15783=CARTESIAN_POINT('',(-74.4,91.2242759083177,1.2));
#15784=CARTESIAN_POINT('Origin',(-74.,91.9170962313452,1.2));
#15785=CARTESIAN_POINT('',(-74.4,91.2242759083177,1.2));
#15786=CARTESIAN_POINT('',(-74.8,91.9170962313452,1.2));
#15787=CARTESIAN_POINT('Origin',(-74.,108.082903768655,3.4));
#15788=CARTESIAN_POINT('',(-74.4,108.775724091682,3.4));
#15789=CARTESIAN_POINT('',(-74.,108.082903768655,4.2));
#15790=CARTESIAN_POINT('Origin',(-74.,108.082903768655,3.4));
#15791=CARTESIAN_POINT('',(-74.8,108.082903768655,3.4));
#15792=CARTESIAN_POINT('Origin',(-74.,108.082903768655,3.4));
#15793=CARTESIAN_POINT('Origin',(-74.,108.082903768655,3.4));
#15794=CARTESIAN_POINT('Origin',(-74.,108.082903768655,1.2));
#15795=CARTESIAN_POINT('',(-74.4,108.775724091682,1.2));
#15796=CARTESIAN_POINT('',(-74.8,108.082903768655,1.2));
#15797=CARTESIAN_POINT('Origin',(-74.,108.082903768655,1.2));
#15798=CARTESIAN_POINT('',(-74.8,108.082903768655,1.2));
#15799=CARTESIAN_POINT('',(-74.4,108.775724091682,1.2));
#15800=CARTESIAN_POINT('Origin',(-60.,82.9104320319871,1.2));
#15801=CARTESIAN_POINT('',(-56.3,85.0466280279887,3.4));
#15802=CARTESIAN_POINT('',(-56.3,85.0466280279887,1.2));
#15803=CARTESIAN_POINT('Origin',(-74.8,91.4552160159935,1.2));
#15804=CARTESIAN_POINT('',(-71.1,89.3190200199919,3.4));
#15805=CARTESIAN_POINT('',(-71.1,89.3190200199919,1.2));
#15806=CARTESIAN_POINT('Origin',(-74.8,108.544783984006,1.2));
#15807=CARTESIAN_POINT('',(-74.8,104.272391992003,3.4));
#15808=CARTESIAN_POINT('',(-74.8,104.272391992003,1.2));
#15809=CARTESIAN_POINT('Origin',(-60.,100.,4.2));
#15810=CARTESIAN_POINT('',(-61.2,84.527012785718,4.2));
#15811=CARTESIAN_POINT('',(-70.7,90.0118403430195,4.2));
#15812=CARTESIAN_POINT('',(-58.8,84.527012785718,4.2));
#15813=CARTESIAN_POINT('',(-56.7,85.7394483510163,4.2));
#15814=CARTESIAN_POINT('Origin',(-60.,86.6054737548007,4.2));
#15815=CARTESIAN_POINT('Origin',(-60.,100.,4.2));
#15816=CARTESIAN_POINT('',(-47.2,91.2242759083177,4.2));
#15817=CARTESIAN_POINT('',(-56.7,85.7394483510163,4.2));
#15818=CARTESIAN_POINT('',(-46.,93.3027368774003,4.2));
#15819=CARTESIAN_POINT('',(-46.,95.7276080079968,4.2));
#15820=CARTESIAN_POINT('Origin',(-48.4,93.3027368774003,4.2));
#15821=CARTESIAN_POINT('Origin',(-60.,100.,4.2));
#15822=CARTESIAN_POINT('',(-47.2,108.775724091682,4.2));
#15823=CARTESIAN_POINT('',(-49.3,109.988159656981,4.2));
#15824=CARTESIAN_POINT('',(-46.,106.6972631226,4.2));
#15825=CARTESIAN_POINT('Origin',(-48.4,106.6972631226,4.2));
#15826=CARTESIAN_POINT('',(-46.,95.7276080079968,4.2));
#15827=CARTESIAN_POINT('Origin',(-60.,100.,4.2));
#15828=CARTESIAN_POINT('',(-61.2,115.472987214282,4.2));
#15829=CARTESIAN_POINT('',(-63.3,114.260551648984,4.2));
#15830=CARTESIAN_POINT('',(-58.8,115.472987214282,4.2));
#15831=CARTESIAN_POINT('Origin',(-60.,113.394526245199,4.2));
#15832=CARTESIAN_POINT('',(-49.3,109.988159656981,4.2));
#15833=CARTESIAN_POINT('Origin',(-60.,100.,4.2));
#15834=CARTESIAN_POINT('',(-74.,106.6972631226,4.2));
#15835=CARTESIAN_POINT('',(-74.,104.272391992003,4.2));
#15836=CARTESIAN_POINT('',(-72.8,108.775724091682,4.2));
#15837=CARTESIAN_POINT('Origin',(-71.6,106.6972631226,4.2));
#15838=CARTESIAN_POINT('',(-63.3,114.260551648984,4.2));
#15839=CARTESIAN_POINT('Origin',(-60.,100.,4.2));
#15840=CARTESIAN_POINT('',(-74.,93.3027368774003,4.2));
#15841=CARTESIAN_POINT('',(-74.,104.272391992003,4.2));
#15842=CARTESIAN_POINT('',(-72.8,91.2242759083177,4.2));
#15843=CARTESIAN_POINT('',(-70.7,90.0118403430195,4.2));
#15844=CARTESIAN_POINT('Origin',(-71.6,93.3027368774003,4.2));
#15845=CARTESIAN_POINT('Origin',(-71.6,106.6972631226,3.4));
#15846=CARTESIAN_POINT('',(-73.2,106.6972631226,3.4));
#15847=CARTESIAN_POINT('Origin',(-74.,106.6972631226,3.4));
#15848=CARTESIAN_POINT('',(-72.4,108.082903768655,3.4));
#15849=CARTESIAN_POINT('Origin',(-71.6,106.6972631226,3.4));
#15850=CARTESIAN_POINT('Origin',(-72.8,108.775724091682,3.4));
#15851=CARTESIAN_POINT('Origin',(-71.6,93.3027368774003,3.4));
#15852=CARTESIAN_POINT('',(-72.4,91.9170962313452,3.4));
#15853=CARTESIAN_POINT('Origin',(-72.8,91.2242759083177,3.4));
#15854=CARTESIAN_POINT('',(-73.2,93.3027368774003,3.4));
#15855=CARTESIAN_POINT('Origin',(-71.6,93.3027368774003,3.4));
#15856=CARTESIAN_POINT('Origin',(-74.,93.3027368774003,3.4));
#15857=CARTESIAN_POINT('Origin',(-60.,113.394526245199,3.4));
#15858=CARTESIAN_POINT('',(-60.8,114.780166891254,3.4));
#15859=CARTESIAN_POINT('Origin',(-61.2,115.472987214282,3.4));
#15860=CARTESIAN_POINT('',(-59.2,114.780166891254,3.4));
#15861=CARTESIAN_POINT('Origin',(-60.,113.394526245199,3.4));
#15862=CARTESIAN_POINT('Origin',(-58.8,115.472987214282,3.4));
#15863=CARTESIAN_POINT('Origin',(-71.6,106.6972631226,0.799999999999999));
#15864=CARTESIAN_POINT('',(-73.2,106.6972631226,0.799999999999998));
#15865=CARTESIAN_POINT('',(-72.4,108.082903768655,0.799999999999999));
#15866=CARTESIAN_POINT('Origin',(-71.6,106.6972631226,0.799999999999999));
#15867=CARTESIAN_POINT('',(-74.,106.6972631226,-1.71450551880629E-15));
#15868=CARTESIAN_POINT('Origin',(-74.,106.6972631226,0.799999999999998));
#15869=CARTESIAN_POINT('',(-72.8,108.775724091682,-1.56754790290861E-15));
#15870=CARTESIAN_POINT('Origin',(-71.6,106.6972631226,-1.42059028701093E-15));
#15871=CARTESIAN_POINT('Origin',(-72.8,108.775724091682,0.799999999999999));
#15872=CARTESIAN_POINT('Origin',(-60.,86.6054737548007,3.4));
#15873=CARTESIAN_POINT('',(-59.2,85.2198331087456,3.4));
#15874=CARTESIAN_POINT('Origin',(-58.8,84.527012785718,3.4));
#15875=CARTESIAN_POINT('',(-60.8,85.2198331087456,3.4));
#15876=CARTESIAN_POINT('Origin',(-60.,86.6054737548007,3.4));
#15877=CARTESIAN_POINT('Origin',(-61.2,84.527012785718,3.4));
#15878=CARTESIAN_POINT('Origin',(-71.6,93.3027368774003,0.799999999999999));
#15879=CARTESIAN_POINT('',(-72.8,91.2242759083177,-1.56754790290861E-15));
#15880=CARTESIAN_POINT('',(-74.,93.3027368774003,-1.71450551880629E-15));
#15881=CARTESIAN_POINT('Origin',(-71.6,93.3027368774003,-1.42059028701093E-15));
#15882=CARTESIAN_POINT('',(-73.2,93.3027368774003,0.799999999999998));
#15883=CARTESIAN_POINT('Origin',(-74.,93.3027368774003,0.799999999999998));
#15884=CARTESIAN_POINT('',(-72.4,91.9170962313452,0.799999999999999));
#15885=CARTESIAN_POINT('Origin',(-71.6,93.3027368774003,0.799999999999999));
#15886=CARTESIAN_POINT('Origin',(-72.8,91.2242759083177,0.799999999999999));
#15887=CARTESIAN_POINT('Origin',(-74.,96.1894882233485,0.799999999999998));
#15888=CARTESIAN_POINT('',(-74.,96.1894882233485,-1.71450551880629E-15));
#15889=CARTESIAN_POINT('',(-73.2,96.1894882233485,0.799999999999998));
#15890=CARTESIAN_POINT('Origin',(-71.6,93.3027368774003,-1.42059028701093E-15));
#15891=CARTESIAN_POINT('',(-72.4,91.9170962313452,-1.51856203094272E-15));
#15892=CARTESIAN_POINT('',(-73.2,93.3027368774003,-1.61653377487451E-15));
#15893=CARTESIAN_POINT('Origin',(-48.4,106.6972631226,3.4));
#15894=CARTESIAN_POINT('',(-47.6,108.082903768655,3.4));
#15895=CARTESIAN_POINT('Origin',(-47.2,108.775724091682,3.4));
#15896=CARTESIAN_POINT('',(-46.8,106.6972631226,3.4));
#15897=CARTESIAN_POINT('Origin',(-48.4,106.6972631226,3.4));
#15898=CARTESIAN_POINT('Origin',(-46.,106.6972631226,3.4));
#15899=CARTESIAN_POINT('Origin',(-60.,113.394526245199,0.8));
#15900=CARTESIAN_POINT('',(-61.2,115.472987214282,-1.46957615897682E-16));
#15901=CARTESIAN_POINT('',(-58.8,115.472987214282,1.46957615897682E-16));
#15902=CARTESIAN_POINT('Origin',(-60.,113.394526245199,1.69953884180861E-31));
#15903=CARTESIAN_POINT('',(-59.2,114.780166891254,0.8));
#15904=CARTESIAN_POINT('Origin',(-58.8,115.472987214282,0.8));
#15905=CARTESIAN_POINT('',(-60.8,114.780166891254,0.8));
#15906=CARTESIAN_POINT('Origin',(-60.,113.394526245199,0.8));
#15907=CARTESIAN_POINT('Origin',(-61.2,115.472987214282,0.8));
#15908=CARTESIAN_POINT('Origin',(-48.4,93.3027368774003,3.40000000000001));
#15909=CARTESIAN_POINT('',(-46.8,93.3027368774003,3.4));
#15910=CARTESIAN_POINT('Origin',(-46.,93.3027368774003,3.4));
#15911=CARTESIAN_POINT('',(-47.6,91.9170962313453,3.4));
#15912=CARTESIAN_POINT('Origin',(-48.4,93.3027368774003,3.4));
#15913=CARTESIAN_POINT('Origin',(-47.2,91.2242759083177,3.4));
#15914=CARTESIAN_POINT('Origin',(-60.,86.6054737548007,0.800000000000003));
#15915=CARTESIAN_POINT('',(-58.8,84.527012785718,1.46957615897683E-16));
#15916=CARTESIAN_POINT('',(-61.2,84.527012785718,-1.46957615897682E-16));
#15917=CARTESIAN_POINT('Origin',(-60.,86.6054737548007,5.43852429378756E-31));
#15918=CARTESIAN_POINT('',(-60.8,85.2198331087456,0.8));
#15919=CARTESIAN_POINT('Origin',(-61.2,84.527012785718,0.8));
#15920=CARTESIAN_POINT('',(-59.2,85.2198331087456,0.8));
#15921=CARTESIAN_POINT('Origin',(-60.,86.6054737548007,0.8));
#15922=CARTESIAN_POINT('Origin',(-58.8,84.527012785718,0.8));
#15923=CARTESIAN_POINT('Origin',(-63.7,85.9703884586921,0.8));
#15924=CARTESIAN_POINT('',(-63.7,85.9703884586921,-4.5311931568452E-16));
#15925=CARTESIAN_POINT('',(-63.3,86.6632087817196,0.8));
#15926=CARTESIAN_POINT('Origin',(-60.,86.6054737548007,6.79815536723446E-31));
#15927=CARTESIAN_POINT('',(-59.2,85.2198331087456,9.79717439317891E-17));
#15928=CARTESIAN_POINT('',(-60.8,85.2198331087456,-9.79717439317875E-17));
#15929=CARTESIAN_POINT('Origin',(-48.4,106.6972631226,0.800000000000002));
#15930=CARTESIAN_POINT('',(-47.2,108.775724091682,1.56754790290861E-15));
#15931=CARTESIAN_POINT('',(-46.,106.6972631226,1.71450551880629E-15));
#15932=CARTESIAN_POINT('Origin',(-48.4,106.6972631226,1.42059028701093E-15));
#15933=CARTESIAN_POINT('',(-46.8,106.6972631226,0.800000000000002));
#15934=CARTESIAN_POINT('Origin',(-46.,106.6972631226,0.800000000000002));
#15935=CARTESIAN_POINT('',(-47.6,108.082903768655,0.800000000000002));
#15936=CARTESIAN_POINT('Origin',(-48.4,106.6972631226,0.800000000000002));
#15937=CARTESIAN_POINT('Origin',(-47.2,108.775724091682,0.800000000000002));
#15938=CARTESIAN_POINT('Origin',(-48.4,93.3027368774003,0.800000000000002));
#15939=CARTESIAN_POINT('',(-46.,93.3027368774003,1.7145055188063E-15));
#15940=CARTESIAN_POINT('',(-47.2,91.2242759083177,1.56754790290861E-15));
#15941=CARTESIAN_POINT('Origin',(-48.4,93.3027368774003,1.42059028701093E-15));
#15942=CARTESIAN_POINT('',(-47.6,91.9170962313453,0.800000000000002));
#15943=CARTESIAN_POINT('Origin',(-47.2,91.2242759083177,0.800000000000002));
#15944=CARTESIAN_POINT('',(-46.8,93.3027368774003,0.800000000000002));
#15945=CARTESIAN_POINT('Origin',(-48.4,93.3027368774003,0.800000000000002));
#15946=CARTESIAN_POINT('Origin',(-46.,93.3027368774003,0.800000000000002));
#15947=CARTESIAN_POINT('Origin',(-49.7,89.7809002353436,0.800000000000001));
#15948=CARTESIAN_POINT('',(-49.7,89.7809002353436,1.26138620312178E-15));
#15949=CARTESIAN_POINT('',(-50.1,90.4737205583712,0.800000000000001));
#15950=CARTESIAN_POINT('Origin',(-48.4,93.3027368774003,1.42059028701093E-15));
#15951=CARTESIAN_POINT('',(-46.8,93.3027368774003,1.61653377487451E-15));
#15952=CARTESIAN_POINT('',(-47.6,91.9170962313453,1.51856203094272E-15));
#15953=CARTESIAN_POINT('Origin',(-46.,103.810511776652,0.800000000000002));
#15954=CARTESIAN_POINT('',(-46.,103.810511776652,1.71450551880629E-15));
#15955=CARTESIAN_POINT('',(-46.8,103.810511776652,0.800000000000002));
#15956=CARTESIAN_POINT('Origin',(-48.4,106.6972631226,1.42059028701093E-15));
#15957=CARTESIAN_POINT('',(-47.6,108.082903768655,1.51856203094272E-15));
#15958=CARTESIAN_POINT('',(-46.8,106.6972631226,1.61653377487451E-15));
#15959=CARTESIAN_POINT('Origin',(-56.3,114.029611541308,0.800000000000001));
#15960=CARTESIAN_POINT('',(-56.3,114.029611541308,4.53119315684521E-16));
#15961=CARTESIAN_POINT('',(-56.7,113.33679121828,0.800000000000001));
#15962=CARTESIAN_POINT('Origin',(-49.7,89.7809002353436,3.4));
#15963=CARTESIAN_POINT('',(-50.1,90.4737205583712,3.4));
#15964=CARTESIAN_POINT('Origin',(-46.,103.810511776652,3.4));
#15965=CARTESIAN_POINT('',(-45.2,95.7276080079968,3.4));
#15966=CARTESIAN_POINT('',(-46.8,103.810511776652,3.4));
#15967=CARTESIAN_POINT('Origin',(-60.,113.394526245199,-1.35963107344689E-31));
#15968=CARTESIAN_POINT('',(-60.8,114.780166891254,-9.79717439317885E-17));
#15969=CARTESIAN_POINT('',(-59.2,114.780166891254,9.79717439317881E-17));
#15970=CARTESIAN_POINT('Origin',(-70.3,110.219099764656,0.799999999999999));
#15971=CARTESIAN_POINT('',(-70.3,110.219099764656,-1.26138620312177E-15));
#15972=CARTESIAN_POINT('',(-69.9,109.526279441629,0.799999999999999));
#15973=CARTESIAN_POINT('Origin',(-56.3,114.029611541308,3.4));
#15974=CARTESIAN_POINT('',(-48.9,110.680979980008,3.4));
#15975=CARTESIAN_POINT('',(-56.7,113.33679121828,3.4));
#15976=CARTESIAN_POINT('Origin',(-63.7,85.9703884586921,3.4));
#15977=CARTESIAN_POINT('',(-63.3,86.6632087817196,3.4));
#15978=CARTESIAN_POINT('Origin',(-71.6,106.6972631226,-1.42059028701093E-15));
#15979=CARTESIAN_POINT('',(-73.2,106.6972631226,-1.61653377487451E-15));
#15980=CARTESIAN_POINT('',(-72.4,108.082903768655,-1.51856203094272E-15));
#15981=CARTESIAN_POINT('Origin',(-70.3,110.219099764656,3.4));
#15982=CARTESIAN_POINT('',(-63.7,114.953371972011,3.4));
#15983=CARTESIAN_POINT('',(-69.9,109.526279441629,3.4));
#15984=CARTESIAN_POINT('Origin',(-74.,96.1894882233485,3.4));
#15985=CARTESIAN_POINT('',(-73.2,96.1894882233485,3.4));
#15986=CARTESIAN_POINT('Origin',(-73.2,92.3789764466969,-1.61653377487451E-15));
#15987=CARTESIAN_POINT('Origin',(-60.,84.7579528933939,8.25365141131675E-31));
#15988=CARTESIAN_POINT('Origin',(-46.8,92.3789764466969,1.61653377487451E-15));
#15989=CARTESIAN_POINT('Origin',(-60.,100.,5.43852429378756E-31));
#15990=CARTESIAN_POINT('',(-39.,86.143593539449,2.57175827820944E-15));
#15991=CARTESIAN_POINT('',(-37.5,88.7416697508023,2.75545529808155E-15));
#15992=CARTESIAN_POINT('Origin',(-40.5,88.7416697508023,2.38806125833734E-15));
#15993=CARTESIAN_POINT('',(-58.5,74.8852632902513,1.83697019872105E-16));
#15994=CARTESIAN_POINT('',(-37.5,87.0096189432334,2.75545529808155E-15));
#15995=CARTESIAN_POINT('',(-61.5,74.8852632902513,-1.83697019872101E-16));
#15996=CARTESIAN_POINT('Origin',(-60.,77.4833395016046,1.90348350282565E-30));
#15997=CARTESIAN_POINT('',(-81.,86.1435935394489,-2.57175827820944E-15));
#15998=CARTESIAN_POINT('',(-60.,74.0192378864668,1.72696340575691E-30));
#15999=CARTESIAN_POINT('',(-82.5,88.7416697508023,-2.75545529808154E-15));
#16000=CARTESIAN_POINT('Origin',(-79.5,88.7416697508023,-2.38806125833734E-15));
#16001=CARTESIAN_POINT('',(-82.5,111.258330249198,-2.75545529808155E-15));
#16002=CARTESIAN_POINT('',(-82.5,87.0096189432334,-2.75545529808154E-15));
#16003=CARTESIAN_POINT('',(-81.,113.856406460551,-2.57175827820944E-15));
#16004=CARTESIAN_POINT('Origin',(-79.5,111.258330249198,-2.38806125833734E-15));
#16005=CARTESIAN_POINT('',(-61.5,125.114736709749,-1.83697019872104E-16));
#16006=CARTESIAN_POINT('',(-82.5,112.990381056767,-2.75545529808155E-15));
#16007=CARTESIAN_POINT('',(-58.5,125.114736709749,1.83697019872101E-16));
#16008=CARTESIAN_POINT('Origin',(-60.,122.516660498395,-1.63155728813627E-30));
#16009=CARTESIAN_POINT('',(-39.,113.856406460551,2.57175827820944E-15));
#16010=CARTESIAN_POINT('',(-60.,125.980762113533,-8.83106287034786E-31));
#16011=CARTESIAN_POINT('',(-37.5,111.258330249198,2.75545529808155E-15));
#16012=CARTESIAN_POINT('Origin',(-40.5,111.258330249198,2.38806125833734E-15));
#16013=CARTESIAN_POINT('',(-37.5,112.990381056767,2.75545529808155E-15));
#16014=CARTESIAN_POINT('Origin',(-46.8,107.621023553303,1.61653377487451E-15));
#16015=CARTESIAN_POINT('Origin',(-60.,115.242047106606,-2.0723560869083E-31));
#16016=CARTESIAN_POINT('Origin',(-73.2,107.621023553303,-1.61653377487451E-15));
#16017=CARTESIAN_POINT('Origin',(-40.5,88.7416697508023,2.38806125833734E-15));
#16018=CARTESIAN_POINT('',(-37.5,88.7416697508023,1.2));
#16019=CARTESIAN_POINT('',(-39.,86.143593539449,1.2));
#16020=CARTESIAN_POINT('Origin',(-40.5,88.7416697508023,1.2));
#16021=CARTESIAN_POINT('',(-39.,86.143593539449,2.57175827820944E-15));
#16022=CARTESIAN_POINT('',(-37.5,88.7416697508023,2.75545529808155E-15));
#16023=CARTESIAN_POINT('Origin',(-60.,74.0192378864668,1.63155728813627E-30));
#16024=CARTESIAN_POINT('',(-58.5,74.8852632902513,1.2));
#16025=CARTESIAN_POINT('',(-37.5,87.0096189432334,1.2));
#16026=CARTESIAN_POINT('',(-58.5,74.8852632902513,1.83697019872105E-16));
#16027=CARTESIAN_POINT('Origin',(-60.,100.,1.2));
#16028=CARTESIAN_POINT('',(-37.5,111.258330249198,1.2));
#16029=CARTESIAN_POINT('',(-37.5,112.990381056767,1.2));
#16030=CARTESIAN_POINT('',(-39.,113.856406460551,1.2));
#16031=CARTESIAN_POINT('Origin',(-40.5,111.258330249198,1.2));
#16032=CARTESIAN_POINT('',(-58.5,125.114736709749,1.2));
#16033=CARTESIAN_POINT('',(-60.,125.980762113533,1.2));
#16034=CARTESIAN_POINT('',(-61.5,125.114736709749,1.2));
#16035=CARTESIAN_POINT('Origin',(-60.,122.516660498395,1.2));
#16036=CARTESIAN_POINT('',(-81.,113.856406460551,1.2));
#16037=CARTESIAN_POINT('',(-82.5,112.990381056767,1.2));
#16038=CARTESIAN_POINT('',(-82.5,111.258330249198,1.2));
#16039=CARTESIAN_POINT('Origin',(-79.5,111.258330249198,1.2));
#16040=CARTESIAN_POINT('',(-82.5,88.7416697508023,1.2));
#16041=CARTESIAN_POINT('',(-82.5,87.0096189432334,1.2));
#16042=CARTESIAN_POINT('',(-81.,86.1435935394489,1.2));
#16043=CARTESIAN_POINT('Origin',(-79.5,88.7416697508023,1.2));
#16044=CARTESIAN_POINT('',(-61.5,74.8852632902513,1.2));
#16045=CARTESIAN_POINT('',(-60.,74.0192378864668,1.2));
#16046=CARTESIAN_POINT('Origin',(-60.,77.4833395016046,1.2));
#16047=CARTESIAN_POINT('',(-63.7,114.953371972011,1.2));
#16048=CARTESIAN_POINT('',(-48.9,110.680979980008,1.2));
#16049=CARTESIAN_POINT('',(-45.2,95.7276080079968,1.2));
#16050=CARTESIAN_POINT('Origin',(-40.5,111.258330249198,2.38806125833734E-15));
#16051=CARTESIAN_POINT('',(-37.5,111.258330249198,2.75545529808155E-15));
#16052=CARTESIAN_POINT('',(-39.,113.856406460551,2.57175827820944E-15));
#16053=CARTESIAN_POINT('Origin',(-37.5,112.990381056767,2.75545529808155E-15));
#16054=CARTESIAN_POINT('',(-58.5,125.114736709749,1.83697019872101E-16));
#16055=CARTESIAN_POINT('Origin',(-60.,122.516660498395,-1.63155728813627E-30));
#16056=CARTESIAN_POINT('',(-61.5,125.114736709749,-1.83697019872105E-16));
#16057=CARTESIAN_POINT('Origin',(-60.,77.4833395016046,1.90348350282565E-30));
#16058=CARTESIAN_POINT('',(-61.5,74.8852632902513,-1.83697019872101E-16));
#16059=CARTESIAN_POINT('Origin',(-82.5,87.0096189432334,-2.75545529808154E-15));
#16060=CARTESIAN_POINT('',(-81.,86.1435935394489,-2.57175827820944E-15));
#16061=CARTESIAN_POINT('Origin',(-79.5,88.7416697508023,-2.38806125833734E-15));
#16062=CARTESIAN_POINT('',(-82.5,88.7416697508023,-2.75545529808154E-15));
#16063=CARTESIAN_POINT('Origin',(-82.5,112.990381056767,-2.75545529808155E-15));
#16064=CARTESIAN_POINT('',(-82.5,111.258330249198,-2.75545529808155E-15));
#16065=CARTESIAN_POINT('Origin',(-79.5,111.258330249198,-2.38806125833734E-15));
#16066=CARTESIAN_POINT('',(-81.,113.856406460551,-2.57175827820944E-15));
#16067=CARTESIAN_POINT('Origin',(-60.,117.089567968013,1.2));
#16068=CARTESIAN_POINT('Origin',(-45.2,108.544783984006,1.2));
#16069=CARTESIAN_POINT('Origin',(-45.2,91.4552160159935,1.2));
#16070=CARTESIAN_POINT('Origin',(-60.,125.980762113533,-1.08770485875751E-30));
#16071=CARTESIAN_POINT('Origin',(-37.5,87.0096189432334,2.75545529808155E-15));
#16072=CARTESIAN_POINT('Origin',(52.,92.,2.));
#16073=CARTESIAN_POINT('',(48.85,92.,2.));
#16074=CARTESIAN_POINT('Origin',(52.,92.,2.));
#16075=CARTESIAN_POINT('',(49.65,92.,1.2));
#16076=CARTESIAN_POINT('Origin',(49.65,92.,2.));
#16077=CARTESIAN_POINT('Origin',(52.,92.,1.2));
#16078=CARTESIAN_POINT('Origin',(52.,92.,0.));
#16079=CARTESIAN_POINT('',(48.85,92.,5.7));
#16080=CARTESIAN_POINT('Origin',(52.,92.,5.7));
#16081=CARTESIAN_POINT('',(48.85,92.,0.));
#16082=CARTESIAN_POINT('Origin',(60.,100.,1.2));
#16083=CARTESIAN_POINT('Origin',(68.,92.,2.));
#16084=CARTESIAN_POINT('',(64.85,92.,2.));
#16085=CARTESIAN_POINT('Origin',(68.,92.,2.));
#16086=CARTESIAN_POINT('',(65.65,92.,1.2));
#16087=CARTESIAN_POINT('Origin',(65.65,92.,2.));
#16088=CARTESIAN_POINT('Origin',(68.,92.,1.2));
#16089=CARTESIAN_POINT('Origin',(68.,92.,0.));
#16090=CARTESIAN_POINT('',(64.85,92.,5.7));
#16091=CARTESIAN_POINT('Origin',(68.,92.,5.7));
#16092=CARTESIAN_POINT('',(64.85,92.,0.));
#16093=CARTESIAN_POINT('Origin',(60.,100.,1.2));
#16094=CARTESIAN_POINT('Origin',(68.,108.,2.));
#16095=CARTESIAN_POINT('',(64.85,108.,2.));
#16096=CARTESIAN_POINT('Origin',(68.,108.,2.));
#16097=CARTESIAN_POINT('',(65.65,108.,1.2));
#16098=CARTESIAN_POINT('Origin',(65.65,108.,2.));
#16099=CARTESIAN_POINT('Origin',(68.,108.,1.2));
#16100=CARTESIAN_POINT('Origin',(68.,108.,0.));
#16101=CARTESIAN_POINT('',(64.85,108.,5.7));
#16102=CARTESIAN_POINT('Origin',(68.,108.,5.7));
#16103=CARTESIAN_POINT('',(64.85,108.,0.));
#16104=CARTESIAN_POINT('Origin',(60.,100.,1.2));
#16105=CARTESIAN_POINT('Origin',(52.,108.,2.));
#16106=CARTESIAN_POINT('',(48.85,108.,2.));
#16107=CARTESIAN_POINT('Origin',(52.,108.,2.));
#16108=CARTESIAN_POINT('',(49.65,108.,1.2));
#16109=CARTESIAN_POINT('Origin',(49.65,108.,2.));
#16110=CARTESIAN_POINT('Origin',(52.,108.,1.2));
#16111=CARTESIAN_POINT('Origin',(52.,108.,0.));
#16112=CARTESIAN_POINT('',(48.85,108.,5.7));
#16113=CARTESIAN_POINT('Origin',(52.,108.,5.7));
#16114=CARTESIAN_POINT('',(48.85,108.,0.));
#16115=CARTESIAN_POINT('Origin',(60.,100.,1.2));
#16116=CARTESIAN_POINT('Origin',(52.,92.,4.9));
#16117=CARTESIAN_POINT('',(48.05,92.,5.7));
#16118=CARTESIAN_POINT('Origin',(52.,92.,5.7));
#16119=CARTESIAN_POINT('',(47.25,92.,4.9));
#16120=CARTESIAN_POINT('Origin',(48.05,92.,4.9));
#16121=CARTESIAN_POINT('Origin',(52.,92.,4.9));
#16122=CARTESIAN_POINT('Origin',(52.,92.,0.));
#16123=CARTESIAN_POINT('',(47.25,92.,1.2));
#16124=CARTESIAN_POINT('',(47.25,92.,0.));
#16125=CARTESIAN_POINT('Origin',(52.,92.,1.2));
#16126=CARTESIAN_POINT('Origin',(52.,92.,5.7));
#16127=CARTESIAN_POINT('Origin',(68.,92.,4.9));
#16128=CARTESIAN_POINT('',(64.05,92.,5.7));
#16129=CARTESIAN_POINT('Origin',(68.,92.,5.7));
#16130=CARTESIAN_POINT('',(63.25,92.,4.9));
#16131=CARTESIAN_POINT('Origin',(64.05,92.,4.9));
#16132=CARTESIAN_POINT('Origin',(68.,92.,4.9));
#16133=CARTESIAN_POINT('Origin',(68.,92.,0.));
#16134=CARTESIAN_POINT('',(63.25,92.,1.2));
#16135=CARTESIAN_POINT('',(63.25,92.,0.));
#16136=CARTESIAN_POINT('Origin',(68.,92.,1.2));
#16137=CARTESIAN_POINT('Origin',(68.,92.,5.7));
#16138=CARTESIAN_POINT('Origin',(68.,108.,4.9));
#16139=CARTESIAN_POINT('',(64.05,108.,5.7));
#16140=CARTESIAN_POINT('Origin',(68.,108.,5.7));
#16141=CARTESIAN_POINT('',(63.25,108.,4.9));
#16142=CARTESIAN_POINT('Origin',(64.05,108.,4.9));
#16143=CARTESIAN_POINT('Origin',(68.,108.,4.9));
#16144=CARTESIAN_POINT('Origin',(68.,108.,0.));
#16145=CARTESIAN_POINT('',(63.25,108.,1.2));
#16146=CARTESIAN_POINT('',(63.25,108.,0.));
#16147=CARTESIAN_POINT('Origin',(68.,108.,1.2));
#16148=CARTESIAN_POINT('Origin',(68.,108.,5.7));
#16149=CARTESIAN_POINT('Origin',(52.,108.,4.9));
#16150=CARTESIAN_POINT('',(48.05,108.,5.7));
#16151=CARTESIAN_POINT('Origin',(52.,108.,5.7));
#16152=CARTESIAN_POINT('',(47.25,108.,4.9));
#16153=CARTESIAN_POINT('Origin',(48.05,108.,4.9));
#16154=CARTESIAN_POINT('Origin',(52.,108.,4.9));
#16155=CARTESIAN_POINT('Origin',(52.,108.,0.));
#16156=CARTESIAN_POINT('',(47.25,108.,1.2));
#16157=CARTESIAN_POINT('',(47.25,108.,0.));
#16158=CARTESIAN_POINT('Origin',(52.,108.,1.2));
#16159=CARTESIAN_POINT('Origin',(52.,108.,5.7));
#16160=CARTESIAN_POINT('Origin',(60.,122.516660498395,0.));
#16161=CARTESIAN_POINT('',(58.5,125.114736709749,1.2));
#16162=CARTESIAN_POINT('',(61.5,125.114736709749,1.2));
#16163=CARTESIAN_POINT('Origin',(60.,122.516660498395,1.2));
#16164=CARTESIAN_POINT('',(61.5,125.114736709749,0.));
#16165=CARTESIAN_POINT('',(61.5,125.114736709749,0.));
#16166=CARTESIAN_POINT('',(58.5,125.114736709749,0.));
#16167=CARTESIAN_POINT('Origin',(60.,122.516660498395,0.));
#16168=CARTESIAN_POINT('',(58.5,125.114736709749,0.));
#16169=CARTESIAN_POINT('Origin',(60.,100.,1.2));
#16170=CARTESIAN_POINT('',(39.,113.856406460551,1.2));
#16171=CARTESIAN_POINT('',(60.,125.980762113533,1.2));
#16172=CARTESIAN_POINT('',(37.5,111.258330249198,1.2));
#16173=CARTESIAN_POINT('Origin',(40.5,111.258330249198,1.2));
#16174=CARTESIAN_POINT('',(37.5,88.7416697508023,1.2));
#16175=CARTESIAN_POINT('',(37.5,112.990381056767,1.2));
#16176=CARTESIAN_POINT('',(39.,86.143593539449,1.2));
#16177=CARTESIAN_POINT('Origin',(40.5,88.7416697508023,1.2));
#16178=CARTESIAN_POINT('',(58.5,74.8852632902513,1.2));
#16179=CARTESIAN_POINT('',(37.5,87.0096189432334,1.2));
#16180=CARTESIAN_POINT('',(61.5,74.8852632902513,1.2));
#16181=CARTESIAN_POINT('Origin',(60.,77.4833395016046,1.2));
#16182=CARTESIAN_POINT('',(81.,86.1435935394489,1.2));
#16183=CARTESIAN_POINT('',(60.,74.0192378864668,1.2));
#16184=CARTESIAN_POINT('',(82.5,88.7416697508023,1.2));
#16185=CARTESIAN_POINT('Origin',(79.5,88.7416697508023,1.2));
#16186=CARTESIAN_POINT('',(82.5,111.258330249198,1.2));
#16187=CARTESIAN_POINT('',(82.5,87.0096189432334,1.2));
#16188=CARTESIAN_POINT('',(81.,113.856406460551,1.2));
#16189=CARTESIAN_POINT('Origin',(79.5,111.258330249198,1.2));
#16190=CARTESIAN_POINT('',(82.5,112.990381056767,1.2));
#16191=CARTESIAN_POINT('Origin',(60.,125.980762113533,0.));
#16192=CARTESIAN_POINT('',(39.,113.856406460551,0.));
#16193=CARTESIAN_POINT('',(60.,125.980762113533,0.));
#16194=CARTESIAN_POINT('',(39.,113.856406460551,0.));
#16195=CARTESIAN_POINT('Origin',(40.5,111.258330249198,0.));
#16196=CARTESIAN_POINT('',(37.5,111.258330249198,0.));
#16197=CARTESIAN_POINT('Origin',(40.5,111.258330249198,0.));
#16198=CARTESIAN_POINT('',(37.5,111.258330249198,0.));
#16199=CARTESIAN_POINT('Origin',(79.5,111.258330249198,0.));
#16200=CARTESIAN_POINT('',(82.5,111.258330249198,0.));
#16201=CARTESIAN_POINT('',(82.5,111.258330249198,0.));
#16202=CARTESIAN_POINT('',(81.,113.856406460551,0.));
#16203=CARTESIAN_POINT('Origin',(79.5,111.258330249198,0.));
#16204=CARTESIAN_POINT('',(81.,113.856406460551,0.));
#16205=CARTESIAN_POINT('Origin',(82.5,87.0096189432334,0.));
#16206=CARTESIAN_POINT('',(82.5,88.7416697508023,0.));
#16207=CARTESIAN_POINT('',(82.5,88.7416697508023,0.));
#16208=CARTESIAN_POINT('',(82.5,87.0096189432334,0.));
#16209=CARTESIAN_POINT('Origin',(40.5,88.7416697508023,0.));
#16210=CARTESIAN_POINT('',(37.5,88.7416697508023,0.));
#16211=CARTESIAN_POINT('',(37.5,88.7416697508023,0.));
#16212=CARTESIAN_POINT('',(39.,86.143593539449,0.));
#16213=CARTESIAN_POINT('Origin',(40.5,88.7416697508023,0.));
#16214=CARTESIAN_POINT('',(39.,86.143593539449,0.));
#16215=CARTESIAN_POINT('Origin',(37.5,112.990381056767,0.));
#16216=CARTESIAN_POINT('',(37.5,112.990381056767,0.));
#16217=CARTESIAN_POINT('Origin',(60.,77.4833395016046,0.));
#16218=CARTESIAN_POINT('',(58.5,74.8852632902513,0.));
#16219=CARTESIAN_POINT('',(58.5,74.8852632902513,0.));
#16220=CARTESIAN_POINT('',(61.5,74.8852632902513,0.));
#16221=CARTESIAN_POINT('Origin',(60.,77.4833395016046,0.));
#16222=CARTESIAN_POINT('',(61.5,74.8852632902513,0.));
#16223=CARTESIAN_POINT('Origin',(60.,74.0192378864668,0.));
#16224=CARTESIAN_POINT('',(81.,86.1435935394489,0.));
#16225=CARTESIAN_POINT('',(60.,74.0192378864668,0.));
#16226=CARTESIAN_POINT('',(81.,86.1435935394489,0.));
#16227=CARTESIAN_POINT('Origin',(79.5,88.7416697508023,0.));
#16228=CARTESIAN_POINT('Origin',(79.5,88.7416697508023,0.));
#16229=CARTESIAN_POINT('Origin',(37.5,87.0096189432334,0.));
#16230=CARTESIAN_POINT('',(37.5,87.0096189432334,0.));
#16231=CARTESIAN_POINT('Origin',(82.5,112.990381056767,0.));
#16232=CARTESIAN_POINT('',(82.5,112.990381056767,0.));
#16233=CARTESIAN_POINT('Origin',(60.,100.,0.));
#16234=CARTESIAN_POINT('Origin',(2.44929359829471E-16,100.,2.));
#16235=CARTESIAN_POINT('',(4.95,100.,2.));
#16236=CARTESIAN_POINT('',(-4.95,100.,2.));
#16237=CARTESIAN_POINT('Origin',(2.44929359829471E-16,100.,2.));
#16238=CARTESIAN_POINT('',(-4.15,100.,1.2));
#16239=CARTESIAN_POINT('Origin',(-4.15,100.,2.));
#16240=CARTESIAN_POINT('Origin',(1.46957615897682E-16,100.,1.2));
#16241=CARTESIAN_POINT('Origin',(2.44929359829471E-16,100.,2.));
#16242=CARTESIAN_POINT('Origin',(0.,100.,0.));
#16243=CARTESIAN_POINT('',(4.95,100.,6.1));
#16244=CARTESIAN_POINT('Origin',(7.47034547479885E-16,100.,6.1));
#16245=CARTESIAN_POINT('',(4.95,100.,-6.0620016557794E-16));
#16246=CARTESIAN_POINT('Origin',(1.46957615897682E-16,100.,1.2));
#16247=CARTESIAN_POINT('Origin',(15.05,84.95,2.));
#16248=CARTESIAN_POINT('',(15.05,83.35,1.2));
#16249=CARTESIAN_POINT('',(16.65,84.95,1.2));
#16250=CARTESIAN_POINT('Origin',(15.05,84.95,1.2));
#16251=CARTESIAN_POINT('',(15.85,84.95,2.));
#16252=CARTESIAN_POINT('Origin',(16.65,84.95,2.));
#16253=CARTESIAN_POINT('',(15.05,84.15,2.));
#16254=CARTESIAN_POINT('Origin',(15.05,84.95,2.));
#16255=CARTESIAN_POINT('Origin',(15.05,83.35,2.));
#16256=CARTESIAN_POINT('Origin',(-15.05,84.95,2.));
#16257=CARTESIAN_POINT('',(-16.65,84.95,1.2));
#16258=CARTESIAN_POINT('',(-15.05,83.35,1.2));
#16259=CARTESIAN_POINT('Origin',(-15.05,84.95,1.2));
#16260=CARTESIAN_POINT('',(-15.05,84.15,2.));
#16261=CARTESIAN_POINT('Origin',(-15.05,83.35,2.));
#16262=CARTESIAN_POINT('',(-15.85,84.95,2.));
#16263=CARTESIAN_POINT('Origin',(-15.05,84.95,2.));
#16264=CARTESIAN_POINT('Origin',(-16.65,84.95,2.));
#16265=CARTESIAN_POINT('Origin',(-7.925,83.35,2.));
#16266=CARTESIAN_POINT('',(-7.925,83.35,1.2));
#16267=CARTESIAN_POINT('',(-7.925,84.15,2.));
#16268=CARTESIAN_POINT('Origin',(-15.05,84.95,1.84309343271677E-15));
#16269=CARTESIAN_POINT('',(-15.05,84.15,6.1));
#16270=CARTESIAN_POINT('',(-15.85,84.95,6.1));
#16271=CARTESIAN_POINT('Origin',(-15.05,84.95,6.1));
#16272=CARTESIAN_POINT('',(-15.85,84.95,1.94106517664855E-15));
#16273=CARTESIAN_POINT('',(-15.05,84.15,1.84309343271677E-15));
#16274=CARTESIAN_POINT('Origin',(15.05,115.05,2.));
#16275=CARTESIAN_POINT('',(16.65,115.05,1.2));
#16276=CARTESIAN_POINT('',(15.05,116.65,1.2));
#16277=CARTESIAN_POINT('Origin',(15.05,115.05,1.2));
#16278=CARTESIAN_POINT('',(15.05,115.85,2.));
#16279=CARTESIAN_POINT('Origin',(15.05,116.65,2.));
#16280=CARTESIAN_POINT('',(15.85,115.05,2.));
#16281=CARTESIAN_POINT('Origin',(15.05,115.05,2.));
#16282=CARTESIAN_POINT('Origin',(16.65,115.05,2.));
#16283=CARTESIAN_POINT('Origin',(-15.05,115.05,2.));
#16284=CARTESIAN_POINT('',(-15.05,115.85,2.));
#16285=CARTESIAN_POINT('',(-15.85,115.05,2.));
#16286=CARTESIAN_POINT('Origin',(-15.05,115.05,2.));
#16287=CARTESIAN_POINT('',(-15.05,116.65,1.2));
#16288=CARTESIAN_POINT('Origin',(-15.05,116.65,2.));
#16289=CARTESIAN_POINT('',(-16.65,115.05,1.2));
#16290=CARTESIAN_POINT('Origin',(-15.05,115.05,1.2));
#16291=CARTESIAN_POINT('Origin',(-16.65,115.05,2.));
#16292=CARTESIAN_POINT('Origin',(7.925,116.65,2.));
#16293=CARTESIAN_POINT('',(7.925,116.65,1.2));
#16294=CARTESIAN_POINT('',(7.925,115.85,2.));
#16295=CARTESIAN_POINT('Origin',(-16.65,107.925,2.));
#16296=CARTESIAN_POINT('',(-16.65,107.925,1.2));
#16297=CARTESIAN_POINT('',(-15.85,107.925,2.));
#16298=CARTESIAN_POINT('Origin',(-15.05,115.05,1.84309343271677E-15));
#16299=CARTESIAN_POINT('',(-15.85,115.05,6.1));
#16300=CARTESIAN_POINT('',(-15.05,115.85,6.1));
#16301=CARTESIAN_POINT('Origin',(-15.05,115.05,6.1));
#16302=CARTESIAN_POINT('',(-15.05,115.85,1.84309343271677E-15));
#16303=CARTESIAN_POINT('',(-15.85,115.05,1.94106517664855E-15));
#16304=CARTESIAN_POINT('Origin',(15.05,115.05,-1.84309343271677E-15));
#16305=CARTESIAN_POINT('',(15.05,115.85,6.1));
#16306=CARTESIAN_POINT('',(15.85,115.05,6.1));
#16307=CARTESIAN_POINT('Origin',(15.05,115.05,6.1));
#16308=CARTESIAN_POINT('',(15.85,115.05,-1.94106517664855E-15));
#16309=CARTESIAN_POINT('',(15.05,115.85,-1.84309343271677E-15));
#16310=CARTESIAN_POINT('Origin',(16.65,92.075,2.));
#16311=CARTESIAN_POINT('',(16.65,92.075,1.2));
#16312=CARTESIAN_POINT('',(15.85,92.075,2.));
#16313=CARTESIAN_POINT('Origin',(15.05,84.95,-1.84309343271677E-15));
#16314=CARTESIAN_POINT('',(15.85,84.95,6.1));
#16315=CARTESIAN_POINT('',(15.05,84.15,6.1));
#16316=CARTESIAN_POINT('Origin',(15.05,84.95,6.1));
#16317=CARTESIAN_POINT('',(15.05,84.15,-1.84309343271677E-15));
#16318=CARTESIAN_POINT('',(15.85,84.95,-1.94106517664855E-15));
#16319=CARTESIAN_POINT('Origin',(-15.85,84.15,1.94106517664855E-15));
#16320=CARTESIAN_POINT('',(15.85,84.15,6.1));
#16321=CARTESIAN_POINT('Origin',(15.85,84.15,-1.94106517664855E-15));
#16322=CARTESIAN_POINT('',(15.85,115.85,6.1));
#16323=CARTESIAN_POINT('Origin',(7.47034547479885E-16,100.,6.1));
#16324=CARTESIAN_POINT('',(-15.85,115.85,6.1));
#16325=CARTESIAN_POINT('',(-15.85,84.15,6.1));
#16326=CARTESIAN_POINT('',(12.7499999999981,107.199999999998,6.1));
#16327=CARTESIAN_POINT('',(14.2500000000008,107.199999999995,6.1));
#16328=CARTESIAN_POINT('',(12.7499999999981,107.199999999998,6.1));
#16329=CARTESIAN_POINT('',(14.25,92.7999999999999,6.1));
#16330=CARTESIAN_POINT('',(14.25,114.25,6.1));
#16331=CARTESIAN_POINT('',(12.7500000000009,92.7999999999962,6.1));
#16332=CARTESIAN_POINT('',(12.7500000000009,92.7999999999962,6.1));
#16333=CARTESIAN_POINT('',(12.7500000000021,91.2000000000044,6.1));
#16334=CARTESIAN_POINT('',(12.7500000000009,92.7999999999962,6.1));
#16335=CARTESIAN_POINT('',(14.25,91.1999999999998,6.1));
#16336=CARTESIAN_POINT('',(12.7500000000021,91.2000000000044,6.1));
#16337=CARTESIAN_POINT('',(14.25,85.75,6.1));
#16338=CARTESIAN_POINT('',(14.25,114.25,6.1));
#16339=CARTESIAN_POINT('',(8.79999999999903,85.75,6.1));
#16340=CARTESIAN_POINT('',(14.25,85.75,6.1));
#16341=CARTESIAN_POINT('',(8.79999999999674,87.2499999999994,6.1));
#16342=CARTESIAN_POINT('',(8.79999999999674,87.2499999999994,6.1));
#16343=CARTESIAN_POINT('',(7.19999999999675,87.2500000000012,6.1));
#16344=CARTESIAN_POINT('',(7.19999999999675,87.2500000000012,6.1));
#16345=CARTESIAN_POINT('',(7.19999999999467,85.75,6.1));
#16346=CARTESIAN_POINT('',(7.19999999999675,87.2500000000012,6.1));
#16347=CARTESIAN_POINT('',(-7.20000000000014,85.75,6.1));
#16348=CARTESIAN_POINT('',(14.25,85.75,6.1));
#16349=CARTESIAN_POINT('',(-7.2000000000017,87.2499999999983,6.1));
#16350=CARTESIAN_POINT('',(-7.2000000000017,87.2499999999983,6.1));
#16351=CARTESIAN_POINT('',(-8.80000000000216,87.2499999999973,6.1));
#16352=CARTESIAN_POINT('',(-7.2000000000017,87.2499999999983,6.1));
#16353=CARTESIAN_POINT('',(-8.80000000000023,85.75,6.1));
#16354=CARTESIAN_POINT('',(-8.80000000000216,87.2499999999973,6.1));
#16355=CARTESIAN_POINT('',(-14.25,85.75,6.1));
#16356=CARTESIAN_POINT('',(14.25,85.75,6.1));
#16357=CARTESIAN_POINT('',(-14.25,91.1999999999903,6.1));
#16358=CARTESIAN_POINT('',(-14.25,85.75,6.1));
#16359=CARTESIAN_POINT('',(-12.7499999999992,91.2000000000052,6.1));
#16360=CARTESIAN_POINT('',(-12.7499999999992,91.2000000000052,6.1));
#16361=CARTESIAN_POINT('',(-12.7499999999965,92.8000000000035,6.1));
#16362=CARTESIAN_POINT('',(-12.7499999999965,92.8000000000035,6.1));
#16363=CARTESIAN_POINT('',(-14.2499999999959,92.8000000000051,6.1));
#16364=CARTESIAN_POINT('',(-12.7499999999965,92.8000000000035,6.1));
#16365=CARTESIAN_POINT('',(-14.25,107.2,6.1));
#16366=CARTESIAN_POINT('',(-14.25,85.75,6.1));
#16367=CARTESIAN_POINT('',(-12.7499999999999,107.2,6.1));
#16368=CARTESIAN_POINT('',(-12.7499999999999,107.2,6.1));
#16369=CARTESIAN_POINT('',(-12.7500000000021,108.800000000003,6.1));
#16370=CARTESIAN_POINT('',(-12.7499999999999,107.2,6.1));
#16371=CARTESIAN_POINT('',(-14.25,108.8,6.1));
#16372=CARTESIAN_POINT('',(-12.7500000000021,108.800000000003,6.1));
#16373=CARTESIAN_POINT('',(-14.25,114.25,6.1));
#16374=CARTESIAN_POINT('',(-14.25,85.75,6.1));
#16375=CARTESIAN_POINT('',(-8.79999999999797,114.249999999998,6.1));
#16376=CARTESIAN_POINT('',(-14.25,114.25,6.1));
#16377=CARTESIAN_POINT('',(-8.79999999999369,112.75,6.1));
#16378=CARTESIAN_POINT('',(-8.79999999999369,112.75,6.1));
#16379=CARTESIAN_POINT('',(-7.199999999997,112.750000000002,6.1));
#16380=CARTESIAN_POINT('',(-7.199999999997,112.750000000002,6.1));
#16381=CARTESIAN_POINT('',(-7.19999999999604,114.249999999998,6.1));
#16382=CARTESIAN_POINT('',(-7.199999999997,112.750000000002,6.1));
#16383=CARTESIAN_POINT('',(7.20000000000014,114.25,6.1));
#16384=CARTESIAN_POINT('',(-14.25,114.25,6.1));
#16385=CARTESIAN_POINT('',(7.20000000000206,112.749999999998,6.1));
#16386=CARTESIAN_POINT('',(7.20000000000206,112.749999999998,6.1));
#16387=CARTESIAN_POINT('',(8.8000000000026,112.750000000002,6.1));
#16388=CARTESIAN_POINT('',(7.20000000000206,112.749999999998,6.1));
#16389=CARTESIAN_POINT('',(8.80000000000022,114.25,6.1));
#16390=CARTESIAN_POINT('',(8.8000000000026,112.750000000002,6.1));
#16391=CARTESIAN_POINT('',(14.25,114.25,6.1));
#16392=CARTESIAN_POINT('',(-14.25,114.25,6.1));
#16393=CARTESIAN_POINT('',(14.2499999999978,108.799999999998,6.1));
#16394=CARTESIAN_POINT('',(14.25,114.25,6.1));
#16395=CARTESIAN_POINT('',(12.7499999999999,108.799999999995,6.1));
#16396=CARTESIAN_POINT('',(12.7499999999999,108.799999999995,6.1));
#16397=CARTESIAN_POINT('',(12.7499999999981,107.199999999998,6.1));
#16398=CARTESIAN_POINT('Origin',(1.46957615897682E-16,100.,1.2));
#16399=CARTESIAN_POINT('',(21.,113.856406460551,1.2));
#16400=CARTESIAN_POINT('',(22.5,111.258330249198,1.2));
#16401=CARTESIAN_POINT('Origin',(19.5,111.258330249198,1.2));
#16402=CARTESIAN_POINT('',(1.49999999999999,125.114736709749,1.2));
#16403=CARTESIAN_POINT('',(-6.51438053185326E-15,125.980762113533,1.2));
#16404=CARTESIAN_POINT('',(-1.50000000000001,125.114736709749,1.2));
#16405=CARTESIAN_POINT('Origin',(-1.31757186796042E-14,122.516660498395,
1.2));
#16406=CARTESIAN_POINT('',(-21.,113.856406460551,1.2));
#16407=CARTESIAN_POINT('',(-22.5,112.990381056767,1.2));
#16408=CARTESIAN_POINT('',(-22.5,111.258330249198,1.2));
#16409=CARTESIAN_POINT('Origin',(-19.5,111.258330249198,1.2));
#16410=CARTESIAN_POINT('',(-22.5,88.7416697508023,1.2));
#16411=CARTESIAN_POINT('',(-22.5,87.0096189432334,1.2));
#16412=CARTESIAN_POINT('',(-21.,86.143593539449,1.2));
#16413=CARTESIAN_POINT('Origin',(-19.5,88.7416697508023,1.2));
#16414=CARTESIAN_POINT('',(-1.49999999999999,74.8852632902513,1.2));
#16415=CARTESIAN_POINT('',(1.34696339113996E-14,74.0192378864669,1.2));
#16416=CARTESIAN_POINT('',(1.50000000000001,74.8852632902513,1.2));
#16417=CARTESIAN_POINT('Origin',(9.02874181289894E-15,77.4833395016046,
1.2));
#16418=CARTESIAN_POINT('',(21.,86.143593539449,1.2));
#16419=CARTESIAN_POINT('',(22.5,87.0096189432334,1.2));
#16420=CARTESIAN_POINT('',(22.5,88.7416697508023,1.2));
#16421=CARTESIAN_POINT('Origin',(19.5,88.7416697508023,1.2));
#16422=CARTESIAN_POINT('',(22.5,112.990381056767,1.2));
#16423=CARTESIAN_POINT('Origin',(2.44929359829471E-16,100.,2.));
#16424=CARTESIAN_POINT('',(6.55,100.,2.));
#16425=CARTESIAN_POINT('Origin',(2.44929359829471E-16,100.,2.));
#16426=CARTESIAN_POINT('',(7.35,100.,1.2));
#16427=CARTESIAN_POINT('Origin',(7.35,100.,2.));
#16428=CARTESIAN_POINT('Origin',(1.46957615897682E-16,100.,1.2));
#16429=CARTESIAN_POINT('Origin',(1.46957615897682E-16,100.,1.2));
#16430=CARTESIAN_POINT('',(11.9500000000007,109.599999999993,1.2));
#16431=CARTESIAN_POINT('',(11.9499999999973,106.4,1.2));
#16432=CARTESIAN_POINT('',(11.9499999999951,104.399999999991,1.2));
#16433=CARTESIAN_POINT('',(13.45,109.599999999996,1.2));
#16434=CARTESIAN_POINT('',(7.12499999998777,109.599999999983,1.2));
#16435=CARTESIAN_POINT('',(13.45,113.45,1.2));
#16436=CARTESIAN_POINT('',(13.45,107.125,1.2));
#16437=CARTESIAN_POINT('',(9.60000000000149,113.45,1.2));
#16438=CARTESIAN_POINT('',(4.40000000000011,113.45,1.2));
#16439=CARTESIAN_POINT('',(9.60000000000386,111.950000000004,1.2));
#16440=CARTESIAN_POINT('',(9.6000000000127,106.375000000009,1.2));
#16441=CARTESIAN_POINT('',(6.40000000000308,111.949999999996,1.2));
#16442=CARTESIAN_POINT('',(3.59999999998809,111.94999999999,1.2));
#16443=CARTESIAN_POINT('',(6.40000000000116,113.45,1.2));
#16444=CARTESIAN_POINT('',(6.40000000000925,107.125000000004,1.2));
#16445=CARTESIAN_POINT('',(-6.39999999999655,113.45,1.2));
#16446=CARTESIAN_POINT('',(-3.59999999999802,113.45,1.2));
#16447=CARTESIAN_POINT('',(-6.39999999999751,111.950000000003,1.2));
#16448=CARTESIAN_POINT('',(-6.40000000000105,106.375000000003,1.2));
#16449=CARTESIAN_POINT('',(-9.5999999999914,111.949999999999,1.2));
#16450=CARTESIAN_POINT('',(-4.40000000000418,111.950000000006,1.2));
#16451=CARTESIAN_POINT('',(-9.59999999999569,113.45,1.2));
#16452=CARTESIAN_POINT('',(-9.59999999997762,107.124999999984,1.2));
#16453=CARTESIAN_POINT('',(-13.45,113.45,1.2));
#16454=CARTESIAN_POINT('',(-7.125,113.45,1.2));
#16455=CARTESIAN_POINT('',(-13.45,109.600000000001,1.2));
#16456=CARTESIAN_POINT('',(-13.45,104.4,1.2));
#16457=CARTESIAN_POINT('',(-11.9500000000032,109.600000000004,1.2));
#16458=CARTESIAN_POINT('',(-6.37500000000925,109.600000000013,1.2));
#16459=CARTESIAN_POINT('',(-11.9499999999988,106.4,1.2));
#16460=CARTESIAN_POINT('',(-11.9499999999949,103.599999999992,1.2));
#16461=CARTESIAN_POINT('',(-13.45,106.4,1.2));
#16462=CARTESIAN_POINT('',(-7.12500000000025,106.400000000001,1.2));
#16463=CARTESIAN_POINT('',(-13.45,93.6000000000043,1.2));
#16464=CARTESIAN_POINT('',(-13.45,96.4000000000026,1.2));
#16465=CARTESIAN_POINT('',(-11.9499999999952,93.6000000000026,1.2));
#16466=CARTESIAN_POINT('',(-6.37500000000134,93.5999999999965,1.2));
#16467=CARTESIAN_POINT('',(-11.9500000000005,90.4000000000132,1.2));
#16468=CARTESIAN_POINT('',(-11.9499999999918,95.600000000012,1.2));
#16469=CARTESIAN_POINT('',(-13.45,90.3999999999983,1.2));
#16470=CARTESIAN_POINT('',(-7.12499999994823,90.4000000000613,1.2));
#16471=CARTESIAN_POINT('',(-13.45,86.55,1.2));
#16472=CARTESIAN_POINT('',(-13.45,92.875,1.2));
#16473=CARTESIAN_POINT('',(-9.60000000000126,86.55,1.2));
#16474=CARTESIAN_POINT('',(-4.40000000000011,86.55,1.2));
#16475=CARTESIAN_POINT('',(-9.6000000000032,88.0499999999968,1.2));
#16476=CARTESIAN_POINT('',(-9.60000000001041,93.6249999999919,1.2));
#16477=CARTESIAN_POINT('',(-6.40000000000253,88.0499999999988,1.2));
#16478=CARTESIAN_POINT('',(-3.59999999999747,88.0500000000005,1.2));
#16479=CARTESIAN_POINT('',(-6.40000000000097,86.55,1.2));
#16480=CARTESIAN_POINT('',(-6.40000000000755,92.8749999999971,1.2));
#16481=CARTESIAN_POINT('',(6.39999999999578,86.55,1.2));
#16482=CARTESIAN_POINT('',(3.59999999999734,86.55,1.2));
#16483=CARTESIAN_POINT('',(6.39999999999785,88.0500000000021,1.2));
#16484=CARTESIAN_POINT('',(6.40000000000554,93.6249999999967,1.2));
#16485=CARTESIAN_POINT('',(9.59999999999552,88.0499999999985,1.2));
#16486=CARTESIAN_POINT('',(4.39999999999198,88.0500000000044,1.2));
#16487=CARTESIAN_POINT('',(9.59999999999781,86.55,1.2));
#16488=CARTESIAN_POINT('',(9.59999999998817,92.8750000000079,1.2));
#16489=CARTESIAN_POINT('',(13.45,86.55,1.2));
#16490=CARTESIAN_POINT('',(7.125,86.55,1.2));
#16491=CARTESIAN_POINT('',(13.45,90.4000000000022,1.2));
#16492=CARTESIAN_POINT('',(13.45,95.5999999999999,1.2));
#16493=CARTESIAN_POINT('',(11.9500000000027,90.4000000000068,1.2));
#16494=CARTESIAN_POINT('',(6.37499999998509,90.4000000000239,1.2));
#16495=CARTESIAN_POINT('',(11.9500000000003,93.5999999999942,1.2));
#16496=CARTESIAN_POINT('',(11.9499999999982,96.4000000000023,1.2));
#16497=CARTESIAN_POINT('',(13.45,93.5999999999979,1.2));
#16498=CARTESIAN_POINT('',(7.12500000000692,93.5999999999822,1.2));
#16499=CARTESIAN_POINT('',(13.45,106.399999999997,1.2));
#16500=CARTESIAN_POINT('',(13.45,103.599999999997,1.2));
#16501=CARTESIAN_POINT('',(6.3750000000048,106.400000000011,1.2));
#16502=CARTESIAN_POINT('Origin',(0.,100.,0.));
#16503=CARTESIAN_POINT('',(6.55,100.,6.1));
#16504=CARTESIAN_POINT('Origin',(7.47034547479885E-16,100.,6.1));
#16505=CARTESIAN_POINT('',(6.55,100.,-8.02143653441516E-16));
#16506=CARTESIAN_POINT('Origin',(-7.12499999994823,90.4000000000613,2.));
#16507=CARTESIAN_POINT('',(-12.7499999999992,91.2000000000052,2.));
#16508=CARTESIAN_POINT('',(-14.25,91.1999999999903,2.));
#16509=CARTESIAN_POINT('',(-7.1249999999562,91.2000000000613,2.));
#16510=CARTESIAN_POINT('Origin',(-13.45,90.3999999999983,2.));
#16511=CARTESIAN_POINT('Origin',(-11.9500000000005,90.4000000000132,2.));
#16512=CARTESIAN_POINT('Origin',(-13.45,92.875,2.));
#16513=CARTESIAN_POINT('',(-14.25,85.75,2.));
#16514=CARTESIAN_POINT('',(-14.25,92.875,2.));
#16515=CARTESIAN_POINT('Origin',(-13.45,86.55,2.));
#16516=CARTESIAN_POINT('Origin',(-4.40000000000011,86.55,2.));
#16517=CARTESIAN_POINT('',(-8.80000000000022,85.75,2.));
#16518=CARTESIAN_POINT('',(-4.40000000000011,85.75,2.));
#16519=CARTESIAN_POINT('Origin',(-9.60000000000126,86.55,2.));
#16520=CARTESIAN_POINT('Origin',(-9.60000000001041,93.6249999999919,2.));
#16521=CARTESIAN_POINT('',(-8.80000000000217,87.2499999999973,2.));
#16522=CARTESIAN_POINT('',(-8.80000000001041,93.624999999993,2.));
#16523=CARTESIAN_POINT('Origin',(-9.6000000000032,88.0499999999968,2.));
#16524=CARTESIAN_POINT('Origin',(-3.59999999999747,88.0500000000005,2.));
#16525=CARTESIAN_POINT('',(-7.2000000000017,87.2499999999983,2.));
#16526=CARTESIAN_POINT('',(-3.59999999999698,87.2500000000005,2.));
#16527=CARTESIAN_POINT('Origin',(-6.40000000000253,88.0499999999988,2.));
#16528=CARTESIAN_POINT('Origin',(-6.40000000000755,92.8749999999971,2.));
#16529=CARTESIAN_POINT('',(-7.20000000000014,85.75,2.));
#16530=CARTESIAN_POINT('',(-7.20000000000755,92.8749999999963,2.));
#16531=CARTESIAN_POINT('Origin',(-6.40000000000097,86.55,2.));
#16532=CARTESIAN_POINT('Origin',(3.59999999999734,86.55,2.));
#16533=CARTESIAN_POINT('',(7.19999999999467,85.75,2.));
#16534=CARTESIAN_POINT('',(3.59999999999734,85.75,2.));
#16535=CARTESIAN_POINT('Origin',(6.39999999999578,86.55,2.));
#16536=CARTESIAN_POINT('Origin',(6.40000000000554,93.6249999999967,2.));
#16537=CARTESIAN_POINT('',(7.19999999999674,87.2500000000012,2.));
#16538=CARTESIAN_POINT('',(7.20000000000554,93.6249999999956,2.));
#16539=CARTESIAN_POINT('Origin',(6.39999999999785,88.0500000000021,2.));
#16540=CARTESIAN_POINT('Origin',(4.39999999999198,88.0500000000044,2.));
#16541=CARTESIAN_POINT('',(8.79999999999674,87.2499999999994,2.));
#16542=CARTESIAN_POINT('',(4.39999999999106,87.2500000000044,2.));
#16543=CARTESIAN_POINT('Origin',(9.59999999999552,88.0499999999985,2.));
#16544=CARTESIAN_POINT('Origin',(9.59999999998817,92.8750000000079,2.));
#16545=CARTESIAN_POINT('',(8.79999999999902,85.75,2.));
#16546=CARTESIAN_POINT('',(8.79999999998817,92.8750000000067,2.));
#16547=CARTESIAN_POINT('Origin',(9.59999999999781,86.55,2.));
#16548=CARTESIAN_POINT('Origin',(7.125,86.55,2.));
#16549=CARTESIAN_POINT('',(14.25,85.75,2.));
#16550=CARTESIAN_POINT('',(7.125,85.75,2.));
#16551=CARTESIAN_POINT('Origin',(13.45,86.55,2.));
#16552=CARTESIAN_POINT('Origin',(13.45,95.5999999999999,2.));
#16553=CARTESIAN_POINT('',(14.25,91.1999999999998,2.));
#16554=CARTESIAN_POINT('',(14.25,95.5999999999999,2.));
#16555=CARTESIAN_POINT('Origin',(13.45,90.4000000000022,2.));
#16556=CARTESIAN_POINT('Origin',(6.37499999998509,90.4000000000239,2.));
#16557=CARTESIAN_POINT('',(12.7500000000021,91.2000000000044,2.));
#16558=CARTESIAN_POINT('',(6.37499999998755,91.2000000000239,2.));
#16559=CARTESIAN_POINT('Origin',(11.9500000000027,90.4000000000068,2.));
#16560=CARTESIAN_POINT('Origin',(11.9499999999982,96.4000000000023,2.));
#16561=CARTESIAN_POINT('',(12.7500000000009,92.7999999999962,2.));
#16562=CARTESIAN_POINT('',(12.7499999999982,96.4000000000029,2.));
#16563=CARTESIAN_POINT('Origin',(11.9500000000003,93.5999999999942,2.));
#16564=CARTESIAN_POINT('Origin',(7.12500000000692,93.5999999999822,2.));
#16565=CARTESIAN_POINT('',(14.25,92.7999999999999,2.));
#16566=CARTESIAN_POINT('',(7.1250000000089,92.7999999999822,2.));
#16567=CARTESIAN_POINT('Origin',(13.45,93.5999999999979,2.));
#16568=CARTESIAN_POINT('Origin',(13.45,103.599999999997,2.));
#16569=CARTESIAN_POINT('',(14.2500000000008,107.199999999995,2.));
#16570=CARTESIAN_POINT('',(14.25,103.599999999997,2.));
#16571=CARTESIAN_POINT('Origin',(13.45,106.399999999997,2.));
#16572=CARTESIAN_POINT('Origin',(11.9499999999951,104.399999999991,2.));
#16573=CARTESIAN_POINT('',(12.7499999999981,107.199999999998,2.));
#16574=CARTESIAN_POINT('Origin',(11.9499999999973,106.4,2.));
#16575=CARTESIAN_POINT('',(12.7499999999999,108.799999999995,2.));
#16576=CARTESIAN_POINT('',(12.7499999999951,104.39999999999,2.));
#16577=CARTESIAN_POINT('Origin',(11.9500000000007,109.599999999993,2.));
#16578=CARTESIAN_POINT('Origin',(6.3750000000048,106.400000000011,2.));
#16579=CARTESIAN_POINT('',(6.37500000000644,107.200000000011,2.));
#16580=CARTESIAN_POINT('Origin',(7.12499999998777,109.599999999983,2.));
#16581=CARTESIAN_POINT('',(14.2499999999978,108.799999999998,2.));
#16582=CARTESIAN_POINT('',(7.12499999998948,108.799999999983,2.));
#16583=CARTESIAN_POINT('Origin',(13.45,109.599999999996,2.));
#16584=CARTESIAN_POINT('Origin',(13.45,107.125,2.));
#16585=CARTESIAN_POINT('',(14.25,114.25,2.));
#16586=CARTESIAN_POINT('',(14.25,107.125,2.));
#16587=CARTESIAN_POINT('Origin',(13.45,113.45,2.));
#16588=CARTESIAN_POINT('Origin',(4.40000000000011,113.45,2.));
#16589=CARTESIAN_POINT('',(8.80000000000022,114.25,2.));
#16590=CARTESIAN_POINT('',(4.40000000000011,114.25,2.));
#16591=CARTESIAN_POINT('Origin',(9.60000000000149,113.45,2.));
#16592=CARTESIAN_POINT('Origin',(9.6000000000127,106.375000000009,2.));
#16593=CARTESIAN_POINT('',(8.8000000000026,112.750000000002,2.));
#16594=CARTESIAN_POINT('',(8.80000000001269,106.375000000008,2.));
#16595=CARTESIAN_POINT('Origin',(9.60000000000386,111.950000000004,2.));
#16596=CARTESIAN_POINT('Origin',(3.59999999998809,111.94999999999,2.));
#16597=CARTESIAN_POINT('',(7.20000000000206,112.749999999998,2.));
#16598=CARTESIAN_POINT('',(3.59999999998623,112.74999999999,2.));
#16599=CARTESIAN_POINT('Origin',(6.40000000000308,111.949999999996,2.));
#16600=CARTESIAN_POINT('Origin',(6.40000000000925,107.125000000004,2.));
#16601=CARTESIAN_POINT('',(7.20000000000014,114.25,2.));
#16602=CARTESIAN_POINT('',(7.20000000000925,107.125000000005,2.));
#16603=CARTESIAN_POINT('Origin',(6.40000000000116,113.45,2.));
#16604=CARTESIAN_POINT('Origin',(-3.59999999999802,113.45,2.));
#16605=CARTESIAN_POINT('',(-7.19999999999605,114.249999999998,2.));
#16606=CARTESIAN_POINT('',(-3.59999999999802,114.25,2.));
#16607=CARTESIAN_POINT('Origin',(-6.39999999999656,113.45,2.));
#16608=CARTESIAN_POINT('Origin',(-6.40000000000105,106.375000000003,2.));
#16609=CARTESIAN_POINT('',(-7.199999999997,112.750000000002,2.));
#16610=CARTESIAN_POINT('',(-7.20000000000105,106.375000000003,2.));
#16611=CARTESIAN_POINT('Origin',(-6.39999999999751,111.950000000003,2.));
#16612=CARTESIAN_POINT('Origin',(-4.40000000000418,111.950000000006,2.));
#16613=CARTESIAN_POINT('',(-8.79999999999369,112.75,2.));
#16614=CARTESIAN_POINT('',(-4.40000000000523,112.750000000006,2.));
#16615=CARTESIAN_POINT('Origin',(-9.5999999999914,111.949999999999,2.));
#16616=CARTESIAN_POINT('Origin',(-9.59999999997762,107.124999999984,2.));
#16617=CARTESIAN_POINT('',(-8.79999999999797,114.249999999998,2.));
#16618=CARTESIAN_POINT('',(-8.79999999997762,107.124999999986,2.));
#16619=CARTESIAN_POINT('Origin',(-9.59999999999569,113.45,2.));
#16620=CARTESIAN_POINT('Origin',(-7.125,113.45,2.));
#16621=CARTESIAN_POINT('',(-14.25,114.25,2.));
#16622=CARTESIAN_POINT('',(-7.125,114.25,2.));
#16623=CARTESIAN_POINT('Origin',(-13.45,113.45,2.));
#16624=CARTESIAN_POINT('Origin',(-13.45,104.4,2.));
#16625=CARTESIAN_POINT('',(-14.25,108.8,2.));
#16626=CARTESIAN_POINT('',(-14.25,104.4,2.));
#16627=CARTESIAN_POINT('Origin',(-13.45,109.600000000001,2.));
#16628=CARTESIAN_POINT('Origin',(-6.37500000000925,109.600000000013,2.));
#16629=CARTESIAN_POINT('',(-12.7500000000021,108.800000000003,2.));
#16630=CARTESIAN_POINT('',(-6.37500000000799,108.800000000013,2.));
#16631=CARTESIAN_POINT('Origin',(-11.9500000000032,109.600000000004,2.));
#16632=CARTESIAN_POINT('Origin',(-11.9499999999949,103.599999999992,2.));
#16633=CARTESIAN_POINT('',(-12.7499999999999,107.2,2.));
#16634=CARTESIAN_POINT('',(-12.7499999999949,103.599999999991,2.));
#16635=CARTESIAN_POINT('Origin',(-11.9499999999988,106.4,2.));
#16636=CARTESIAN_POINT('Origin',(-7.12500000000025,106.400000000001,2.));
#16637=CARTESIAN_POINT('',(-14.25,107.2,2.));
#16638=CARTESIAN_POINT('',(-7.12500000000032,107.200000000001,2.));
#16639=CARTESIAN_POINT('Origin',(-13.45,106.4,2.));
#16640=CARTESIAN_POINT('Origin',(-13.45,96.4000000000026,2.));
#16641=CARTESIAN_POINT('',(-14.2499999999959,92.8000000000051,2.));
#16642=CARTESIAN_POINT('',(-14.25,96.4000000000026,2.));
#16643=CARTESIAN_POINT('Origin',(-13.45,93.6000000000043,2.));
#16644=CARTESIAN_POINT('Origin',(-6.37500000000134,93.5999999999965,2.));
#16645=CARTESIAN_POINT('',(-12.7499999999965,92.8000000000035,2.));
#16646=CARTESIAN_POINT('',(-6.37500000000221,92.7999999999965,2.));
#16647=CARTESIAN_POINT('Origin',(-11.9499999999952,93.6000000000026,2.));
#16648=CARTESIAN_POINT('Origin',(-11.9499999999918,95.600000000012,2.));
#16649=CARTESIAN_POINT('',(-12.7499999999918,95.6000000000133,2.));
#16650=CARTESIAN_POINT('Origin',(-12.7499999999965,92.8000000000035,1.56142466891245E-15));
#16651=CARTESIAN_POINT('',(-14.2499999999959,92.8000000000051,1.74512168878447E-15));
#16652=CARTESIAN_POINT('',(-12.7499999999965,92.8000000000035,1.56142466891245E-15));
#16653=CARTESIAN_POINT('Origin',(-14.25,92.8000000000051,1.74512168878498E-15));
#16654=CARTESIAN_POINT('',(-14.25,107.2,1.74512168878498E-15));
#16655=CARTESIAN_POINT('Origin',(-14.25,107.2,1.74512168878498E-15));
#16656=CARTESIAN_POINT('',(-12.7499999999999,107.2,1.56142466891286E-15));
#16657=CARTESIAN_POINT('Origin',(-12.7499999999999,107.2,1.56142466891286E-15));
#16658=CARTESIAN_POINT('',(-12.7500000000021,108.800000000003,1.56142466891313E-15));
#16659=CARTESIAN_POINT('Origin',(-12.7500000000021,108.800000000003,1.56142466891313E-15));
#16660=CARTESIAN_POINT('',(-14.25,108.8,1.74512168878498E-15));
#16661=CARTESIAN_POINT('Origin',(-14.25,108.8,1.74512168878498E-15));
#16662=CARTESIAN_POINT('',(-14.25,114.25,1.74512168878498E-15));
#16663=CARTESIAN_POINT('Origin',(-14.25,114.25,1.74512168878498E-15));
#16664=CARTESIAN_POINT('',(-8.79999999999797,114.249999999998,1.07768918324942E-15));
#16665=CARTESIAN_POINT('Origin',(-8.79999999999797,114.249999999998,1.07768918324942E-15));
#16666=CARTESIAN_POINT('',(-8.79999999999369,112.75,1.0776891832489E-15));
#16667=CARTESIAN_POINT('Origin',(-8.79999999999369,112.75,1.0776891832489E-15));
#16668=CARTESIAN_POINT('',(-7.199999999997,112.750000000002,8.81745695385727E-16));
#16669=CARTESIAN_POINT('Origin',(-7.199999999997,112.750000000002,8.81745695385727E-16));
#16670=CARTESIAN_POINT('',(-7.19999999999605,114.249999999998,8.8174569538561E-16));
#16671=CARTESIAN_POINT('Origin',(-7.19999999999605,114.25,8.8174569538561E-16));
#16672=CARTESIAN_POINT('',(7.20000000000014,114.25,-8.81745695386112E-16));
#16673=CARTESIAN_POINT('Origin',(7.20000000000014,114.25,-8.81745695386112E-16));
#16674=CARTESIAN_POINT('',(7.20000000000206,112.749999999998,-8.81745695386347E-16));
#16675=CARTESIAN_POINT('Origin',(7.20000000000206,112.749999999998,-8.81745695386347E-16));
#16676=CARTESIAN_POINT('',(8.8000000000026,112.750000000002,-1.07768918324999E-15));
#16677=CARTESIAN_POINT('Origin',(8.8000000000026,112.750000000002,-1.07768918324999E-15));
#16678=CARTESIAN_POINT('',(8.80000000000022,114.25,-1.0776891832497E-15));
#16679=CARTESIAN_POINT('Origin',(8.80000000000022,114.25,-1.0776891832497E-15));
#16680=CARTESIAN_POINT('',(14.25,114.25,-1.74512168878498E-15));
#16681=CARTESIAN_POINT('Origin',(14.25,114.25,-1.74512168878498E-15));
#16682=CARTESIAN_POINT('',(14.2499999999978,108.799999999998,-1.74512168878471E-15));
#16683=CARTESIAN_POINT('Origin',(14.2499999999978,108.799999999998,-1.74512168878471E-15));
#16684=CARTESIAN_POINT('',(12.7499999999999,108.799999999995,-1.56142466891286E-15));
#16685=CARTESIAN_POINT('Origin',(12.7499999999999,108.799999999995,-1.56142466891286E-15));
#16686=CARTESIAN_POINT('',(12.7499999999981,107.199999999998,-1.56142466891265E-15));
#16687=CARTESIAN_POINT('Origin',(19.5,111.258330249198,-2.38806125833734E-15));
#16688=CARTESIAN_POINT('',(22.5,111.258330249198,-2.75545529808154E-15));
#16689=CARTESIAN_POINT('',(22.5,111.258330249198,-2.75545529808154E-15));
#16690=CARTESIAN_POINT('',(21.,113.856406460551,-2.57175827820944E-15));
#16691=CARTESIAN_POINT('Origin',(19.5,111.258330249198,-2.38806125833734E-15));
#16692=CARTESIAN_POINT('',(21.,113.856406460551,-2.57175827820944E-15));
#16693=CARTESIAN_POINT('Origin',(22.5,87.0096189432334,-2.75545529808154E-15));
#16694=CARTESIAN_POINT('',(22.5,88.7416697508023,-2.75545529808154E-15));
#16695=CARTESIAN_POINT('',(22.5,88.7416697508023,-2.75545529808154E-15));
#16696=CARTESIAN_POINT('',(22.5,112.990381056767,-2.75545529808154E-15));
#16697=CARTESIAN_POINT('Origin',(-1.33226762955019E-14,122.516660498395,
1.63155728813627E-30));
#16698=CARTESIAN_POINT('',(1.49999999999999,125.114736709749,-1.83697019872101E-16));
#16699=CARTESIAN_POINT('',(1.49999999999999,125.114736709749,-1.83697019872101E-16));
#16700=CARTESIAN_POINT('',(-1.50000000000001,125.114736709749,1.83697019872104E-16));
#16701=CARTESIAN_POINT('Origin',(-1.33226762955019E-14,122.516660498395,
1.63155728813627E-30));
#16702=CARTESIAN_POINT('',(-1.50000000000001,125.114736709749,1.83697019872105E-16));
#16703=CARTESIAN_POINT('Origin',(-8.88178419700125E-15,125.980762113533,
1.08770485875751E-30));
#16704=CARTESIAN_POINT('',(-21.,113.856406460551,2.57175827820944E-15));
#16705=CARTESIAN_POINT('',(-22.5,112.990381056767,2.75545529808154E-15));
#16706=CARTESIAN_POINT('',(-21.,113.856406460551,2.57175827820944E-15));
#16707=CARTESIAN_POINT('Origin',(-19.5,111.258330249198,2.38806125833734E-15));
#16708=CARTESIAN_POINT('',(-22.5,111.258330249198,2.75545529808154E-15));
#16709=CARTESIAN_POINT('Origin',(-19.5,111.258330249198,2.38806125833734E-15));
#16710=CARTESIAN_POINT('',(-22.5,111.258330249198,2.75545529808154E-15));
#16711=CARTESIAN_POINT('Origin',(19.5,88.7416697508023,-2.38806125833734E-15));
#16712=CARTESIAN_POINT('',(21.,86.143593539449,-2.57175827820944E-15));
#16713=CARTESIAN_POINT('',(21.,86.143593539449,-2.57175827820944E-15));
#16714=CARTESIAN_POINT('Origin',(19.5,88.7416697508023,-2.38806125833734E-15));
#16715=CARTESIAN_POINT('Origin',(1.33226762955019E-14,74.0192378864669,
-1.63155728813627E-30));
#16716=CARTESIAN_POINT('',(1.50000000000001,74.8852632902513,-1.83697019872105E-16));
#16717=CARTESIAN_POINT('',(1.50000000000001,74.8852632902513,-1.83697019872105E-16));
#16718=CARTESIAN_POINT('',(22.5,87.0096189432334,-2.75545529808154E-15));
#16719=CARTESIAN_POINT('Origin',(-19.5,88.7416697508023,2.38806125833734E-15));
#16720=CARTESIAN_POINT('',(-22.5,88.7416697508023,2.75545529808154E-15));
#16721=CARTESIAN_POINT('',(-22.5,88.7416697508023,2.75545529808154E-15));
#16722=CARTESIAN_POINT('',(-21.,86.143593539449,2.57175827820944E-15));
#16723=CARTESIAN_POINT('Origin',(-19.5,88.7416697508023,2.38806125833734E-15));
#16724=CARTESIAN_POINT('',(-21.,86.143593539449,2.57175827820944E-15));
#16725=CARTESIAN_POINT('Origin',(-22.5,87.0096189432334,2.75545529808154E-15));
#16726=CARTESIAN_POINT('',(-1.49999999999999,74.8852632902513,1.83697019872102E-16));
#16727=CARTESIAN_POINT('',(1.33226762955019E-14,74.0192378864669,-1.63155728813627E-30));
#16728=CARTESIAN_POINT('',(-1.49999999999999,74.8852632902513,1.83697019872102E-16));
#16729=CARTESIAN_POINT('Origin',(8.88178419700125E-15,77.4833395016046,
-1.08770485875751E-30));
#16730=CARTESIAN_POINT('Origin',(8.88178419700125E-15,77.4833395016046,
-1.08770485875751E-30));
#16731=CARTESIAN_POINT('Origin',(7.47034547479885E-16,100.,6.1));
#16732=CARTESIAN_POINT('Origin',(15.85,115.85,-1.94106517664855E-15));
#16733=CARTESIAN_POINT('Origin',(-12.7499999999992,91.2000000000052,1.56142466891278E-15));
#16734=CARTESIAN_POINT('',(-12.7499999999992,91.2000000000052,1.56142466891278E-15));
#16735=CARTESIAN_POINT('Origin',(-14.25,91.1999999999903,1.74512168878498E-15));
#16736=CARTESIAN_POINT('',(-14.25,91.1999999999903,1.74512168878498E-15));
#16737=CARTESIAN_POINT('Origin',(-14.25,85.75,1.74512168878498E-15));
#16738=CARTESIAN_POINT('',(-14.25,85.75,1.74512168878498E-15));
#16739=CARTESIAN_POINT('Origin',(-8.80000000000022,85.75,1.0776891832497E-15));
#16740=CARTESIAN_POINT('',(-8.80000000000022,85.75,1.0776891832497E-15));
#16741=CARTESIAN_POINT('Origin',(-8.80000000000217,87.2499999999973,1.07768918324994E-15));
#16742=CARTESIAN_POINT('',(-8.80000000000217,87.2499999999973,1.07768918324994E-15));
#16743=CARTESIAN_POINT('Origin',(-7.2000000000017,87.2499999999983,8.81745695386303E-16));
#16744=CARTESIAN_POINT('',(-7.2000000000017,87.2499999999983,8.81745695386303E-16));
#16745=CARTESIAN_POINT('Origin',(-7.20000000000014,85.75,8.81745695386112E-16));
#16746=CARTESIAN_POINT('',(-7.20000000000014,85.75,8.81745695386112E-16));
#16747=CARTESIAN_POINT('Origin',(7.19999999999467,85.75,-8.81745695385442E-16));
#16748=CARTESIAN_POINT('',(7.19999999999467,85.75,-8.81745695385442E-16));
#16749=CARTESIAN_POINT('Origin',(7.19999999999674,87.2500000000012,-8.81745695385695E-16));
#16750=CARTESIAN_POINT('',(7.19999999999674,87.2500000000012,-8.81745695385695E-16));
#16751=CARTESIAN_POINT('Origin',(8.79999999999674,87.2499999999994,-1.07768918324927E-15));
#16752=CARTESIAN_POINT('',(8.79999999999674,87.2499999999994,-1.07768918324927E-15));
#16753=CARTESIAN_POINT('Origin',(8.79999999999902,85.75,-1.07768918324955E-15));
#16754=CARTESIAN_POINT('',(8.79999999999902,85.75,-1.07768918324955E-15));
#16755=CARTESIAN_POINT('Origin',(14.25,85.75,-1.74512168878498E-15));
#16756=CARTESIAN_POINT('',(14.25,85.75,-1.74512168878498E-15));
#16757=CARTESIAN_POINT('Origin',(14.25,91.1999999999998,-1.74512168878498E-15));
#16758=CARTESIAN_POINT('',(14.25,91.1999999999998,-1.74512168878498E-15));
#16759=CARTESIAN_POINT('Origin',(12.7500000000021,91.2000000000044,-1.56142466891313E-15));
#16760=CARTESIAN_POINT('',(12.7500000000021,91.2000000000044,-1.56142466891313E-15));
#16761=CARTESIAN_POINT('Origin',(12.7500000000009,92.7999999999962,-1.56142466891298E-15));
#16762=CARTESIAN_POINT('',(12.7500000000009,92.7999999999962,-1.56142466891298E-15));
#16763=CARTESIAN_POINT('Origin',(14.25,92.7999999999999,-1.74512168878498E-15));
#16764=CARTESIAN_POINT('',(14.25,92.7999999999999,-1.74512168878498E-15));
#16765=CARTESIAN_POINT('Origin',(14.25,107.199999999995,-1.74512168878498E-15));
#16766=CARTESIAN_POINT('',(14.2500000000008,107.199999999995,-1.74512168878508E-15));
#16767=CARTESIAN_POINT('Origin',(12.7499999999981,107.199999999998,-1.56142466891265E-15));
#16768=CARTESIAN_POINT('Origin',(-15.85,115.85,1.94106517664855E-15));
#16769=CARTESIAN_POINT('Origin',(22.5,112.990381056767,-2.75545529808154E-15));
#16770=CARTESIAN_POINT('',(-6.66133814775094E-15,125.980762113533,8.15778644068135E-31));
#16771=CARTESIAN_POINT('Origin',(-22.5,112.990381056767,2.75545529808154E-15));
#16772=CARTESIAN_POINT('',(-22.5,87.0096189432334,2.75545529808154E-15));
#16773=CARTESIAN_POINT('Origin',(0.,100.,0.));
#16774=CARTESIAN_POINT('Origin',(-75.4,-4.33012701892219,3.1));
#16775=CARTESIAN_POINT('',(-75.8,9.12213425319609,3.5));
#16776=CARTESIAN_POINT('',(-75.8,-9.12213425319608,3.5));
#16777=CARTESIAN_POINT('',(-75.8,-4.33012701892219,3.5));
#16778=CARTESIAN_POINT('',(-75.,-8.66025403784439,2.7));
#16779=CARTESIAN_POINT('',(-75.8,-9.12213425319608,3.5));
#16780=CARTESIAN_POINT('',(-75.,8.66025403784438,2.7));
#16781=CARTESIAN_POINT('',(-75.,-4.33012701892219,2.7));
#16782=CARTESIAN_POINT('',(-75.8,9.12213425319609,3.5));
#16783=CARTESIAN_POINT('Origin',(-63.95,-15.5018547277415,3.1));
#16784=CARTESIAN_POINT('',(-60.,-18.2442685063922,3.5));
#16785=CARTESIAN_POINT('',(-64.15,-15.8482648892552,3.5));
#16786=CARTESIAN_POINT('',(-60.,-17.3205080756888,2.7));
#16787=CARTESIAN_POINT('',(-60.,-18.2442685063922,3.5));
#16788=CARTESIAN_POINT('',(-63.75,-15.1554445662277,2.7));
#16789=CARTESIAN_POINT('Origin',(-48.55,-11.1717277088193,3.1));
#16790=CARTESIAN_POINT('',(-44.2,-9.12213425319609,3.5));
#16791=CARTESIAN_POINT('',(-48.35,-11.518137870333,3.5));
#16792=CARTESIAN_POINT('',(-45.,-8.66025403784439,2.7));
#16793=CARTESIAN_POINT('',(-44.2,-9.12213425319609,3.5));
#16794=CARTESIAN_POINT('',(-48.75,-10.8253175473055,2.7));
#16795=CARTESIAN_POINT('Origin',(-44.6,4.3301270189222,3.1));
#16796=CARTESIAN_POINT('',(-44.2,9.12213425319609,3.5));
#16797=CARTESIAN_POINT('',(-44.2,4.3301270189222,3.5));
#16798=CARTESIAN_POINT('',(-45.,8.66025403784439,2.7));
#16799=CARTESIAN_POINT('',(-44.2,9.12213425319609,3.5));
#16800=CARTESIAN_POINT('',(-45.,4.3301270189222,2.7));
#16801=CARTESIAN_POINT('Origin',(-56.05,15.5018547277415,3.1));
#16802=CARTESIAN_POINT('',(-60.,17.3205080756888,2.7));
#16803=CARTESIAN_POINT('',(-56.25,15.1554445662277,2.7));
#16804=CARTESIAN_POINT('',(-60.,18.2442685063922,3.5));
#16805=CARTESIAN_POINT('',(-55.85,15.8482648892552,3.5));
#16806=CARTESIAN_POINT('',(-60.,18.2442685063922,3.5));
#16807=CARTESIAN_POINT('Origin',(-71.45,11.1717277088193,3.1));
#16808=CARTESIAN_POINT('',(-71.25,10.8253175473055,2.7));
#16809=CARTESIAN_POINT('',(-71.65,11.518137870333,3.5));
#16810=CARTESIAN_POINT('Origin',(-60.,17.3205080756888,0.));
#16811=CARTESIAN_POINT('',(-60.,17.3205080756888,0.));
#16812=CARTESIAN_POINT('',(-60.,17.3205080756888,0.));
#16813=CARTESIAN_POINT('',(-45.,8.66025403784439,0.));
#16814=CARTESIAN_POINT('',(-45.,8.66025403784439,0.));
#16815=CARTESIAN_POINT('',(-45.,8.66025403784439,0.));
#16816=CARTESIAN_POINT('Origin',(-75.,8.66025403784438,0.));
#16817=CARTESIAN_POINT('',(-75.,8.66025403784438,0.));
#16818=CARTESIAN_POINT('',(-75.,8.66025403784438,0.));
#16819=CARTESIAN_POINT('',(-60.,17.3205080756888,0.));
#16820=CARTESIAN_POINT('Origin',(-75.,-8.66025403784439,0.));
#16821=CARTESIAN_POINT('',(-75.,-8.66025403784439,0.));
#16822=CARTESIAN_POINT('',(-75.,-8.66025403784439,0.));
#16823=CARTESIAN_POINT('',(-75.,8.66025403784438,0.));
#16824=CARTESIAN_POINT('Origin',(-60.,4.44089209850063E-15,3.5));
#16825=CARTESIAN_POINT('',(-39.4,13.1635861375235,3.5));
#16826=CARTESIAN_POINT('',(-38.3,11.2583302491977,3.5));
#16827=CARTESIAN_POINT('Origin',(-40.5,11.2583302491977,3.5));
#16828=CARTESIAN_POINT('',(-58.9,24.4219163867212,3.5));
#16829=CARTESIAN_POINT('',(-43.525,15.5451559979307,3.5));
#16830=CARTESIAN_POINT('',(-61.1,24.4219163867212,3.5));
#16831=CARTESIAN_POINT('Origin',(-60.,22.5166604983954,3.5));
#16832=CARTESIAN_POINT('',(-80.6,13.1635861375235,3.5));
#16833=CARTESIAN_POINT('',(-65.225,22.040346526314,3.5));
#16834=CARTESIAN_POINT('',(-81.7,11.2583302491977,3.5));
#16835=CARTESIAN_POINT('Origin',(-79.5,11.2583302491977,3.5));
#16836=CARTESIAN_POINT('',(-81.7,-11.2583302491977,3.5));
#16837=CARTESIAN_POINT('',(-81.7,6.4951905283833,3.5));
#16838=CARTESIAN_POINT('',(-80.6,-13.1635861375235,3.5));
#16839=CARTESIAN_POINT('Origin',(-79.5,-11.2583302491977,3.5));
#16840=CARTESIAN_POINT('',(-61.1,-24.4219163867212,3.5));
#16841=CARTESIAN_POINT('',(-76.475,-15.5451559979307,3.5));
#16842=CARTESIAN_POINT('',(-58.9,-24.4219163867212,3.5));
#16843=CARTESIAN_POINT('Origin',(-60.,-22.5166604983954,3.5));
#16844=CARTESIAN_POINT('',(-39.4,-13.1635861375235,3.5));
#16845=CARTESIAN_POINT('',(-54.775,-22.040346526314,3.5));
#16846=CARTESIAN_POINT('',(-38.3,-11.2583302491977,3.5));
#16847=CARTESIAN_POINT('Origin',(-40.5,-11.2583302491977,3.5));
#16848=CARTESIAN_POINT('',(-38.3,-6.4951905283833,3.5));
#16849=CARTESIAN_POINT('Origin',(-40.5,11.2583302491977,3.1));
#16850=CARTESIAN_POINT('',(-37.5,11.2583302491977,2.7));
#16851=CARTESIAN_POINT('',(-38.3,11.2583302491977,3.5));
#16852=CARTESIAN_POINT('',(-39.,13.856406460551,2.7));
#16853=CARTESIAN_POINT('Origin',(-40.5,11.2583302491977,2.7));
#16854=CARTESIAN_POINT('',(-39.,13.856406460551,2.7));
#16855=CARTESIAN_POINT('Origin',(-37.9,-6.4951905283833,3.1));
#16856=CARTESIAN_POINT('',(-37.5,-11.2583302491977,2.7));
#16857=CARTESIAN_POINT('',(-38.3,-11.2583302491977,3.5));
#16858=CARTESIAN_POINT('',(-37.5,-6.4951905283833,2.7));
#16859=CARTESIAN_POINT('Origin',(-40.5,-11.2583302491977,3.1));
#16860=CARTESIAN_POINT('',(-39.,-13.856406460551,2.7));
#16861=CARTESIAN_POINT('',(-39.4,-13.1635861375235,3.5));
#16862=CARTESIAN_POINT('Origin',(-40.5,-11.2583302491977,2.7));
#16863=CARTESIAN_POINT('Origin',(-54.575,-22.3867566878277,3.1));
#16864=CARTESIAN_POINT('',(-58.5,-25.1147367097487,2.7));
#16865=CARTESIAN_POINT('',(-58.9,-24.4219163867212,3.5));
#16866=CARTESIAN_POINT('',(-54.375,-22.7331668493415,2.7));
#16867=CARTESIAN_POINT('Origin',(-60.,-22.5166604983954,3.1));
#16868=CARTESIAN_POINT('',(-61.5,-25.1147367097487,2.7));
#16869=CARTESIAN_POINT('',(-61.1,-24.4219163867212,3.5));
#16870=CARTESIAN_POINT('Origin',(-60.,-22.5166604983954,2.7));
#16871=CARTESIAN_POINT('Origin',(-76.675,-15.8915661594444,3.1));
#16872=CARTESIAN_POINT('',(-81.,-13.856406460551,2.7));
#16873=CARTESIAN_POINT('',(-80.6,-13.1635861375235,3.5));
#16874=CARTESIAN_POINT('',(-76.875,-16.2379763209582,2.7));
#16875=CARTESIAN_POINT('Origin',(-79.5,-11.2583302491977,3.1));
#16876=CARTESIAN_POINT('',(-82.5,-11.2583302491977,2.7));
#16877=CARTESIAN_POINT('',(-81.7,-11.2583302491977,3.5));
#16878=CARTESIAN_POINT('Origin',(-79.5,-11.2583302491977,2.7));
#16879=CARTESIAN_POINT('Origin',(-82.1,6.4951905283833,3.1));
#16880=CARTESIAN_POINT('',(-82.5,11.2583302491977,2.7));
#16881=CARTESIAN_POINT('',(-81.7,11.2583302491977,3.5));
#16882=CARTESIAN_POINT('',(-82.5,6.4951905283833,2.7));
#16883=CARTESIAN_POINT('Origin',(-79.5,11.2583302491977,3.1));
#16884=CARTESIAN_POINT('',(-81.,13.856406460551,2.7));
#16885=CARTESIAN_POINT('',(-80.6,13.1635861375235,3.5));
#16886=CARTESIAN_POINT('Origin',(-79.5,11.2583302491977,2.7));
#16887=CARTESIAN_POINT('Origin',(-65.425,22.3867566878277,3.1));
#16888=CARTESIAN_POINT('',(-61.5,25.1147367097487,2.7));
#16889=CARTESIAN_POINT('',(-61.1,24.4219163867212,3.5));
#16890=CARTESIAN_POINT('',(-65.625,22.7331668493415,2.7));
#16891=CARTESIAN_POINT('Origin',(-60.,22.5166604983954,3.1));
#16892=CARTESIAN_POINT('',(-58.5,25.1147367097487,2.7));
#16893=CARTESIAN_POINT('',(-58.9,24.4219163867212,3.5));
#16894=CARTESIAN_POINT('Origin',(-60.,22.5166604983954,2.7));
#16895=CARTESIAN_POINT('Origin',(-43.325,15.8915661594444,3.1));
#16896=CARTESIAN_POINT('',(-43.125,16.2379763209582,2.7));
#16897=CARTESIAN_POINT('Origin',(-82.5,12.9903810567666,0.));
#16898=CARTESIAN_POINT('',(-82.5,11.2583302491977,0.));
#16899=CARTESIAN_POINT('',(-82.5,11.2583302491977,0.));
#16900=CARTESIAN_POINT('',(-82.5,-11.2583302491977,0.));
#16901=CARTESIAN_POINT('',(-82.5,12.9903810567666,0.));
#16902=CARTESIAN_POINT('',(-82.5,-11.2583302491977,0.));
#16903=CARTESIAN_POINT('Origin',(-79.5,11.2583302491977,0.));
#16904=CARTESIAN_POINT('',(-81.,13.856406460551,0.));
#16905=CARTESIAN_POINT('',(-81.,13.856406460551,0.));
#16906=CARTESIAN_POINT('Origin',(-79.5,11.2583302491977,0.));
#16907=CARTESIAN_POINT('Origin',(-60.,25.9807621135332,0.));
#16908=CARTESIAN_POINT('',(-61.5,25.1147367097487,0.));
#16909=CARTESIAN_POINT('',(-61.5,25.1147367097487,0.));
#16910=CARTESIAN_POINT('',(-60.,25.9807621135332,0.));
#16911=CARTESIAN_POINT('Origin',(-60.,22.5166604983954,0.));
#16912=CARTESIAN_POINT('',(-58.5,25.1147367097487,0.));
#16913=CARTESIAN_POINT('',(-58.5,25.1147367097487,0.));
#16914=CARTESIAN_POINT('Origin',(-60.,22.5166604983954,0.));
#16915=CARTESIAN_POINT('Origin',(-37.5,12.9903810567666,0.));
#16916=CARTESIAN_POINT('',(-39.,13.856406460551,0.));
#16917=CARTESIAN_POINT('',(-39.,13.856406460551,0.));
#16918=CARTESIAN_POINT('',(-37.5,12.9903810567666,0.));
#16919=CARTESIAN_POINT('Origin',(-40.5,11.2583302491977,0.));
#16920=CARTESIAN_POINT('',(-37.5,11.2583302491977,0.));
#16921=CARTESIAN_POINT('',(-37.5,11.2583302491977,0.));
#16922=CARTESIAN_POINT('Origin',(-40.5,11.2583302491977,0.));
#16923=CARTESIAN_POINT('Origin',(-60.,4.44089209850063E-15,0.));
#16924=CARTESIAN_POINT('',(-37.5,-11.2583302491977,0.));
#16925=CARTESIAN_POINT('',(-37.5,-12.9903810567666,0.));
#16926=CARTESIAN_POINT('',(-39.,-13.856406460551,0.));
#16927=CARTESIAN_POINT('Origin',(-40.5,-11.2583302491977,0.));
#16928=CARTESIAN_POINT('',(-58.5,-25.1147367097487,0.));
#16929=CARTESIAN_POINT('',(-60.,-25.9807621135332,0.));
#16930=CARTESIAN_POINT('',(-61.5,-25.1147367097487,0.));
#16931=CARTESIAN_POINT('Origin',(-60.,-22.5166604983954,0.));
#16932=CARTESIAN_POINT('',(-81.,-13.856406460551,0.));
#16933=CARTESIAN_POINT('',(-82.5,-12.9903810567666,0.));
#16934=CARTESIAN_POINT('Origin',(-79.5,-11.2583302491977,0.));
#16935=CARTESIAN_POINT('',(-45.,-8.66025403784439,0.));
#16936=CARTESIAN_POINT('',(-45.,-8.66025403784439,0.));
#16937=CARTESIAN_POINT('',(-60.,-17.3205080756888,0.));
#16938=CARTESIAN_POINT('',(-75.,-8.66025403784439,0.));
#16939=CARTESIAN_POINT('',(-60.,-17.3205080756888,0.));
#16940=CARTESIAN_POINT('Origin',(-37.5,-12.9903810567666,0.));
#16941=CARTESIAN_POINT('',(-37.5,-11.2583302491977,0.));
#16942=CARTESIAN_POINT('Origin',(-40.5,-11.2583302491977,0.));
#16943=CARTESIAN_POINT('',(-39.,-13.856406460551,0.));
#16944=CARTESIAN_POINT('Origin',(-60.,-22.5166604983954,0.));
#16945=CARTESIAN_POINT('',(-61.5,-25.1147367097487,0.));
#16946=CARTESIAN_POINT('',(-58.5,-25.1147367097487,0.));
#16947=CARTESIAN_POINT('Origin',(-82.5,-12.9903810567666,0.));
#16948=CARTESIAN_POINT('',(-81.,-13.856406460551,0.));
#16949=CARTESIAN_POINT('Origin',(-79.5,-11.2583302491977,0.));
#16950=CARTESIAN_POINT('Origin',(-60.,-17.3205080756888,0.));
#16951=CARTESIAN_POINT('',(-60.,-17.3205080756888,0.));
#16952=CARTESIAN_POINT('Origin',(-45.,-8.66025403784439,0.));
#16953=CARTESIAN_POINT('',(-45.,-8.66025403784439,0.));
#16954=CARTESIAN_POINT('Origin',(-45.,8.66025403784439,0.));
#16955=CARTESIAN_POINT('Origin',(-60.,-25.9807621135332,0.));
#16956=CARTESIAN_POINT('Origin',(74.6,45.6698729810778,3.1));
#16957=CARTESIAN_POINT('',(74.2,59.1221342531961,3.5));
#16958=CARTESIAN_POINT('',(74.2,40.8778657468039,3.5));
#16959=CARTESIAN_POINT('',(74.2,45.6698729810778,3.5));
#16960=CARTESIAN_POINT('',(75.,41.3397459621556,2.7));
#16961=CARTESIAN_POINT('',(74.2,40.8778657468039,3.5));
#16962=CARTESIAN_POINT('',(75.,58.6602540378444,2.7));
#16963=CARTESIAN_POINT('',(75.,45.6698729810778,2.7));
#16964=CARTESIAN_POINT('',(74.2,59.1221342531961,3.5));
#16965=CARTESIAN_POINT('Origin',(86.05,34.4981452722585,3.1));
#16966=CARTESIAN_POINT('',(90.,31.7557314936078,3.5));
#16967=CARTESIAN_POINT('',(85.85,34.1517351107448,3.5));
#16968=CARTESIAN_POINT('',(90.,32.6794919243112,2.7));
#16969=CARTESIAN_POINT('',(90.,31.7557314936078,3.5));
#16970=CARTESIAN_POINT('',(86.25,34.8445554337723,2.7));
#16971=CARTESIAN_POINT('Origin',(101.45,38.8282722911807,3.1));
#16972=CARTESIAN_POINT('',(105.8,40.8778657468039,3.5));
#16973=CARTESIAN_POINT('',(101.65,38.481862129667,3.5));
#16974=CARTESIAN_POINT('',(105.,41.3397459621556,2.7));
#16975=CARTESIAN_POINT('',(105.8,40.8778657468039,3.5));
#16976=CARTESIAN_POINT('',(101.25,39.1746824526945,2.7));
#16977=CARTESIAN_POINT('Origin',(105.4,54.3301270189222,3.1));
#16978=CARTESIAN_POINT('',(105.8,59.1221342531961,3.5));
#16979=CARTESIAN_POINT('',(105.8,54.3301270189222,3.5));
#16980=CARTESIAN_POINT('',(105.,58.6602540378444,2.7));
#16981=CARTESIAN_POINT('',(105.8,59.1221342531961,3.5));
#16982=CARTESIAN_POINT('',(105.,54.3301270189222,2.7));
#16983=CARTESIAN_POINT('Origin',(93.95,65.5018547277415,3.1));
#16984=CARTESIAN_POINT('',(90.,67.3205080756888,2.7));
#16985=CARTESIAN_POINT('',(93.75,65.1554445662277,2.7));
#16986=CARTESIAN_POINT('',(90.,68.2442685063922,3.5));
#16987=CARTESIAN_POINT('',(94.15,65.8482648892552,3.5));
#16988=CARTESIAN_POINT('',(90.,68.2442685063922,3.5));
#16989=CARTESIAN_POINT('Origin',(78.55,61.1717277088193,3.1));
#16990=CARTESIAN_POINT('',(78.75,60.8253175473055,2.7));
#16991=CARTESIAN_POINT('',(78.35,61.518137870333,3.5));
#16992=CARTESIAN_POINT('Origin',(90.,67.3205080756888,0.));
#16993=CARTESIAN_POINT('',(90.,67.3205080756888,0.));
#16994=CARTESIAN_POINT('',(90.,67.3205080756888,0.));
#16995=CARTESIAN_POINT('',(105.,58.6602540378444,0.));
#16996=CARTESIAN_POINT('',(105.,58.6602540378444,0.));
#16997=CARTESIAN_POINT('',(105.,58.6602540378444,0.));
#16998=CARTESIAN_POINT('Origin',(75.,58.6602540378444,0.));
#16999=CARTESIAN_POINT('',(75.,58.6602540378444,0.));
#17000=CARTESIAN_POINT('',(75.,58.6602540378444,0.));
#17001=CARTESIAN_POINT('',(90.,67.3205080756888,0.));
#17002=CARTESIAN_POINT('Origin',(75.,41.3397459621556,0.));
#17003=CARTESIAN_POINT('',(75.,41.3397459621556,0.));
#17004=CARTESIAN_POINT('',(75.,41.3397459621556,0.));
#17005=CARTESIAN_POINT('',(75.,58.6602540378444,0.));
#17006=CARTESIAN_POINT('Origin',(90.,50.,3.5));
#17007=CARTESIAN_POINT('',(68.3,37.4714991585851,3.5));
#17008=CARTESIAN_POINT('',(68.3,62.5285008414149,3.5));
#17009=CARTESIAN_POINT('',(68.3,56.4951905283833,3.5));
#17010=CARTESIAN_POINT('',(88.9,25.5780836132788,3.5));
#17011=CARTESIAN_POINT('',(73.525,34.4548440020693,3.5));
#17012=CARTESIAN_POINT('',(91.1,25.5780836132788,3.5));
#17013=CARTESIAN_POINT('Origin',(90.,27.4833395016046,3.5));
#17014=CARTESIAN_POINT('',(110.6,36.8364138624765,3.5));
#17015=CARTESIAN_POINT('',(95.225,27.9596534736861,3.5));
#17016=CARTESIAN_POINT('',(111.7,38.7416697508023,3.5));
#17017=CARTESIAN_POINT('Origin',(109.5,38.7416697508023,3.5));
#17018=CARTESIAN_POINT('',(111.7,61.2583302491977,3.5));
#17019=CARTESIAN_POINT('',(111.7,43.5048094716167,3.5));
#17020=CARTESIAN_POINT('',(110.6,63.1635861375235,3.5));
#17021=CARTESIAN_POINT('Origin',(109.5,61.2583302491977,3.5));
#17022=CARTESIAN_POINT('',(91.1,74.4219163867212,3.5));
#17023=CARTESIAN_POINT('',(106.475,65.5451559979307,3.5));
#17024=CARTESIAN_POINT('',(88.9,74.4219163867212,3.5));
#17025=CARTESIAN_POINT('Origin',(90.,72.5166604983954,3.5));
#17026=CARTESIAN_POINT('',(84.775,72.040346526314,3.5));
#17027=CARTESIAN_POINT('Origin',(67.9,56.4951905283833,3.1));
#17028=CARTESIAN_POINT('',(67.5,62.9903810567666,2.7));
#17029=CARTESIAN_POINT('',(68.3,62.5285008414149,3.5));
#17030=CARTESIAN_POINT('',(67.5,37.0096189432334,2.7));
#17031=CARTESIAN_POINT('',(67.5,56.4951905283833,2.7));
#17032=CARTESIAN_POINT('',(68.3,37.4714991585851,3.5));
#17033=CARTESIAN_POINT('Origin',(73.325,34.1084338405556,3.1));
#17034=CARTESIAN_POINT('',(88.5,24.8852632902513,2.7));
#17035=CARTESIAN_POINT('',(73.125,33.7620236790418,2.7));
#17036=CARTESIAN_POINT('',(88.5,24.8852632902513,2.7));
#17037=CARTESIAN_POINT('Origin',(90.,27.4833395016046,3.1));
#17038=CARTESIAN_POINT('',(91.5,24.8852632902513,2.7));
#17039=CARTESIAN_POINT('Origin',(90.,27.4833395016046,2.7));
#17040=CARTESIAN_POINT('',(91.5,24.8852632902513,2.7));
#17041=CARTESIAN_POINT('Origin',(95.425,27.6132433121723,3.1));
#17042=CARTESIAN_POINT('',(111.,36.143593539449,2.7));
#17043=CARTESIAN_POINT('',(111.,36.143593539449,2.7));
#17044=CARTESIAN_POINT('',(95.625,27.2668331506585,2.7));
#17045=CARTESIAN_POINT('Origin',(109.5,38.7416697508023,3.1));
#17046=CARTESIAN_POINT('',(112.5,38.7416697508023,2.7));
#17047=CARTESIAN_POINT('Origin',(109.5,38.7416697508023,2.7));
#17048=CARTESIAN_POINT('',(112.5,38.7416697508023,2.7));
#17049=CARTESIAN_POINT('Origin',(112.1,43.5048094716167,3.1));
#17050=CARTESIAN_POINT('',(112.5,61.2583302491977,2.7));
#17051=CARTESIAN_POINT('',(112.5,61.2583302491977,2.7));
#17052=CARTESIAN_POINT('',(112.5,43.5048094716167,2.7));
#17053=CARTESIAN_POINT('Origin',(109.5,61.2583302491977,3.1));
#17054=CARTESIAN_POINT('',(111.,63.856406460551,2.7));
#17055=CARTESIAN_POINT('Origin',(109.5,61.2583302491977,2.7));
#17056=CARTESIAN_POINT('',(111.,63.856406460551,2.7));
#17057=CARTESIAN_POINT('Origin',(106.675,65.8915661594444,3.1));
#17058=CARTESIAN_POINT('',(91.5,75.1147367097487,2.7));
#17059=CARTESIAN_POINT('',(91.5,75.1147367097487,2.7));
#17060=CARTESIAN_POINT('',(106.875,66.2379763209582,2.7));
#17061=CARTESIAN_POINT('Origin',(90.,72.5166604983954,3.1));
#17062=CARTESIAN_POINT('',(88.5,75.1147367097487,2.7));
#17063=CARTESIAN_POINT('Origin',(90.,72.5166604983954,2.7));
#17064=CARTESIAN_POINT('',(88.5,75.1147367097487,2.7));
#17065=CARTESIAN_POINT('Origin',(84.575,72.3867566878277,3.1));
#17066=CARTESIAN_POINT('',(84.375,72.7331668493415,2.7));
#17067=CARTESIAN_POINT('Origin',(109.5,38.7416697508023,0.));
#17068=CARTESIAN_POINT('',(111.,36.143593539449,0.533333333333333));
#17069=CARTESIAN_POINT('',(111.,36.143593539449,0.));
#17070=CARTESIAN_POINT('',(112.5,38.7416697508023,0.533333333333333));
#17071=CARTESIAN_POINT('Origin',(109.5,38.7416697508023,0.533333333333333));
#17072=CARTESIAN_POINT('',(112.5,38.7416697508023,0.));
#17073=CARTESIAN_POINT('Origin',(90.,24.0192378864669,0.));
#17074=CARTESIAN_POINT('',(91.5,24.8852632902513,0.533333333333333));
#17075=CARTESIAN_POINT('',(91.5,24.8852632902513,0.));
#17076=CARTESIAN_POINT('',(84.375,20.7716426222752,0.533333333333333));
#17077=CARTESIAN_POINT('Origin',(90.,27.4833395016046,0.));
#17078=CARTESIAN_POINT('',(88.5,24.8852632902513,0.533333333333333));
#17079=CARTESIAN_POINT('',(88.5,24.8852632902513,0.));
#17080=CARTESIAN_POINT('Origin',(90.,27.4833395016046,0.533333333333333));
#17081=CARTESIAN_POINT('Origin',(67.5,37.0096189432334,0.));
#17082=CARTESIAN_POINT('',(67.5,37.0096189432334,1.75));
#17083=CARTESIAN_POINT('',(67.5,37.0096189432334,0.));
#17084=CARTESIAN_POINT('',(67.5,37.0096189432334,0.533333333333333));
#17085=CARTESIAN_POINT('',(67.5,37.0096189432334,0.));
#17086=CARTESIAN_POINT('',(61.875,40.2572142074251,0.533333333333333));
#17087=CARTESIAN_POINT('Origin',(67.5,62.9903810567666,0.));
#17088=CARTESIAN_POINT('',(67.5,62.9903810567666,1.75));
#17089=CARTESIAN_POINT('',(67.5,62.9903810567666,0.));
#17090=CARTESIAN_POINT('',(67.5,56.4951905283833,1.75));
#17091=CARTESIAN_POINT('Origin',(52.1,43.5048094716167,3.1));
#17092=CARTESIAN_POINT('',(51.7,62.5285008414149,3.5));
#17093=CARTESIAN_POINT('',(51.7,37.4714991585851,3.5));
#17094=CARTESIAN_POINT('',(51.7,43.5048094716167,3.5));
#17095=CARTESIAN_POINT('',(52.5,37.0096189432334,2.7));
#17096=CARTESIAN_POINT('',(51.7,37.4714991585851,3.5));
#17097=CARTESIAN_POINT('',(52.5,62.9903810567666,2.7));
#17098=CARTESIAN_POINT('',(52.5,43.5048094716167,2.7));
#17099=CARTESIAN_POINT('',(51.7,62.5285008414149,3.5));
#17100=CARTESIAN_POINT('Origin',(46.675,65.8915661594445,3.1));
#17101=CARTESIAN_POINT('',(31.5,75.1147367097487,2.7));
#17102=CARTESIAN_POINT('',(46.875,66.2379763209582,2.7));
#17103=CARTESIAN_POINT('',(31.1,74.4219163867212,3.5));
#17104=CARTESIAN_POINT('',(31.5,75.1147367097487,2.7));
#17105=CARTESIAN_POINT('',(46.475,65.5451559979307,3.5));
#17106=CARTESIAN_POINT('Origin',(30.,72.5166604983954,3.1));
#17107=CARTESIAN_POINT('',(28.5,75.1147367097487,2.7));
#17108=CARTESIAN_POINT('Origin',(30.,72.5166604983954,2.7));
#17109=CARTESIAN_POINT('',(28.9,74.4219163867212,3.5));
#17110=CARTESIAN_POINT('',(28.5,75.1147367097487,2.7));
#17111=CARTESIAN_POINT('Origin',(30.,72.5166604983954,3.5));
#17112=CARTESIAN_POINT('Origin',(24.575,72.3867566878277,3.1));
#17113=CARTESIAN_POINT('',(9.00000000000001,63.856406460551,2.7));
#17114=CARTESIAN_POINT('',(9.40000000000001,63.1635861375235,3.5));
#17115=CARTESIAN_POINT('',(9.00000000000001,63.856406460551,2.7));
#17116=CARTESIAN_POINT('',(24.775,72.040346526314,3.5));
#17117=CARTESIAN_POINT('',(24.375,72.7331668493415,2.7));
#17118=CARTESIAN_POINT('Origin',(10.5,61.2583302491977,3.1));
#17119=CARTESIAN_POINT('',(7.50000000000001,61.2583302491977,2.7));
#17120=CARTESIAN_POINT('Origin',(10.5,61.2583302491977,2.7));
#17121=CARTESIAN_POINT('',(8.3,61.2583302491977,3.5));
#17122=CARTESIAN_POINT('',(7.50000000000001,61.2583302491977,2.7));
#17123=CARTESIAN_POINT('Origin',(10.5,61.2583302491977,3.5));
#17124=CARTESIAN_POINT('Origin',(7.90000000000001,56.4951905283833,3.1));
#17125=CARTESIAN_POINT('',(7.5,38.7416697508023,2.7));
#17126=CARTESIAN_POINT('',(8.3,38.7416697508023,3.5));
#17127=CARTESIAN_POINT('',(7.5,38.7416697508023,2.7));
#17128=CARTESIAN_POINT('',(8.30000000000001,56.4951905283833,3.5));
#17129=CARTESIAN_POINT('',(7.50000000000001,56.4951905283833,2.7));
#17130=CARTESIAN_POINT('Origin',(10.5,38.7416697508023,3.1));
#17131=CARTESIAN_POINT('',(9.,36.143593539449,2.7));
#17132=CARTESIAN_POINT('Origin',(10.5,38.7416697508023,2.7));
#17133=CARTESIAN_POINT('',(9.4,36.8364138624765,3.5));
#17134=CARTESIAN_POINT('',(9.,36.143593539449,2.7));
#17135=CARTESIAN_POINT('Origin',(10.5,38.7416697508023,3.5));
#17136=CARTESIAN_POINT('Origin',(13.325,34.1084338405556,3.1));
#17137=CARTESIAN_POINT('',(28.5,24.8852632902513,2.7));
#17138=CARTESIAN_POINT('',(28.9,25.5780836132788,3.5));
#17139=CARTESIAN_POINT('',(28.5,24.8852632902513,2.7));
#17140=CARTESIAN_POINT('',(13.525,34.4548440020693,3.5));
#17141=CARTESIAN_POINT('',(13.125,33.7620236790418,2.7));
#17142=CARTESIAN_POINT('Origin',(30.,27.4833395016046,3.1));
#17143=CARTESIAN_POINT('',(31.5,24.8852632902513,2.7));
#17144=CARTESIAN_POINT('Origin',(30.,27.4833395016046,2.7));
#17145=CARTESIAN_POINT('',(31.1,25.5780836132788,3.5));
#17146=CARTESIAN_POINT('',(31.5,24.8852632902513,2.7));
#17147=CARTESIAN_POINT('Origin',(30.,27.4833395016046,3.5));
#17148=CARTESIAN_POINT('Origin',(35.425,27.6132433121723,3.1));
#17149=CARTESIAN_POINT('',(35.225,27.959653473686,3.5));
#17150=CARTESIAN_POINT('',(35.625,27.2668331506585,2.7));
#17151=CARTESIAN_POINT('Origin',(10.5,61.2583302491977,0.));
#17152=CARTESIAN_POINT('',(9.00000000000001,63.856406460551,0.));
#17153=CARTESIAN_POINT('',(9.00000000000001,63.856406460551,0.));
#17154=CARTESIAN_POINT('',(7.50000000000001,61.2583302491977,0.));
#17155=CARTESIAN_POINT('Origin',(10.5,61.2583302491977,0.));
#17156=CARTESIAN_POINT('',(7.50000000000001,61.2583302491977,0.));
#17157=CARTESIAN_POINT('Origin',(30.,75.9807621135332,0.));
#17158=CARTESIAN_POINT('',(28.5,75.1147367097487,0.));
#17159=CARTESIAN_POINT('',(28.5,75.1147367097487,0.));
#17160=CARTESIAN_POINT('',(30.,75.9807621135332,0.));
#17161=CARTESIAN_POINT('Origin',(30.,72.5166604983954,0.));
#17162=CARTESIAN_POINT('',(31.5,75.1147367097487,0.));
#17163=CARTESIAN_POINT('',(31.5,75.1147367097487,0.));
#17164=CARTESIAN_POINT('Origin',(30.,72.5166604983954,0.));
#17165=CARTESIAN_POINT('Origin',(52.5,62.9903810567666,0.));
#17166=CARTESIAN_POINT('',(52.5,62.9903810567666,1.75));
#17167=CARTESIAN_POINT('',(52.5,62.9903810567666,0.));
#17168=CARTESIAN_POINT('',(52.5,62.9903810567666,0.533333333333333));
#17169=CARTESIAN_POINT('',(52.5,62.9903810567666,0.));
#17170=CARTESIAN_POINT('',(53.4237604307034,62.4570477234332,0.));
#17171=CARTESIAN_POINT('Origin',(53.4237604307034,62.4570477234332,0.533333333333333));
#17172=CARTESIAN_POINT('',(52.5,62.9903810567666,0.));
#17173=CARTESIAN_POINT('Origin',(52.5,37.0096189432334,0.));
#17174=CARTESIAN_POINT('',(52.5,37.0096189432334,1.75));
#17175=CARTESIAN_POINT('',(52.5,37.0096189432334,0.));
#17176=CARTESIAN_POINT('',(52.5,43.5048094716167,1.75));
#17177=CARTESIAN_POINT('Origin',(30.,50.,3.5));
#17178=CARTESIAN_POINT('',(14.2,59.1221342531961,3.5));
#17179=CARTESIAN_POINT('',(14.2,40.8778657468039,3.5));
#17180=CARTESIAN_POINT('',(14.2,45.6698729810778,3.5));
#17181=CARTESIAN_POINT('',(30.,68.2442685063922,3.5));
#17182=CARTESIAN_POINT('',(18.35,61.518137870333,3.5));
#17183=CARTESIAN_POINT('',(45.8,59.1221342531961,3.5));
#17184=CARTESIAN_POINT('',(34.15,65.8482648892552,3.5));
#17185=CARTESIAN_POINT('',(45.8,40.8778657468039,3.5));
#17186=CARTESIAN_POINT('',(45.8,54.3301270189222,3.5));
#17187=CARTESIAN_POINT('',(30.,31.7557314936078,3.5));
#17188=CARTESIAN_POINT('',(41.65,38.481862129667,3.5));
#17189=CARTESIAN_POINT('',(25.85,34.1517351107448,3.5));
#17190=CARTESIAN_POINT('Origin',(14.6,45.6698729810778,3.1));
#17191=CARTESIAN_POINT('',(15.,41.3397459621556,2.7));
#17192=CARTESIAN_POINT('',(14.2,40.8778657468039,3.5));
#17193=CARTESIAN_POINT('',(15.,58.6602540378444,2.7));
#17194=CARTESIAN_POINT('',(15.,45.6698729810778,2.7));
#17195=CARTESIAN_POINT('',(14.2,59.1221342531961,3.5));
#17196=CARTESIAN_POINT('Origin',(26.05,34.4981452722585,3.1));
#17197=CARTESIAN_POINT('',(30.,32.6794919243112,2.7));
#17198=CARTESIAN_POINT('',(30.,31.7557314936078,3.5));
#17199=CARTESIAN_POINT('',(26.25,34.8445554337723,2.7));
#17200=CARTESIAN_POINT('Origin',(41.45,38.8282722911807,3.1));
#17201=CARTESIAN_POINT('',(45.,41.3397459621556,2.7));
#17202=CARTESIAN_POINT('',(45.8,40.8778657468039,3.5));
#17203=CARTESIAN_POINT('',(41.25,39.1746824526945,2.7));
#17204=CARTESIAN_POINT('Origin',(45.4,54.3301270189222,3.1));
#17205=CARTESIAN_POINT('',(45.,58.6602540378444,2.7));
#17206=CARTESIAN_POINT('',(45.8,59.1221342531961,3.5));
#17207=CARTESIAN_POINT('',(45.,54.3301270189222,2.7));
#17208=CARTESIAN_POINT('Origin',(33.95,65.5018547277414,3.1));
#17209=CARTESIAN_POINT('',(30.,67.3205080756888,2.7));
#17210=CARTESIAN_POINT('',(33.75,65.1554445662277,2.7));
#17211=CARTESIAN_POINT('',(30.,68.2442685063922,3.5));
#17212=CARTESIAN_POINT('Origin',(18.55,61.1717277088193,3.1));
#17213=CARTESIAN_POINT('',(18.75,60.8253175473055,2.7));
#17214=CARTESIAN_POINT('Origin',(30.,67.3205080756888,0.));
#17215=CARTESIAN_POINT('',(30.,67.3205080756888,0.));
#17216=CARTESIAN_POINT('',(30.,67.3205080756888,0.));
#17217=CARTESIAN_POINT('',(45.,58.6602540378444,0.));
#17218=CARTESIAN_POINT('',(45.,58.6602540378444,0.));
#17219=CARTESIAN_POINT('',(45.,58.6602540378444,0.));
#17220=CARTESIAN_POINT('Origin',(15.,58.6602540378444,0.));
#17221=CARTESIAN_POINT('',(15.,58.6602540378444,0.));
#17222=CARTESIAN_POINT('',(15.,58.6602540378444,0.));
#17223=CARTESIAN_POINT('',(30.,67.3205080756888,0.));
#17224=CARTESIAN_POINT('Origin',(15.,41.3397459621556,0.));
#17225=CARTESIAN_POINT('',(15.,41.3397459621556,0.));
#17226=CARTESIAN_POINT('',(15.,41.3397459621556,0.));
#17227=CARTESIAN_POINT('',(15.,58.6602540378444,0.));
#17228=CARTESIAN_POINT('Origin',(7.50000000000001,62.9903810567666,0.));
#17229=CARTESIAN_POINT('',(7.5,38.7416697508023,0.));
#17230=CARTESIAN_POINT('',(7.50000000000001,62.9903810567666,0.));
#17231=CARTESIAN_POINT('',(7.5,38.7416697508023,0.));
#17232=CARTESIAN_POINT('Origin',(60.,50.,0.));
#17233=CARTESIAN_POINT('',(67.6429062359633,62.4570477234332,0.));
#17234=CARTESIAN_POINT('',(63.75,62.4570477234332,0.));
#17235=CARTESIAN_POINT('',(88.7666666666667,74.652856494397,0.));
#17236=CARTESIAN_POINT('',(73.3916666666667,65.7760961056065,0.));
#17237=CARTESIAN_POINT('',(91.2333333333333,74.652856494397,0.));
#17238=CARTESIAN_POINT('Origin',(90.,72.5166604983954,0.));
#17239=CARTESIAN_POINT('',(110.733333333333,63.3945262451993,0.));
#17240=CARTESIAN_POINT('',(95.3583333333333,72.2712866339898,0.));
#17241=CARTESIAN_POINT('',(111.966666666667,61.2583302491977,0.));
#17242=CARTESIAN_POINT('Origin',(109.5,61.2583302491977,0.));
#17243=CARTESIAN_POINT('',(111.966666666667,38.7416697508023,0.));
#17244=CARTESIAN_POINT('',(111.966666666667,43.5048094716167,0.));
#17245=CARTESIAN_POINT('',(110.733333333333,36.6054737548007,0.));
#17246=CARTESIAN_POINT('Origin',(109.5,38.7416697508023,0.));
#17247=CARTESIAN_POINT('',(91.2333333333333,25.347143505603,0.));
#17248=CARTESIAN_POINT('',(84.1083333333333,21.2335228376269,0.));
#17249=CARTESIAN_POINT('',(88.7666666666667,25.347143505603,0.));
#17250=CARTESIAN_POINT('Origin',(90.,27.4833395016046,0.));
#17251=CARTESIAN_POINT('',(67.6429062359633,37.5429522765668,0.));
#17252=CARTESIAN_POINT('',(62.1416666666667,40.7190944227768,0.));
#17253=CARTESIAN_POINT('',(53.4237604307034,37.5429522765668,0.));
#17254=CARTESIAN_POINT('',(56.25,37.5429522765668,0.));
#17255=CARTESIAN_POINT('',(31.5,24.8852632902513,0.));
#17256=CARTESIAN_POINT('',(30.,24.0192378864668,0.));
#17257=CARTESIAN_POINT('',(28.5,24.8852632902513,0.));
#17258=CARTESIAN_POINT('Origin',(30.,27.4833395016046,0.));
#17259=CARTESIAN_POINT('',(9.,36.143593539449,0.));
#17260=CARTESIAN_POINT('',(7.5,37.0096189432334,0.));
#17261=CARTESIAN_POINT('Origin',(10.5,38.7416697508023,0.));
#17262=CARTESIAN_POINT('',(45.,41.3397459621556,0.));
#17263=CARTESIAN_POINT('',(45.,41.3397459621556,0.));
#17264=CARTESIAN_POINT('',(30.,32.6794919243112,0.));
#17265=CARTESIAN_POINT('',(15.,41.3397459621556,0.));
#17266=CARTESIAN_POINT('',(30.,32.6794919243112,0.));
#17267=CARTESIAN_POINT('',(66.9282032302755,50.,0.));
#17268=CARTESIAN_POINT('',(63.4641016151377,44.,0.));
#17269=CARTESIAN_POINT('',(63.4641016151377,44.,0.));
#17270=CARTESIAN_POINT('',(63.4641016151377,56.,0.));
#17271=CARTESIAN_POINT('',(66.9282032302755,50.,0.));
#17272=CARTESIAN_POINT('',(56.5358983848623,56.,0.));
#17273=CARTESIAN_POINT('',(63.4641016151377,56.,0.));
#17274=CARTESIAN_POINT('',(53.0717967697245,50.,0.));
#17275=CARTESIAN_POINT('',(56.5358983848623,56.,0.));
#17276=CARTESIAN_POINT('',(56.5358983848623,44.,0.));
#17277=CARTESIAN_POINT('',(53.0717967697245,50.,0.));
#17278=CARTESIAN_POINT('',(56.5358983848623,44.,0.));
#17279=CARTESIAN_POINT('',(105.,41.3397459621556,0.));
#17280=CARTESIAN_POINT('',(105.,41.3397459621556,0.));
#17281=CARTESIAN_POINT('',(90.,32.6794919243112,0.));
#17282=CARTESIAN_POINT('',(75.,41.3397459621556,0.));
#17283=CARTESIAN_POINT('',(90.,32.6794919243112,0.));
#17284=CARTESIAN_POINT('Origin',(10.5,38.7416697508023,0.));
#17285=CARTESIAN_POINT('',(9.,36.143593539449,0.));
#17286=CARTESIAN_POINT('Origin',(7.5,37.0096189432334,0.));
#17287=CARTESIAN_POINT('',(28.5,24.8852632902513,0.));
#17288=CARTESIAN_POINT('Origin',(30.,27.4833395016046,0.));
#17289=CARTESIAN_POINT('',(31.5,24.8852632902513,0.));
#17290=CARTESIAN_POINT('Origin',(90.,72.5166604983954,0.533333333333333));
#17291=CARTESIAN_POINT('',(91.5,75.1147367097487,0.533333333333333));
#17292=CARTESIAN_POINT('',(88.5,75.1147367097487,0.533333333333333));
#17293=CARTESIAN_POINT('Origin',(90.,72.5166604983954,0.533333333333333));
#17294=CARTESIAN_POINT('Origin',(91.2333333333333,74.652856494397,0.533333333333333));
#17295=CARTESIAN_POINT('Origin',(88.7666666666667,74.652856494397,0.533333333333333));
#17296=CARTESIAN_POINT('Origin',(109.5,61.2583302491977,0.533333333333328));
#17297=CARTESIAN_POINT('',(112.5,61.2583302491977,0.533333333333333));
#17298=CARTESIAN_POINT('',(111.,63.856406460551,0.533333333333333));
#17299=CARTESIAN_POINT('Origin',(109.5,61.2583302491977,0.533333333333333));
#17300=CARTESIAN_POINT('Origin',(111.966666666667,61.2583302491977,0.533333333333333));
#17301=CARTESIAN_POINT('Origin',(110.733333333333,63.3945262451993,0.533333333333333));
#17302=CARTESIAN_POINT('Origin',(109.5,38.7416697508023,0.533333333333333));
#17303=CARTESIAN_POINT('Origin',(110.733333333333,36.6054737548007,0.533333333333333));
#17304=CARTESIAN_POINT('Origin',(111.966666666667,38.7416697508023,0.533333333333333));
#17305=CARTESIAN_POINT('Origin',(90.,27.4833395016046,0.533333333333333));
#17306=CARTESIAN_POINT('Origin',(88.7666666666667,25.347143505603,0.533333333333333));
#17307=CARTESIAN_POINT('Origin',(91.2333333333333,25.347143505603,0.533333333333333));
#17308=CARTESIAN_POINT('Origin',(56.25,37.5429522765668,0.533333333333333));
#17309=CARTESIAN_POINT('',(52.5,37.0096189432334,0.533333333333333));
#17310=CARTESIAN_POINT('',(56.25,37.0096189432334,0.533333333333333));
#17311=CARTESIAN_POINT('Origin',(53.4237604307034,37.5429522765668,0.533333333333333));
#17312=CARTESIAN_POINT('Origin',(67.6429062359633,37.5429522765668,0.533333333333333));
#17313=CARTESIAN_POINT('Origin',(62.1416666666667,40.7190944227768,0.533333333333333));
#17314=CARTESIAN_POINT('Origin',(84.1083333333333,21.2335228376269,0.533333333333333));
#17315=CARTESIAN_POINT('Origin',(111.966666666667,43.5048094716167,0.533333333333333));
#17316=CARTESIAN_POINT('',(112.5,43.5048094716167,0.533333333333333));
#17317=CARTESIAN_POINT('Origin',(95.3583333333333,72.2712866339898,0.533333333333333));
#17318=CARTESIAN_POINT('',(95.625,72.7331668493415,0.533333333333333));
#17319=CARTESIAN_POINT('Origin',(109.5,61.2583302491977,0.));
#17320=CARTESIAN_POINT('',(112.5,61.2583302491977,0.));
#17321=CARTESIAN_POINT('',(111.,63.856406460551,0.));
#17322=CARTESIAN_POINT('Origin',(73.3916666666667,65.7760961056065,0.533333333333333));
#17323=CARTESIAN_POINT('',(67.5,62.9903810567666,0.533333333333333));
#17324=CARTESIAN_POINT('',(73.125,66.2379763209582,0.533333333333333));
#17325=CARTESIAN_POINT('Origin',(67.6429062359633,62.4570477234332,0.533333333333333));
#17326=CARTESIAN_POINT('Origin',(90.,72.5166604983954,0.));
#17327=CARTESIAN_POINT('',(91.5,75.1147367097487,0.));
#17328=CARTESIAN_POINT('',(88.5,75.1147367097487,0.));
#17329=CARTESIAN_POINT('Origin',(63.75,62.4570477234332,0.533333333333333));
#17330=CARTESIAN_POINT('',(63.75,62.9903810567666,0.533333333333333));
#17331=CARTESIAN_POINT('Origin',(112.5,37.0096189432334,0.));
#17332=CARTESIAN_POINT('Origin',(112.5,62.9903810567666,0.));
#17333=CARTESIAN_POINT('Origin',(90.,75.9807621135331,0.));
#17334=CARTESIAN_POINT('',(67.5,62.9903810567666,0.));
#17335=CARTESIAN_POINT('Origin',(67.5,62.9903810567666,0.));
#17336=CARTESIAN_POINT('',(52.5,62.9903810567666,1.75));
#17337=CARTESIAN_POINT('Origin',(63.4641016151377,56.,0.));
#17338=CARTESIAN_POINT('',(66.9282032302755,50.,1.75));
#17339=CARTESIAN_POINT('',(66.9282032302755,50.,0.));
#17340=CARTESIAN_POINT('',(63.4641016151377,56.,1.75));
#17341=CARTESIAN_POINT('',(66.9282032302755,50.,1.75));
#17342=CARTESIAN_POINT('',(63.4641016151377,56.,0.));
#17343=CARTESIAN_POINT('Origin',(56.5358983848623,56.,0.));
#17344=CARTESIAN_POINT('',(56.5358983848623,56.,1.75));
#17345=CARTESIAN_POINT('',(63.4641016151377,56.,1.75));
#17346=CARTESIAN_POINT('',(56.5358983848623,56.,0.));
#17347=CARTESIAN_POINT('Origin',(53.0717967697245,50.,0.));
#17348=CARTESIAN_POINT('',(53.0717967697245,50.,1.75));
#17349=CARTESIAN_POINT('',(56.5358983848623,56.,1.75));
#17350=CARTESIAN_POINT('',(53.0717967697245,50.,0.));
#17351=CARTESIAN_POINT('Origin',(56.5358983848623,44.,0.));
#17352=CARTESIAN_POINT('',(56.5358983848623,44.,1.75));
#17353=CARTESIAN_POINT('',(53.0717967697245,50.,1.75));
#17354=CARTESIAN_POINT('',(56.5358983848623,44.,0.));
#17355=CARTESIAN_POINT('Origin',(63.4641016151377,44.,0.));
#17356=CARTESIAN_POINT('',(63.4641016151377,44.,1.75));
#17357=CARTESIAN_POINT('',(56.5358983848623,44.,1.75));
#17358=CARTESIAN_POINT('',(63.4641016151377,44.,0.));
#17359=CARTESIAN_POINT('Origin',(66.9282032302755,50.,0.));
#17360=CARTESIAN_POINT('',(63.4641016151377,44.,1.75));
#17361=CARTESIAN_POINT('Origin',(90.,32.6794919243112,0.));
#17362=CARTESIAN_POINT('',(90.,32.6794919243112,0.));
#17363=CARTESIAN_POINT('Origin',(105.,41.3397459621556,0.));
#17364=CARTESIAN_POINT('',(105.,41.3397459621556,0.));
#17365=CARTESIAN_POINT('Origin',(105.,58.6602540378444,0.));
#17366=CARTESIAN_POINT('Origin',(30.,32.6794919243112,0.));
#17367=CARTESIAN_POINT('',(30.,32.6794919243112,0.));
#17368=CARTESIAN_POINT('Origin',(45.,41.3397459621556,0.));
#17369=CARTESIAN_POINT('',(45.,41.3397459621556,0.));
#17370=CARTESIAN_POINT('Origin',(45.,58.6602540378444,0.));
#17371=CARTESIAN_POINT('Origin',(52.5,37.0096189432334,0.));
#17372=CARTESIAN_POINT('',(52.5,37.0096189432334,1.75));
#17373=CARTESIAN_POINT('',(52.5,37.0096189432334,0.));
#17374=CARTESIAN_POINT('Origin',(30.,24.0192378864668,0.));
#17375=CARTESIAN_POINT('Origin',(60.,50.,1.75));
#17376=CARTESIAN_POINT('Origin',(14.6,-54.3301270189222,3.1));
#17377=CARTESIAN_POINT('',(14.2,-40.8778657468039,3.5));
#17378=CARTESIAN_POINT('',(14.2,-59.1221342531961,3.5));
#17379=CARTESIAN_POINT('',(14.2,-54.3301270189222,3.5));
#17380=CARTESIAN_POINT('',(15.,-58.6602540378444,2.7));
#17381=CARTESIAN_POINT('',(14.2,-59.1221342531961,3.5));
#17382=CARTESIAN_POINT('',(15.,-41.3397459621556,2.7));
#17383=CARTESIAN_POINT('',(15.,-54.3301270189222,2.7));
#17384=CARTESIAN_POINT('',(14.2,-40.8778657468039,3.5));
#17385=CARTESIAN_POINT('Origin',(26.05,-65.5018547277414,3.1));
#17386=CARTESIAN_POINT('',(30.,-68.2442685063922,3.5));
#17387=CARTESIAN_POINT('',(25.85,-65.8482648892552,3.5));
#17388=CARTESIAN_POINT('',(30.,-67.3205080756888,2.7));
#17389=CARTESIAN_POINT('',(30.,-68.2442685063922,3.5));
#17390=CARTESIAN_POINT('',(26.25,-65.1554445662277,2.7));
#17391=CARTESIAN_POINT('Origin',(41.45,-61.1717277088193,3.1));
#17392=CARTESIAN_POINT('',(45.8,-59.1221342531961,3.5));
#17393=CARTESIAN_POINT('',(41.65,-61.518137870333,3.5));
#17394=CARTESIAN_POINT('',(45.,-58.6602540378444,2.7));
#17395=CARTESIAN_POINT('',(45.8,-59.1221342531961,3.5));
#17396=CARTESIAN_POINT('',(41.25,-60.8253175473055,2.7));
#17397=CARTESIAN_POINT('Origin',(45.4,-45.6698729810778,3.1));
#17398=CARTESIAN_POINT('',(45.8,-40.8778657468039,3.5));
#17399=CARTESIAN_POINT('',(45.8,-45.6698729810778,3.5));
#17400=CARTESIAN_POINT('',(45.,-41.3397459621556,2.7));
#17401=CARTESIAN_POINT('',(45.8,-40.8778657468039,3.5));
#17402=CARTESIAN_POINT('',(45.,-45.6698729810778,2.7));
#17403=CARTESIAN_POINT('Origin',(33.95,-34.4981452722585,3.1));
#17404=CARTESIAN_POINT('',(30.,-32.6794919243112,2.7));
#17405=CARTESIAN_POINT('',(33.75,-34.8445554337723,2.7));
#17406=CARTESIAN_POINT('',(30.,-31.7557314936078,3.5));
#17407=CARTESIAN_POINT('',(34.15,-34.1517351107448,3.5));
#17408=CARTESIAN_POINT('',(30.,-31.7557314936078,3.5));
#17409=CARTESIAN_POINT('Origin',(18.55,-38.8282722911807,3.1));
#17410=CARTESIAN_POINT('',(18.75,-39.1746824526945,2.7));
#17411=CARTESIAN_POINT('',(18.35,-38.481862129667,3.5));
#17412=CARTESIAN_POINT('Origin',(30.,-32.6794919243112,0.));
#17413=CARTESIAN_POINT('',(30.,-32.6794919243112,0.));
#17414=CARTESIAN_POINT('',(30.,-32.6794919243112,0.));
#17415=CARTESIAN_POINT('',(45.,-41.3397459621556,0.));
#17416=CARTESIAN_POINT('',(45.,-41.3397459621556,0.));
#17417=CARTESIAN_POINT('',(45.,-41.3397459621556,0.));
#17418=CARTESIAN_POINT('Origin',(15.,-41.3397459621556,0.));
#17419=CARTESIAN_POINT('',(15.,-41.3397459621556,0.));
#17420=CARTESIAN_POINT('',(15.,-41.3397459621556,0.));
#17421=CARTESIAN_POINT('',(30.,-32.6794919243112,0.));
#17422=CARTESIAN_POINT('Origin',(15.,-58.6602540378444,0.));
#17423=CARTESIAN_POINT('',(15.,-58.6602540378444,0.));
#17424=CARTESIAN_POINT('',(15.,-58.6602540378444,0.));
#17425=CARTESIAN_POINT('',(15.,-41.3397459621556,0.));
#17426=CARTESIAN_POINT('Origin',(30.,-50.,3.5));
#17427=CARTESIAN_POINT('',(51.7,-37.4714991585851,3.5));
#17428=CARTESIAN_POINT('',(51.7,-62.5285008414149,3.5));
#17429=CARTESIAN_POINT('',(51.7,-56.4951905283833,3.5));
#17430=CARTESIAN_POINT('',(31.1,-25.5780836132788,3.5));
#17431=CARTESIAN_POINT('',(46.475,-34.4548440020693,3.5));
#17432=CARTESIAN_POINT('',(28.9,-25.5780836132788,3.5));
#17433=CARTESIAN_POINT('Origin',(30.,-27.4833395016046,3.5));
#17434=CARTESIAN_POINT('',(9.40000000000001,-36.8364138624765,3.5));
#17435=CARTESIAN_POINT('',(24.775,-27.959653473686,3.5));
#17436=CARTESIAN_POINT('',(8.30000000000002,-38.7416697508023,3.5));
#17437=CARTESIAN_POINT('Origin',(10.5,-38.7416697508023,3.5));
#17438=CARTESIAN_POINT('',(8.3,-61.2583302491977,3.5));
#17439=CARTESIAN_POINT('',(8.30000000000002,-43.5048094716167,3.5));
#17440=CARTESIAN_POINT('',(9.40000000000001,-63.1635861375235,3.5));
#17441=CARTESIAN_POINT('Origin',(10.5,-61.2583302491977,3.5));
#17442=CARTESIAN_POINT('',(28.9,-74.4219163867212,3.5));
#17443=CARTESIAN_POINT('',(13.525,-65.5451559979306,3.5));
#17444=CARTESIAN_POINT('',(31.1,-74.4219163867212,3.5));
#17445=CARTESIAN_POINT('Origin',(30.,-72.5166604983954,3.5));
#17446=CARTESIAN_POINT('',(35.225,-72.0403465263139,3.5));
#17447=CARTESIAN_POINT('Origin',(52.1,-56.4951905283833,3.1));
#17448=CARTESIAN_POINT('',(52.5,-62.9903810567666,2.7));
#17449=CARTESIAN_POINT('',(51.7,-62.5285008414149,3.5));
#17450=CARTESIAN_POINT('',(52.5,-37.0096189432334,2.7));
#17451=CARTESIAN_POINT('',(52.5,-56.4951905283833,2.7));
#17452=CARTESIAN_POINT('',(51.7,-37.4714991585851,3.5));
#17453=CARTESIAN_POINT('Origin',(46.675,-34.1084338405556,3.1));
#17454=CARTESIAN_POINT('',(31.5,-24.8852632902513,2.7));
#17455=CARTESIAN_POINT('',(46.875,-33.7620236790418,2.7));
#17456=CARTESIAN_POINT('',(31.5,-24.8852632902513,2.7));
#17457=CARTESIAN_POINT('Origin',(30.,-27.4833395016046,3.1));
#17458=CARTESIAN_POINT('',(28.5,-24.8852632902513,2.7));
#17459=CARTESIAN_POINT('Origin',(30.,-27.4833395016046,2.7));
#17460=CARTESIAN_POINT('',(28.5,-24.8852632902513,2.7));
#17461=CARTESIAN_POINT('Origin',(24.575,-27.6132433121723,3.1));
#17462=CARTESIAN_POINT('',(9.,-36.143593539449,2.7));
#17463=CARTESIAN_POINT('',(9.,-36.143593539449,2.7));
#17464=CARTESIAN_POINT('',(24.375,-27.2668331506585,2.7));
#17465=CARTESIAN_POINT('Origin',(10.5,-38.7416697508023,3.1));
#17466=CARTESIAN_POINT('',(7.50000000000002,-38.7416697508023,2.7));
#17467=CARTESIAN_POINT('Origin',(10.5,-38.7416697508023,2.7));
#17468=CARTESIAN_POINT('',(7.50000000000002,-38.7416697508023,2.7));
#17469=CARTESIAN_POINT('Origin',(7.90000000000003,-43.5048094716167,3.1));
#17470=CARTESIAN_POINT('',(7.5,-61.2583302491977,2.7));
#17471=CARTESIAN_POINT('',(7.5,-61.2583302491977,2.7));
#17472=CARTESIAN_POINT('',(7.50000000000002,-43.5048094716167,2.7));
#17473=CARTESIAN_POINT('Origin',(10.5,-61.2583302491977,3.1));
#17474=CARTESIAN_POINT('',(9.,-63.856406460551,2.7));
#17475=CARTESIAN_POINT('Origin',(10.5,-61.2583302491977,2.7));
#17476=CARTESIAN_POINT('',(9.,-63.856406460551,2.7));
#17477=CARTESIAN_POINT('Origin',(13.325,-65.8915661594444,3.1));
#17478=CARTESIAN_POINT('',(28.5,-75.1147367097487,2.7));
#17479=CARTESIAN_POINT('',(28.5,-75.1147367097487,2.7));
#17480=CARTESIAN_POINT('',(13.125,-66.2379763209582,2.7));
#17481=CARTESIAN_POINT('Origin',(30.,-72.5166604983954,3.1));
#17482=CARTESIAN_POINT('',(31.5,-75.1147367097487,2.7));
#17483=CARTESIAN_POINT('Origin',(30.,-72.5166604983954,2.7));
#17484=CARTESIAN_POINT('',(31.5,-75.1147367097487,2.7));
#17485=CARTESIAN_POINT('Origin',(35.425,-72.3867566878277,3.1));
#17486=CARTESIAN_POINT('',(35.625,-72.7331668493415,2.7));
#17487=CARTESIAN_POINT('Origin',(10.5,-38.7416697508023,0.));
#17488=CARTESIAN_POINT('',(9.,-36.143593539449,0.533333333333333));
#17489=CARTESIAN_POINT('',(9.,-36.143593539449,0.));
#17490=CARTESIAN_POINT('',(7.50000000000002,-38.7416697508023,0.533333333333333));
#17491=CARTESIAN_POINT('Origin',(10.5,-38.7416697508023,0.533333333333333));
#17492=CARTESIAN_POINT('',(7.50000000000002,-38.7416697508023,0.));
#17493=CARTESIAN_POINT('Origin',(30.,-24.0192378864668,0.));
#17494=CARTESIAN_POINT('',(28.5,-24.8852632902513,0.533333333333333));
#17495=CARTESIAN_POINT('',(28.5,-24.8852632902513,0.));
#17496=CARTESIAN_POINT('',(46.875,-14.2764520938919,0.533333333333333));
#17497=CARTESIAN_POINT('Origin',(30.,-27.4833395016046,0.));
#17498=CARTESIAN_POINT('',(31.5,-24.8852632902513,0.533333333333333));
#17499=CARTESIAN_POINT('',(31.5,-24.8852632902513,0.));
#17500=CARTESIAN_POINT('Origin',(30.,-27.4833395016046,0.533333333333333));
#17501=CARTESIAN_POINT('Origin',(52.5,-37.0096189432334,0.));
#17502=CARTESIAN_POINT('',(52.5,-37.0096189432334,1.75));
#17503=CARTESIAN_POINT('',(52.5,-37.0096189432334,0.));
#17504=CARTESIAN_POINT('',(52.5,-37.0096189432334,0.533333333333333));
#17505=CARTESIAN_POINT('',(52.5,-37.0096189432334,0.));
#17506=CARTESIAN_POINT('',(69.375,-46.7524047358084,0.533333333333333));
#17507=CARTESIAN_POINT('Origin',(52.5,-62.9903810567666,0.));
#17508=CARTESIAN_POINT('',(52.5,-62.9903810567666,1.75));
#17509=CARTESIAN_POINT('',(52.5,-62.9903810567666,0.));
#17510=CARTESIAN_POINT('',(52.5,-56.4951905283833,1.75));
#17511=CARTESIAN_POINT('Origin',(73.325,-65.8915661594444,3.1));
#17512=CARTESIAN_POINT('',(67.5,-62.9903810567666,2.7));
#17513=CARTESIAN_POINT('',(88.5,-75.1147367097487,2.7));
#17514=CARTESIAN_POINT('',(73.125,-66.2379763209582,2.7));
#17515=CARTESIAN_POINT('',(88.9,-74.4219163867212,3.5));
#17516=CARTESIAN_POINT('',(88.5,-75.1147367097487,2.7));
#17517=CARTESIAN_POINT('',(68.3,-62.5285008414149,3.5));
#17518=CARTESIAN_POINT('',(73.525,-65.5451559979307,3.5));
#17519=CARTESIAN_POINT('',(68.3,-62.5285008414149,3.5));
#17520=CARTESIAN_POINT('Origin',(67.9,-43.5048094716167,3.1));
#17521=CARTESIAN_POINT('',(68.3,-37.4714991585851,3.5));
#17522=CARTESIAN_POINT('',(68.3,-43.5048094716167,3.5));
#17523=CARTESIAN_POINT('',(67.5,-37.0096189432334,2.7));
#17524=CARTESIAN_POINT('',(68.3,-37.4714991585851,3.5));
#17525=CARTESIAN_POINT('',(67.5,-43.5048094716167,2.7));
#17526=CARTESIAN_POINT('Origin',(106.675,-34.1084338405555,3.1));
#17527=CARTESIAN_POINT('',(112.5,-37.0096189432334,2.7));
#17528=CARTESIAN_POINT('',(91.5,-24.8852632902513,2.7));
#17529=CARTESIAN_POINT('',(106.875,-33.7620236790418,2.7));
#17530=CARTESIAN_POINT('',(91.1,-25.5780836132788,3.5));
#17531=CARTESIAN_POINT('',(91.5,-24.8852632902513,2.7));
#17532=CARTESIAN_POINT('',(111.7,-37.4714991585851,3.5));
#17533=CARTESIAN_POINT('',(106.475,-34.4548440020693,3.5));
#17534=CARTESIAN_POINT('',(111.7,-37.4714991585851,3.5));
#17535=CARTESIAN_POINT('Origin',(90.,-27.4833395016046,3.1));
#17536=CARTESIAN_POINT('',(88.5,-24.8852632902513,2.7));
#17537=CARTESIAN_POINT('Origin',(90.,-27.4833395016046,2.7));
#17538=CARTESIAN_POINT('',(88.9,-25.5780836132788,3.5));
#17539=CARTESIAN_POINT('',(88.5,-24.8852632902513,2.7));
#17540=CARTESIAN_POINT('Origin',(90.,-27.4833395016046,3.5));
#17541=CARTESIAN_POINT('Origin',(84.575,-27.6132433121723,3.1));
#17542=CARTESIAN_POINT('',(84.775,-27.959653473686,3.5));
#17543=CARTESIAN_POINT('',(84.375,-27.2668331506585,2.7));
#17544=CARTESIAN_POINT('Origin',(112.1,-56.4951905283833,3.1));
#17545=CARTESIAN_POINT('',(112.5,-62.9903810567666,2.7));
#17546=CARTESIAN_POINT('',(112.5,-56.4951905283833,2.7));
#17547=CARTESIAN_POINT('',(111.7,-62.5285008414149,3.5));
#17548=CARTESIAN_POINT('',(111.7,-56.4951905283833,3.5));
#17549=CARTESIAN_POINT('',(111.7,-62.5285008414149,3.5));
#17550=CARTESIAN_POINT('Origin',(90.,-72.5166604983954,3.1));
#17551=CARTESIAN_POINT('',(91.5,-75.1147367097487,2.7));
#17552=CARTESIAN_POINT('Origin',(90.,-72.5166604983954,2.7));
#17553=CARTESIAN_POINT('',(91.1,-74.4219163867212,3.5));
#17554=CARTESIAN_POINT('',(91.5,-75.1147367097487,2.7));
#17555=CARTESIAN_POINT('Origin',(90.,-72.5166604983954,3.5));
#17556=CARTESIAN_POINT('Origin',(95.425,-72.3867566878277,3.1));
#17557=CARTESIAN_POINT('',(95.225,-72.040346526314,3.5));
#17558=CARTESIAN_POINT('',(95.625,-72.7331668493415,2.7));
#17559=CARTESIAN_POINT('Origin',(67.5,-37.0096189432334,0.));
#17560=CARTESIAN_POINT('',(67.5,-37.0096189432334,1.75));
#17561=CARTESIAN_POINT('',(67.5,-37.0096189432334,0.));
#17562=CARTESIAN_POINT('',(67.5,-62.9903810567666,1.75));
#17563=CARTESIAN_POINT('',(67.5,-43.5048094716167,1.75));
#17564=CARTESIAN_POINT('',(67.5,-62.9903810567666,0.));
#17565=CARTESIAN_POINT('Origin',(90.,-24.0192378864668,0.));
#17566=CARTESIAN_POINT('',(88.5,-24.8852632902513,0.));
#17567=CARTESIAN_POINT('',(88.5,-24.8852632902513,0.));
#17568=CARTESIAN_POINT('',(66.5762395692966,-37.5429522765668,0.));
#17569=CARTESIAN_POINT('',(90.,-24.0192378864668,0.));
#17570=CARTESIAN_POINT('',(67.5,-37.0096189432334,0.533333333333333));
#17571=CARTESIAN_POINT('Origin',(66.5762395692966,-37.5429522765668,0.533333333333333));
#17572=CARTESIAN_POINT('',(67.5,-37.0096189432334,0.));
#17573=CARTESIAN_POINT('Origin',(90.,-27.4833395016046,0.));
#17574=CARTESIAN_POINT('',(91.5,-24.8852632902513,0.));
#17575=CARTESIAN_POINT('',(91.5,-24.8852632902513,0.));
#17576=CARTESIAN_POINT('Origin',(90.,-27.4833395016046,0.));
#17577=CARTESIAN_POINT('Origin',(112.5,-37.0096189432334,0.));
#17578=CARTESIAN_POINT('',(112.5,-37.0096189432334,1.75));
#17579=CARTESIAN_POINT('',(112.5,-37.0096189432334,0.));
#17580=CARTESIAN_POINT('',(112.5,-37.0096189432334,0.533333333333333));
#17581=CARTESIAN_POINT('',(112.5,-37.0096189432334,0.));
#17582=CARTESIAN_POINT('',(113.423760430703,-37.5429522765668,0.));
#17583=CARTESIAN_POINT('Origin',(113.423760430703,-37.5429522765668,0.533333333333333));
#17584=CARTESIAN_POINT('',(112.5,-37.0096189432334,0.));
#17585=CARTESIAN_POINT('Origin',(90.,-50.,3.5));
#17586=CARTESIAN_POINT('',(74.2,-40.8778657468039,3.5));
#17587=CARTESIAN_POINT('',(74.2,-59.1221342531961,3.5));
#17588=CARTESIAN_POINT('',(74.2,-54.3301270189222,3.5));
#17589=CARTESIAN_POINT('',(90.,-31.7557314936078,3.5));
#17590=CARTESIAN_POINT('',(78.35,-38.481862129667,3.5));
#17591=CARTESIAN_POINT('',(105.8,-40.8778657468039,3.5));
#17592=CARTESIAN_POINT('',(94.15,-34.1517351107448,3.5));
#17593=CARTESIAN_POINT('',(105.8,-59.1221342531961,3.5));
#17594=CARTESIAN_POINT('',(105.8,-45.6698729810778,3.5));
#17595=CARTESIAN_POINT('',(90.,-68.2442685063922,3.5));
#17596=CARTESIAN_POINT('',(101.65,-61.518137870333,3.5));
#17597=CARTESIAN_POINT('',(85.85,-65.8482648892552,3.5));
#17598=CARTESIAN_POINT('Origin',(74.6,-54.3301270189222,3.1));
#17599=CARTESIAN_POINT('',(75.,-58.6602540378444,2.7));
#17600=CARTESIAN_POINT('',(74.2,-59.1221342531961,3.5));
#17601=CARTESIAN_POINT('',(75.,-41.3397459621556,2.7));
#17602=CARTESIAN_POINT('',(75.,-54.3301270189222,2.7));
#17603=CARTESIAN_POINT('',(74.2,-40.8778657468039,3.5));
#17604=CARTESIAN_POINT('Origin',(86.05,-65.5018547277415,3.1));
#17605=CARTESIAN_POINT('',(90.,-67.3205080756888,2.7));
#17606=CARTESIAN_POINT('',(90.,-68.2442685063922,3.5));
#17607=CARTESIAN_POINT('',(86.25,-65.1554445662277,2.7));
#17608=CARTESIAN_POINT('Origin',(101.45,-61.1717277088193,3.1));
#17609=CARTESIAN_POINT('',(105.,-58.6602540378444,2.7));
#17610=CARTESIAN_POINT('',(105.8,-59.1221342531961,3.5));
#17611=CARTESIAN_POINT('',(101.25,-60.8253175473055,2.7));
#17612=CARTESIAN_POINT('Origin',(105.4,-45.6698729810778,3.1));
#17613=CARTESIAN_POINT('',(105.,-41.3397459621556,2.7));
#17614=CARTESIAN_POINT('',(105.8,-40.8778657468039,3.5));
#17615=CARTESIAN_POINT('',(105.,-45.6698729810778,2.7));
#17616=CARTESIAN_POINT('Origin',(93.95,-34.4981452722585,3.1));
#17617=CARTESIAN_POINT('',(90.,-32.6794919243112,2.7));
#17618=CARTESIAN_POINT('',(93.75,-34.8445554337723,2.7));
#17619=CARTESIAN_POINT('',(90.,-31.7557314936078,3.5));
#17620=CARTESIAN_POINT('Origin',(78.55,-38.8282722911807,3.1));
#17621=CARTESIAN_POINT('',(78.75,-39.1746824526945,2.7));
#17622=CARTESIAN_POINT('Origin',(90.,-32.6794919243112,0.));
#17623=CARTESIAN_POINT('',(90.,-32.6794919243112,0.));
#17624=CARTESIAN_POINT('',(90.,-32.6794919243112,0.));
#17625=CARTESIAN_POINT('',(105.,-41.3397459621556,0.));
#17626=CARTESIAN_POINT('',(105.,-41.3397459621556,0.));
#17627=CARTESIAN_POINT('',(105.,-41.3397459621556,0.));
#17628=CARTESIAN_POINT('Origin',(75.,-41.3397459621556,0.));
#17629=CARTESIAN_POINT('',(75.,-41.3397459621556,0.));
#17630=CARTESIAN_POINT('',(75.,-41.3397459621556,0.));
#17631=CARTESIAN_POINT('',(90.,-32.6794919243112,0.));
#17632=CARTESIAN_POINT('Origin',(75.,-58.6602540378444,0.));
#17633=CARTESIAN_POINT('',(75.,-58.6602540378444,0.));
#17634=CARTESIAN_POINT('',(75.,-58.6602540378444,0.));
#17635=CARTESIAN_POINT('',(75.,-41.3397459621556,0.));
#17636=CARTESIAN_POINT('Origin',(134.6,-54.3301270189222,3.1));
#17637=CARTESIAN_POINT('',(134.2,-40.8778657468039,3.5));
#17638=CARTESIAN_POINT('',(134.2,-59.1221342531961,3.5));
#17639=CARTESIAN_POINT('',(134.2,-54.3301270189222,3.5));
#17640=CARTESIAN_POINT('',(135.,-58.6602540378444,2.7));
#17641=CARTESIAN_POINT('',(134.2,-59.1221342531961,3.5));
#17642=CARTESIAN_POINT('',(135.,-41.3397459621556,2.7));
#17643=CARTESIAN_POINT('',(135.,-54.3301270189222,2.7));
#17644=CARTESIAN_POINT('',(134.2,-40.8778657468039,3.5));
#17645=CARTESIAN_POINT('Origin',(146.05,-65.5018547277415,3.1));
#17646=CARTESIAN_POINT('',(150.,-68.2442685063922,3.5));
#17647=CARTESIAN_POINT('',(145.85,-65.8482648892552,3.5));
#17648=CARTESIAN_POINT('',(150.,-67.3205080756888,2.7));
#17649=CARTESIAN_POINT('',(150.,-68.2442685063922,3.5));
#17650=CARTESIAN_POINT('',(146.25,-65.1554445662277,2.7));
#17651=CARTESIAN_POINT('Origin',(161.45,-61.1717277088193,3.1));
#17652=CARTESIAN_POINT('',(165.8,-59.1221342531961,3.5));
#17653=CARTESIAN_POINT('',(161.65,-61.518137870333,3.5));
#17654=CARTESIAN_POINT('',(165.,-58.6602540378444,2.7));
#17655=CARTESIAN_POINT('',(165.8,-59.1221342531961,3.5));
#17656=CARTESIAN_POINT('',(161.25,-60.8253175473055,2.7));
#17657=CARTESIAN_POINT('Origin',(165.4,-45.6698729810778,3.1));
#17658=CARTESIAN_POINT('',(165.8,-40.8778657468039,3.5));
#17659=CARTESIAN_POINT('',(165.8,-45.6698729810778,3.5));
#17660=CARTESIAN_POINT('',(165.,-41.3397459621556,2.7));
#17661=CARTESIAN_POINT('',(165.8,-40.8778657468039,3.5));
#17662=CARTESIAN_POINT('',(165.,-45.6698729810778,2.7));
#17663=CARTESIAN_POINT('Origin',(153.95,-34.4981452722585,3.1));
#17664=CARTESIAN_POINT('',(150.,-32.6794919243112,2.7));
#17665=CARTESIAN_POINT('',(153.75,-34.8445554337723,2.7));
#17666=CARTESIAN_POINT('',(150.,-31.7557314936078,3.5));
#17667=CARTESIAN_POINT('',(154.15,-34.1517351107448,3.5));
#17668=CARTESIAN_POINT('',(150.,-31.7557314936078,3.5));
#17669=CARTESIAN_POINT('Origin',(138.55,-38.8282722911807,3.1));
#17670=CARTESIAN_POINT('',(138.75,-39.1746824526945,2.7));
#17671=CARTESIAN_POINT('',(138.35,-38.481862129667,3.5));
#17672=CARTESIAN_POINT('Origin',(150.,-32.6794919243112,0.));
#17673=CARTESIAN_POINT('',(150.,-32.6794919243112,0.));
#17674=CARTESIAN_POINT('',(150.,-32.6794919243112,0.));
#17675=CARTESIAN_POINT('',(165.,-41.3397459621556,0.));
#17676=CARTESIAN_POINT('',(165.,-41.3397459621556,0.));
#17677=CARTESIAN_POINT('',(165.,-41.3397459621556,0.));
#17678=CARTESIAN_POINT('Origin',(135.,-41.3397459621556,0.));
#17679=CARTESIAN_POINT('',(135.,-41.3397459621556,0.));
#17680=CARTESIAN_POINT('',(135.,-41.3397459621556,0.));
#17681=CARTESIAN_POINT('',(150.,-32.6794919243112,0.));
#17682=CARTESIAN_POINT('Origin',(135.,-58.6602540378444,0.));
#17683=CARTESIAN_POINT('',(135.,-58.6602540378444,0.));
#17684=CARTESIAN_POINT('',(135.,-58.6602540378444,0.));
#17685=CARTESIAN_POINT('',(135.,-41.3397459621556,0.));
#17686=CARTESIAN_POINT('Origin',(150.,-50.,3.5));
#17687=CARTESIAN_POINT('',(128.3,-62.5285008414149,3.5));
#17688=CARTESIAN_POINT('',(128.3,-37.4714991585851,3.5));
#17689=CARTESIAN_POINT('',(128.3,-43.5048094716167,3.5));
#17690=CARTESIAN_POINT('',(148.9,-74.4219163867212,3.5));
#17691=CARTESIAN_POINT('',(133.525,-65.5451559979306,3.5));
#17692=CARTESIAN_POINT('',(151.1,-74.4219163867212,3.5));
#17693=CARTESIAN_POINT('Origin',(150.,-72.5166604983954,3.5));
#17694=CARTESIAN_POINT('',(170.6,-63.1635861375235,3.5));
#17695=CARTESIAN_POINT('',(155.225,-72.0403465263139,3.5));
#17696=CARTESIAN_POINT('',(171.7,-61.2583302491977,3.5));
#17697=CARTESIAN_POINT('Origin',(169.5,-61.2583302491977,3.5));
#17698=CARTESIAN_POINT('',(171.7,-38.7416697508023,3.5));
#17699=CARTESIAN_POINT('',(171.7,-56.4951905283833,3.5));
#17700=CARTESIAN_POINT('',(170.6,-36.8364138624765,3.5));
#17701=CARTESIAN_POINT('Origin',(169.5,-38.7416697508023,3.5));
#17702=CARTESIAN_POINT('',(151.1,-25.5780836132788,3.5));
#17703=CARTESIAN_POINT('',(166.475,-34.4548440020693,3.5));
#17704=CARTESIAN_POINT('',(148.9,-25.5780836132788,3.5));
#17705=CARTESIAN_POINT('Origin',(150.,-27.4833395016046,3.5));
#17706=CARTESIAN_POINT('',(144.775,-27.959653473686,3.5));
#17707=CARTESIAN_POINT('Origin',(127.9,-43.5048094716167,3.1));
#17708=CARTESIAN_POINT('',(127.5,-37.0096189432334,2.7));
#17709=CARTESIAN_POINT('',(128.3,-37.4714991585851,3.5));
#17710=CARTESIAN_POINT('',(127.5,-62.9903810567666,2.7));
#17711=CARTESIAN_POINT('',(127.5,-43.5048094716167,2.7));
#17712=CARTESIAN_POINT('',(128.3,-62.5285008414149,3.5));
#17713=CARTESIAN_POINT('Origin',(133.325,-65.8915661594444,3.1));
#17714=CARTESIAN_POINT('',(148.5,-75.1147367097487,2.7));
#17715=CARTESIAN_POINT('',(133.125,-66.2379763209582,2.7));
#17716=CARTESIAN_POINT('',(148.5,-75.1147367097487,2.7));
#17717=CARTESIAN_POINT('Origin',(150.,-72.5166604983954,3.1));
#17718=CARTESIAN_POINT('',(151.5,-75.1147367097487,2.7));
#17719=CARTESIAN_POINT('Origin',(150.,-72.5166604983954,2.7));
#17720=CARTESIAN_POINT('',(151.5,-75.1147367097487,2.7));
#17721=CARTESIAN_POINT('Origin',(155.425,-72.3867566878277,3.1));
#17722=CARTESIAN_POINT('',(171.,-63.856406460551,2.7));
#17723=CARTESIAN_POINT('',(171.,-63.856406460551,2.7));
#17724=CARTESIAN_POINT('',(155.625,-72.7331668493415,2.7));
#17725=CARTESIAN_POINT('Origin',(169.5,-61.2583302491977,3.1));
#17726=CARTESIAN_POINT('',(172.5,-61.2583302491977,2.7));
#17727=CARTESIAN_POINT('Origin',(169.5,-61.2583302491977,2.7));
#17728=CARTESIAN_POINT('',(172.5,-61.2583302491977,2.7));
#17729=CARTESIAN_POINT('Origin',(172.1,-56.4951905283833,3.1));
#17730=CARTESIAN_POINT('',(172.5,-38.7416697508023,2.7));
#17731=CARTESIAN_POINT('',(172.5,-38.7416697508023,2.7));
#17732=CARTESIAN_POINT('',(172.5,-56.4951905283833,2.7));
#17733=CARTESIAN_POINT('Origin',(169.5,-38.7416697508023,3.1));
#17734=CARTESIAN_POINT('',(171.,-36.143593539449,2.7));
#17735=CARTESIAN_POINT('Origin',(169.5,-38.7416697508023,2.7));
#17736=CARTESIAN_POINT('',(171.,-36.143593539449,2.7));
#17737=CARTESIAN_POINT('Origin',(166.675,-34.1084338405556,3.1));
#17738=CARTESIAN_POINT('',(151.5,-24.8852632902513,2.7));
#17739=CARTESIAN_POINT('',(151.5,-24.8852632902513,2.7));
#17740=CARTESIAN_POINT('',(166.875,-33.7620236790418,2.7));
#17741=CARTESIAN_POINT('Origin',(150.,-27.4833395016046,3.1));
#17742=CARTESIAN_POINT('',(148.5,-24.8852632902513,2.7));
#17743=CARTESIAN_POINT('Origin',(150.,-27.4833395016046,2.7));
#17744=CARTESIAN_POINT('',(148.5,-24.8852632902513,2.7));
#17745=CARTESIAN_POINT('Origin',(144.575,-27.6132433121723,3.1));
#17746=CARTESIAN_POINT('',(144.375,-27.2668331506585,2.7));
#17747=CARTESIAN_POINT('Origin',(169.5,-61.2583302491977,0.));
#17748=CARTESIAN_POINT('',(171.,-63.856406460551,0.533333333333333));
#17749=CARTESIAN_POINT('',(171.,-63.856406460551,0.));
#17750=CARTESIAN_POINT('',(172.5,-61.2583302491977,0.533333333333333));
#17751=CARTESIAN_POINT('Origin',(169.5,-61.2583302491977,0.533333333333333));
#17752=CARTESIAN_POINT('',(172.5,-61.2583302491977,0.));
#17753=CARTESIAN_POINT('Origin',(150.,-75.9807621135331,0.));
#17754=CARTESIAN_POINT('',(151.5,-75.1147367097487,0.533333333333333));
#17755=CARTESIAN_POINT('',(151.5,-75.1147367097487,0.));
#17756=CARTESIAN_POINT('',(133.125,-85.7235479061081,0.533333333333333));
#17757=CARTESIAN_POINT('Origin',(150.,-72.5166604983954,0.));
#17758=CARTESIAN_POINT('',(148.5,-75.1147367097487,0.533333333333333));
#17759=CARTESIAN_POINT('',(148.5,-75.1147367097487,0.));
#17760=CARTESIAN_POINT('Origin',(150.,-72.5166604983954,0.533333333333333));
#17761=CARTESIAN_POINT('Origin',(127.5,-62.9903810567666,0.));
#17762=CARTESIAN_POINT('',(127.5,-62.9903810567666,1.75));
#17763=CARTESIAN_POINT('',(127.5,-62.9903810567666,0.));
#17764=CARTESIAN_POINT('',(127.5,-62.9903810567666,0.533333333333333));
#17765=CARTESIAN_POINT('',(127.5,-62.9903810567666,0.));
#17766=CARTESIAN_POINT('',(110.625,-53.2475952641916,0.533333333333333));
#17767=CARTESIAN_POINT('Origin',(127.5,-37.0096189432334,0.));
#17768=CARTESIAN_POINT('',(127.5,-37.0096189432334,1.75));
#17769=CARTESIAN_POINT('',(127.5,-37.0096189432334,0.));
#17770=CARTESIAN_POINT('',(127.5,-43.5048094716167,1.75));
#17771=CARTESIAN_POINT('Origin',(78.75,-37.5429522765667,0.533333333333333));
#17772=CARTESIAN_POINT('',(78.75,-37.0096189432334,0.533333333333333));
#17773=CARTESIAN_POINT('',(52.3570937640367,-37.5429522765668,0.));
#17774=CARTESIAN_POINT('',(78.75,-37.5429522765667,0.));
#17775=CARTESIAN_POINT('Origin',(52.3570937640367,-37.5429522765668,0.533333333333333));
#17776=CARTESIAN_POINT('Origin',(30.0000000000001,-27.4833395016047,0.533333333333333));
#17777=CARTESIAN_POINT('',(31.2333333333333,-25.347143505603,0.));
#17778=CARTESIAN_POINT('Origin',(31.2333333333333,-25.347143505603,0.533333333333333));
#17779=CARTESIAN_POINT('',(28.7666666666667,-25.347143505603,0.));
#17780=CARTESIAN_POINT('Origin',(30.,-27.4833395016046,0.));
#17781=CARTESIAN_POINT('Origin',(28.7666666666667,-25.347143505603,0.533333333333333));
#17782=CARTESIAN_POINT('Origin',(69.1083333333333,-47.2142849511601,0.533333333333333));
#17783=CARTESIAN_POINT('',(69.1083333333333,-47.2142849511601,0.));
#17784=CARTESIAN_POINT('Origin',(10.5000000000001,-38.7416697508023,0.533333333333333));
#17785=CARTESIAN_POINT('',(9.26666666666668,-36.6054737548007,0.));
#17786=CARTESIAN_POINT('Origin',(9.26666666666668,-36.6054737548007,0.533333333333333));
#17787=CARTESIAN_POINT('',(8.03333333333335,-38.7416697508023,0.));
#17788=CARTESIAN_POINT('Origin',(10.5,-38.7416697508023,0.));
#17789=CARTESIAN_POINT('Origin',(8.03333333333335,-38.7416697508023,0.533333333333333));
#17790=CARTESIAN_POINT('Origin',(47.1416666666667,-14.7383323092436,0.533333333333333));
#17791=CARTESIAN_POINT('',(47.1416666666667,-14.7383323092436,0.));
#17792=CARTESIAN_POINT('Origin',(10.5,-61.2583302491977,0.533333333333325));
#17793=CARTESIAN_POINT('',(7.5,-61.2583302491977,0.533333333333333));
#17794=CARTESIAN_POINT('',(9.,-63.856406460551,0.533333333333333));
#17795=CARTESIAN_POINT('Origin',(10.5,-61.2583302491977,0.533333333333333));
#17796=CARTESIAN_POINT('',(8.03333333333333,-61.2583302491977,0.));
#17797=CARTESIAN_POINT('Origin',(8.03333333333333,-61.2583302491977,0.533333333333333));
#17798=CARTESIAN_POINT('',(9.26666666666666,-63.3945262451993,0.));
#17799=CARTESIAN_POINT('Origin',(10.5,-61.2583302491977,0.));
#17800=CARTESIAN_POINT('Origin',(9.26666666666666,-63.3945262451993,0.533333333333333));
#17801=CARTESIAN_POINT('Origin',(8.03333333333335,-43.5048094716167,0.533333333333333));
#17802=CARTESIAN_POINT('',(7.50000000000002,-43.5048094716167,0.533333333333333));
#17803=CARTESIAN_POINT('',(8.03333333333335,-43.5048094716167,0.));
#17804=CARTESIAN_POINT('Origin',(30.,-72.5166604983953,0.533333333333333));
#17805=CARTESIAN_POINT('',(28.5,-75.1147367097487,0.533333333333333));
#17806=CARTESIAN_POINT('',(31.5,-75.1147367097487,0.533333333333333));
#17807=CARTESIAN_POINT('Origin',(30.,-72.5166604983954,0.533333333333333));
#17808=CARTESIAN_POINT('',(28.7666666666666,-74.652856494397,0.));
#17809=CARTESIAN_POINT('Origin',(28.7666666666666,-74.652856494397,0.533333333333333));
#17810=CARTESIAN_POINT('',(31.2333333333333,-74.652856494397,0.));
#17811=CARTESIAN_POINT('Origin',(30.,-72.5166604983954,0.));
#17812=CARTESIAN_POINT('Origin',(31.2333333333333,-74.652856494397,0.533333333333333));
#17813=CARTESIAN_POINT('Origin',(35.8916666666667,-78.7664771623731,0.533333333333333));
#17814=CARTESIAN_POINT('',(35.625,-79.2283573777248,0.533333333333333));
#17815=CARTESIAN_POINT('',(35.8916666666667,-78.7664771623731,0.));
#17816=CARTESIAN_POINT('Origin',(57.8583333333333,-59.2809055772232,0.533333333333333));
#17817=CARTESIAN_POINT('',(52.5,-62.9903810567666,0.533333333333333));
#17818=CARTESIAN_POINT('',(58.125,-59.7427857925749,0.533333333333333));
#17819=CARTESIAN_POINT('',(52.3570937640367,-62.4570477234332,0.));
#17820=CARTESIAN_POINT('',(57.8583333333333,-59.2809055772232,0.));
#17821=CARTESIAN_POINT('Origin',(52.3570937640367,-62.4570477234332,0.533333333333333));
#17822=CARTESIAN_POINT('Origin',(30.,-72.5166604983954,0.));
#17823=CARTESIAN_POINT('',(28.5,-75.1147367097487,0.));
#17824=CARTESIAN_POINT('',(31.5,-75.1147367097487,0.));
#17825=CARTESIAN_POINT('Origin',(71.25,-62.4570477234332,0.533333333333333));
#17826=CARTESIAN_POINT('',(66.5762395692966,-62.4570477234332,0.));
#17827=CARTESIAN_POINT('',(71.25,-62.4570477234332,0.));
#17828=CARTESIAN_POINT('',(67.5,-62.9903810567666,0.533333333333333));
#17829=CARTESIAN_POINT('Origin',(66.5762395692966,-62.4570477234332,0.533333333333333));
#17830=CARTESIAN_POINT('',(71.25,-62.9903810567666,0.533333333333333));
#17831=CARTESIAN_POINT('Origin',(10.5,-61.2583302491977,0.));
#17832=CARTESIAN_POINT('',(7.5,-61.2583302491977,0.));
#17833=CARTESIAN_POINT('',(9.,-63.856406460551,0.));
#17834=CARTESIAN_POINT('Origin',(90.,-50.,0.));
#17835=CARTESIAN_POINT('',(127.642906235963,-37.5429522765668,0.));
#17836=CARTESIAN_POINT('',(108.75,-37.5429522765668,0.));
#17837=CARTESIAN_POINT('',(148.766666666667,-25.347143505603,0.));
#17838=CARTESIAN_POINT('',(122.141666666667,-40.7190944227768,0.));
#17839=CARTESIAN_POINT('',(151.233333333333,-25.347143505603,0.));
#17840=CARTESIAN_POINT('Origin',(150.,-27.4833395016046,0.));
#17841=CARTESIAN_POINT('',(170.733333333333,-36.6054737548007,0.));
#17842=CARTESIAN_POINT('',(144.108333333333,-21.2335228376269,0.));
#17843=CARTESIAN_POINT('',(171.966666666667,-38.7416697508023,0.));
#17844=CARTESIAN_POINT('Origin',(169.5,-38.7416697508023,0.));
#17845=CARTESIAN_POINT('',(171.966666666667,-61.2583302491977,0.));
#17846=CARTESIAN_POINT('',(171.966666666667,-56.4951905283833,0.));
#17847=CARTESIAN_POINT('',(170.733333333333,-63.3945262451993,0.));
#17848=CARTESIAN_POINT('Origin',(169.5,-61.2583302491977,0.));
#17849=CARTESIAN_POINT('',(151.233333333333,-74.652856494397,0.));
#17850=CARTESIAN_POINT('',(132.858333333333,-85.2616676907564,0.));
#17851=CARTESIAN_POINT('',(148.766666666667,-74.652856494397,0.));
#17852=CARTESIAN_POINT('Origin',(150.,-72.5166604983954,0.));
#17853=CARTESIAN_POINT('',(127.642906235963,-62.4570477234332,0.));
#17854=CARTESIAN_POINT('',(110.891666666667,-52.7857150488399,0.));
#17855=CARTESIAN_POINT('',(113.423760430703,-62.4570477234332,0.));
#17856=CARTESIAN_POINT('',(101.25,-62.4570477234333,0.));
#17857=CARTESIAN_POINT('',(91.5,-75.1147367097487,0.));
#17858=CARTESIAN_POINT('',(90.,-75.9807621135331,0.));
#17859=CARTESIAN_POINT('',(88.5,-75.1147367097487,0.));
#17860=CARTESIAN_POINT('Origin',(90.,-72.5166604983954,0.));
#17861=CARTESIAN_POINT('',(67.5,-62.9903810567666,0.));
#17862=CARTESIAN_POINT('',(45.,-58.6602540378444,0.));
#17863=CARTESIAN_POINT('',(45.,-58.6602540378444,0.));
#17864=CARTESIAN_POINT('',(30.,-67.3205080756888,0.));
#17865=CARTESIAN_POINT('',(15.,-58.6602540378444,0.));
#17866=CARTESIAN_POINT('',(30.,-67.3205080756888,0.));
#17867=CARTESIAN_POINT('',(126.928203230275,-50.,0.));
#17868=CARTESIAN_POINT('',(123.464101615138,-56.,0.));
#17869=CARTESIAN_POINT('',(123.464101615138,-56.,0.));
#17870=CARTESIAN_POINT('',(123.464101615138,-44.,0.));
#17871=CARTESIAN_POINT('',(126.928203230275,-50.,0.));
#17872=CARTESIAN_POINT('',(116.535898384862,-44.,0.));
#17873=CARTESIAN_POINT('',(123.464101615138,-44.,0.));
#17874=CARTESIAN_POINT('',(113.071796769725,-50.,0.));
#17875=CARTESIAN_POINT('',(116.535898384862,-44.,0.));
#17876=CARTESIAN_POINT('',(116.535898384862,-56.,0.));
#17877=CARTESIAN_POINT('',(113.071796769725,-50.,0.));
#17878=CARTESIAN_POINT('',(116.535898384862,-56.,0.));
#17879=CARTESIAN_POINT('',(165.,-58.6602540378444,0.));
#17880=CARTESIAN_POINT('',(165.,-58.6602540378444,0.));
#17881=CARTESIAN_POINT('',(150.,-67.3205080756888,0.));
#17882=CARTESIAN_POINT('',(135.,-58.6602540378444,0.));
#17883=CARTESIAN_POINT('',(150.,-67.3205080756888,0.));
#17884=CARTESIAN_POINT('',(105.,-58.6602540378444,0.));
#17885=CARTESIAN_POINT('',(105.,-58.6602540378444,0.));
#17886=CARTESIAN_POINT('',(90.,-67.3205080756888,0.));
#17887=CARTESIAN_POINT('',(75.,-58.6602540378444,0.));
#17888=CARTESIAN_POINT('',(90.,-67.3205080756888,0.));
#17889=CARTESIAN_POINT('',(56.5358983848623,-56.,0.));
#17890=CARTESIAN_POINT('',(53.0717967697245,-50.,0.));
#17891=CARTESIAN_POINT('',(53.0717967697245,-50.,0.));
#17892=CARTESIAN_POINT('',(63.4641016151377,-56.,0.));
#17893=CARTESIAN_POINT('',(56.5358983848623,-56.,0.));
#17894=CARTESIAN_POINT('',(66.9282032302755,-50.,0.));
#17895=CARTESIAN_POINT('',(63.4641016151377,-56.,0.));
#17896=CARTESIAN_POINT('',(63.4641016151377,-44.,0.));
#17897=CARTESIAN_POINT('',(66.9282032302755,-50.,0.));
#17898=CARTESIAN_POINT('',(56.5358983848623,-44.,0.));
#17899=CARTESIAN_POINT('',(63.4641016151377,-44.,0.));
#17900=CARTESIAN_POINT('',(56.5358983848623,-44.,0.));
#17901=CARTESIAN_POINT('Origin',(67.5,-37.0096189432334,0.));
#17902=CARTESIAN_POINT('',(67.5,-37.0096189432334,1.75));
#17903=CARTESIAN_POINT('Origin',(90.,-72.5166604983954,0.));
#17904=CARTESIAN_POINT('',(88.5,-75.1147367097487,0.));
#17905=CARTESIAN_POINT('',(91.5,-75.1147367097487,0.));
#17906=CARTESIAN_POINT('Origin',(67.5,-62.9903810567666,0.));
#17907=CARTESIAN_POINT('',(67.5,-62.9903810567666,0.));
#17908=CARTESIAN_POINT('Origin',(101.25,-62.4570477234333,0.533333333333333));
#17909=CARTESIAN_POINT('',(112.5,-62.9903810567666,0.533333333333333));
#17910=CARTESIAN_POINT('',(101.25,-62.9903810567666,0.533333333333333));
#17911=CARTESIAN_POINT('Origin',(113.423760430703,-62.4570477234332,0.533333333333333));
#17912=CARTESIAN_POINT('Origin',(127.642906235963,-62.4570477234332,0.533333333333333));
#17913=CARTESIAN_POINT('Origin',(150.,-72.5166604983954,0.533333333333339));
#17914=CARTESIAN_POINT('Origin',(148.766666666667,-74.652856494397,0.533333333333333));
#17915=CARTESIAN_POINT('Origin',(151.233333333333,-74.652856494397,0.533333333333333));
#17916=CARTESIAN_POINT('Origin',(110.891666666667,-52.7857150488399,0.533333333333333));
#17917=CARTESIAN_POINT('Origin',(169.5,-61.2583302491977,0.533333333333333));
#17918=CARTESIAN_POINT('Origin',(170.733333333333,-63.3945262451993,0.533333333333333));
#17919=CARTESIAN_POINT('Origin',(171.966666666667,-61.2583302491977,0.533333333333333));
#17920=CARTESIAN_POINT('Origin',(132.858333333333,-85.2616676907564,0.533333333333333));
#17921=CARTESIAN_POINT('Origin',(169.5,-38.7416697508023,0.533333333333231));
#17922=CARTESIAN_POINT('',(172.5,-38.7416697508023,0.533333333333333));
#17923=CARTESIAN_POINT('',(171.,-36.143593539449,0.533333333333333));
#17924=CARTESIAN_POINT('Origin',(169.5,-38.7416697508023,0.533333333333333));
#17925=CARTESIAN_POINT('Origin',(171.966666666667,-38.7416697508023,0.533333333333333));
#17926=CARTESIAN_POINT('Origin',(170.733333333333,-36.6054737548007,0.533333333333333));
#17927=CARTESIAN_POINT('Origin',(171.966666666667,-56.4951905283833,0.533333333333333));
#17928=CARTESIAN_POINT('',(172.5,-56.4951905283833,0.533333333333333));
#17929=CARTESIAN_POINT('Origin',(150.,-27.4833395016046,0.533333333333307));
#17930=CARTESIAN_POINT('',(151.5,-24.8852632902513,0.533333333333333));
#17931=CARTESIAN_POINT('',(148.5,-24.8852632902513,0.533333333333333));
#17932=CARTESIAN_POINT('Origin',(150.,-27.4833395016046,0.533333333333333));
#17933=CARTESIAN_POINT('Origin',(151.233333333333,-25.347143505603,0.533333333333333));
#17934=CARTESIAN_POINT('Origin',(148.766666666667,-25.347143505603,0.533333333333333));
#17935=CARTESIAN_POINT('Origin',(144.108333333333,-21.2335228376269,0.533333333333333));
#17936=CARTESIAN_POINT('',(144.375,-20.7716426222752,0.533333333333333));
#17937=CARTESIAN_POINT('Origin',(122.141666666667,-40.7190944227768,0.533333333333333));
#17938=CARTESIAN_POINT('',(127.5,-37.0096189432334,0.533333333333333));
#17939=CARTESIAN_POINT('',(121.875,-40.2572142074251,0.533333333333333));
#17940=CARTESIAN_POINT('Origin',(127.642906235963,-37.5429522765668,0.533333333333333));
#17941=CARTESIAN_POINT('Origin',(150.,-27.4833395016046,0.));
#17942=CARTESIAN_POINT('',(151.5,-24.8852632902513,0.));
#17943=CARTESIAN_POINT('',(148.5,-24.8852632902513,0.));
#17944=CARTESIAN_POINT('Origin',(108.75,-37.5429522765668,0.533333333333333));
#17945=CARTESIAN_POINT('',(108.75,-37.0096189432334,0.533333333333333));
#17946=CARTESIAN_POINT('Origin',(169.5,-38.7416697508023,0.));
#17947=CARTESIAN_POINT('',(172.5,-38.7416697508023,0.));
#17948=CARTESIAN_POINT('',(171.,-36.143593539449,0.));
#17949=CARTESIAN_POINT('Origin',(112.5,-62.9903810567666,0.));
#17950=CARTESIAN_POINT('',(112.5,-62.9903810567666,1.75));
#17951=CARTESIAN_POINT('',(112.5,-62.9903810567666,1.75));
#17952=CARTESIAN_POINT('',(112.5,-62.9903810567666,0.));
#17953=CARTESIAN_POINT('Origin',(90.,-50.,1.75));
#17954=CARTESIAN_POINT('',(67.5,-62.9903810567666,1.75));
#17955=CARTESIAN_POINT('',(56.5358983848623,-56.,1.75));
#17956=CARTESIAN_POINT('',(53.0717967697245,-50.,1.75));
#17957=CARTESIAN_POINT('',(53.0717967697245,-50.,1.75));
#17958=CARTESIAN_POINT('',(56.5358983848622,-44.,1.75));
#17959=CARTESIAN_POINT('',(56.5358983848623,-44.,1.75));
#17960=CARTESIAN_POINT('',(63.4641016151377,-44.,1.75));
#17961=CARTESIAN_POINT('',(63.4641016151377,-44.,1.75));
#17962=CARTESIAN_POINT('',(66.9282032302755,-50.,1.75));
#17963=CARTESIAN_POINT('',(66.9282032302755,-50.,1.75));
#17964=CARTESIAN_POINT('',(63.4641016151377,-56.,1.75));
#17965=CARTESIAN_POINT('',(63.4641016151377,-56.,1.75));
#17966=CARTESIAN_POINT('',(56.5358983848623,-56.,1.75));
#17967=CARTESIAN_POINT('Origin',(112.5,-62.9903810567666,0.));
#17968=CARTESIAN_POINT('',(112.5,-62.9903810567666,0.));
#17969=CARTESIAN_POINT('',(112.5,-56.4951905283833,1.75));
#17970=CARTESIAN_POINT('Origin',(90.,-50.,1.75));
#17971=CARTESIAN_POINT('',(112.5,-37.0096189432334,1.75));
#17972=CARTESIAN_POINT('',(126.928203230275,-50.,1.75));
#17973=CARTESIAN_POINT('',(123.464101615138,-56.,1.75));
#17974=CARTESIAN_POINT('',(123.464101615138,-56.,1.75));
#17975=CARTESIAN_POINT('',(116.535898384862,-56.,1.75));
#17976=CARTESIAN_POINT('',(116.535898384862,-56.,1.75));
#17977=CARTESIAN_POINT('',(113.071796769725,-50.,1.75));
#17978=CARTESIAN_POINT('',(113.071796769725,-50.,1.75));
#17979=CARTESIAN_POINT('',(116.535898384862,-44.,1.75));
#17980=CARTESIAN_POINT('',(116.535898384862,-44.,1.75));
#17981=CARTESIAN_POINT('',(123.464101615138,-44.,1.75));
#17982=CARTESIAN_POINT('',(123.464101615138,-44.,1.75));
#17983=CARTESIAN_POINT('',(126.928203230275,-50.,1.75));
#17984=CARTESIAN_POINT('Origin',(63.4641016151377,-56.,0.));
#17985=CARTESIAN_POINT('',(56.5358983848623,-56.,0.));
#17986=CARTESIAN_POINT('',(63.4641016151377,-56.,0.));
#17987=CARTESIAN_POINT('Origin',(66.9282032302755,-50.,0.));
#17988=CARTESIAN_POINT('',(66.9282032302755,-50.,0.));
#17989=CARTESIAN_POINT('Origin',(63.4641016151377,-44.,0.));
#17990=CARTESIAN_POINT('',(63.4641016151377,-44.,0.));
#17991=CARTESIAN_POINT('Origin',(56.5358983848623,-44.,0.));
#17992=CARTESIAN_POINT('',(56.5358983848623,-44.,0.));
#17993=CARTESIAN_POINT('Origin',(53.0717967697245,-50.,0.));
#17994=CARTESIAN_POINT('',(53.0717967697245,-50.,0.));
#17995=CARTESIAN_POINT('Origin',(56.5358983848623,-56.,0.));
#17996=CARTESIAN_POINT('Origin',(30.,-67.3205080756888,0.));
#17997=CARTESIAN_POINT('',(30.,-67.3205080756888,0.));
#17998=CARTESIAN_POINT('Origin',(45.,-58.6602540378444,0.));
#17999=CARTESIAN_POINT('',(45.,-58.6602540378444,0.));
#18000=CARTESIAN_POINT('Origin',(45.,-41.3397459621556,0.));
#18001=CARTESIAN_POINT('Origin',(150.,-67.3205080756888,0.));
#18002=CARTESIAN_POINT('',(150.,-67.3205080756888,0.));
#18003=CARTESIAN_POINT('Origin',(165.,-58.6602540378444,0.));
#18004=CARTESIAN_POINT('',(165.,-58.6602540378444,0.));
#18005=CARTESIAN_POINT('Origin',(165.,-41.3397459621556,0.));
#18006=CARTESIAN_POINT('Origin',(123.464101615138,-44.,0.));
#18007=CARTESIAN_POINT('',(126.928203230275,-50.,0.));
#18008=CARTESIAN_POINT('',(123.464101615138,-44.,0.));
#18009=CARTESIAN_POINT('Origin',(116.535898384862,-44.,0.));
#18010=CARTESIAN_POINT('',(116.535898384862,-44.,0.));
#18011=CARTESIAN_POINT('Origin',(113.071796769725,-50.,0.));
#18012=CARTESIAN_POINT('',(113.071796769725,-50.,0.));
#18013=CARTESIAN_POINT('Origin',(116.535898384862,-56.,0.));
#18014=CARTESIAN_POINT('',(116.535898384862,-56.,0.));
#18015=CARTESIAN_POINT('Origin',(123.464101615138,-56.,0.));
#18016=CARTESIAN_POINT('',(123.464101615138,-56.,0.));
#18017=CARTESIAN_POINT('Origin',(126.928203230275,-50.,0.));
#18018=CARTESIAN_POINT('Origin',(90.,-67.3205080756888,0.));
#18019=CARTESIAN_POINT('',(90.,-67.3205080756888,0.));
#18020=CARTESIAN_POINT('Origin',(105.,-58.6602540378444,0.));
#18021=CARTESIAN_POINT('',(105.,-58.6602540378444,0.));
#18022=CARTESIAN_POINT('Origin',(105.,-41.3397459621556,0.));
#18023=CARTESIAN_POINT('Origin',(127.5,-37.0096189432334,0.));
#18024=CARTESIAN_POINT('',(127.5,-37.0096189432334,0.));
#18025=CARTESIAN_POINT('Origin',(150.,-24.0192378864669,0.));
#18026=CARTESIAN_POINT('Origin',(172.5,-37.0096189432334,0.));
#18027=CARTESIAN_POINT('Origin',(172.5,-62.9903810567666,0.));
#18028=CARTESIAN_POINT('Origin',(90.,-75.9807621135331,0.));
#18029=CARTESIAN_POINT('Origin',(52.5,-62.9903810567666,0.));
#18030=CARTESIAN_POINT('',(52.5,-62.9903810567666,0.));
#18031=CARTESIAN_POINT('Origin',(30.,-75.9807621135331,0.));
#18032=CARTESIAN_POINT('Origin',(7.5,-62.9903810567666,0.));
#18033=CARTESIAN_POINT('Origin',(7.50000000000002,-37.0096189432334,0.));
#18034=CARTESIAN_POINT('Origin',(44.6,-4.33012701892219,3.1));
#18035=CARTESIAN_POINT('',(44.2,9.1221342531961,3.5));
#18036=CARTESIAN_POINT('',(44.2,-9.12213425319608,3.5));
#18037=CARTESIAN_POINT('',(44.2,-4.33012701892218,3.5));
#18038=CARTESIAN_POINT('',(45.,-8.66025403784438,2.7));
#18039=CARTESIAN_POINT('',(44.2,-9.12213425319608,3.5));
#18040=CARTESIAN_POINT('',(45.,8.6602540378444,2.7));
#18041=CARTESIAN_POINT('',(45.,-4.33012701892219,2.7));
#18042=CARTESIAN_POINT('',(44.2,9.1221342531961,3.5));
#18043=CARTESIAN_POINT('Origin',(56.05,-15.5018547277415,3.1));
#18044=CARTESIAN_POINT('',(60.,-18.2442685063922,3.5));
#18045=CARTESIAN_POINT('',(55.85,-15.8482648892552,3.5));
#18046=CARTESIAN_POINT('',(60.,-17.3205080756888,2.7));
#18047=CARTESIAN_POINT('',(60.,-18.2442685063922,3.5));
#18048=CARTESIAN_POINT('',(56.25,-15.1554445662277,2.7));
#18049=CARTESIAN_POINT('Origin',(71.45,-11.1717277088193,3.1));
#18050=CARTESIAN_POINT('',(75.8,-9.1221342531961,3.5));
#18051=CARTESIAN_POINT('',(71.65,-11.518137870333,3.5));
#18052=CARTESIAN_POINT('',(75.,-8.6602540378444,2.7));
#18053=CARTESIAN_POINT('',(75.8,-9.1221342531961,3.5));
#18054=CARTESIAN_POINT('',(71.25,-10.8253175473055,2.7));
#18055=CARTESIAN_POINT('Origin',(75.4,4.33012701892219,3.1));
#18056=CARTESIAN_POINT('',(75.8,9.12213425319609,3.5));
#18057=CARTESIAN_POINT('',(75.8,4.33012701892219,3.5));
#18058=CARTESIAN_POINT('',(75.,8.66025403784439,2.7));
#18059=CARTESIAN_POINT('',(75.8,9.12213425319609,3.5));
#18060=CARTESIAN_POINT('',(75.,4.33012701892219,2.7));
#18061=CARTESIAN_POINT('Origin',(63.95,15.5018547277415,3.1));
#18062=CARTESIAN_POINT('',(60.,17.3205080756888,2.7));
#18063=CARTESIAN_POINT('',(63.75,15.1554445662277,2.7));
#18064=CARTESIAN_POINT('',(60.,18.2442685063922,3.5));
#18065=CARTESIAN_POINT('',(64.15,15.8482648892552,3.5));
#18066=CARTESIAN_POINT('',(60.,18.2442685063922,3.5));
#18067=CARTESIAN_POINT('Origin',(48.55,11.1717277088193,3.1));
#18068=CARTESIAN_POINT('',(48.75,10.8253175473055,2.7));
#18069=CARTESIAN_POINT('',(48.35,11.518137870333,3.5));
#18070=CARTESIAN_POINT('Origin',(60.,17.3205080756888,0.));
#18071=CARTESIAN_POINT('',(60.,17.3205080756888,0.));
#18072=CARTESIAN_POINT('',(60.,17.3205080756888,0.));
#18073=CARTESIAN_POINT('',(75.,8.66025403784439,0.));
#18074=CARTESIAN_POINT('',(75.,8.66025403784439,0.));
#18075=CARTESIAN_POINT('',(75.,8.66025403784439,0.));
#18076=CARTESIAN_POINT('Origin',(45.,8.6602540378444,0.));
#18077=CARTESIAN_POINT('',(45.,8.6602540378444,0.));
#18078=CARTESIAN_POINT('',(45.,8.6602540378444,0.));
#18079=CARTESIAN_POINT('',(60.,17.3205080756888,0.));
#18080=CARTESIAN_POINT('Origin',(45.,-8.66025403784438,0.));
#18081=CARTESIAN_POINT('',(45.,-8.66025403784438,0.));
#18082=CARTESIAN_POINT('',(45.,-8.66025403784438,0.));
#18083=CARTESIAN_POINT('',(45.,8.6602540378444,0.));
#18084=CARTESIAN_POINT('Origin',(60.,4.44089209850063E-15,3.5));
#18085=CARTESIAN_POINT('',(38.3,-12.5285008414149,3.5));
#18086=CARTESIAN_POINT('',(38.3,12.5285008414149,3.5));
#18087=CARTESIAN_POINT('',(38.3,6.4951905283833,3.5));
#18088=CARTESIAN_POINT('',(58.9,-24.4219163867212,3.5));
#18089=CARTESIAN_POINT('',(43.525,-15.5451559979307,3.5));
#18090=CARTESIAN_POINT('',(61.1,-24.4219163867212,3.5));
#18091=CARTESIAN_POINT('Origin',(60.,-22.5166604983954,3.5));
#18092=CARTESIAN_POINT('',(80.6,-13.1635861375235,3.5));
#18093=CARTESIAN_POINT('',(65.225,-22.0403465263139,3.5));
#18094=CARTESIAN_POINT('',(81.7,-11.2583302491977,3.5));
#18095=CARTESIAN_POINT('Origin',(79.5,-11.2583302491977,3.5));
#18096=CARTESIAN_POINT('',(81.7,11.2583302491977,3.5));
#18097=CARTESIAN_POINT('',(81.7,-6.4951905283833,3.5));
#18098=CARTESIAN_POINT('',(80.6,13.1635861375235,3.5));
#18099=CARTESIAN_POINT('Origin',(79.5,11.2583302491977,3.5));
#18100=CARTESIAN_POINT('',(61.1,24.4219163867212,3.5));
#18101=CARTESIAN_POINT('',(76.475,15.5451559979307,3.5));
#18102=CARTESIAN_POINT('',(58.9,24.4219163867212,3.5));
#18103=CARTESIAN_POINT('Origin',(60.,22.5166604983954,3.5));
#18104=CARTESIAN_POINT('',(54.775,22.040346526314,3.5));
#18105=CARTESIAN_POINT('Origin',(37.9,6.4951905283833,3.1));
#18106=CARTESIAN_POINT('',(37.5,12.9903810567666,2.7));
#18107=CARTESIAN_POINT('',(38.3,12.5285008414149,3.5));
#18108=CARTESIAN_POINT('',(37.5,-12.9903810567666,2.7));
#18109=CARTESIAN_POINT('',(37.5,6.4951905283833,2.7));
#18110=CARTESIAN_POINT('',(38.3,-12.5285008414149,3.5));
#18111=CARTESIAN_POINT('Origin',(43.325,-15.8915661594444,3.1));
#18112=CARTESIAN_POINT('',(58.5,-25.1147367097487,2.7));
#18113=CARTESIAN_POINT('',(43.125,-16.2379763209582,2.7));
#18114=CARTESIAN_POINT('',(58.5,-25.1147367097487,2.7));
#18115=CARTESIAN_POINT('Origin',(60.,-22.5166604983954,3.1));
#18116=CARTESIAN_POINT('',(61.5,-25.1147367097487,2.7));
#18117=CARTESIAN_POINT('Origin',(60.,-22.5166604983954,2.7));
#18118=CARTESIAN_POINT('',(61.5,-25.1147367097487,2.7));
#18119=CARTESIAN_POINT('Origin',(65.425,-22.3867566878277,3.1));
#18120=CARTESIAN_POINT('',(81.,-13.856406460551,2.7));
#18121=CARTESIAN_POINT('',(81.,-13.856406460551,2.7));
#18122=CARTESIAN_POINT('',(65.625,-22.7331668493415,2.7));
#18123=CARTESIAN_POINT('Origin',(79.5,-11.2583302491977,3.1));
#18124=CARTESIAN_POINT('',(82.5,-11.2583302491977,2.7));
#18125=CARTESIAN_POINT('Origin',(79.5,-11.2583302491977,2.7));
#18126=CARTESIAN_POINT('',(82.5,-11.2583302491977,2.7));
#18127=CARTESIAN_POINT('Origin',(82.1,-6.4951905283833,3.1));
#18128=CARTESIAN_POINT('',(82.5,11.2583302491977,2.7));
#18129=CARTESIAN_POINT('',(82.5,11.2583302491977,2.7));
#18130=CARTESIAN_POINT('',(82.5,-6.4951905283833,2.7));
#18131=CARTESIAN_POINT('Origin',(79.5,11.2583302491977,3.1));
#18132=CARTESIAN_POINT('',(81.,13.856406460551,2.7));
#18133=CARTESIAN_POINT('Origin',(79.5,11.2583302491977,2.7));
#18134=CARTESIAN_POINT('',(81.,13.856406460551,2.7));
#18135=CARTESIAN_POINT('Origin',(76.675,15.8915661594444,3.1));
#18136=CARTESIAN_POINT('',(61.5,25.1147367097487,2.7));
#18137=CARTESIAN_POINT('',(61.5,25.1147367097487,2.7));
#18138=CARTESIAN_POINT('',(76.875,16.2379763209582,2.7));
#18139=CARTESIAN_POINT('Origin',(60.,22.5166604983954,3.1));
#18140=CARTESIAN_POINT('',(58.5,25.1147367097487,2.7));
#18141=CARTESIAN_POINT('Origin',(60.,22.5166604983954,2.7));
#18142=CARTESIAN_POINT('',(58.5,25.1147367097487,2.7));
#18143=CARTESIAN_POINT('Origin',(54.575,22.3867566878277,3.1));
#18144=CARTESIAN_POINT('',(54.375,22.7331668493415,2.7));
#18145=CARTESIAN_POINT('Origin',(79.5,-11.2583302491977,0.));
#18146=CARTESIAN_POINT('',(81.,-13.856406460551,0.533333333333333));
#18147=CARTESIAN_POINT('',(81.,-13.856406460551,0.));
#18148=CARTESIAN_POINT('',(82.5,-11.2583302491977,0.533333333333333));
#18149=CARTESIAN_POINT('Origin',(79.5,-11.2583302491977,0.533333333333333));
#18150=CARTESIAN_POINT('',(82.5,-11.2583302491977,0.));
#18151=CARTESIAN_POINT('Origin',(60.,-25.9807621135331,0.));
#18152=CARTESIAN_POINT('',(61.5,-25.1147367097487,0.533333333333333));
#18153=CARTESIAN_POINT('',(61.5,-25.1147367097487,0.));
#18154=CARTESIAN_POINT('',(48.75,-32.4759526419164,0.533333333333333));
#18155=CARTESIAN_POINT('Origin',(60.,-22.5166604983954,0.));
#18156=CARTESIAN_POINT('',(58.5,-25.1147367097487,0.533333333333333));
#18157=CARTESIAN_POINT('',(58.5,-25.1147367097487,0.));
#18158=CARTESIAN_POINT('Origin',(60.,-22.5166604983954,0.533333333333333));
#18159=CARTESIAN_POINT('Origin',(37.5,-12.9903810567666,0.));
#18160=CARTESIAN_POINT('',(37.5,-12.9903810567666,1.75));
#18161=CARTESIAN_POINT('',(37.5,-12.9903810567666,0.));
#18162=CARTESIAN_POINT('',(37.5,-12.9903810567666,0.533333333333333));
#18163=CARTESIAN_POINT('',(37.5,-12.9903810567666,0.));
#18164=CARTESIAN_POINT('',(26.25,-6.49519052838327,0.533333333333333));
#18165=CARTESIAN_POINT('Origin',(37.5,12.9903810567666,0.));
#18166=CARTESIAN_POINT('',(37.5,12.9903810567666,1.75));
#18167=CARTESIAN_POINT('',(37.5,12.9903810567666,0.));
#18168=CARTESIAN_POINT('',(37.5,6.49519052838329,1.75));
#18169=CARTESIAN_POINT('Origin',(-22.1,6.4951905283833,3.1));
#18170=CARTESIAN_POINT('',(-21.7,-12.5285008414149,3.5));
#18171=CARTESIAN_POINT('',(-21.7,12.5285008414149,3.5));
#18172=CARTESIAN_POINT('',(-21.7,6.4951905283833,3.5));
#18173=CARTESIAN_POINT('',(-22.5,12.9903810567666,2.7));
#18174=CARTESIAN_POINT('',(-21.7,12.5285008414149,3.5));
#18175=CARTESIAN_POINT('',(-22.5,-12.9903810567666,2.7));
#18176=CARTESIAN_POINT('',(-22.5,6.4951905283833,2.7));
#18177=CARTESIAN_POINT('',(-21.7,-12.5285008414149,3.5));
#18178=CARTESIAN_POINT('Origin',(-5.42499999999999,22.3867566878277,3.1));
#18179=CARTESIAN_POINT('',(4.44089209850063E-15,25.0570016828298,3.5));
#18180=CARTESIAN_POINT('',(-5.22499999999999,22.040346526314,3.5));
#18181=CARTESIAN_POINT('',(6.66133814775094E-15,25.9807621135332,2.7));
#18182=CARTESIAN_POINT('',(4.44089209850063E-15,25.0570016828298,3.5));
#18183=CARTESIAN_POINT('',(-5.62499999999999,22.7331668493415,2.7));
#18184=CARTESIAN_POINT('Origin',(16.675,15.8915661594444,3.1));
#18185=CARTESIAN_POINT('',(21.7,12.5285008414149,3.5));
#18186=CARTESIAN_POINT('',(16.475,15.5451559979307,3.5));
#18187=CARTESIAN_POINT('',(22.5,12.9903810567666,2.7));
#18188=CARTESIAN_POINT('',(21.7,12.5285008414149,3.5));
#18189=CARTESIAN_POINT('',(16.875,16.2379763209582,2.7));
#18190=CARTESIAN_POINT('Origin',(22.1,-6.4951905283833,3.1));
#18191=CARTESIAN_POINT('',(21.7,-12.5285008414149,3.5));
#18192=CARTESIAN_POINT('',(21.7,-6.4951905283833,3.5));
#18193=CARTESIAN_POINT('',(22.5,-12.9903810567666,2.7));
#18194=CARTESIAN_POINT('',(21.7,-12.5285008414149,3.5));
#18195=CARTESIAN_POINT('',(22.5,-6.4951905283833,2.7));
#18196=CARTESIAN_POINT('Origin',(5.42499999999999,-22.3867566878277,3.1));
#18197=CARTESIAN_POINT('',(-1.33226762955019E-14,-25.9807621135332,2.7));
#18198=CARTESIAN_POINT('',(5.62499999999999,-22.7331668493415,2.7));
#18199=CARTESIAN_POINT('',(-8.88178419700125E-15,-25.0570016828297,3.5));
#18200=CARTESIAN_POINT('',(5.22499999999999,-22.040346526314,3.5));
#18201=CARTESIAN_POINT('',(-1.33226762955019E-14,-25.0570016828297,3.5));
#18202=CARTESIAN_POINT('Origin',(-16.675,-15.8915661594444,3.1));
#18203=CARTESIAN_POINT('',(-16.875,-16.2379763209582,2.7));
#18204=CARTESIAN_POINT('',(-16.475,-15.5451559979307,3.5));
#18205=CARTESIAN_POINT('Origin',(-1.33226762955019E-14,-25.9807621135332,
0.));
#18206=CARTESIAN_POINT('',(-1.11022302462516E-14,-25.9807621135332,1.75));
#18207=CARTESIAN_POINT('',(-1.33226762955019E-14,-25.9807621135332,0.));
#18208=CARTESIAN_POINT('',(-1.11022302462516E-14,-25.9807621135332,0.533333333333333));
#18209=CARTESIAN_POINT('',(-1.11022302462516E-14,-25.9807621135332,0.));
#18210=CARTESIAN_POINT('',(-0.92376043070341,-26.5140954468665,0.));
#18211=CARTESIAN_POINT('Origin',(-0.92376043070341,-26.5140954468665,0.533333333333333));
#18212=CARTESIAN_POINT('',(23.4237604307034,-12.4570477234333,0.));
#18213=CARTESIAN_POINT('',(-1.33226762955019E-14,-25.9807621135332,0.));
#18214=CARTESIAN_POINT('',(22.5,-12.9903810567666,0.533333333333333));
#18215=CARTESIAN_POINT('Origin',(23.4237604307034,-12.4570477234333,0.533333333333333));
#18216=CARTESIAN_POINT('',(22.5,-12.9903810567666,1.75));
#18217=CARTESIAN_POINT('',(22.5,-12.9903810567666,0.));
#18218=CARTESIAN_POINT('',(22.5,-12.9903810567666,0.));
#18219=CARTESIAN_POINT('Origin',(-22.5,-12.9903810567666,0.));
#18220=CARTESIAN_POINT('',(-22.5,-12.9903810567665,1.75));
#18221=CARTESIAN_POINT('',(-22.5,-12.9903810567666,0.));
#18222=CARTESIAN_POINT('',(-11.25,-19.4855715851499,1.75));
#18223=CARTESIAN_POINT('Origin',(-22.5,12.9903810567666,0.));
#18224=CARTESIAN_POINT('',(-22.5,12.9903810567666,1.75));
#18225=CARTESIAN_POINT('',(-22.5,12.9903810567666,0.));
#18226=CARTESIAN_POINT('',(-22.5,12.9903810567666,0.533333333333333));
#18227=CARTESIAN_POINT('',(-22.5,12.9903810567666,0.));
#18228=CARTESIAN_POINT('',(-22.5,14.0570477234333,0.));
#18229=CARTESIAN_POINT('Origin',(-22.5,14.0570477234333,0.533333333333333));
#18230=CARTESIAN_POINT('',(-22.5,-14.0570477234332,0.));
#18231=CARTESIAN_POINT('',(-22.5,12.9903810567666,0.));
#18232=CARTESIAN_POINT('',(-22.5,-12.9903810567665,0.533333333333333));
#18233=CARTESIAN_POINT('Origin',(-22.5,-14.0570477234332,0.533333333333333));
#18234=CARTESIAN_POINT('',(-22.5,-12.9903810567665,0.));
#18235=CARTESIAN_POINT('Origin',(0.,4.44089209850063E-15,3.5));
#18236=CARTESIAN_POINT('',(-15.8,9.12213425319609,3.5));
#18237=CARTESIAN_POINT('',(-15.8,-9.12213425319608,3.5));
#18238=CARTESIAN_POINT('',(-15.8,-4.33012701892219,3.5));
#18239=CARTESIAN_POINT('',(2.22044604925031E-15,18.2442685063922,3.5));
#18240=CARTESIAN_POINT('',(-11.65,11.518137870333,3.5));
#18241=CARTESIAN_POINT('',(15.8,9.12213425319609,3.5));
#18242=CARTESIAN_POINT('',(4.15,15.8482648892552,3.5));
#18243=CARTESIAN_POINT('',(15.8,-9.12213425319609,3.5));
#18244=CARTESIAN_POINT('',(15.8,4.3301270189222,3.5));
#18245=CARTESIAN_POINT('',(-1.99840144432528E-14,-18.2442685063922,3.5));
#18246=CARTESIAN_POINT('',(11.65,-11.518137870333,3.5));
#18247=CARTESIAN_POINT('',(-4.15000000000002,-15.8482648892552,3.5));
#18248=CARTESIAN_POINT('Origin',(-15.4,-4.33012701892219,3.1));
#18249=CARTESIAN_POINT('',(-15.,-8.66025403784439,2.7));
#18250=CARTESIAN_POINT('',(-15.8,-9.12213425319608,3.5));
#18251=CARTESIAN_POINT('',(-15.,8.66025403784438,2.7));
#18252=CARTESIAN_POINT('',(-15.,-4.33012701892219,2.7));
#18253=CARTESIAN_POINT('',(-15.8,9.12213425319609,3.5));
#18254=CARTESIAN_POINT('Origin',(-3.95000000000002,-15.5018547277415,3.1));
#18255=CARTESIAN_POINT('',(-1.92296268638356E-14,-17.3205080756888,2.7));
#18256=CARTESIAN_POINT('',(-1.99840144432528E-14,-18.2442685063922,3.5));
#18257=CARTESIAN_POINT('',(-3.75000000000002,-15.1554445662277,2.7));
#18258=CARTESIAN_POINT('Origin',(11.45,-11.1717277088193,3.1));
#18259=CARTESIAN_POINT('',(15.,-8.66025403784439,2.7));
#18260=CARTESIAN_POINT('',(15.8,-9.12213425319609,3.5));
#18261=CARTESIAN_POINT('',(11.25,-10.8253175473055,2.7));
#18262=CARTESIAN_POINT('Origin',(15.4,4.3301270189222,3.1));
#18263=CARTESIAN_POINT('',(15.,8.66025403784439,2.7));
#18264=CARTESIAN_POINT('',(15.8,9.12213425319609,3.5));
#18265=CARTESIAN_POINT('',(15.,4.3301270189222,2.7));
#18266=CARTESIAN_POINT('Origin',(3.95,15.5018547277415,3.1));
#18267=CARTESIAN_POINT('',(3.84592537276713E-15,17.3205080756888,2.7));
#18268=CARTESIAN_POINT('',(3.75,15.1554445662277,2.7));
#18269=CARTESIAN_POINT('',(2.22044604925031E-15,18.2442685063922,3.5));
#18270=CARTESIAN_POINT('Origin',(-11.45,11.1717277088193,3.1));
#18271=CARTESIAN_POINT('',(-11.25,10.8253175473055,2.7));
#18272=CARTESIAN_POINT('Origin',(4.44089209850063E-15,17.3205080756888,
0.));
#18273=CARTESIAN_POINT('',(3.84592537276713E-15,17.3205080756888,0.));
#18274=CARTESIAN_POINT('',(3.84592537276713E-15,17.3205080756888,0.));
#18275=CARTESIAN_POINT('',(15.,8.66025403784439,0.));
#18276=CARTESIAN_POINT('',(15.,8.66025403784439,0.));
#18277=CARTESIAN_POINT('',(15.,8.66025403784439,0.));
#18278=CARTESIAN_POINT('Origin',(-15.,8.66025403784438,0.));
#18279=CARTESIAN_POINT('',(-15.,8.66025403784438,0.));
#18280=CARTESIAN_POINT('',(-15.,8.66025403784438,0.));
#18281=CARTESIAN_POINT('',(3.84592537276713E-15,17.3205080756888,0.));
#18282=CARTESIAN_POINT('Origin',(-15.,-8.66025403784439,0.));
#18283=CARTESIAN_POINT('',(-15.,-8.66025403784439,0.));
#18284=CARTESIAN_POINT('',(-15.,-8.66025403784439,0.));
#18285=CARTESIAN_POINT('',(-15.,8.66025403784438,0.));
#18286=CARTESIAN_POINT('Origin',(-33.95,-67.4633789548078,3.1));
#18287=CARTESIAN_POINT('',(-45.8,-61.0836584802624,3.5));
#18288=CARTESIAN_POINT('',(-30.,-70.2057927334585,3.5));
#18289=CARTESIAN_POINT('',(-34.15,-67.8097891163215,3.5));
#18290=CARTESIAN_POINT('',(-30.,-69.2820323027551,2.7));
#18291=CARTESIAN_POINT('',(-30.,-70.2057927334585,3.5));
#18292=CARTESIAN_POINT('',(-45.,-60.6217782649107,2.7));
#18293=CARTESIAN_POINT('',(-33.75,-67.116968793294,2.7));
#18294=CARTESIAN_POINT('',(-45.8,-61.0836584802624,3.5));
#18295=CARTESIAN_POINT('Origin',(-18.55,-63.1332519358856,3.1));
#18296=CARTESIAN_POINT('',(-14.2,-61.0836584802624,3.5));
#18297=CARTESIAN_POINT('',(-18.35,-63.4796620973994,3.5));
#18298=CARTESIAN_POINT('',(-15.,-60.6217782649107,2.7));
#18299=CARTESIAN_POINT('',(-14.2,-61.0836584802624,3.5));
#18300=CARTESIAN_POINT('',(-18.75,-62.7868417743718,2.7));
#18301=CARTESIAN_POINT('Origin',(-14.6,-47.6313972081441,3.1));
#18302=CARTESIAN_POINT('',(-14.2,-42.8393899738702,3.5));
#18303=CARTESIAN_POINT('',(-14.2,-47.6313972081441,3.5));
#18304=CARTESIAN_POINT('',(-15.,-43.3012701892219,2.7));
#18305=CARTESIAN_POINT('',(-14.2,-42.8393899738702,3.5));
#18306=CARTESIAN_POINT('',(-15.,-47.6313972081441,2.7));
#18307=CARTESIAN_POINT('Origin',(-26.05,-36.4596694993249,3.1));
#18308=CARTESIAN_POINT('',(-30.,-33.7172557206741,3.5));
#18309=CARTESIAN_POINT('',(-25.85,-36.1132593378111,3.5));
#18310=CARTESIAN_POINT('',(-30.,-34.6410161513775,2.7));
#18311=CARTESIAN_POINT('',(-30.,-33.7172557206741,3.5));
#18312=CARTESIAN_POINT('',(-26.25,-36.8060796608386,2.7));
#18313=CARTESIAN_POINT('Origin',(-41.45,-40.789796518247,3.1));
#18314=CARTESIAN_POINT('',(-45.,-43.3012701892219,2.7));
#18315=CARTESIAN_POINT('',(-41.25,-41.1362066797608,2.7));
#18316=CARTESIAN_POINT('',(-45.8,-42.8393899738702,3.5));
#18317=CARTESIAN_POINT('',(-41.65,-40.4433863567333,3.5));
#18318=CARTESIAN_POINT('',(-45.8,-42.8393899738702,3.5));
#18319=CARTESIAN_POINT('Origin',(-45.4,-56.2916512459885,3.1));
#18320=CARTESIAN_POINT('',(-45.,-56.2916512459885,2.7));
#18321=CARTESIAN_POINT('',(-45.8,-56.2916512459885,3.5));
#18322=CARTESIAN_POINT('Origin',(-45.,-43.3012701892219,0.));
#18323=CARTESIAN_POINT('',(-45.,-43.3012701892219,0.));
#18324=CARTESIAN_POINT('',(-45.,-43.3012701892219,0.));
#18325=CARTESIAN_POINT('',(-30.,-34.6410161513775,0.));
#18326=CARTESIAN_POINT('',(-30.,-34.6410161513775,0.));
#18327=CARTESIAN_POINT('',(-30.,-34.6410161513775,0.));
#18328=CARTESIAN_POINT('Origin',(-45.,-60.6217782649107,0.));
#18329=CARTESIAN_POINT('',(-45.,-60.6217782649107,0.));
#18330=CARTESIAN_POINT('',(-45.,-60.6217782649107,0.));
#18331=CARTESIAN_POINT('',(-45.,-43.3012701892219,0.));
#18332=CARTESIAN_POINT('Origin',(-30.,-69.2820323027551,0.));
#18333=CARTESIAN_POINT('',(-30.,-69.2820323027551,0.));
#18334=CARTESIAN_POINT('',(-30.,-69.2820323027551,0.));
#18335=CARTESIAN_POINT('',(-45.,-60.6217782649107,0.));
#18336=CARTESIAN_POINT('Origin',(-30.,-51.9615242270663,3.5));
#18337=CARTESIAN_POINT('',(-30.,-26.9045225442366,3.5));
#18338=CARTESIAN_POINT('',(-8.30000000000002,-39.4330233856515,3.5));
#18339=CARTESIAN_POINT('',(-13.525,-36.4163682291357,3.5));
#18340=CARTESIAN_POINT('',(-50.6,-38.7979380895428,3.5));
#18341=CARTESIAN_POINT('',(-35.225,-29.9211777007524,3.5));
#18342=CARTESIAN_POINT('',(-51.7,-40.7031939778686,3.5));
#18343=CARTESIAN_POINT('Origin',(-49.5,-40.7031939778686,3.5));
#18344=CARTESIAN_POINT('',(-51.7,-63.219854476264,3.5));
#18345=CARTESIAN_POINT('',(-51.7,-45.466333698683,3.5));
#18346=CARTESIAN_POINT('',(-50.6,-65.1251103645897,3.5));
#18347=CARTESIAN_POINT('Origin',(-49.5,-63.219854476264,3.5));
#18348=CARTESIAN_POINT('',(-31.1,-76.3834406137875,3.5));
#18349=CARTESIAN_POINT('',(-46.475,-67.506680224997,3.5));
#18350=CARTESIAN_POINT('',(-28.9,-76.3834406137875,3.5));
#18351=CARTESIAN_POINT('Origin',(-30.,-74.4781847254617,3.5));
#18352=CARTESIAN_POINT('',(-9.40000000000004,-65.1251103645898,3.5));
#18353=CARTESIAN_POINT('',(-24.775,-74.0018707533803,3.5));
#18354=CARTESIAN_POINT('',(-8.30000000000004,-63.219854476264,3.5));
#18355=CARTESIAN_POINT('Origin',(-10.5,-63.219854476264,3.5));
#18356=CARTESIAN_POINT('',(-8.30000000000003,-58.4567147554496,3.5));
#18357=CARTESIAN_POINT('Origin',(-13.325,-36.0699580676219,3.1));
#18358=CARTESIAN_POINT('',(-7.50000000000002,-38.9711431702998,2.7));
#18359=CARTESIAN_POINT('',(-8.30000000000002,-39.4330233856515,3.5));
#18360=CARTESIAN_POINT('',(-30.,-25.9807621135332,2.7));
#18361=CARTESIAN_POINT('',(-13.125,-35.7235479061081,2.7));
#18362=CARTESIAN_POINT('',(-30.,-26.9045225442366,3.5));
#18363=CARTESIAN_POINT('Origin',(-35.425,-29.5747675392386,3.1));
#18364=CARTESIAN_POINT('',(-51.,-38.1051177665153,2.7));
#18365=CARTESIAN_POINT('',(-35.625,-29.2283573777248,2.7));
#18366=CARTESIAN_POINT('',(-51.,-38.1051177665153,2.7));
#18367=CARTESIAN_POINT('Origin',(-49.5,-40.7031939778686,3.1));
#18368=CARTESIAN_POINT('',(-52.5,-40.7031939778686,2.7));
#18369=CARTESIAN_POINT('Origin',(-49.5,-40.7031939778686,2.7));
#18370=CARTESIAN_POINT('',(-52.5,-40.7031939778686,2.7));
#18371=CARTESIAN_POINT('Origin',(-52.1,-45.466333698683,3.1));
#18372=CARTESIAN_POINT('',(-52.5,-63.219854476264,2.7));
#18373=CARTESIAN_POINT('',(-52.5,-63.219854476264,2.7));
#18374=CARTESIAN_POINT('',(-52.5,-45.466333698683,2.7));
#18375=CARTESIAN_POINT('Origin',(-49.5,-63.219854476264,3.1));
#18376=CARTESIAN_POINT('',(-51.,-65.8179306876173,2.7));
#18377=CARTESIAN_POINT('Origin',(-49.5,-63.219854476264,2.7));
#18378=CARTESIAN_POINT('',(-51.,-65.8179306876173,2.7));
#18379=CARTESIAN_POINT('Origin',(-46.675,-67.8530903865107,3.1));
#18380=CARTESIAN_POINT('',(-31.5,-77.076260936815,2.7));
#18381=CARTESIAN_POINT('',(-31.5,-77.076260936815,2.7));
#18382=CARTESIAN_POINT('',(-46.875,-68.1995005480245,2.7));
#18383=CARTESIAN_POINT('Origin',(-30.,-74.4781847254617,3.1));
#18384=CARTESIAN_POINT('',(-28.5,-77.076260936815,2.7));
#18385=CARTESIAN_POINT('Origin',(-30.,-74.4781847254617,2.7));
#18386=CARTESIAN_POINT('',(-28.5,-77.076260936815,2.7));
#18387=CARTESIAN_POINT('Origin',(-24.575,-74.348280914894,3.1));
#18388=CARTESIAN_POINT('',(-9.00000000000004,-65.8179306876173,2.7));
#18389=CARTESIAN_POINT('',(-9.00000000000004,-65.8179306876173,2.7));
#18390=CARTESIAN_POINT('',(-24.375,-74.6946910764078,2.7));
#18391=CARTESIAN_POINT('Origin',(-10.5,-63.219854476264,3.1));
#18392=CARTESIAN_POINT('',(-7.50000000000004,-63.219854476264,2.7));
#18393=CARTESIAN_POINT('Origin',(-10.5,-63.219854476264,2.7));
#18394=CARTESIAN_POINT('',(-7.50000000000004,-63.219854476264,2.7));
#18395=CARTESIAN_POINT('Origin',(-7.90000000000003,-58.4567147554496,3.1));
#18396=CARTESIAN_POINT('',(-7.50000000000004,-58.4567147554496,2.7));
#18397=CARTESIAN_POINT('Origin',(-49.5,-63.219854476264,0.));
#18398=CARTESIAN_POINT('',(-52.5,-63.219854476264,0.533333333333333));
#18399=CARTESIAN_POINT('',(-52.5,-63.219854476264,0.));
#18400=CARTESIAN_POINT('',(-51.,-65.8179306876173,0.533333333333333));
#18401=CARTESIAN_POINT('Origin',(-49.5,-63.219854476264,0.533333333333333));
#18402=CARTESIAN_POINT('',(-51.,-65.8179306876173,0.));
#18403=CARTESIAN_POINT('Origin',(-52.5,-38.9711431702997,0.));
#18404=CARTESIAN_POINT('',(-52.5,-40.7031939778686,0.533333333333333));
#18405=CARTESIAN_POINT('',(-52.5,-40.7031939778686,0.));
#18406=CARTESIAN_POINT('',(-52.5,-19.4855715851498,0.533333333333333));
#18407=CARTESIAN_POINT('Origin',(-49.5,-40.7031939778686,0.));
#18408=CARTESIAN_POINT('',(-51.,-38.1051177665153,0.533333333333333));
#18409=CARTESIAN_POINT('',(-51.,-38.1051177665153,0.));
#18410=CARTESIAN_POINT('Origin',(-49.5,-40.7031939778686,0.533333333333333));
#18411=CARTESIAN_POINT('Origin',(-30.,-25.9807621135332,0.));
#18412=CARTESIAN_POINT('',(-30.,-25.9807621135332,1.75));
#18413=CARTESIAN_POINT('',(-30.,-25.9807621135332,0.));
#18414=CARTESIAN_POINT('',(-30.,-25.9807621135332,0.533333333333333));
#18415=CARTESIAN_POINT('',(-30.,-25.9807621135332,0.));
#18416=CARTESIAN_POINT('',(-7.49999999999999,-12.9903810567666,0.533333333333333));
#18417=CARTESIAN_POINT('Origin',(-7.50000000000002,-38.9711431702998,0.));
#18418=CARTESIAN_POINT('',(-7.50000000000002,-38.9711431702998,1.75));
#18419=CARTESIAN_POINT('',(-7.50000000000002,-38.9711431702998,0.));
#18420=CARTESIAN_POINT('',(-7.50000000000004,-38.9711431702997,1.75));
#18421=CARTESIAN_POINT('Origin',(-41.45,63.1332519358856,3.1));
#18422=CARTESIAN_POINT('',(-30.,70.2057927334585,3.5));
#18423=CARTESIAN_POINT('',(-45.8,61.0836584802624,3.5));
#18424=CARTESIAN_POINT('',(-41.65,63.4796620973994,3.5));
#18425=CARTESIAN_POINT('',(-45.,60.6217782649107,2.7));
#18426=CARTESIAN_POINT('',(-45.8,61.0836584802624,3.5));
#18427=CARTESIAN_POINT('',(-30.,69.2820323027551,2.7));
#18428=CARTESIAN_POINT('',(-41.25,62.7868417743718,2.7));
#18429=CARTESIAN_POINT('',(-30.,70.2057927334585,3.5));
#18430=CARTESIAN_POINT('Origin',(-45.4,47.6313972081442,3.1));
#18431=CARTESIAN_POINT('',(-45.8,42.8393899738703,3.5));
#18432=CARTESIAN_POINT('',(-45.8,47.6313972081442,3.5));
#18433=CARTESIAN_POINT('',(-45.,43.301270189222,2.7));
#18434=CARTESIAN_POINT('',(-45.8,42.8393899738703,3.5));
#18435=CARTESIAN_POINT('',(-45.,47.6313972081442,2.7));
#18436=CARTESIAN_POINT('Origin',(-33.95,36.4596694993249,3.1));
#18437=CARTESIAN_POINT('',(-30.,33.7172557206742,3.5));
#18438=CARTESIAN_POINT('',(-34.15,36.1132593378111,3.5));
#18439=CARTESIAN_POINT('',(-30.,34.6410161513776,2.7));
#18440=CARTESIAN_POINT('',(-30.,33.7172557206742,3.5));
#18441=CARTESIAN_POINT('',(-33.75,36.8060796608387,2.7));
#18442=CARTESIAN_POINT('Origin',(-18.55,40.7897965182471,3.1));
#18443=CARTESIAN_POINT('',(-14.2,42.8393899738702,3.5));
#18444=CARTESIAN_POINT('',(-18.35,40.4433863567333,3.5));
#18445=CARTESIAN_POINT('',(-15.,43.3012701892219,2.7));
#18446=CARTESIAN_POINT('',(-14.2,42.8393899738702,3.5));
#18447=CARTESIAN_POINT('',(-18.75,41.1362066797608,2.7));
#18448=CARTESIAN_POINT('Origin',(-14.6,56.2916512459885,3.1));
#18449=CARTESIAN_POINT('',(-15.,60.6217782649107,2.7));
#18450=CARTESIAN_POINT('',(-15.,56.2916512459885,2.7));
#18451=CARTESIAN_POINT('',(-14.2,61.0836584802624,3.5));
#18452=CARTESIAN_POINT('',(-14.2,56.2916512459885,3.5));
#18453=CARTESIAN_POINT('',(-14.2,61.0836584802624,3.5));
#18454=CARTESIAN_POINT('Origin',(-26.05,67.4633789548078,3.1));
#18455=CARTESIAN_POINT('',(-26.25,67.116968793294,2.7));
#18456=CARTESIAN_POINT('',(-25.85,67.8097891163216,3.5));
#18457=CARTESIAN_POINT('Origin',(-15.,60.6217782649107,0.));
#18458=CARTESIAN_POINT('',(-15.,60.6217782649107,0.));
#18459=CARTESIAN_POINT('',(-15.,60.6217782649107,0.));
#18460=CARTESIAN_POINT('',(-15.,43.3012701892219,0.));
#18461=CARTESIAN_POINT('',(-15.,43.3012701892219,0.));
#18462=CARTESIAN_POINT('',(-15.,43.3012701892219,0.));
#18463=CARTESIAN_POINT('Origin',(-30.,69.2820323027551,0.));
#18464=CARTESIAN_POINT('',(-30.,69.2820323027551,0.));
#18465=CARTESIAN_POINT('',(-30.,69.2820323027551,0.));
#18466=CARTESIAN_POINT('',(-15.,60.6217782649107,0.));
#18467=CARTESIAN_POINT('Origin',(-45.,60.6217782649107,0.));
#18468=CARTESIAN_POINT('',(-45.,60.6217782649107,0.));
#18469=CARTESIAN_POINT('',(-45.,60.6217782649107,0.));
#18470=CARTESIAN_POINT('',(-30.,69.2820323027551,0.));
#18471=CARTESIAN_POINT('Origin',(-30.,51.9615242270663,3.5));
#18472=CARTESIAN_POINT('',(-8.30000000000001,39.4330233856515,3.5));
#18473=CARTESIAN_POINT('',(-30.,26.9045225442366,3.5));
#18474=CARTESIAN_POINT('',(-24.775,29.9211777007524,3.5));
#18475=CARTESIAN_POINT('',(-8.3,63.219854476264,3.5));
#18476=CARTESIAN_POINT('',(-8.30000000000001,45.466333698683,3.5));
#18477=CARTESIAN_POINT('',(-9.4,65.1251103645898,3.5));
#18478=CARTESIAN_POINT('Origin',(-10.5,63.219854476264,3.5));
#18479=CARTESIAN_POINT('',(-28.9,76.3834406137875,3.5));
#18480=CARTESIAN_POINT('',(-13.525,67.506680224997,3.5));
#18481=CARTESIAN_POINT('',(-31.1,76.3834406137875,3.5));
#18482=CARTESIAN_POINT('Origin',(-30.,74.4781847254617,3.5));
#18483=CARTESIAN_POINT('',(-50.6,65.1251103645898,3.5));
#18484=CARTESIAN_POINT('',(-35.225,74.0018707533803,3.5));
#18485=CARTESIAN_POINT('',(-51.7,63.219854476264,3.5));
#18486=CARTESIAN_POINT('Origin',(-49.5,63.219854476264,3.5));
#18487=CARTESIAN_POINT('',(-51.7,40.7031939778687,3.5));
#18488=CARTESIAN_POINT('',(-51.7,58.4567147554496,3.5));
#18489=CARTESIAN_POINT('',(-50.6,38.7979380895429,3.5));
#18490=CARTESIAN_POINT('Origin',(-49.5,40.7031939778687,3.5));
#18491=CARTESIAN_POINT('',(-46.475,36.4163682291357,3.5));
#18492=CARTESIAN_POINT('Origin',(-24.575,29.5747675392386,3.1));
#18493=CARTESIAN_POINT('',(-30.,25.9807621135332,2.7));
#18494=CARTESIAN_POINT('',(-30.,26.9045225442366,3.5));
#18495=CARTESIAN_POINT('',(-7.50000000000001,38.9711431702997,2.7));
#18496=CARTESIAN_POINT('',(-24.375,29.2283573777248,2.7));
#18497=CARTESIAN_POINT('',(-8.30000000000001,39.4330233856515,3.5));
#18498=CARTESIAN_POINT('Origin',(-7.90000000000001,45.466333698683,3.1));
#18499=CARTESIAN_POINT('',(-7.5,63.219854476264,2.7));
#18500=CARTESIAN_POINT('',(-7.50000000000001,45.466333698683,2.7));
#18501=CARTESIAN_POINT('',(-7.5,63.219854476264,2.7));
#18502=CARTESIAN_POINT('Origin',(-10.5,63.219854476264,3.1));
#18503=CARTESIAN_POINT('',(-8.99999999999999,65.8179306876173,2.7));
#18504=CARTESIAN_POINT('Origin',(-10.5,63.219854476264,2.7));
#18505=CARTESIAN_POINT('',(-8.99999999999999,65.8179306876173,2.7));
#18506=CARTESIAN_POINT('Origin',(-13.325,67.8530903865108,3.1));
#18507=CARTESIAN_POINT('',(-28.5,77.076260936815,2.7));
#18508=CARTESIAN_POINT('',(-28.5,77.076260936815,2.7));
#18509=CARTESIAN_POINT('',(-13.125,68.1995005480245,2.7));
#18510=CARTESIAN_POINT('Origin',(-30.,74.4781847254617,3.1));
#18511=CARTESIAN_POINT('',(-31.5,77.076260936815,2.7));
#18512=CARTESIAN_POINT('Origin',(-30.,74.4781847254617,2.7));
#18513=CARTESIAN_POINT('',(-31.5,77.076260936815,2.7));
#18514=CARTESIAN_POINT('Origin',(-35.425,74.3482809148941,3.1));
#18515=CARTESIAN_POINT('',(-51.,65.8179306876173,2.7));
#18516=CARTESIAN_POINT('',(-51.,65.8179306876173,2.7));
#18517=CARTESIAN_POINT('',(-35.625,74.6946910764078,2.7));
#18518=CARTESIAN_POINT('Origin',(-49.5,63.219854476264,3.1));
#18519=CARTESIAN_POINT('',(-52.5,63.219854476264,2.7));
#18520=CARTESIAN_POINT('Origin',(-49.5,63.219854476264,2.7));
#18521=CARTESIAN_POINT('',(-52.5,63.219854476264,2.7));
#18522=CARTESIAN_POINT('Origin',(-52.1,58.4567147554496,3.1));
#18523=CARTESIAN_POINT('',(-52.5,40.7031939778687,2.7));
#18524=CARTESIAN_POINT('',(-52.5,40.7031939778687,2.7));
#18525=CARTESIAN_POINT('',(-52.5,58.4567147554496,2.7));
#18526=CARTESIAN_POINT('Origin',(-49.5,40.7031939778687,3.1));
#18527=CARTESIAN_POINT('',(-51.,38.1051177665153,2.7));
#18528=CARTESIAN_POINT('Origin',(-49.5,40.7031939778687,2.7));
#18529=CARTESIAN_POINT('',(-51.,38.1051177665153,2.7));
#18530=CARTESIAN_POINT('Origin',(-46.675,36.0699580676219,3.1));
#18531=CARTESIAN_POINT('',(-46.875,35.7235479061081,2.7));
#18532=CARTESIAN_POINT('Origin',(-30.,74.4781847254617,0.));
#18533=CARTESIAN_POINT('',(-28.5,77.076260936815,0.533333333333333));
#18534=CARTESIAN_POINT('',(-28.5,77.076260936815,0.));
#18535=CARTESIAN_POINT('',(-31.5,77.076260936815,0.533333333333333));
#18536=CARTESIAN_POINT('Origin',(-30.,74.4781847254617,0.533333333333333));
#18537=CARTESIAN_POINT('',(-31.5,77.076260936815,0.));
#18538=CARTESIAN_POINT('Origin',(-7.5,64.9519052838329,0.));
#18539=CARTESIAN_POINT('',(-8.99999999999999,65.8179306876173,0.533333333333333));
#18540=CARTESIAN_POINT('',(-8.99999999999999,65.8179306876173,0.));
#18541=CARTESIAN_POINT('',(15.,51.9615242270663,0.533333333333333));
#18542=CARTESIAN_POINT('Origin',(-10.5,63.219854476264,0.));
#18543=CARTESIAN_POINT('',(-7.5,63.219854476264,0.533333333333333));
#18544=CARTESIAN_POINT('',(-7.5,63.219854476264,0.));
#18545=CARTESIAN_POINT('Origin',(-10.5,63.219854476264,0.533333333333333));
#18546=CARTESIAN_POINT('Origin',(-7.50000000000001,38.9711431702997,0.));
#18547=CARTESIAN_POINT('',(-7.50000000000002,38.9711431702997,1.75));
#18548=CARTESIAN_POINT('',(-7.50000000000001,38.9711431702997,0.));
#18549=CARTESIAN_POINT('',(-7.50000000000001,38.9711431702997,0.533333333333333));
#18550=CARTESIAN_POINT('',(-7.50000000000001,38.9711431702997,0.));
#18551=CARTESIAN_POINT('',(-7.50000000000003,19.4855715851499,0.533333333333333));
#18552=CARTESIAN_POINT('Origin',(-30.,25.9807621135332,0.));
#18553=CARTESIAN_POINT('',(-30.,25.9807621135332,1.75));
#18554=CARTESIAN_POINT('',(-30.,25.9807621135332,0.));
#18555=CARTESIAN_POINT('',(-18.75,32.4759526419165,1.75));
#18556=CARTESIAN_POINT('Origin',(18.75,-12.4570477234333,0.533333333333333));
#18557=CARTESIAN_POINT('',(18.75,-12.9903810567666,0.533333333333333));
#18558=CARTESIAN_POINT('',(37.6429062359633,-12.4570477234332,0.));
#18559=CARTESIAN_POINT('',(18.75,-12.4570477234333,0.));
#18560=CARTESIAN_POINT('Origin',(37.6429062359633,-12.4570477234332,0.533333333333333));
#18561=CARTESIAN_POINT('Origin',(60.,-22.5166604983954,0.53333333333336));
#18562=CARTESIAN_POINT('',(58.7666666666667,-24.652856494397,0.));
#18563=CARTESIAN_POINT('Origin',(58.7666666666667,-24.652856494397,0.533333333333333));
#18564=CARTESIAN_POINT('',(61.2333333333333,-24.652856494397,0.));
#18565=CARTESIAN_POINT('Origin',(60.,-22.5166604983954,0.));
#18566=CARTESIAN_POINT('Origin',(61.2333333333333,-24.652856494397,0.533333333333333));
#18567=CARTESIAN_POINT('Origin',(26.5166666666667,-6.03331031303156,0.533333333333333));
#18568=CARTESIAN_POINT('',(26.5166666666667,-6.03331031303156,0.));
#18569=CARTESIAN_POINT('Origin',(79.5,-11.2583302491977,0.533333333333333));
#18570=CARTESIAN_POINT('',(80.7333333333333,-13.3945262451993,0.));
#18571=CARTESIAN_POINT('Origin',(80.7333333333333,-13.3945262451993,0.533333333333333));
#18572=CARTESIAN_POINT('',(81.9666666666667,-11.2583302491977,0.));
#18573=CARTESIAN_POINT('Origin',(79.5,-11.2583302491977,0.));
#18574=CARTESIAN_POINT('Origin',(81.9666666666667,-11.2583302491977,0.533333333333333));
#18575=CARTESIAN_POINT('Origin',(48.4833333333333,-32.0140724265647,0.533333333333333));
#18576=CARTESIAN_POINT('',(48.4833333333333,-32.0140724265647,0.));
#18577=CARTESIAN_POINT('Origin',(79.5,11.2583302491977,0.533333333333325));
#18578=CARTESIAN_POINT('',(82.5,11.2583302491977,0.533333333333333));
#18579=CARTESIAN_POINT('',(81.,13.856406460551,0.533333333333333));
#18580=CARTESIAN_POINT('Origin',(79.5,11.2583302491977,0.533333333333333));
#18581=CARTESIAN_POINT('',(81.9666666666667,11.2583302491977,0.));
#18582=CARTESIAN_POINT('Origin',(81.9666666666667,11.2583302491977,0.533333333333333));
#18583=CARTESIAN_POINT('',(80.7333333333333,13.3945262451993,0.));
#18584=CARTESIAN_POINT('Origin',(79.5,11.2583302491977,0.));
#18585=CARTESIAN_POINT('Origin',(80.7333333333333,13.3945262451993,0.533333333333333));
#18586=CARTESIAN_POINT('Origin',(81.9666666666667,-6.49519052838331,0.533333333333333));
#18587=CARTESIAN_POINT('',(82.5,-6.49519052838331,0.533333333333333));
#18588=CARTESIAN_POINT('',(81.9666666666667,-6.49519052838331,0.));
#18589=CARTESIAN_POINT('Origin',(60.,22.5166604983954,0.533333333333328));
#18590=CARTESIAN_POINT('',(61.5,25.1147367097487,0.533333333333333));
#18591=CARTESIAN_POINT('',(58.5,25.1147367097487,0.533333333333333));
#18592=CARTESIAN_POINT('Origin',(60.,22.5166604983954,0.533333333333333));
#18593=CARTESIAN_POINT('',(61.2333333333334,24.652856494397,0.));
#18594=CARTESIAN_POINT('Origin',(61.2333333333334,24.652856494397,0.533333333333333));
#18595=CARTESIAN_POINT('',(58.7666666666667,24.652856494397,0.));
#18596=CARTESIAN_POINT('Origin',(60.,22.5166604983954,0.));
#18597=CARTESIAN_POINT('Origin',(58.7666666666667,24.652856494397,0.533333333333333));
#18598=CARTESIAN_POINT('Origin',(59.7333333333333,25.5188818981815,0.533333333333333));
#18599=CARTESIAN_POINT('',(60.,25.9807621135332,0.533333333333333));
#18600=CARTESIAN_POINT('',(59.7333333333333,25.5188818981815,0.));
#18601=CARTESIAN_POINT('Origin',(37.7666666666667,12.5285008414149,0.533333333333333));
#18602=CARTESIAN_POINT('',(37.5,12.9903810567666,0.533333333333333));
#18603=CARTESIAN_POINT('',(37.5,12.9903810567666,0.533333333333333));
#18604=CARTESIAN_POINT('',(37.6429062359633,12.4570477234332,0.));
#18605=CARTESIAN_POINT('',(37.7666666666667,12.5285008414149,0.));
#18606=CARTESIAN_POINT('Origin',(37.6429062359633,12.4570477234332,0.533333333333333));
#18607=CARTESIAN_POINT('Origin',(60.,22.5166604983954,0.));
#18608=CARTESIAN_POINT('',(61.5,25.1147367097487,0.));
#18609=CARTESIAN_POINT('',(58.5,25.1147367097487,0.));
#18610=CARTESIAN_POINT('Origin',(79.5,11.2583302491977,0.));
#18611=CARTESIAN_POINT('',(82.5,11.2583302491977,0.));
#18612=CARTESIAN_POINT('',(81.,13.856406460551,0.));
#18613=CARTESIAN_POINT('Origin',(26.25,12.4570477234332,0.533333333333333));
#18614=CARTESIAN_POINT('',(23.4237604307034,12.4570477234332,0.));
#18615=CARTESIAN_POINT('',(26.25,12.4570477234332,0.));
#18616=CARTESIAN_POINT('',(22.5,12.9903810567666,0.533333333333333));
#18617=CARTESIAN_POINT('Origin',(23.4237604307034,12.4570477234332,0.533333333333333));
#18618=CARTESIAN_POINT('',(26.25,12.9903810567666,0.533333333333333));
#18619=CARTESIAN_POINT('Origin',(15.,8.88178419700125E-15,0.));
#18620=CARTESIAN_POINT('',(-0.923760430703376,26.5140954468665,0.));
#18621=CARTESIAN_POINT('',(22.5,12.9903810567666,0.));
#18622=CARTESIAN_POINT('',(-8.03333333333336,-38.8282369343365,0.));
#18623=CARTESIAN_POINT('',(3.28811978464828,-19.2189049184832,0.));
#18624=CARTESIAN_POINT('',(-8.03333333333337,-63.219854476264,0.));
#18625=CARTESIAN_POINT('',(-8.03333333333335,-32.4759526419164,0.));
#18626=CARTESIAN_POINT('',(-9.26666666666671,-65.3560504722657,0.));
#18627=CARTESIAN_POINT('Origin',(-10.5,-63.219854476264,0.));
#18628=CARTESIAN_POINT('',(-28.7666666666667,-76.6143807214633,0.));
#18629=CARTESIAN_POINT('',(3.48333333333331,-57.9948345400979,0.));
#18630=CARTESIAN_POINT('',(-31.2333333333334,-76.6143807214633,0.));
#18631=CARTESIAN_POINT('Origin',(-30.,-74.4781847254617,0.));
#18632=CARTESIAN_POINT('',(-50.7333333333334,-65.3560504722656,0.));
#18633=CARTESIAN_POINT('',(-40.9833333333334,-70.9852155968645,0.));
#18634=CARTESIAN_POINT('',(-51.9666666666667,-63.219854476264,0.));
#18635=CARTESIAN_POINT('Origin',(-49.5,-63.219854476264,0.));
#18636=CARTESIAN_POINT('',(-51.9666666666667,-40.7031939778686,0.));
#18637=CARTESIAN_POINT('',(-51.9666666666666,-19.4855715851498,0.));
#18638=CARTESIAN_POINT('',(-50.7333333333333,-38.566997981867,0.));
#18639=CARTESIAN_POINT('Origin',(-49.5,-40.7031939778686,0.));
#18640=CARTESIAN_POINT('',(-29.6095729026299,-26.3711892109032,0.));
#18641=CARTESIAN_POINT('',(-7.23333333333332,-13.4522612721183,0.));
#18642=CARTESIAN_POINT('',(-14.5381197846483,-0.26666666666665,0.));
#18643=CARTESIAN_POINT('',(-29.6095729026299,26.3711892109033,0.));
#18644=CARTESIAN_POINT('',(-18.2881197846483,6.76185719504998,0.));
#18645=CARTESIAN_POINT('',(-50.7333333333333,38.566997981867,0.));
#18646=CARTESIAN_POINT('',(-18.4833333333333,19.9474518005016,0.));
#18647=CARTESIAN_POINT('',(-51.9666666666667,40.7031939778687,0.));
#18648=CARTESIAN_POINT('Origin',(-49.5,40.7031939778687,0.));
#18649=CARTESIAN_POINT('',(-51.9666666666666,63.219854476264,0.));
#18650=CARTESIAN_POINT('',(-51.9666666666667,32.4759526419165,0.));
#18651=CARTESIAN_POINT('',(-50.7333333333333,65.3560504722657,0.));
#18652=CARTESIAN_POINT('Origin',(-49.5,63.219854476264,0.));
#18653=CARTESIAN_POINT('',(-31.2333333333333,76.6143807214633,0.));
#18654=CARTESIAN_POINT('',(-29.7333333333333,77.4804061252478,0.));
#18655=CARTESIAN_POINT('',(-28.7666666666667,76.6143807214634,0.));
#18656=CARTESIAN_POINT('Origin',(-30.,74.4781847254618,0.));
#18657=CARTESIAN_POINT('',(-9.26666666666667,65.3560504722657,0.));
#18658=CARTESIAN_POINT('',(14.7333333333333,51.4996440117146,0.));
#18659=CARTESIAN_POINT('',(-8.03333333333333,63.219854476264,0.));
#18660=CARTESIAN_POINT('Origin',(-10.5,63.219854476264,0.));
#18661=CARTESIAN_POINT('',(-8.03333333333335,38.8282369343365,0.));
#18662=CARTESIAN_POINT('',(-8.03333333333336,19.4855715851499,0.));
#18663=CARTESIAN_POINT('',(7.03811978464834,12.7237143900999,0.));
#18664=CARTESIAN_POINT('',(-21.9282032302755,25.9807621135332,0.));
#18665=CARTESIAN_POINT('',(-18.4641016151377,31.9807621135332,0.));
#18666=CARTESIAN_POINT('',(-18.4641016151377,31.9807621135332,0.));
#18667=CARTESIAN_POINT('',(-18.4641016151377,19.9807621135332,0.));
#18668=CARTESIAN_POINT('',(-21.9282032302755,25.9807621135332,0.));
#18669=CARTESIAN_POINT('',(-11.5358983848622,19.9807621135332,0.));
#18670=CARTESIAN_POINT('',(-18.4641016151377,19.9807621135332,0.));
#18671=CARTESIAN_POINT('',(-8.07179676972449,25.9807621135332,0.));
#18672=CARTESIAN_POINT('',(-11.5358983848622,19.9807621135332,0.));
#18673=CARTESIAN_POINT('',(-11.5358983848622,31.9807621135332,0.));
#18674=CARTESIAN_POINT('',(-8.07179676972449,25.9807621135332,0.));
#18675=CARTESIAN_POINT('',(-11.5358983848622,31.9807621135332,0.));
#18676=CARTESIAN_POINT('',(15.,-8.66025403784439,0.));
#18677=CARTESIAN_POINT('',(15.,-8.66025403784439,0.));
#18678=CARTESIAN_POINT('',(-1.92296268638356E-14,-17.3205080756888,0.));
#18679=CARTESIAN_POINT('',(-15.,-8.66025403784439,0.));
#18680=CARTESIAN_POINT('',(-1.92296268638356E-14,-17.3205080756888,0.));
#18681=CARTESIAN_POINT('',(36.9282032302755,5.55111512312578E-15,0.));
#18682=CARTESIAN_POINT('',(33.4641016151378,-6.,0.));
#18683=CARTESIAN_POINT('',(33.4641016151378,-6.,0.));
#18684=CARTESIAN_POINT('',(33.4641016151377,6.,0.));
#18685=CARTESIAN_POINT('',(36.9282032302755,5.82867087928207E-15,0.));
#18686=CARTESIAN_POINT('',(26.5358983848622,5.99999999999999,0.));
#18687=CARTESIAN_POINT('',(33.4641016151377,6.,0.));
#18688=CARTESIAN_POINT('',(23.0717967697245,-6.10622663543836E-15,0.));
#18689=CARTESIAN_POINT('',(26.5358983848622,5.99999999999999,0.));
#18690=CARTESIAN_POINT('',(26.5358983848623,-6.,0.));
#18691=CARTESIAN_POINT('',(23.0717967697245,-6.10622663543836E-15,0.));
#18692=CARTESIAN_POINT('',(26.5358983848623,-6.,0.));
#18693=CARTESIAN_POINT('',(-11.5358983848623,-31.9807621135332,0.));
#18694=CARTESIAN_POINT('',(-18.4641016151378,-31.9807621135332,0.));
#18695=CARTESIAN_POINT('',(-18.4641016151378,-31.9807621135332,0.));
#18696=CARTESIAN_POINT('',(-8.07179676972451,-25.9807621135332,0.));
#18697=CARTESIAN_POINT('',(-11.5358983848623,-31.9807621135332,0.));
#18698=CARTESIAN_POINT('',(-11.5358983848623,-19.9807621135332,0.));
#18699=CARTESIAN_POINT('',(-8.07179676972451,-25.9807621135332,0.));
#18700=CARTESIAN_POINT('',(-18.4641016151378,-19.9807621135332,0.));
#18701=CARTESIAN_POINT('',(-11.5358983848623,-19.9807621135332,0.));
#18702=CARTESIAN_POINT('',(-21.9282032302755,-25.9807621135332,0.));
#18703=CARTESIAN_POINT('',(-18.4641016151378,-19.9807621135332,0.));
#18704=CARTESIAN_POINT('',(-21.9282032302755,-25.9807621135332,0.));
#18705=CARTESIAN_POINT('',(75.,-8.6602540378444,0.));
#18706=CARTESIAN_POINT('',(75.,-8.6602540378444,0.));
#18707=CARTESIAN_POINT('',(60.,-17.3205080756888,0.));
#18708=CARTESIAN_POINT('',(45.,-8.66025403784438,0.));
#18709=CARTESIAN_POINT('',(60.,-17.3205080756888,0.));
#18710=CARTESIAN_POINT('',(-15.,-43.3012701892219,0.));
#18711=CARTESIAN_POINT('',(-15.,-43.3012701892219,0.));
#18712=CARTESIAN_POINT('',(-15.,-60.6217782649107,0.));
#18713=CARTESIAN_POINT('',(-30.,-69.2820323027551,0.));
#18714=CARTESIAN_POINT('',(-15.,-60.6217782649107,0.));
#18715=CARTESIAN_POINT('',(-30.,34.6410161513776,0.));
#18716=CARTESIAN_POINT('',(-30.,34.6410161513776,0.));
#18717=CARTESIAN_POINT('',(-45.,43.301270189222,0.));
#18718=CARTESIAN_POINT('',(-45.,60.6217782649107,0.));
#18719=CARTESIAN_POINT('',(-45.,43.301270189222,0.));
#18720=CARTESIAN_POINT('Origin',(22.5,-12.9903810567666,0.));
#18721=CARTESIAN_POINT('',(22.5,-12.9903810567666,1.75));
#18722=CARTESIAN_POINT('Origin',(7.03811978464834,12.7237143900999,0.533333333333333));
#18723=CARTESIAN_POINT('',(2.44249065417534E-14,25.9807621135332,0.533333333333333));
#18724=CARTESIAN_POINT('',(7.50000000000004,12.9903810567666,0.533333333333333));
#18725=CARTESIAN_POINT('Origin',(-0.923760430703375,26.5140954468665,0.533333333333333));
#18726=CARTESIAN_POINT('Origin',(-8.03333333333335,38.8282369343365,0.533333333333333));
#18727=CARTESIAN_POINT('Origin',(-10.5,63.219854476264,0.533333333333366));
#18728=CARTESIAN_POINT('Origin',(-8.03333333333333,63.219854476264,0.533333333333333));
#18729=CARTESIAN_POINT('Origin',(-9.26666666666666,65.3560504722656,0.533333333333333));
#18730=CARTESIAN_POINT('Origin',(-8.03333333333336,19.4855715851499,0.533333333333333));
#18731=CARTESIAN_POINT('Origin',(-30.0000000000001,74.4781847254619,0.533333333333333));
#18732=CARTESIAN_POINT('Origin',(-28.7666666666667,76.6143807214634,0.533333333333333));
#18733=CARTESIAN_POINT('Origin',(-31.2333333333333,76.6143807214633,0.533333333333333));
#18734=CARTESIAN_POINT('Origin',(14.7333333333333,51.4996440117146,0.533333333333333));
#18735=CARTESIAN_POINT('Origin',(-49.5,63.219854476264,0.533333333333333));
#18736=CARTESIAN_POINT('',(-51.,65.8179306876173,0.533333333333333));
#18737=CARTESIAN_POINT('',(-52.5,63.219854476264,0.533333333333333));
#18738=CARTESIAN_POINT('Origin',(-49.5,63.219854476264,0.533333333333333));
#18739=CARTESIAN_POINT('Origin',(-50.7333333333333,65.3560504722657,0.533333333333333));
#18740=CARTESIAN_POINT('Origin',(-51.9666666666666,63.219854476264,0.533333333333333));
#18741=CARTESIAN_POINT('Origin',(-29.7333333333333,77.4804061252478,0.533333333333333));
#18742=CARTESIAN_POINT('',(-30.,77.9422863405995,0.533333333333333));
#18743=CARTESIAN_POINT('Origin',(-49.5,40.7031939778687,0.533333333333301));
#18744=CARTESIAN_POINT('',(-52.5,40.7031939778687,0.533333333333333));
#18745=CARTESIAN_POINT('',(-51.,38.1051177665153,0.533333333333333));
#18746=CARTESIAN_POINT('Origin',(-49.5,40.7031939778687,0.533333333333333));
#18747=CARTESIAN_POINT('Origin',(-51.9666666666667,40.7031939778687,0.533333333333333));
#18748=CARTESIAN_POINT('Origin',(-50.7333333333333,38.566997981867,0.533333333333333));
#18749=CARTESIAN_POINT('Origin',(-51.9666666666667,32.4759526419165,0.533333333333333));
#18750=CARTESIAN_POINT('',(-52.5,32.4759526419165,0.533333333333333));
#18751=CARTESIAN_POINT('Origin',(-18.4833333333333,19.9474518005016,0.533333333333333));
#18752=CARTESIAN_POINT('',(-30.,25.9807621135332,0.533333333333333));
#18753=CARTESIAN_POINT('',(-18.75,19.4855715851499,0.533333333333333));
#18754=CARTESIAN_POINT('Origin',(-29.6095729026299,26.3711892109033,0.533333333333333));
#18755=CARTESIAN_POINT('Origin',(-49.5,40.7031939778687,0.));
#18756=CARTESIAN_POINT('',(-52.5,40.7031939778687,0.));
#18757=CARTESIAN_POINT('',(-51.,38.1051177665153,0.));
#18758=CARTESIAN_POINT('Origin',(-49.5,63.219854476264,0.));
#18759=CARTESIAN_POINT('',(-51.,65.8179306876173,0.));
#18760=CARTESIAN_POINT('',(-52.5,63.219854476264,0.));
#18761=CARTESIAN_POINT('Origin',(-18.2881197846483,6.76185719504998,0.533333333333333));
#18762=CARTESIAN_POINT('',(-18.75,6.49519052838331,0.533333333333333));
#18763=CARTESIAN_POINT('Origin',(2.44249065417534E-14,25.9807621135332,
0.));
#18764=CARTESIAN_POINT('',(2.44249065417534E-14,25.9807621135332,1.75));
#18765=CARTESIAN_POINT('',(2.44249065417534E-14,25.9807621135332,1.75));
#18766=CARTESIAN_POINT('',(2.44249065417534E-14,25.9807621135332,0.));
#18767=CARTESIAN_POINT('Origin',(-14.5381197846483,-0.26666666666665,0.533333333333333));
#18768=CARTESIAN_POINT('',(-15.,1.71390679426509E-14,0.533333333333333));
#18769=CARTESIAN_POINT('Origin',(-29.6095729026299,-26.3711892109032,0.533333333333333));
#18770=CARTESIAN_POINT('Origin',(-49.5,-40.7031939778686,0.533333333333333));
#18771=CARTESIAN_POINT('Origin',(-50.7333333333333,-38.566997981867,0.533333333333333));
#18772=CARTESIAN_POINT('Origin',(-51.9666666666667,-40.7031939778686,0.533333333333333));
#18773=CARTESIAN_POINT('Origin',(-7.23333333333332,-13.4522612721183,0.533333333333333));
#18774=CARTESIAN_POINT('Origin',(-49.5,-63.219854476264,0.533333333333333));
#18775=CARTESIAN_POINT('Origin',(-51.9666666666667,-63.219854476264,0.533333333333333));
#18776=CARTESIAN_POINT('Origin',(-50.7333333333334,-65.3560504722656,0.533333333333333));
#18777=CARTESIAN_POINT('Origin',(-51.9666666666666,-19.4855715851498,0.533333333333333));
#18778=CARTESIAN_POINT('Origin',(-30.,-74.4781847254617,0.533333333333301));
#18779=CARTESIAN_POINT('',(-31.5,-77.076260936815,0.533333333333333));
#18780=CARTESIAN_POINT('',(-28.5,-77.076260936815,0.533333333333333));
#18781=CARTESIAN_POINT('Origin',(-30.,-74.4781847254617,0.533333333333333));
#18782=CARTESIAN_POINT('Origin',(-31.2333333333334,-76.6143807214633,0.533333333333333));
#18783=CARTESIAN_POINT('Origin',(-28.7666666666667,-76.6143807214633,0.533333333333333));
#18784=CARTESIAN_POINT('Origin',(-40.9833333333334,-70.9852155968645,0.533333333333333));
#18785=CARTESIAN_POINT('',(-41.25,-71.4470958122161,0.533333333333333));
#18786=CARTESIAN_POINT('Origin',(-10.5000000000001,-63.219854476264,0.533333333333333));
#18787=CARTESIAN_POINT('',(-9.00000000000004,-65.8179306876173,0.533333333333333));
#18788=CARTESIAN_POINT('',(-7.50000000000004,-63.219854476264,0.533333333333333));
#18789=CARTESIAN_POINT('Origin',(-10.5,-63.219854476264,0.533333333333333));
#18790=CARTESIAN_POINT('Origin',(-9.26666666666671,-65.3560504722657,0.533333333333333));
#18791=CARTESIAN_POINT('Origin',(-8.03333333333337,-63.219854476264,0.533333333333333));
#18792=CARTESIAN_POINT('Origin',(3.48333333333331,-57.9948345400979,0.533333333333333));
#18793=CARTESIAN_POINT('',(3.74999999999998,-58.4567147554496,0.533333333333333));
#18794=CARTESIAN_POINT('Origin',(-8.03333333333335,-32.4759526419164,0.533333333333333));
#18795=CARTESIAN_POINT('',(-7.50000000000002,-38.9711431702998,0.533333333333333));
#18796=CARTESIAN_POINT('',(-7.50000000000002,-32.4759526419164,0.533333333333333));
#18797=CARTESIAN_POINT('Origin',(-8.03333333333336,-38.8282369343365,0.533333333333333));
#18798=CARTESIAN_POINT('Origin',(-10.5,-63.219854476264,0.));
#18799=CARTESIAN_POINT('',(-9.00000000000004,-65.8179306876173,0.));
#18800=CARTESIAN_POINT('',(-7.50000000000004,-63.219854476264,0.));
#18801=CARTESIAN_POINT('Origin',(3.28811978464828,-19.2189049184832,0.533333333333333));
#18802=CARTESIAN_POINT('',(3.74999999999998,-19.4855715851499,0.533333333333333));
#18803=CARTESIAN_POINT('Origin',(-30.,-74.4781847254617,0.));
#18804=CARTESIAN_POINT('',(-31.5,-77.076260936815,0.));
#18805=CARTESIAN_POINT('',(-28.5,-77.076260936815,0.));
#18806=CARTESIAN_POINT('Origin',(-22.5,-12.9903810567665,0.));
#18807=CARTESIAN_POINT('',(-22.5,-12.9903810567665,1.75));
#18808=CARTESIAN_POINT('Origin',(15.,8.88178419700125E-15,1.75));
#18809=CARTESIAN_POINT('',(-22.5,12.9903810567666,1.75));
#18810=CARTESIAN_POINT('',(8.88178419700125E-15,25.9807621135332,1.75));
#18811=CARTESIAN_POINT('',(-21.9282032302755,25.9807621135332,1.75));
#18812=CARTESIAN_POINT('',(-18.4641016151377,31.9807621135332,1.75));
#18813=CARTESIAN_POINT('',(-18.4641016151377,31.9807621135332,1.75));
#18814=CARTESIAN_POINT('',(-11.5358983848622,31.9807621135332,1.75));
#18815=CARTESIAN_POINT('',(-11.5358983848622,31.9807621135332,1.75));
#18816=CARTESIAN_POINT('',(-8.07179676972449,25.9807621135332,1.75));
#18817=CARTESIAN_POINT('',(-8.07179676972449,25.9807621135332,1.75));
#18818=CARTESIAN_POINT('',(-11.5358983848622,19.9807621135332,1.75));
#18819=CARTESIAN_POINT('',(-11.5358983848622,19.9807621135332,1.75));
#18820=CARTESIAN_POINT('',(-18.4641016151377,19.9807621135332,1.75));
#18821=CARTESIAN_POINT('',(-18.4641016151377,19.9807621135332,1.75));
#18822=CARTESIAN_POINT('',(-21.9282032302755,25.9807621135332,1.75));
#18823=CARTESIAN_POINT('Origin',(15.,8.88178419700125E-15,1.75));
#18824=CARTESIAN_POINT('',(-1.11022302462516E-14,-25.9807621135332,1.75));
#18825=CARTESIAN_POINT('',(-11.5358983848623,-31.9807621135332,1.75));
#18826=CARTESIAN_POINT('',(-18.4641016151378,-31.9807621135332,1.75));
#18827=CARTESIAN_POINT('',(-18.4641016151378,-31.9807621135332,1.75));
#18828=CARTESIAN_POINT('',(-21.9282032302755,-25.9807621135332,1.75));
#18829=CARTESIAN_POINT('',(-21.9282032302755,-25.9807621135332,1.75));
#18830=CARTESIAN_POINT('',(-18.4641016151378,-19.9807621135332,1.75));
#18831=CARTESIAN_POINT('',(-18.4641016151378,-19.9807621135332,1.75));
#18832=CARTESIAN_POINT('',(-11.5358983848623,-19.9807621135332,1.75));
#18833=CARTESIAN_POINT('',(-11.5358983848623,-19.9807621135332,1.75));
#18834=CARTESIAN_POINT('',(-8.0717967697245,-25.9807621135332,1.75));
#18835=CARTESIAN_POINT('',(-8.07179676972451,-25.9807621135332,1.75));
#18836=CARTESIAN_POINT('',(-11.5358983848623,-31.9807621135332,1.75));
#18837=CARTESIAN_POINT('Origin',(22.5,-12.9903810567666,0.));
#18838=CARTESIAN_POINT('',(22.5,12.9903810567666,1.75));
#18839=CARTESIAN_POINT('',(22.5,-6.49519052838329,1.75));
#18840=CARTESIAN_POINT('',(22.5,12.9903810567666,0.));
#18841=CARTESIAN_POINT('Origin',(6.66133814775094E-15,25.9807621135332,
0.));
#18842=CARTESIAN_POINT('',(6.66133814775094E-15,25.9807621135332,0.));
#18843=CARTESIAN_POINT('Origin',(15.,8.88178419700125E-15,1.75));
#18844=CARTESIAN_POINT('',(22.5,12.9903810567666,1.75));
#18845=CARTESIAN_POINT('',(36.9282032302755,5.55111512312578E-15,1.75));
#18846=CARTESIAN_POINT('',(33.4641016151378,-6.,1.75));
#18847=CARTESIAN_POINT('',(33.4641016151378,-6.,1.75));
#18848=CARTESIAN_POINT('',(26.5358983848623,-6.,1.75));
#18849=CARTESIAN_POINT('',(26.5358983848623,-6.,1.75));
#18850=CARTESIAN_POINT('',(23.0717967697245,-5.55111512312578E-15,1.75));
#18851=CARTESIAN_POINT('',(23.0717967697245,-6.10622663543836E-15,1.75));
#18852=CARTESIAN_POINT('',(26.5358983848622,5.99999999999999,1.75));
#18853=CARTESIAN_POINT('',(26.5358983848622,5.99999999999999,1.75));
#18854=CARTESIAN_POINT('',(33.4641016151377,6.,1.75));
#18855=CARTESIAN_POINT('',(33.4641016151377,6.,1.75));
#18856=CARTESIAN_POINT('',(36.9282032302755,5.82867087928207E-15,1.75));
#18857=CARTESIAN_POINT('Origin',(-8.07179676972451,-25.9807621135332,0.));
#18858=CARTESIAN_POINT('',(-11.5358983848623,-31.9807621135332,0.));
#18859=CARTESIAN_POINT('',(-8.07179676972451,-25.9807621135332,0.));
#18860=CARTESIAN_POINT('Origin',(-11.5358983848623,-19.9807621135332,0.));
#18861=CARTESIAN_POINT('',(-11.5358983848623,-19.9807621135332,0.));
#18862=CARTESIAN_POINT('Origin',(-18.4641016151378,-19.9807621135332,0.));
#18863=CARTESIAN_POINT('',(-18.4641016151378,-19.9807621135332,0.));
#18864=CARTESIAN_POINT('Origin',(-21.9282032302755,-25.9807621135332,0.));
#18865=CARTESIAN_POINT('',(-21.9282032302755,-25.9807621135332,0.));
#18866=CARTESIAN_POINT('Origin',(-18.4641016151378,-31.9807621135332,0.));
#18867=CARTESIAN_POINT('',(-18.4641016151378,-31.9807621135332,0.));
#18868=CARTESIAN_POINT('Origin',(-11.5358983848623,-31.9807621135332,0.));
#18869=CARTESIAN_POINT('Origin',(33.4641016151377,6.,0.));
#18870=CARTESIAN_POINT('',(36.9282032302755,5.55111512312578E-15,0.));
#18871=CARTESIAN_POINT('',(33.4641016151377,6.,0.));
#18872=CARTESIAN_POINT('Origin',(26.5358983848622,5.99999999999999,0.));
#18873=CARTESIAN_POINT('',(26.5358983848622,5.99999999999999,0.));
#18874=CARTESIAN_POINT('Origin',(23.0717967697245,-6.66133814775094E-15,
0.));
#18875=CARTESIAN_POINT('',(23.0717967697245,-6.10622663543836E-15,0.));
#18876=CARTESIAN_POINT('Origin',(26.5358983848623,-6.,0.));
#18877=CARTESIAN_POINT('',(26.5358983848623,-6.,0.));
#18878=CARTESIAN_POINT('Origin',(33.4641016151378,-6.,0.));
#18879=CARTESIAN_POINT('',(33.4641016151378,-6.,0.));
#18880=CARTESIAN_POINT('Origin',(36.9282032302755,5.55111512312578E-15,
0.));
#18881=CARTESIAN_POINT('Origin',(-15.,-60.6217782649107,0.));
#18882=CARTESIAN_POINT('',(-15.,-60.6217782649107,0.));
#18883=CARTESIAN_POINT('Origin',(-15.,-43.3012701892219,0.));
#18884=CARTESIAN_POINT('',(-15.,-43.3012701892219,0.));
#18885=CARTESIAN_POINT('Origin',(-30.,-34.6410161513775,0.));
#18886=CARTESIAN_POINT('Origin',(-18.4641016151377,19.9807621135332,0.));
#18887=CARTESIAN_POINT('',(-21.9282032302755,25.9807621135332,0.));
#18888=CARTESIAN_POINT('',(-18.4641016151377,19.9807621135332,0.));
#18889=CARTESIAN_POINT('Origin',(-11.5358983848622,19.9807621135332,0.));
#18890=CARTESIAN_POINT('',(-11.5358983848622,19.9807621135332,0.));
#18891=CARTESIAN_POINT('Origin',(-8.07179676972449,25.9807621135332,0.));
#18892=CARTESIAN_POINT('',(-8.07179676972449,25.9807621135332,0.));
#18893=CARTESIAN_POINT('Origin',(-11.5358983848622,31.9807621135332,0.));
#18894=CARTESIAN_POINT('',(-11.5358983848622,31.9807621135332,0.));
#18895=CARTESIAN_POINT('Origin',(-18.4641016151377,31.9807621135332,0.));
#18896=CARTESIAN_POINT('',(-18.4641016151377,31.9807621135332,0.));
#18897=CARTESIAN_POINT('Origin',(-21.9282032302755,25.9807621135332,0.));
#18898=CARTESIAN_POINT('Origin',(-45.,43.301270189222,0.));
#18899=CARTESIAN_POINT('',(-45.,43.301270189222,0.));
#18900=CARTESIAN_POINT('Origin',(-30.,34.6410161513776,0.));
#18901=CARTESIAN_POINT('',(-30.,34.6410161513776,0.));
#18902=CARTESIAN_POINT('Origin',(-15.,43.3012701892219,0.));
#18903=CARTESIAN_POINT('Origin',(60.,-17.3205080756888,0.));
#18904=CARTESIAN_POINT('',(60.,-17.3205080756888,0.));
#18905=CARTESIAN_POINT('Origin',(75.,-8.6602540378444,0.));
#18906=CARTESIAN_POINT('',(75.,-8.6602540378444,0.));
#18907=CARTESIAN_POINT('Origin',(75.,8.66025403784439,0.));
#18908=CARTESIAN_POINT('Origin',(-1.99840144432528E-14,-17.3205080756888,
0.));
#18909=CARTESIAN_POINT('',(-1.92296268638356E-14,-17.3205080756888,0.));
#18910=CARTESIAN_POINT('Origin',(15.,-8.66025403784439,0.));
#18911=CARTESIAN_POINT('',(15.,-8.66025403784439,0.));
#18912=CARTESIAN_POINT('Origin',(15.,8.66025403784439,0.));
#18913=CARTESIAN_POINT('Origin',(-30.,25.9807621135332,0.));
#18914=CARTESIAN_POINT('',(-30.,25.9807621135332,0.));
#18915=CARTESIAN_POINT('Origin',(-52.5,38.9711431702998,0.));
#18916=CARTESIAN_POINT('Origin',(-52.5,64.9519052838329,0.));
#18917=CARTESIAN_POINT('Origin',(-30.,77.9422863405995,0.));
#18918=CARTESIAN_POINT('Origin',(22.5,12.9903810567666,0.));
#18919=CARTESIAN_POINT('',(22.5,12.9903810567666,0.));
#18920=CARTESIAN_POINT('Origin',(37.5,12.9903810567666,0.));
#18921=CARTESIAN_POINT('',(37.5,12.9903810567666,0.));
#18922=CARTESIAN_POINT('Origin',(60.,25.9807621135331,0.));
#18923=CARTESIAN_POINT('Origin',(82.5,12.9903810567666,0.));
#18924=CARTESIAN_POINT('Origin',(82.5,-12.9903810567666,0.));
#18925=CARTESIAN_POINT('Origin',(-7.50000000000003,-38.9711431702998,0.));
#18926=CARTESIAN_POINT('',(-7.50000000000002,-38.9711431702998,0.));
#18927=CARTESIAN_POINT('Origin',(-7.50000000000004,-64.9519052838329,0.));
#18928=CARTESIAN_POINT('Origin',(-30.,-77.9422863405995,0.));
#18929=CARTESIAN_POINT('Origin',(-52.5,-64.9519052838329,0.));
#18930=UNCERTAINTY_MEASURE_WITH_UNIT(LENGTH_MEASURE(0.01),#18934,
'DISTANCE_ACCURACY_VALUE',
'Maximum model space distance between geometric entities at asserted c
onnectivities');
#18931=UNCERTAINTY_MEASURE_WITH_UNIT(LENGTH_MEASURE(0.01),#18934,
'DISTANCE_ACCURACY_VALUE',
'Maximum model space distance between geometric entities at asserted c
onnectivities');
#18932=(
GEOMETRIC_REPRESENTATION_CONTEXT(3)
GLOBAL_UNCERTAINTY_ASSIGNED_CONTEXT((#18930))
GLOBAL_UNIT_ASSIGNED_CONTEXT((#18934,#18936,#18937))
REPRESENTATION_CONTEXT('','3D')
);
#18933=(
GEOMETRIC_REPRESENTATION_CONTEXT(3)
GLOBAL_UNCERTAINTY_ASSIGNED_CONTEXT((#18931))
GLOBAL_UNIT_ASSIGNED_CONTEXT((#18934,#18936,#18937))
REPRESENTATION_CONTEXT('','3D')
);
#18934=(
LENGTH_UNIT()
NAMED_UNIT(*)
SI_UNIT(.MILLI.,.METRE.)
);
#18935=(
LENGTH_UNIT()
NAMED_UNIT(*)
SI_UNIT($,.METRE.)
);
#18936=(
NAMED_UNIT(*)
PLANE_ANGLE_UNIT()
SI_UNIT($,.RADIAN.)
);
#18937=(
NAMED_UNIT(*)
SI_UNIT($,.STERADIAN.)
SOLID_ANGLE_UNIT()
);
#18938=SHAPE_DEFINITION_REPRESENTATION(#18939,#18940);
#18939=PRODUCT_DEFINITION_SHAPE('',$,#18942);
#18940=SHAPE_REPRESENTATION('',(#11305),#18932);
#18941=PRODUCT_DEFINITION_CONTEXT('part definition',#18946,'design');
#18942=PRODUCT_DEFINITION('Gravitrax Duplo tower Print',
'Gravitrax Duplo tower Print v4',#18943,#18941);
#18943=PRODUCT_DEFINITION_FORMATION('',$,#18948);
#18944=PRODUCT_RELATED_PRODUCT_CATEGORY(
'Gravitrax Duplo tower Print v4','Gravitrax Duplo tower Print v4',(#18948));
#18945=APPLICATION_PROTOCOL_DEFINITION('international standard',
'automotive_design',2009,#18946);
#18946=APPLICATION_CONTEXT(
'Core Data for Automotive Mechanical Design Process');
#18947=PRODUCT_CONTEXT('part definition',#18946,'mechanical');
#18948=PRODUCT('Gravitrax Duplo tower Print',
'Gravitrax Duplo tower Print v4',$,(#18947));
#18949=PRESENTATION_STYLE_ASSIGNMENT((#18951));
#18950=PRESENTATION_STYLE_ASSIGNMENT((#18952));
#18951=SURFACE_STYLE_USAGE(.BOTH.,#18953);
#18952=SURFACE_STYLE_USAGE(.BOTH.,#18954);
#18953=SURFACE_SIDE_STYLE('',(#18955));
#18954=SURFACE_SIDE_STYLE('',(#18956));
#18955=SURFACE_STYLE_FILL_AREA(#18957);
#18956=SURFACE_STYLE_FILL_AREA(#18958);
#18957=FILL_AREA_STYLE('Steel - Satin',(#18959));
#18958=FILL_AREA_STYLE('Paint - Enamel Glossy (Dark Grey)',(#18960));
#18959=FILL_AREA_STYLE_COLOUR('Steel - Satin',#18961);
#18960=FILL_AREA_STYLE_COLOUR('Paint - Enamel Glossy (Dark Grey)',#18962);
#18961=COLOUR_RGB('Steel - Satin',0.627450980392157,0.627450980392157,0.627450980392157);
#18962=COLOUR_RGB('Paint - Enamel Glossy (Dark Grey)',0.349019607843137,
0.349019607843137,0.349019607843137);
ENDSEC;
END-ISO-10303-21;
